dataset_name,tcp.stream,Tag,true_binary,pred_binary,pred_prob_violation,correct
EMQX_preprocessed.csv,0,-1,0,0,0.0017511651385575533,1
EMQX_preprocessed.csv,1,-1,0,0,0.01784714125096798,1
EMQX_preprocessed.csv,2,-1,0,0,0.009558117017149925,1
EMQX_preprocessed.csv,3,-1,0,0,0.005778638180345297,1
EMQX_preprocessed.csv,4,-1,0,0,0.008560373447835445,1
EMQX_preprocessed.csv,5,-1,0,0,0.002989806467667222,1
EMQX_preprocessed.csv,6,-1,0,0,0.0030069751664996147,1
EMQX_preprocessed.csv,7,-1,0,0,0.002156539587303996,1
EMQX_preprocessed.csv,8,-1,0,0,0.0024735338520258665,1
EMQX_preprocessed.csv,9,-1,0,0,0.007955880835652351,1
EMQX_preprocessed.csv,10,-1,0,0,0.004044622182846069,1
EMQX_preprocessed.csv,11,-1,0,0,0.013257640413939953,1
EMQX_preprocessed.csv,12,-1,0,0,0.008950364775955677,1
EMQX_preprocessed.csv,13,-1,0,0,0.0046241749078035355,1
EMQX_preprocessed.csv,14,-1,0,0,0.006314322352409363,1
EMQX_preprocessed.csv,15,-1,0,0,0.0007727778283879161,1
EMQX_preprocessed.csv,16,-1,0,0,0.0021646032109856606,1
EMQX_preprocessed.csv,17,-1,0,0,0.00277545303106308,1
EMQX_preprocessed.csv,18,-1,0,0,0.0071271625347435474,1
EMQX_preprocessed.csv,19,-1,0,0,0.016864605247974396,1
EMQX_preprocessed.csv,20,-1,0,0,0.006184060592204332,1
EMQX_preprocessed.csv,21,-1,0,0,0.007642057724297047,1
EMQX_preprocessed.csv,22,-1,0,0,0.0015681306831538677,1
EMQX_preprocessed.csv,23,-1,0,0,0.0414499007165432,1
EMQX_preprocessed.csv,24,-1,0,0,0.004128083121031523,1
EMQX_preprocessed.csv,25,-1,0,0,0.021098675206303596,1
EMQX_preprocessed.csv,26,-1,0,0,0.0022693390492349863,1
EMQX_preprocessed.csv,27,-1,0,0,0.05559257045388222,1
EMQX_preprocessed.csv,28,-1,0,0,0.0013694430235773325,1
EMQX_preprocessed.csv,29,-1,0,0,0.0016668217722326517,1
EMQX_preprocessed.csv,30,-1,0,0,0.003694463986903429,1
EMQX_preprocessed.csv,31,-1,0,0,0.01698516681790352,1
EMQX_preprocessed.csv,32,-1,0,0,0.01648736372590065,1
EMQX_preprocessed.csv,33,-1,0,0,0.0008566463948227465,1
EMQX_preprocessed.csv,34,-1,0,0,0.0007918532937765121,1
EMQX_preprocessed.csv,35,-1,0,0,0.0009815669618546963,1
EMQX_preprocessed.csv,36,-1,0,0,0.0017795083113014698,1
EMQX_preprocessed.csv,37,-1,0,0,0.028305234387516975,1
EMQX_preprocessed.csv,38,-1,0,0,0.007762841880321503,1
EMQX_preprocessed.csv,39,-1,0,0,0.002475561574101448,1
EMQX_preprocessed.csv,40,-1,0,0,0.004327220376580954,1
EMQX_preprocessed.csv,41,-1,0,0,0.01633399724960327,1
EMQX_preprocessed.csv,42,-1,0,0,0.008507095277309418,1
EMQX_preprocessed.csv,43,-1,0,0,0.06940609216690063,1
EMQX_preprocessed.csv,44,-1,0,0,0.019405867904424667,1
EMQX_preprocessed.csv,45,-1,0,0,0.00627756305038929,1
EMQX_preprocessed.csv,46,-1,0,0,0.003331332467496395,1
EMQX_preprocessed.csv,47,-1,0,0,0.015282835811376572,1
EMQX_preprocessed.csv,48,-1,0,0,0.0019029314862564206,1
EMQX_preprocessed.csv,49,-1,0,0,0.053655944764614105,1
EMQX_preprocessed.csv,50,-1,0,0,0.0085685970261693,1
EMQX_preprocessed.csv,51,-1,0,0,0.0014479112578555942,1
EMQX_preprocessed.csv,52,-1,0,0,0.0033447055611759424,1
EMQX_preprocessed.csv,53,-1,0,0,0.0028491371776908636,1
EMQX_preprocessed.csv,54,-1,0,0,0.05109166353940964,1
EMQX_preprocessed.csv,55,-1,0,0,0.001997903687879443,1
EMQX_preprocessed.csv,56,-1,0,0,0.004580747336149216,1
EMQX_preprocessed.csv,57,-1,0,0,0.002271942561492324,1
EMQX_preprocessed.csv,58,-1,0,0,0.003129373537376523,1
EMQX_preprocessed.csv,59,-1,0,0,0.04657816141843796,1
EMQX_preprocessed.csv,60,-1,0,0,0.0008558452245779335,1
EMQX_preprocessed.csv,61,-1,0,0,0.02878563478589058,1
EMQX_preprocessed.csv,62,-1,0,0,0.004904907662421465,1
EMQX_preprocessed.csv,63,-1,0,0,0.001688446500338614,1
EMQX_preprocessed.csv,64,-1,0,0,0.002776292385533452,1
EMQX_preprocessed.csv,65,-1,0,0,0.029094351455569267,1
EMQX_preprocessed.csv,66,-1,0,0,0.0016173887997865677,1
EMQX_preprocessed.csv,67,-1,0,0,0.004989529959857464,1
EMQX_preprocessed.csv,68,-1,0,0,0.0016497831093147397,1
EMQX_preprocessed.csv,69,-1,0,0,0.00439276359975338,1
EMQX_preprocessed.csv,70,-1,0,0,0.0027084266766905785,1
EMQX_preprocessed.csv,71,-1,0,0,0.0482432059943676,1
EMQX_preprocessed.csv,72,-1,0,0,0.05318758264183998,1
EMQX_preprocessed.csv,73,-1,0,0,0.002510766964405775,1
EMQX_preprocessed.csv,74,-1,0,0,0.0031500463373959064,1
EMQX_preprocessed.csv,75,-1,0,0,0.007487969473004341,1
EMQX_preprocessed.csv,76,-1,0,0,0.013171528466045856,1
EMQX_preprocessed.csv,77,-1,0,0,0.0035119690001010895,1
EMQX_preprocessed.csv,78,-1,0,0,0.0041063884273171425,1
EMQX_preprocessed.csv,79,-1,0,0,0.006481157150119543,1
EMQX_preprocessed.csv,80,-1,0,0,0.003735024482011795,1
EMQX_preprocessed.csv,81,-1,0,0,0.002655076328665018,1
EMQX_preprocessed.csv,82,-1,0,0,0.010834774933755398,1
EMQX_preprocessed.csv,83,-1,0,0,0.003792909672483802,1
EMQX_preprocessed.csv,84,-1,0,0,0.009040018543601036,1
EMQX_preprocessed.csv,85,-1,0,0,0.01744258962571621,1
EMQX_preprocessed.csv,86,-1,0,0,0.010592199862003326,1
EMQX_preprocessed.csv,87,-1,0,0,0.002008774783462286,1
EMQX_preprocessed.csv,88,-1,0,0,0.04377657547593117,1
EMQX_preprocessed.csv,89,-1,0,0,0.005466432310640812,1
EMQX_preprocessed.csv,90,-1,0,0,0.0050812228582799435,1
EMQX_preprocessed.csv,91,-1,0,0,0.008867846801877022,1
EMQX_preprocessed.csv,92,-1,0,0,0.014711310155689716,1
EMQX_preprocessed.csv,93,-1,0,0,0.025702092796564102,1
EMQX_preprocessed.csv,94,-1,0,0,0.00900980830192566,1
EMQX_preprocessed.csv,95,-1,0,0,0.0019957982003688812,1
EMQX_preprocessed.csv,96,-1,0,0,0.010712671093642712,1
EMQX_preprocessed.csv,97,-1,0,0,0.0023315914440900087,1
EMQX_preprocessed.csv,98,-1,0,0,0.005437763407826424,1
EMQX_preprocessed.csv,99,-1,0,0,0.004668212495744228,1
EMQX_preprocessed.csv,100,-1,0,0,0.0013096107868477702,1
EMQX_preprocessed.csv,101,-1,0,0,0.01651453971862793,1
EMQX_preprocessed.csv,102,-1,0,0,0.002127778949216008,1
EMQX_preprocessed.csv,103,-1,0,0,0.0009172622812911868,1
EMQX_preprocessed.csv,104,-1,0,0,0.001009289757348597,1
EMQX_preprocessed.csv,105,-1,0,0,0.005024834536015987,1
EMQX_preprocessed.csv,106,-1,0,0,0.0025153430178761482,1
EMQX_preprocessed.csv,107,-1,0,0,0.014380794018507004,1
EMQX_preprocessed.csv,108,-1,0,0,0.006829192396253347,1
EMQX_preprocessed.csv,109,-1,0,0,0.002588698174804449,1
EMQX_preprocessed.csv,110,-1,0,0,0.003252474358305335,1
EMQX_preprocessed.csv,111,-1,0,0,0.002968244021758437,1
EMQX_preprocessed.csv,112,-1,0,0,0.013190388679504395,1
EMQX_preprocessed.csv,113,-1,0,0,0.012681912630796432,1
EMQX_preprocessed.csv,114,-1,0,0,0.0028212829492986202,1
EMQX_preprocessed.csv,115,-1,0,0,0.005647138226777315,1
EMQX_preprocessed.csv,116,-1,0,0,0.003680485999211669,1
EMQX_preprocessed.csv,117,-1,0,0,0.005550474394112825,1
EMQX_preprocessed.csv,118,-1,0,0,0.007714444305747747,1
EMQX_preprocessed.csv,119,-1,0,0,0.0034222013782709837,1
EMQX_preprocessed.csv,120,-1,0,0,0.0013054624432697892,1
EMQX_preprocessed.csv,121,-1,0,0,0.0014193158131092787,1
EMQX_preprocessed.csv,122,-1,0,0,0.004878154955804348,1
EMQX_preprocessed.csv,123,-1,0,0,0.01051861047744751,1
EMQX_preprocessed.csv,124,-1,0,0,0.006752379704266787,1
EMQX_preprocessed.csv,125,-1,0,0,0.0021555195562541485,1
EMQX_preprocessed.csv,126,-1,0,0,0.013694139197468758,1
EMQX_preprocessed.csv,127,-1,0,0,0.0024592247791588306,1
EMQX_preprocessed.csv,128,-1,0,0,0.00564481969922781,1
EMQX_preprocessed.csv,129,-1,0,0,0.0007518811034969985,1
EMQX_preprocessed.csv,130,-1,0,0,0.003943805117160082,1
EMQX_preprocessed.csv,131,-1,0,0,0.0007984149269759655,1
EMQX_preprocessed.csv,132,-1,0,0,0.004050388932228088,1
EMQX_preprocessed.csv,133,-1,0,0,0.0060012200847268105,1
EMQX_preprocessed.csv,134,-1,0,0,0.025420337915420532,1
EMQX_preprocessed.csv,135,-1,0,0,0.006754743400961161,1
EMQX_preprocessed.csv,136,-1,0,0,0.0010293095838278532,1
EMQX_preprocessed.csv,137,-1,0,0,0.008279816247522831,1
EMQX_preprocessed.csv,138,-1,0,0,0.0013403963530436158,1
EMQX_preprocessed.csv,139,-1,0,0,0.00473579578101635,1
EMQX_preprocessed.csv,140,-1,0,0,0.07820964604616165,1
EMQX_preprocessed.csv,141,-1,0,0,0.0019820942543447018,1
EMQX_preprocessed.csv,142,-1,0,0,0.0019891313277184963,1
EMQX_preprocessed.csv,143,-1,0,0,0.007293712813407183,1
EMQX_preprocessed.csv,144,-1,0,0,0.0018273585010319948,1
EMQX_preprocessed.csv,145,-1,0,0,0.002109626540914178,1
EMQX_preprocessed.csv,146,-1,0,0,0.004949011839926243,1
EMQX_preprocessed.csv,147,-1,0,0,0.006746168714016676,1
EMQX_preprocessed.csv,148,-1,0,0,0.0010833049891516566,1
EMQX_preprocessed.csv,149,-1,0,0,0.004007203504443169,1
EMQX_preprocessed.csv,150,-1,0,0,0.0019242448033764958,1
EMQX_preprocessed.csv,151,-1,0,0,0.0058402870781719685,1
EMQX_preprocessed.csv,152,-1,0,0,0.007075171917676926,1
EMQX_preprocessed.csv,153,-1,0,0,0.01722736656665802,1
EMQX_preprocessed.csv,154,-1,0,0,0.001650530844926834,1
EMQX_preprocessed.csv,155,-1,0,0,0.0014576667454093695,1
EMQX_preprocessed.csv,156,-1,0,0,0.002038538921624422,1
EMQX_preprocessed.csv,157,-1,0,0,0.003430573735386133,1
EMQX_preprocessed.csv,158,-1,0,0,0.0015279053477570415,1
EMQX_preprocessed.csv,159,-1,0,0,0.001837707357481122,1
EMQX_preprocessed.csv,160,-1,0,0,0.003375582629814744,1
EMQX_preprocessed.csv,161,-1,0,0,0.006745424587279558,1
EMQX_preprocessed.csv,162,-1,0,0,0.0011833676835522056,1
EMQX_preprocessed.csv,163,-1,0,0,0.012120119296014309,1
EMQX_preprocessed.csv,164,-1,0,0,0.046996165066957474,1
EMQX_preprocessed.csv,165,-1,0,0,0.020061690360307693,1
EMQX_preprocessed.csv,166,-1,0,0,0.006815570872277021,1
EMQX_preprocessed.csv,167,-1,0,0,0.0026741884648799896,1
EMQX_preprocessed.csv,168,-1,0,0,0.005140886176377535,1
EMQX_preprocessed.csv,169,-1,0,0,0.0011582848383113742,1
EMQX_preprocessed.csv,170,-1,0,0,0.008104370906949043,1
EMQX_preprocessed.csv,171,-1,0,0,0.0008491651387885213,1
EMQX_preprocessed.csv,172,-1,0,0,0.0008409667643718421,1
EMQX_preprocessed.csv,173,-1,0,0,0.005810427479445934,1
EMQX_preprocessed.csv,174,-1,0,0,0.010891873389482498,1
EMQX_preprocessed.csv,175,-1,0,0,0.012615857645869255,1
EMQX_preprocessed.csv,176,-1,0,0,0.00147275160998106,1
EMQX_preprocessed.csv,177,-1,0,0,0.0020110108889639378,1
EMQX_preprocessed.csv,178,-1,0,0,0.002011209959164262,1
EMQX_preprocessed.csv,179,-1,0,0,0.00617768382653594,1
EMQX_preprocessed.csv,180,-1,0,0,0.0024977256543934345,1
EMQX_preprocessed.csv,181,-1,0,0,0.025104116648435593,1
EMQX_preprocessed.csv,182,-1,0,0,0.0037113444413989782,1
EMQX_preprocessed.csv,183,-1,0,0,0.003095912281423807,1
EMQX_preprocessed.csv,184,-1,0,0,0.009333641268312931,1
EMQX_preprocessed.csv,185,-1,0,0,0.0022523102816194296,1
EMQX_preprocessed.csv,186,-1,0,0,0.013660714030265808,1
EMQX_preprocessed.csv,187,-1,0,0,0.0009462535963393748,1
EMQX_preprocessed.csv,188,-1,0,0,0.013280228711664677,1
EMQX_preprocessed.csv,189,-1,0,0,0.0019699735566973686,1
EMQX_preprocessed.csv,190,-1,0,0,0.0042993430979549885,1
EMQX_preprocessed.csv,191,-1,0,0,0.0007826698129065335,1
EMQX_preprocessed.csv,192,-1,0,0,0.0022537990007549524,1
EMQX_preprocessed.csv,193,-1,0,0,0.0037971099372953176,1
EMQX_preprocessed.csv,194,-1,0,0,0.002346786903217435,1
EMQX_preprocessed.csv,195,-1,0,0,0.010296810418367386,1
EMQX_preprocessed.csv,196,-1,0,0,0.002479121321812272,1
EMQX_preprocessed.csv,197,-1,0,0,0.006429887376725674,1
EMQX_preprocessed.csv,198,-1,0,0,0.0011567027540877461,1
EMQX_preprocessed.csv,199,-1,0,0,0.0011497812811285257,1
EMQX_preprocessed.csv,200,-1,0,0,0.010983840562403202,1
EMQX_preprocessed.csv,201,-1,0,0,0.003268962260335684,1
EMQX_preprocessed.csv,202,-1,0,0,0.001636443310417235,1
EMQX_preprocessed.csv,203,-1,0,0,0.011965015903115273,1
EMQX_preprocessed.csv,204,-1,0,0,0.013240328989923,1
EMQX_preprocessed.csv,205,-1,0,0,0.0016407734947279096,1
EMQX_preprocessed.csv,206,-1,0,0,0.006264320109039545,1
EMQX_preprocessed.csv,207,-1,0,0,0.0012537044240161777,1
EMQX_preprocessed.csv,208,-1,0,0,0.0048352438025176525,1
EMQX_preprocessed.csv,209,-1,0,0,0.006392802111804485,1
EMQX_preprocessed.csv,210,-1,0,0,0.0015038220444694161,1
EMQX_preprocessed.csv,211,-1,0,0,0.002206117380410433,1
EMQX_preprocessed.csv,212,-1,0,0,0.011828911490738392,1
EMQX_preprocessed.csv,213,-1,0,0,0.0019551552832126617,1
EMQX_preprocessed.csv,214,-1,0,0,0.0008468456217087805,1
EMQX_preprocessed.csv,215,-1,0,0,0.004263233859091997,1
EMQX_preprocessed.csv,216,-1,0,0,0.014109015464782715,1
EMQX_preprocessed.csv,217,-1,0,0,0.010636231862008572,1
EMQX_preprocessed.csv,218,-1,0,0,0.0051267147064208984,1
EMQX_preprocessed.csv,219,-1,0,0,0.004477824550122023,1
EMQX_preprocessed.csv,220,-1,0,0,0.005007138010114431,1
EMQX_preprocessed.csv,221,-1,0,0,0.006252981722354889,1
EMQX_preprocessed.csv,222,-1,0,0,0.00223312946036458,1
EMQX_preprocessed.csv,223,-1,0,0,0.0016529636923223734,1
EMQX_preprocessed.csv,224,-1,0,0,0.006492450833320618,1
EMQX_preprocessed.csv,225,-1,0,0,0.004155335947871208,1
EMQX_preprocessed.csv,226,-1,0,0,0.010638067498803139,1
EMQX_preprocessed.csv,227,-1,0,0,0.0019195188069716096,1
EMQX_preprocessed.csv,228,-1,0,0,0.0009614620357751846,1
EMQX_preprocessed.csv,229,-1,0,0,0.017295800149440765,1
EMQX_preprocessed.csv,230,-1,0,0,0.0031500915065407753,1
EMQX_preprocessed.csv,231,-1,0,0,0.005727916490286589,1
EMQX_preprocessed.csv,232,-1,0,0,0.008140936493873596,1
EMQX_preprocessed.csv,233,-1,0,0,0.010772055014967918,1
EMQX_preprocessed.csv,234,-1,0,0,0.014270392246544361,1
EMQX_preprocessed.csv,235,-1,0,0,0.005085809621959925,1
EMQX_preprocessed.csv,236,-1,0,0,0.001969145145267248,1
EMQX_preprocessed.csv,237,-1,0,0,0.0012483990285545588,1
EMQX_preprocessed.csv,238,-1,0,0,0.001487493165768683,1
EMQX_preprocessed.csv,239,-1,0,0,0.0050229961052536964,1
EMQX_preprocessed.csv,240,-1,0,0,0.0065447064116597176,1
EMQX_preprocessed.csv,241,-1,0,0,0.0021859758999198675,1
EMQX_preprocessed.csv,242,-1,0,0,0.0012485755141824484,1
EMQX_preprocessed.csv,243,-1,0,0,0.015227663330733776,1
EMQX_preprocessed.csv,244,-1,0,0,0.008069373667240143,1
EMQX_preprocessed.csv,245,-1,0,0,0.004581747576594353,1
EMQX_preprocessed.csv,246,-1,0,0,0.02012752927839756,1
EMQX_preprocessed.csv,247,-1,0,0,0.03147323057055473,1
EMQX_preprocessed.csv,248,-1,0,0,0.004936408717185259,1
EMQX_preprocessed.csv,249,-1,0,0,0.002624126384034753,1
EMQX_preprocessed.csv,250,-1,0,0,0.004364153370261192,1
EMQX_preprocessed.csv,251,-1,0,0,0.0027270372956991196,1
EMQX_preprocessed.csv,252,-1,0,0,0.01094660721719265,1
EMQX_preprocessed.csv,253,-1,0,0,0.0008363540400750935,1
EMQX_preprocessed.csv,254,-1,0,0,0.0021714679896831512,1
EMQX_preprocessed.csv,255,-1,0,0,0.004518483765423298,1
EMQX_preprocessed.csv,256,-1,0,0,0.005765905138105154,1
EMQX_preprocessed.csv,257,-1,0,0,0.0026266772765666246,1
EMQX_preprocessed.csv,258,-1,0,0,0.001164900604635477,1
EMQX_preprocessed.csv,259,-1,0,0,0.0017066572327166796,1
EMQX_preprocessed.csv,260,-1,0,0,0.004000716842710972,1
EMQX_preprocessed.csv,261,-1,0,0,0.02471187710762024,1
EMQX_preprocessed.csv,262,-1,0,0,0.0021812545601278543,1
EMQX_preprocessed.csv,263,-1,0,0,0.003879543859511614,1
EMQX_preprocessed.csv,264,-1,0,0,0.002123159123584628,1
EMQX_preprocessed.csv,265,-1,0,0,0.01702340692281723,1
EMQX_preprocessed.csv,266,-1,0,0,0.004101060330867767,1
EMQX_preprocessed.csv,267,-1,0,0,0.010785464197397232,1
EMQX_preprocessed.csv,268,-1,0,0,0.029069121927022934,1
EMQX_preprocessed.csv,269,-1,0,0,0.003286795224994421,1
EMQX_preprocessed.csv,270,-1,0,0,0.0095699867233634,1
EMQX_preprocessed.csv,271,-1,0,0,0.0018174165161326528,1
EMQX_preprocessed.csv,272,-1,0,0,0.005259265657514334,1
EMQX_preprocessed.csv,273,-1,0,0,0.00380692002363503,1
EMQX_preprocessed.csv,274,-1,0,0,0.008866149932146072,1
EMQX_preprocessed.csv,275,-1,0,0,0.0034382313024252653,1
EMQX_preprocessed.csv,276,-1,0,0,0.03591957688331604,1
EMQX_preprocessed.csv,277,-1,0,0,0.005889393389225006,1
EMQX_preprocessed.csv,278,-1,0,0,0.0053117163479328156,1
EMQX_preprocessed.csv,279,-1,0,0,0.016286838799715042,1
EMQX_preprocessed.csv,280,-1,0,0,0.015051653608679771,1
EMQX_preprocessed.csv,281,-1,0,0,0.002029624069109559,1
EMQX_preprocessed.csv,282,-1,0,0,0.006667178124189377,1
EMQX_preprocessed.csv,283,-1,0,0,0.01325152162462473,1
EMQX_preprocessed.csv,284,-1,0,0,0.00139995024073869,1
EMQX_preprocessed.csv,285,-1,0,0,0.005673793610185385,1
EMQX_preprocessed.csv,286,-1,0,0,0.002169164130464196,1
EMQX_preprocessed.csv,287,-1,0,0,0.0018758488586172462,1
EMQX_preprocessed.csv,288,-1,0,0,0.022793732583522797,1
EMQX_preprocessed.csv,289,-1,0,0,0.0015051866648718715,1
EMQX_preprocessed.csv,290,-1,0,0,0.00577933993190527,1
EMQX_preprocessed.csv,291,-1,0,0,0.008965854533016682,1
EMQX_preprocessed.csv,292,-1,0,0,0.0011226487113162875,1
EMQX_preprocessed.csv,293,-1,0,0,0.004019577521830797,1
EMQX_preprocessed.csv,294,-1,0,0,0.03214430809020996,1
EMQX_preprocessed.csv,295,-1,0,0,0.0016202449332922697,1
EMQX_preprocessed.csv,296,-1,0,0,0.001688314601778984,1
EMQX_preprocessed.csv,297,-1,0,0,0.007985085248947144,1
EMQX_preprocessed.csv,298,-1,0,0,0.001835342962294817,1
EMQX_preprocessed.csv,299,-1,0,0,0.00550118600949645,1
EMQX_preprocessed.csv,300,-1,0,0,0.0018756240606307983,1
EMQX_preprocessed.csv,301,-1,0,0,0.010614425875246525,1
EMQX_preprocessed.csv,302,-1,0,0,0.0005235034041106701,1
EMQX_preprocessed.csv,303,-1,0,0,0.020155705511569977,1
EMQX_preprocessed.csv,304,-1,0,0,0.006984586827456951,1
EMQX_preprocessed.csv,305,-1,0,0,0.0012020973954349756,1
EMQX_preprocessed.csv,306,-1,0,0,0.0043435245752334595,1
EMQX_preprocessed.csv,307,-1,0,0,0.005311273038387299,1
EMQX_preprocessed.csv,308,-1,0,0,0.002739637391641736,1
EMQX_preprocessed.csv,309,-1,0,0,0.002145765582099557,1
EMQX_preprocessed.csv,310,-1,0,0,0.004263314884155989,1
EMQX_preprocessed.csv,311,-1,0,0,0.0032862802036106586,1
EMQX_preprocessed.csv,312,-1,0,0,0.03543812409043312,1
EMQX_preprocessed.csv,313,-1,0,0,0.0013009702088311315,1
EMQX_preprocessed.csv,314,-1,0,0,0.006462108809500933,1
EMQX_preprocessed.csv,315,-1,0,0,0.007635089103132486,1
EMQX_preprocessed.csv,316,-1,0,0,0.005379348061978817,1
EMQX_preprocessed.csv,317,-1,0,0,0.003153192112222314,1
EMQX_preprocessed.csv,318,-1,0,0,0.000965461484156549,1
EMQX_preprocessed.csv,319,-1,0,0,0.0018732367316260934,1
EMQX_preprocessed.csv,320,-1,0,0,0.000957224634476006,1
EMQX_preprocessed.csv,321,-1,0,0,0.0010197281371802092,1
EMQX_preprocessed.csv,322,-1,0,0,0.0008066887967288494,1
EMQX_preprocessed.csv,323,-1,0,0,0.0023331164848059416,1
EMQX_preprocessed.csv,324,-1,0,0,0.006135826930403709,1
EMQX_preprocessed.csv,325,-1,0,0,0.001305607846006751,1
EMQX_preprocessed.csv,326,-1,0,0,0.005427856929600239,1
EMQX_preprocessed.csv,327,-1,0,0,0.010652310214936733,1
EMQX_preprocessed.csv,328,-1,0,0,0.003564356127753854,1
EMQX_preprocessed.csv,329,-1,0,0,0.0016645531868562102,1
EMQX_preprocessed.csv,330,-1,0,0,0.008551227860152721,1
EMQX_preprocessed.csv,331,-1,0,0,0.010910499840974808,1
EMQX_preprocessed.csv,332,-1,0,0,0.0010871156118810177,1
EMQX_preprocessed.csv,333,-1,0,0,0.00230833375826478,1
EMQX_preprocessed.csv,334,-1,0,0,0.010758943855762482,1
EMQX_preprocessed.csv,335,-1,0,0,0.00774600962176919,1
EMQX_preprocessed.csv,336,-1,0,0,0.003128686221316457,1
EMQX_preprocessed.csv,337,-1,0,0,0.0020901612006127834,1
EMQX_preprocessed.csv,338,-1,0,0,0.0012415455421432853,1
EMQX_preprocessed.csv,339,-1,0,0,0.0020932178013026714,1
EMQX_preprocessed.csv,340,-1,0,0,0.0010005853837355971,1
EMQX_preprocessed.csv,341,-1,0,0,0.006115960422903299,1
EMQX_preprocessed.csv,342,-1,0,0,0.006453306879848242,1
EMQX_preprocessed.csv,343,-1,0,0,0.003592376597225666,1
EMQX_preprocessed.csv,344,-1,0,0,0.00614921934902668,1
EMQX_preprocessed.csv,345,-1,0,0,0.004734771326184273,1
EMQX_preprocessed.csv,346,-1,0,0,0.001679035136476159,1
EMQX_preprocessed.csv,347,-1,0,0,0.02864946983754635,1
EMQX_preprocessed.csv,348,-1,0,0,0.0008607066702097654,1
EMQX_preprocessed.csv,349,-1,0,0,0.026410076767206192,1
EMQX_preprocessed.csv,350,-1,0,0,0.001844588085077703,1
EMQX_preprocessed.csv,351,-1,0,0,0.001041519339196384,1
EMQX_preprocessed.csv,352,-1,0,0,0.0019482194911688566,1
EMQX_preprocessed.csv,353,-1,0,0,0.0021767260041087866,1
EMQX_preprocessed.csv,354,-1,0,0,0.01094861514866352,1
EMQX_preprocessed.csv,355,-1,0,0,0.0038258701097220182,1
EMQX_preprocessed.csv,356,-1,0,0,0.007069948595017195,1
EMQX_preprocessed.csv,357,-1,0,0,0.011084163561463356,1
EMQX_preprocessed.csv,358,-1,0,0,0.002842256799340248,1
EMQX_preprocessed.csv,359,-1,0,0,0.002243664115667343,1
EMQX_preprocessed.csv,360,-1,0,0,0.03401204198598862,1
EMQX_preprocessed.csv,361,-1,0,0,0.00518655264750123,1
EMQX_preprocessed.csv,362,-1,0,0,0.007323038764297962,1
EMQX_preprocessed.csv,363,-1,0,0,0.0013731009094044566,1
EMQX_preprocessed.csv,364,-1,0,0,0.011234566569328308,1
EMQX_preprocessed.csv,365,-1,0,0,0.0010932465083897114,1
EMQX_preprocessed.csv,366,-1,0,0,0.004812892060726881,1
EMQX_preprocessed.csv,367,-1,0,0,0.0025120547506958246,1
EMQX_preprocessed.csv,368,-1,0,0,0.0018697039922699332,1
EMQX_preprocessed.csv,369,-1,0,0,0.003032093169167638,1
EMQX_preprocessed.csv,370,-1,0,0,0.00532342167571187,1
EMQX_preprocessed.csv,371,-1,0,0,0.002082250313833356,1
EMQX_preprocessed.csv,372,-1,0,0,0.001631906139664352,1
EMQX_preprocessed.csv,373,-1,0,0,0.0089432867243886,1
EMQX_preprocessed.csv,374,-1,0,0,0.0008054636418819427,1
EMQX_preprocessed.csv,375,-1,0,0,0.010850454680621624,1
EMQX_preprocessed.csv,376,-1,0,0,0.01046788040548563,1
EMQX_preprocessed.csv,377,-1,0,0,0.0016575552290305495,1
EMQX_preprocessed.csv,378,-1,0,0,0.003977612592279911,1
EMQX_preprocessed.csv,379,-1,0,0,0.004910200368613005,1
EMQX_preprocessed.csv,380,-1,0,0,0.005171105265617371,1
EMQX_preprocessed.csv,381,-1,0,0,0.0016046270029619336,1
EMQX_preprocessed.csv,382,-1,0,0,0.02570239081978798,1
EMQX_preprocessed.csv,383,-1,0,0,0.0017165272729471326,1
EMQX_preprocessed.csv,384,-1,0,0,0.0018350764876231551,1
EMQX_preprocessed.csv,385,-1,0,0,0.002309449017047882,1
EMQX_preprocessed.csv,386,-1,0,0,0.039729226380586624,1
EMQX_preprocessed.csv,387,-1,0,0,0.011053645983338356,1
EMQX_preprocessed.csv,388,-1,0,0,0.01793866790831089,1
EMQX_preprocessed.csv,389,-1,0,0,0.000794865598436445,1
EMQX_preprocessed.csv,390,-1,0,0,0.0013911699643358588,1
EMQX_preprocessed.csv,391,-1,0,0,0.003708010306581855,1
EMQX_preprocessed.csv,392,-1,0,0,0.0025383303873240948,1
EMQX_preprocessed.csv,393,-1,0,0,0.008263461291790009,1
EMQX_preprocessed.csv,394,-1,0,0,0.008153853006660938,1
EMQX_preprocessed.csv,395,-1,0,0,0.006438774056732655,1
EMQX_preprocessed.csv,396,-1,0,0,0.002132872585207224,1
EMQX_preprocessed.csv,397,-1,0,0,0.0012096449499949813,1
EMQX_preprocessed.csv,398,-1,0,0,0.010776828974485397,1
EMQX_preprocessed.csv,399,-1,0,0,0.014896185137331486,1
EMQX_preprocessed.csv,400,-1,0,0,0.007268060930073261,1
EMQX_preprocessed.csv,401,-1,0,0,0.0019525758689269423,1
EMQX_preprocessed.csv,402,-1,0,0,0.0016879973700270057,1
EMQX_preprocessed.csv,403,-1,0,0,0.0009122577030211687,1
EMQX_preprocessed.csv,404,-1,0,0,0.014118748717010021,1
EMQX_preprocessed.csv,405,-1,0,0,0.005131147801876068,1
EMQX_preprocessed.csv,406,-1,0,0,0.001861343625932932,1
EMQX_preprocessed.csv,407,-1,0,0,0.004368813242763281,1
EMQX_preprocessed.csv,408,-1,0,0,0.009144469164311886,1
EMQX_preprocessed.csv,409,-1,0,0,0.004910897463560104,1
EMQX_preprocessed.csv,410,-1,0,0,0.010626536794006824,1
EMQX_preprocessed.csv,411,-1,0,0,0.000998104689642787,1
EMQX_preprocessed.csv,412,-1,0,0,0.001347831916064024,1
EMQX_preprocessed.csv,413,-1,0,0,0.007810225710272789,1
EMQX_preprocessed.csv,414,-1,0,0,0.004509595688432455,1
EMQX_preprocessed.csv,415,-1,0,0,0.011403379961848259,1
EMQX_preprocessed.csv,416,-1,0,0,0.003265286795794964,1
EMQX_preprocessed.csv,417,-1,0,0,0.013491762802004814,1
EMQX_preprocessed.csv,418,-1,0,0,0.030099015682935715,1
EMQX_preprocessed.csv,419,-1,0,0,0.01327325589954853,1
EMQX_preprocessed.csv,420,-1,0,0,0.0014259528834372759,1
EMQX_preprocessed.csv,421,-1,0,0,0.0042383624240756035,1
EMQX_preprocessed.csv,422,-1,0,0,0.029084939509630203,1
EMQX_preprocessed.csv,423,-1,0,0,0.004184526391327381,1
EMQX_preprocessed.csv,424,-1,0,0,0.002578652696684003,1
EMQX_preprocessed.csv,425,-1,0,0,0.004766116384416819,1
EMQX_preprocessed.csv,426,-1,0,0,0.011055299080908298,1
EMQX_preprocessed.csv,427,-1,0,0,0.0017234160332009196,1
EMQX_preprocessed.csv,428,-1,0,0,0.001969808479771018,1
EMQX_preprocessed.csv,429,-1,0,0,0.01069496851414442,1
EMQX_preprocessed.csv,430,-1,0,0,0.0016478647012263536,1
EMQX_preprocessed.csv,431,-1,0,0,0.0027895362582057714,1
EMQX_preprocessed.csv,432,-1,0,0,0.006511394400149584,1
EMQX_preprocessed.csv,433,-1,0,0,0.002244932809844613,1
EMQX_preprocessed.csv,434,-1,0,0,0.018170474097132683,1
EMQX_preprocessed.csv,435,-1,0,0,0.0023587853647768497,1
EMQX_preprocessed.csv,436,-1,0,0,0.0029240904841572046,1
EMQX_preprocessed.csv,437,-1,0,0,0.013793944381177425,1
EMQX_preprocessed.csv,438,-1,0,0,0.0016506125684827566,1
EMQX_preprocessed.csv,439,-1,0,0,0.003596027847379446,1
EMQX_preprocessed.csv,440,-1,0,0,0.0024111210368573666,1
EMQX_preprocessed.csv,441,-1,0,0,0.0017671147361397743,1
EMQX_preprocessed.csv,442,-1,0,0,0.01086601335555315,1
EMQX_preprocessed.csv,443,-1,0,0,0.002668624045327306,1
EMQX_preprocessed.csv,444,-1,0,0,0.004187108017504215,1
EMQX_preprocessed.csv,445,-1,0,0,0.009433179162442684,1
EMQX_preprocessed.csv,446,-1,0,0,0.010248655453324318,1
EMQX_preprocessed.csv,447,-1,0,0,0.005804075393825769,1
EMQX_preprocessed.csv,448,-1,0,0,0.005559367593377829,1
EMQX_preprocessed.csv,449,-1,0,0,0.0018288497813045979,1
EMQX_preprocessed.csv,450,-1,0,0,0.0013447231613099575,1
EMQX_preprocessed.csv,451,-1,0,0,0.012927918694913387,1
EMQX_preprocessed.csv,452,-1,0,0,0.012828409671783447,1
EMQX_preprocessed.csv,453,-1,0,0,0.001446909154765308,1
EMQX_preprocessed.csv,454,-1,0,0,0.004660791251808405,1
EMQX_preprocessed.csv,455,-1,0,0,0.01422557421028614,1
EMQX_preprocessed.csv,456,-1,0,0,0.001762358588166535,1
EMQX_preprocessed.csv,457,-1,0,0,0.002408387139439583,1
EMQX_preprocessed.csv,458,-1,0,0,0.0030831515323370695,1
EMQX_preprocessed.csv,459,-1,0,0,0.002793029649183154,1
EMQX_preprocessed.csv,460,-1,0,0,0.0022631329484283924,1
EMQX_preprocessed.csv,461,-1,0,0,0.012683059088885784,1
EMQX_preprocessed.csv,462,-1,0,0,0.007899903692305088,1
EMQX_preprocessed.csv,463,-1,0,0,0.00763746676966548,1
EMQX_preprocessed.csv,464,-1,0,0,0.0018550599925220013,1
EMQX_preprocessed.csv,465,-1,0,0,0.006195893511176109,1
EMQX_preprocessed.csv,466,-1,0,0,0.008362739346921444,1
EMQX_preprocessed.csv,467,-1,0,0,0.0016776177799329162,1
EMQX_preprocessed.csv,468,-1,0,0,0.010647190734744072,1
EMQX_preprocessed.csv,469,-1,0,0,0.001497612684033811,1
EMQX_preprocessed.csv,470,-1,0,0,0.10710843652486801,1
EMQX_preprocessed.csv,471,-1,0,0,0.009948261082172394,1
EMQX_preprocessed.csv,472,-1,0,0,0.002377166645601392,1
EMQX_preprocessed.csv,473,-1,0,0,0.010466102510690689,1
EMQX_preprocessed.csv,474,-1,0,0,0.002040174091234803,1
EMQX_preprocessed.csv,475,-1,0,0,0.009250061586499214,1
EMQX_preprocessed.csv,476,-1,0,0,0.0043999431654810905,1
EMQX_preprocessed.csv,477,-1,0,0,0.001206682063639164,1
EMQX_preprocessed.csv,478,-1,0,0,0.004765239078551531,1
EMQX_preprocessed.csv,479,-1,0,0,0.001897786045446992,1
EMQX_preprocessed.csv,480,-1,0,0,0.0016543397214263678,1
EMQX_preprocessed.csv,481,-1,0,0,0.0011942589189857244,1
EMQX_preprocessed.csv,482,-1,0,0,0.0018183839274570346,1
EMQX_preprocessed.csv,483,-1,0,0,0.004954020958393812,1
EMQX_preprocessed.csv,484,-1,0,0,0.0018282735254615545,1
EMQX_preprocessed.csv,485,-1,0,0,0.002832449972629547,1
EMQX_preprocessed.csv,486,-1,0,0,0.019588885828852654,1
EMQX_preprocessed.csv,487,-1,0,0,0.009948598220944405,1
EMQX_preprocessed.csv,488,-1,0,0,0.0021251796279102564,1
EMQX_preprocessed.csv,489,-1,0,0,0.02191009558737278,1
EMQX_preprocessed.csv,490,-1,0,0,0.011043225415050983,1
EMQX_preprocessed.csv,491,-1,0,0,0.0059741479344666,1
EMQX_preprocessed.csv,492,-1,0,0,0.009115169756114483,1
EMQX_preprocessed.csv,493,-1,0,0,0.0015392070636153221,1
EMQX_preprocessed.csv,494,-1,0,0,0.0012846575118601322,1
EMQX_preprocessed.csv,495,-1,0,0,0.0032775094732642174,1
EMQX_preprocessed.csv,496,-1,0,0,0.006489889230579138,1
EMQX_preprocessed.csv,497,-1,0,0,0.0010330327786505222,1
EMQX_preprocessed.csv,498,-1,0,0,0.013626026920974255,1
EMQX_preprocessed.csv,499,-1,0,0,0.012845886871218681,1
EMQX_preprocessed.csv,500,-1,0,0,0.010734645649790764,1
EMQX_preprocessed.csv,501,-1,0,0,0.009327669627964497,1
EMQX_preprocessed.csv,502,-1,0,0,0.0019900354091078043,1
EMQX_preprocessed.csv,503,-1,0,0,0.0020999829284846783,1
EMQX_preprocessed.csv,504,-1,0,0,0.002713150344789028,1
EMQX_preprocessed.csv,505,-1,0,0,0.0017289853421971202,1
EMQX_preprocessed.csv,506,-1,0,0,0.004433988127857447,1
EMQX_preprocessed.csv,507,-1,0,0,0.01469813659787178,1
EMQX_preprocessed.csv,508,-1,0,0,0.0007843953208066523,1
EMQX_preprocessed.csv,509,-1,0,0,0.00042663898784667253,1
EMQX_preprocessed.csv,510,-1,0,0,0.008141587488353252,1
EMQX_preprocessed.csv,511,-1,0,0,0.010496171191334724,1
EMQX_preprocessed.csv,512,-1,0,0,0.005646038334816694,1
EMQX_preprocessed.csv,513,-1,0,0,0.011450463905930519,1
EMQX_preprocessed.csv,514,-1,0,0,0.011270993389189243,1
EMQX_preprocessed.csv,515,-1,0,0,0.0019518687622621655,1
EMQX_preprocessed.csv,516,-1,0,0,0.004393218085169792,1
EMQX_preprocessed.csv,517,-1,0,0,0.012343283742666245,1
EMQX_preprocessed.csv,518,-1,0,0,0.0050475806929171085,1
EMQX_preprocessed.csv,519,-1,0,0,0.002235002350062132,1
EMQX_preprocessed.csv,520,-1,0,0,0.0013048503315076232,1
EMQX_preprocessed.csv,521,-1,0,0,0.0010409812675788999,1
EMQX_preprocessed.csv,522,-1,0,0,0.006147870793938637,1
EMQX_preprocessed.csv,523,-1,0,0,0.013471164740622044,1
EMQX_preprocessed.csv,524,-1,0,0,0.0015451742801815271,1
EMQX_preprocessed.csv,525,-1,0,0,0.005567809566855431,1
EMQX_preprocessed.csv,526,-1,0,0,0.008642870001494884,1
EMQX_preprocessed.csv,527,-1,0,0,0.01045332569628954,1
EMQX_preprocessed.csv,528,-1,0,0,0.0056560346856713295,1
EMQX_preprocessed.csv,529,-1,0,0,0.0009995283326134086,1
EMQX_preprocessed.csv,530,-1,0,0,0.011758140288293362,1
EMQX_preprocessed.csv,531,-1,0,0,0.003233314258977771,1
EMQX_preprocessed.csv,532,-1,0,0,0.015321352519094944,1
EMQX_preprocessed.csv,533,-1,0,0,0.003404891351237893,1
EMQX_preprocessed.csv,534,-1,0,0,0.0021151124965399504,1
EMQX_preprocessed.csv,535,-1,0,0,0.004178775940090418,1
EMQX_preprocessed.csv,536,-1,0,0,0.0053422218188643456,1
EMQX_preprocessed.csv,537,-1,0,0,0.0018480652943253517,1
EMQX_preprocessed.csv,538,-1,0,0,0.004134541377425194,1
EMQX_preprocessed.csv,539,-1,0,0,0.014097638428211212,1
EMQX_preprocessed.csv,540,-1,0,0,0.02274506539106369,1
EMQX_preprocessed.csv,541,-1,0,0,0.004092997871339321,1
EMQX_preprocessed.csv,542,-1,0,0,0.004400511737912893,1
EMQX_preprocessed.csv,543,-1,0,0,0.010763725265860558,1
EMQX_preprocessed.csv,544,-1,0,0,0.0008985269232653081,1
EMQX_preprocessed.csv,545,-1,0,0,0.0031279013492166996,1
EMQX_preprocessed.csv,546,-1,0,0,0.0011075104121118784,1
EMQX_preprocessed.csv,547,-1,0,0,0.015313751995563507,1
EMQX_preprocessed.csv,548,-1,0,0,0.003281407291069627,1
EMQX_preprocessed.csv,549,-1,0,0,0.0014669387601315975,1
EMQX_preprocessed.csv,550,-1,0,0,0.01042220275849104,1
EMQX_preprocessed.csv,551,-1,0,0,0.005469780880957842,1
EMQX_preprocessed.csv,552,-1,0,0,0.0006719348602928221,1
EMQX_preprocessed.csv,553,-1,0,0,0.004622467793524265,1
EMQX_preprocessed.csv,554,-1,0,0,0.0036724533420056105,1
EMQX_preprocessed.csv,555,-1,0,0,0.0015587334055453539,1
EMQX_preprocessed.csv,556,-1,0,0,0.0010777198476716876,1
EMQX_preprocessed.csv,557,-1,0,0,0.006307092495262623,1
EMQX_preprocessed.csv,558,-1,0,0,0.002561605302616954,1
EMQX_preprocessed.csv,559,-1,0,0,0.014232148416340351,1
EMQX_preprocessed.csv,560,-1,0,0,0.0008346348768100142,1
EMQX_preprocessed.csv,561,-1,0,0,0.002157623181119561,1
EMQX_preprocessed.csv,562,-1,0,0,0.012254191562533379,1
EMQX_preprocessed.csv,563,-1,0,0,0.036019064486026764,1
EMQX_preprocessed.csv,564,-1,0,0,0.00533374585211277,1
EMQX_preprocessed.csv,565,-1,0,0,0.003395751817151904,1
EMQX_preprocessed.csv,566,-1,0,0,0.0011997318360954523,1
EMQX_preprocessed.csv,567,-1,0,0,0.005553681403398514,1
EMQX_preprocessed.csv,568,-1,0,0,0.010405868291854858,1
EMQX_preprocessed.csv,569,-1,0,0,0.0035458849743008614,1
EMQX_preprocessed.csv,570,-1,0,0,0.008957828395068645,1
EMQX_preprocessed.csv,571,-1,0,0,0.012262562289834023,1
EMQX_preprocessed.csv,572,-1,0,0,0.00705571286380291,1
EMQX_preprocessed.csv,573,-1,0,0,0.001616068184375763,1
EMQX_preprocessed.csv,574,-1,0,0,0.005013898480683565,1
EMQX_preprocessed.csv,575,-1,0,0,0.011041110381484032,1
EMQX_preprocessed.csv,576,-1,0,0,0.0017024477710947394,1
EMQX_preprocessed.csv,577,-1,0,0,0.0014229421503841877,1
EMQX_preprocessed.csv,578,-1,0,0,0.0011821817606687546,1
EMQX_preprocessed.csv,579,-1,0,0,0.0037152927834540606,1
EMQX_preprocessed.csv,580,-1,0,0,0.001306615537032485,1
EMQX_preprocessed.csv,581,-1,0,0,0.0018678379710763693,1
EMQX_preprocessed.csv,582,-1,0,0,0.0013339059660211205,1
EMQX_preprocessed.csv,583,-1,0,0,0.0021624260116368532,1
EMQX_preprocessed.csv,584,-1,0,0,0.001869301893748343,1
EMQX_preprocessed.csv,585,-1,0,0,0.004060233943164349,1
EMQX_preprocessed.csv,586,-1,0,0,0.01508327852934599,1
EMQX_preprocessed.csv,587,-1,0,0,0.0011993255466222763,1
EMQX_preprocessed.csv,588,-1,0,0,0.0018044902244582772,1
EMQX_preprocessed.csv,589,-1,0,0,0.007944658398628235,1
EMQX_preprocessed.csv,590,-1,0,0,0.0041489023715257645,1
EMQX_preprocessed.csv,591,-1,0,0,0.0141444131731987,1
EMQX_preprocessed.csv,592,-1,0,0,0.0059142583049833775,1
EMQX_preprocessed.csv,593,-1,0,0,0.010394292883574963,1
EMQX_preprocessed.csv,594,-1,0,0,0.007898210547864437,1
EMQX_preprocessed.csv,595,-1,0,0,0.003982283174991608,1
EMQX_preprocessed.csv,596,-1,0,0,0.0016515793977305293,1
EMQX_preprocessed.csv,597,-1,0,0,0.000717529037501663,1
EMQX_preprocessed.csv,598,-1,0,0,0.0019837634172290564,1
EMQX_preprocessed.csv,599,-1,0,0,0.0011491685872897506,1
EMQX_preprocessed.csv,600,-1,0,0,0.002362470841035247,1
EMQX_preprocessed.csv,601,-1,0,0,0.029933400452136993,1
EMQX_preprocessed.csv,602,-1,0,0,0.004472256638109684,1
EMQX_preprocessed.csv,603,-1,0,0,0.003921146970242262,1
EMQX_preprocessed.csv,604,-1,0,0,0.005847204942256212,1
EMQX_preprocessed.csv,605,-1,0,0,0.0032246168702840805,1
EMQX_preprocessed.csv,606,-1,0,0,0.019817199558019638,1
EMQX_preprocessed.csv,607,-1,0,0,0.0027252843137830496,1
EMQX_preprocessed.csv,608,-1,0,0,0.004107173997908831,1
EMQX_preprocessed.csv,609,-1,0,0,0.008671586401760578,1
EMQX_preprocessed.csv,610,-1,0,0,0.0019058971665799618,1
EMQX_preprocessed.csv,611,-1,0,0,0.0019502986688166857,1
EMQX_preprocessed.csv,612,-1,0,0,0.005170504096895456,1
EMQX_preprocessed.csv,613,-1,0,0,0.004778327886015177,1
EMQX_preprocessed.csv,614,-1,0,0,0.004873347468674183,1
EMQX_preprocessed.csv,615,-1,0,0,0.007372791413217783,1
EMQX_preprocessed.csv,616,-1,0,0,0.010604935698211193,1
EMQX_preprocessed.csv,617,-1,0,0,0.004184429068118334,1
EMQX_preprocessed.csv,618,-1,0,0,0.006440177094191313,1
EMQX_preprocessed.csv,619,-1,0,0,0.001142950844950974,1
EMQX_preprocessed.csv,620,-1,0,0,0.007623688783496618,1
EMQX_preprocessed.csv,621,-1,0,0,0.009142917580902576,1
EMQX_preprocessed.csv,622,-1,0,0,0.004422023892402649,1
EMQX_preprocessed.csv,623,-1,0,0,0.016124745830893517,1
EMQX_preprocessed.csv,624,-1,0,0,0.011867756024003029,1
EMQX_preprocessed.csv,625,-1,0,0,0.001788825262337923,1
EMQX_preprocessed.csv,626,-1,0,0,0.0032312297262251377,1
EMQX_preprocessed.csv,627,-1,0,0,0.03225576877593994,1
EMQX_preprocessed.csv,628,-1,0,0,0.0027215497102588415,1
EMQX_preprocessed.csv,629,-1,0,0,0.008166994899511337,1
EMQX_preprocessed.csv,630,-1,0,0,0.0007319558644667268,1
EMQX_preprocessed.csv,631,-1,0,0,0.0033358035143464804,1
EMQX_preprocessed.csv,632,-1,0,0,0.004668531473726034,1
EMQX_preprocessed.csv,633,-1,0,0,0.011610114946961403,1
EMQX_preprocessed.csv,634,-1,0,0,0.010863692499697208,1
EMQX_preprocessed.csv,635,-1,0,0,0.0035237062256783247,1
EMQX_preprocessed.csv,636,-1,0,0,0.0026816921308636665,1
EMQX_preprocessed.csv,637,-1,0,0,0.0016592851607128978,1
EMQX_preprocessed.csv,638,-1,0,0,0.006480528507381678,1
EMQX_preprocessed.csv,639,-1,0,0,0.009346529841423035,1
EMQX_preprocessed.csv,640,-1,0,0,0.005362482275813818,1
EMQX_preprocessed.csv,641,-1,0,0,0.003080241847783327,1
EMQX_preprocessed.csv,642,-1,0,0,0.005656493362039328,1
EMQX_preprocessed.csv,643,-1,0,0,0.010684767737984657,1
EMQX_preprocessed.csv,644,-1,0,0,0.0055478597059845924,1
EMQX_preprocessed.csv,645,-1,0,0,0.0016844614874571562,1
EMQX_preprocessed.csv,646,-1,0,0,0.001278767711482942,1
EMQX_preprocessed.csv,647,-1,0,0,0.0011840708320960402,1
EMQX_preprocessed.csv,648,-1,0,0,0.0008835844928398728,1
EMQX_preprocessed.csv,649,-1,0,0,0.004531461279839277,1
EMQX_preprocessed.csv,650,-1,0,0,0.005441845394670963,1
EMQX_preprocessed.csv,651,-1,0,0,0.032888058573007584,1
EMQX_preprocessed.csv,652,-1,0,0,0.010443765670061111,1
EMQX_preprocessed.csv,653,-1,0,0,0.0031312762293964624,1
EMQX_preprocessed.csv,654,-1,0,0,0.001912752166390419,1
EMQX_preprocessed.csv,655,-1,0,0,0.0028268112801015377,1
EMQX_preprocessed.csv,656,-1,0,0,0.004767197649925947,1
EMQX_preprocessed.csv,657,-1,0,0,0.002272556535899639,1
EMQX_preprocessed.csv,658,-1,0,0,0.02379043586552143,1
EMQX_preprocessed.csv,659,-1,0,0,0.0011428033467382193,1
EMQX_preprocessed.csv,660,-1,0,0,0.0010556232882663608,1
EMQX_preprocessed.csv,661,-1,0,0,0.02967628464102745,1
EMQX_preprocessed.csv,662,-1,0,0,0.0016894049476832151,1
EMQX_preprocessed.csv,663,-1,0,0,0.0023034303449094296,1
EMQX_preprocessed.csv,664,-1,0,0,0.00208472297526896,1
EMQX_preprocessed.csv,665,-1,0,0,0.006889569107443094,1
EMQX_preprocessed.csv,666,-1,0,0,0.001076949411071837,1
EMQX_preprocessed.csv,667,-1,0,0,0.017234738916158676,1
EMQX_preprocessed.csv,668,-1,0,0,0.007348104380071163,1
EMQX_preprocessed.csv,669,-1,0,0,0.0007161409012041986,1
EMQX_preprocessed.csv,670,-1,0,0,0.011237607337534428,1
EMQX_preprocessed.csv,671,-1,0,0,0.003496029879897833,1
EMQX_preprocessed.csv,672,-1,0,0,0.01652848720550537,1
EMQX_preprocessed.csv,673,-1,0,0,0.002114421222358942,1
EMQX_preprocessed.csv,674,-1,0,0,0.0015474801184609532,1
EMQX_preprocessed.csv,675,-1,0,0,0.0019144427496939898,1
EMQX_preprocessed.csv,676,-1,0,0,0.0048900810070335865,1
EMQX_preprocessed.csv,677,-1,0,0,0.005089415702968836,1
EMQX_preprocessed.csv,678,-1,0,0,0.008146633394062519,1
EMQX_preprocessed.csv,679,-1,0,0,0.0031563236843794584,1
EMQX_preprocessed.csv,680,-1,0,0,0.0037220038939267397,1
EMQX_preprocessed.csv,681,-1,0,0,0.00313726719468832,1
EMQX_preprocessed.csv,682,-1,0,0,0.0018792642513290048,1
EMQX_preprocessed.csv,683,-1,0,0,0.00745790358632803,1
EMQX_preprocessed.csv,684,-1,0,0,0.0015404652804136276,1
EMQX_preprocessed.csv,685,-1,0,0,0.010995365679264069,1
EMQX_preprocessed.csv,686,-1,0,0,0.0015343832783401012,1
EMQX_preprocessed.csv,687,-1,0,0,0.0025658304803073406,1
EMQX_preprocessed.csv,688,-1,0,0,0.010817856527864933,1
EMQX_preprocessed.csv,689,-1,0,0,0.0015167854726314545,1
EMQX_preprocessed.csv,690,-1,0,0,0.0036088579799979925,1
EMQX_preprocessed.csv,691,-1,0,0,0.00204287376254797,1
EMQX_preprocessed.csv,692,-1,0,0,0.03279651328921318,1
EMQX_preprocessed.csv,693,-1,0,0,0.0011522532440721989,1
EMQX_preprocessed.csv,694,-1,0,0,0.0029152289498597383,1
EMQX_preprocessed.csv,695,-1,0,0,0.0021627931855618954,1
EMQX_preprocessed.csv,696,-1,0,0,0.0031950378324836493,1
EMQX_preprocessed.csv,697,-1,0,0,0.0015796648804098368,1
EMQX_preprocessed.csv,698,-1,0,0,0.0033646405208855867,1
EMQX_preprocessed.csv,699,-1,0,0,0.0053309001959860325,1
EMQX_preprocessed.csv,700,-1,0,0,0.007705408148467541,1
EMQX_preprocessed.csv,701,-1,0,0,0.0008619849686510861,1
EMQX_preprocessed.csv,702,-1,0,0,0.012588025070726871,1
EMQX_preprocessed.csv,703,-1,0,0,0.0255428534001112,1
EMQX_preprocessed.csv,704,-1,0,0,0.01476854458451271,1
EMQX_preprocessed.csv,705,-1,0,0,0.003343097399920225,1
EMQX_preprocessed.csv,706,-1,0,0,0.0018336550565436482,1
EMQX_preprocessed.csv,707,-1,0,0,0.0012734587071463466,1
EMQX_preprocessed.csv,708,-1,0,0,0.0024006753228604794,1
EMQX_preprocessed.csv,709,-1,0,0,0.005232943221926689,1
EMQX_preprocessed.csv,710,-1,0,0,0.006991492584347725,1
EMQX_preprocessed.csv,711,-1,0,0,0.003728830022737384,1
EMQX_preprocessed.csv,712,-1,0,0,0.0013482928043231368,1
EMQX_preprocessed.csv,713,-1,0,0,0.003070630831643939,1
EMQX_preprocessed.csv,714,-1,0,0,0.0032549502793699503,1
EMQX_preprocessed.csv,715,-1,0,0,0.0015100317541509867,1
EMQX_preprocessed.csv,716,-1,0,0,0.004060037434101105,1
EMQX_preprocessed.csv,717,-1,0,0,0.0018685483373701572,1
EMQX_preprocessed.csv,718,-1,0,0,0.0050789304077625275,1
EMQX_preprocessed.csv,719,-1,0,0,0.0015629519475623965,1
EMQX_preprocessed.csv,720,-1,0,0,0.009409233927726746,1
EMQX_preprocessed.csv,721,-1,0,0,0.023743808269500732,1
EMQX_preprocessed.csv,722,-1,0,0,0.003487561596557498,1
EMQX_preprocessed.csv,723,-1,0,0,0.0018195448210462928,1
EMQX_preprocessed.csv,724,-1,0,0,0.010829465463757515,1
EMQX_preprocessed.csv,725,-1,0,0,0.0017847346607595682,1
EMQX_preprocessed.csv,726,-1,0,0,0.013141742907464504,1
EMQX_preprocessed.csv,727,-1,0,0,0.002966882660984993,1
EMQX_preprocessed.csv,728,-1,0,0,0.0028659100644290447,1
EMQX_preprocessed.csv,729,-1,0,0,0.006402901839464903,1
EMQX_preprocessed.csv,730,-1,0,0,0.0018129642121493816,1
EMQX_preprocessed.csv,731,-1,0,0,0.0016589058795943856,1
EMQX_preprocessed.csv,732,-1,0,0,0.004504061304032803,1
EMQX_preprocessed.csv,733,-1,0,0,0.0022614477202296257,1
EMQX_preprocessed.csv,734,-1,0,0,0.01812511868774891,1
EMQX_preprocessed.csv,735,-1,0,0,0.008030525408685207,1
EMQX_preprocessed.csv,736,-1,0,0,0.014240144751966,1
EMQX_preprocessed.csv,737,-1,0,0,0.0025153616443276405,1
EMQX_preprocessed.csv,738,-1,0,0,0.0068202330730855465,1
EMQX_preprocessed.csv,739,-1,0,0,0.0013759643770754337,1
EMQX_preprocessed.csv,740,-1,0,0,0.002847042167559266,1
EMQX_preprocessed.csv,741,-1,0,0,0.003923643380403519,1
EMQX_preprocessed.csv,742,-1,0,0,0.00806323904544115,1
EMQX_preprocessed.csv,743,-1,0,0,0.0033856150694191456,1
EMQX_preprocessed.csv,744,-1,0,0,0.0034560319036245346,1
EMQX_preprocessed.csv,745,-1,0,0,0.005395281128585339,1
EMQX_preprocessed.csv,746,-1,0,0,0.010273967869579792,1
EMQX_preprocessed.csv,747,-1,0,0,0.0279232170432806,1
EMQX_preprocessed.csv,748,-1,0,0,0.0025838788133114576,1
EMQX_preprocessed.csv,749,-1,0,0,0.012353715486824512,1
EMQX_preprocessed.csv,750,-1,0,0,0.010788114741444588,1
EMQX_preprocessed.csv,751,-1,0,0,0.0047666956670582294,1
EMQX_preprocessed.csv,752,-1,0,0,0.00512231420725584,1
EMQX_preprocessed.csv,753,-1,0,0,0.004328256007283926,1
EMQX_preprocessed.csv,754,-1,0,0,0.002241024747490883,1
EMQX_preprocessed.csv,755,-1,0,0,0.002035244135186076,1
EMQX_preprocessed.csv,756,-1,0,0,0.0017366779502481222,1
EMQX_preprocessed.csv,757,-1,0,0,0.0018679554341360927,1
EMQX_preprocessed.csv,758,-1,0,0,0.01106163952499628,1
EMQX_preprocessed.csv,759,-1,0,0,0.0037910109385848045,1
EMQX_preprocessed.csv,760,-1,0,0,0.0019460347248241305,1
EMQX_preprocessed.csv,761,-1,0,0,0.001875909510999918,1
EMQX_preprocessed.csv,762,-1,0,0,0.0030613497365266085,1
EMQX_preprocessed.csv,763,-1,0,0,0.03716500476002693,1
EMQX_preprocessed.csv,764,-1,0,0,0.0011557906400412321,1
EMQX_preprocessed.csv,765,-1,0,0,0.006044385023415089,1
EMQX_preprocessed.csv,766,-1,0,0,0.004674531053751707,1
EMQX_preprocessed.csv,767,-1,0,0,0.0015327564906328917,1
EMQX_preprocessed.csv,768,-1,0,0,0.001659778063185513,1
EMQX_preprocessed.csv,769,-1,0,0,0.0013628066517412663,1
EMQX_preprocessed.csv,770,-1,0,0,0.006649390794336796,1
EMQX_preprocessed.csv,771,-1,0,0,0.004539819434285164,1
EMQX_preprocessed.csv,772,-1,0,0,0.0016527253901585937,1
EMQX_preprocessed.csv,773,-1,0,0,0.0013815914280712605,1
EMQX_preprocessed.csv,774,-1,0,0,0.0022774823009967804,1
EMQX_preprocessed.csv,775,-1,0,0,0.018698589876294136,1
EMQX_preprocessed.csv,776,-1,0,0,0.0008747968240641057,1
EMQX_preprocessed.csv,777,-1,0,0,0.000991143984720111,1
EMQX_preprocessed.csv,778,-1,0,0,0.0013989893486723304,1
EMQX_preprocessed.csv,779,-1,0,0,0.0009983477648347616,1
EMQX_preprocessed.csv,780,-1,0,0,0.0015377611853182316,1
EMQX_preprocessed.csv,781,-1,0,0,0.0017150969943031669,1
EMQX_preprocessed.csv,782,-1,0,0,0.0017081820406019688,1
EMQX_preprocessed.csv,783,-1,0,0,0.003688434837386012,1
EMQX_preprocessed.csv,784,-1,0,0,0.002160170814022422,1
EMQX_preprocessed.csv,785,-1,0,0,0.0016527781262993813,1
EMQX_preprocessed.csv,786,-1,0,0,0.004492404870688915,1
EMQX_preprocessed.csv,787,-1,0,0,0.0016181744867935777,1
EMQX_preprocessed.csv,788,-1,0,0,0.009240591898560524,1
EMQX_preprocessed.csv,789,-1,0,0,0.0012211709981784225,1
EMQX_preprocessed.csv,790,-1,0,0,0.004648171365261078,1
EMQX_preprocessed.csv,791,-1,0,0,0.0006779924151487648,1
EMQX_preprocessed.csv,792,-1,0,0,0.002120537217706442,1
EMQX_preprocessed.csv,793,-1,0,0,0.003358260029926896,1
EMQX_preprocessed.csv,794,-1,0,0,0.03520822152495384,1
EMQX_preprocessed.csv,795,-1,0,0,0.009053681045770645,1
EMQX_preprocessed.csv,796,-1,0,0,0.002927000168710947,1
EMQX_preprocessed.csv,797,-1,0,0,0.004285323433578014,1
EMQX_preprocessed.csv,798,-1,0,0,0.01873803697526455,1
EMQX_preprocessed.csv,799,-1,0,0,0.0031752747017890215,1
EMQX_preprocessed.csv,800,-1,0,0,0.007839931175112724,1
EMQX_preprocessed.csv,801,-1,0,0,0.005757330451160669,1
EMQX_preprocessed.csv,802,-1,0,0,0.003167517716065049,1
EMQX_preprocessed.csv,803,-1,0,0,0.0033176057040691376,1
EMQX_preprocessed.csv,804,-1,0,0,0.0026184977032244205,1
EMQX_preprocessed.csv,805,-1,0,0,0.009798643179237843,1
EMQX_preprocessed.csv,806,-1,0,0,0.0018848123727366328,1
EMQX_preprocessed.csv,807,-1,0,0,0.01699265092611313,1
EMQX_preprocessed.csv,808,-1,0,0,0.004241295158863068,1
EMQX_preprocessed.csv,809,-1,0,0,0.006704533472657204,1
EMQX_preprocessed.csv,810,-1,0,0,0.006532781291753054,1
EMQX_preprocessed.csv,811,-1,0,0,0.002790430560708046,1
EMQX_preprocessed.csv,812,-1,0,0,0.005685626994818449,1
EMQX_preprocessed.csv,813,-1,0,0,0.0067827641032636166,1
EMQX_preprocessed.csv,814,-1,0,0,0.004113278351724148,1
EMQX_preprocessed.csv,815,-1,0,0,0.004510944709181786,1
EMQX_preprocessed.csv,816,-1,0,0,0.008337023667991161,1
EMQX_preprocessed.csv,817,-1,0,0,0.0040054661221802235,1
EMQX_preprocessed.csv,818,-1,0,0,0.0009906324557960033,1
EMQX_preprocessed.csv,819,-1,0,0,0.001131734810769558,1
EMQX_preprocessed.csv,820,-1,0,0,0.0015393003122881055,1
EMQX_preprocessed.csv,821,-1,0,0,0.008542617782950401,1
EMQX_preprocessed.csv,822,-1,0,0,0.0018973832484334707,1
EMQX_preprocessed.csv,823,-1,0,0,0.00139615498483181,1
EMQX_preprocessed.csv,824,-1,0,0,0.0029327520169317722,1
EMQX_preprocessed.csv,825,-1,0,0,0.0054137506522238255,1
EMQX_preprocessed.csv,826,-1,0,0,0.0027691135182976723,1
EMQX_preprocessed.csv,827,-1,0,0,0.00824712123721838,1
EMQX_preprocessed.csv,828,-1,0,0,0.005329451523721218,1
EMQX_preprocessed.csv,829,-1,0,0,0.003970906138420105,1
EMQX_preprocessed.csv,830,-1,0,0,0.0033001552801579237,1
EMQX_preprocessed.csv,831,-1,0,0,0.0018681262154132128,1
EMQX_preprocessed.csv,832,-1,0,0,0.001853357651270926,1
EMQX_preprocessed.csv,833,-1,0,0,0.010468783788383007,1
EMQX_preprocessed.csv,834,-1,0,0,0.003963523544371128,1
EMQX_preprocessed.csv,835,-1,0,0,0.001646913355216384,1
EMQX_preprocessed.csv,836,-1,0,0,0.001747389673255384,1
EMQX_preprocessed.csv,837,-1,0,0,0.006632087752223015,1
EMQX_preprocessed.csv,838,-1,0,0,0.010576360858976841,1
EMQX_preprocessed.csv,839,-1,0,0,0.0011712288251146674,1
EMQX_preprocessed.csv,840,-1,0,0,0.0055170487612485886,1
EMQX_preprocessed.csv,841,-1,0,0,0.007789825089275837,1
EMQX_preprocessed.csv,842,-1,0,0,0.00218181312084198,1
EMQX_preprocessed.csv,843,-1,0,0,0.01073117833584547,1
EMQX_preprocessed.csv,844,-1,0,0,0.008272469975054264,1
EMQX_preprocessed.csv,845,-1,0,0,0.0030779847875237465,1
EMQX_preprocessed.csv,846,-1,0,0,0.01548853050917387,1
EMQX_preprocessed.csv,847,-1,0,0,0.001606140984222293,1
EMQX_preprocessed.csv,848,-1,0,0,0.0015932286623865366,1
EMQX_preprocessed.csv,849,-1,0,0,0.004016755148768425,1
EMQX_preprocessed.csv,850,-1,0,0,0.0038811219856142998,1
EMQX_preprocessed.csv,851,-1,0,0,0.0039020441472530365,1
EMQX_preprocessed.csv,852,-1,0,0,0.001567441038787365,1
EMQX_preprocessed.csv,853,-1,0,0,0.0028689666651189327,1
EMQX_preprocessed.csv,854,-1,0,0,0.003051540581509471,1
EMQX_preprocessed.csv,855,-1,0,0,0.0020060655660927296,1
EMQX_preprocessed.csv,856,-1,0,0,0.006220496725291014,1
EMQX_preprocessed.csv,857,-1,0,0,0.021230224519968033,1
EMQX_preprocessed.csv,858,-1,0,0,0.0035323346965014935,1
EMQX_preprocessed.csv,859,-1,0,0,0.0029334144201129675,1
EMQX_preprocessed.csv,860,-1,0,0,0.004396302159875631,1
EMQX_preprocessed.csv,861,-1,0,0,0.0028355319518595934,1
EMQX_preprocessed.csv,862,-1,0,0,0.0010188769083470106,1
EMQX_preprocessed.csv,863,-1,0,0,0.007090023718774319,1
EMQX_preprocessed.csv,864,-1,0,0,0.009624420665204525,1
EMQX_preprocessed.csv,865,-1,0,0,0.0016952891601249576,1
EMQX_preprocessed.csv,866,-1,0,0,0.0016389241209253669,1
EMQX_preprocessed.csv,867,-1,0,0,0.002832246944308281,1
EMQX_preprocessed.csv,868,-1,0,0,0.0018086229683831334,1
EMQX_preprocessed.csv,869,-1,0,0,0.0013171716127544641,1
EMQX_preprocessed.csv,870,-1,0,0,0.0010963043896481395,1
EMQX_preprocessed.csv,871,-1,0,0,0.0018308615544810891,1
EMQX_preprocessed.csv,872,-1,0,0,0.0008638942381367087,1
EMQX_preprocessed.csv,873,-1,0,0,0.009090752340853214,1
EMQX_preprocessed.csv,874,-1,0,0,0.006529322359710932,1
EMQX_preprocessed.csv,875,-1,0,0,0.013631340116262436,1
EMQX_preprocessed.csv,876,-1,0,0,0.002510121325030923,1
EMQX_preprocessed.csv,877,-1,0,0,0.014506115578114986,1
EMQX_preprocessed.csv,878,-1,0,0,0.005655578803271055,1
EMQX_preprocessed.csv,879,-1,0,0,0.010511782951653004,1
EMQX_preprocessed.csv,880,-1,0,0,0.013269697315990925,1
EMQX_preprocessed.csv,881,-1,0,0,0.004208056256175041,1
EMQX_preprocessed.csv,882,-1,0,0,0.014489791356027126,1
EMQX_preprocessed.csv,883,-1,0,0,0.0015809610486030579,1
EMQX_preprocessed.csv,884,-1,0,0,0.001513444003649056,1
EMQX_preprocessed.csv,885,-1,0,0,0.0011276196455582976,1
EMQX_preprocessed.csv,886,-1,0,0,0.008440939709544182,1
EMQX_preprocessed.csv,887,-1,0,0,0.00814953912049532,1
EMQX_preprocessed.csv,888,-1,0,0,0.0019388600485399365,1
EMQX_preprocessed.csv,889,-1,0,0,0.0010912696598097682,1
EMQX_preprocessed.csv,890,-1,0,0,0.013362186960875988,1
EMQX_preprocessed.csv,891,-1,0,0,0.0015370812034234405,1
EMQX_preprocessed.csv,892,-1,0,0,0.0011170512298122048,1
EMQX_preprocessed.csv,893,-1,0,0,0.003231495153158903,1
EMQX_preprocessed.csv,894,-1,0,0,0.006409767549484968,1
EMQX_preprocessed.csv,895,-1,0,0,0.004303398542106152,1
EMQX_preprocessed.csv,896,-1,0,0,0.0013087877305224538,1
EMQX_preprocessed.csv,897,-1,0,0,0.001913779298774898,1
EMQX_preprocessed.csv,898,-1,0,0,0.005334246437996626,1
EMQX_preprocessed.csv,899,-1,0,0,0.0018170721596106887,1
EMQX_preprocessed.csv,900,-1,0,0,0.002763110212981701,1
EMQX_preprocessed.csv,901,-1,0,0,0.0012510075466707349,1
EMQX_preprocessed.csv,902,-1,0,0,0.00088052439969033,1
EMQX_preprocessed.csv,903,-1,0,0,0.002863036235794425,1
EMQX_preprocessed.csv,904,-1,0,0,0.0009122550836764276,1
EMQX_preprocessed.csv,905,-1,0,0,0.002834530547261238,1
EMQX_preprocessed.csv,906,-1,0,0,0.016207335516810417,1
EMQX_preprocessed.csv,907,-1,0,0,0.01622253842651844,1
EMQX_preprocessed.csv,908,-1,0,0,0.002741321222856641,1
EMQX_preprocessed.csv,909,-1,0,0,0.008135090582072735,1
EMQX_preprocessed.csv,910,-1,0,0,0.0031070122495293617,1
EMQX_preprocessed.csv,911,-1,0,0,0.0018359177047386765,1
EMQX_preprocessed.csv,912,-1,0,0,0.003348256926983595,1
EMQX_preprocessed.csv,913,-1,0,0,0.006698092445731163,1
EMQX_preprocessed.csv,914,-1,0,0,0.0034492951817810535,1
EMQX_preprocessed.csv,915,-1,0,0,0.008218270726501942,1
EMQX_preprocessed.csv,916,-1,0,0,0.012089462950825691,1
EMQX_preprocessed.csv,917,-1,0,0,0.002071522641927004,1
EMQX_preprocessed.csv,918,-1,0,0,0.012232640758156776,1
EMQX_preprocessed.csv,919,-1,0,0,0.0949912741780281,1
EMQX_preprocessed.csv,920,-1,0,0,0.0017858741339296103,1
EMQX_preprocessed.csv,921,-1,0,0,0.010498177260160446,1
EMQX_preprocessed.csv,922,-1,0,0,0.004023521672934294,1
EMQX_preprocessed.csv,923,-1,0,0,0.004982473328709602,1
EMQX_preprocessed.csv,924,-1,0,0,0.010822501964867115,1
EMQX_preprocessed.csv,925,-1,0,0,0.01409025676548481,1
EMQX_preprocessed.csv,926,-1,0,0,0.009289623238146305,1
EMQX_preprocessed.csv,927,-1,0,0,0.0018656498286873102,1
EMQX_preprocessed.csv,928,-1,0,0,0.0018303459510207176,1
EMQX_preprocessed.csv,929,-1,0,0,0.013289015740156174,1
EMQX_preprocessed.csv,930,-1,0,0,0.0032773707062005997,1
EMQX_preprocessed.csv,931,-1,0,0,0.0036326402332633734,1
EMQX_preprocessed.csv,932,-1,0,0,0.0017075689975172281,1
EMQX_preprocessed.csv,933,-1,0,0,0.0017869463190436363,1
EMQX_preprocessed.csv,934,-1,0,0,0.0030417267698794603,1
EMQX_preprocessed.csv,935,-1,0,0,0.007948236539959908,1
EMQX_preprocessed.csv,936,-1,0,0,0.0009212563163600862,1
EMQX_preprocessed.csv,937,-1,0,0,0.0008946764864958823,1
EMQX_preprocessed.csv,938,-1,0,0,0.0017090433975681663,1
EMQX_preprocessed.csv,939,-1,0,0,0.005607041995972395,1
EMQX_preprocessed.csv,940,-1,0,0,0.012379505671560764,1
EMQX_preprocessed.csv,941,-1,0,0,0.0037377651315182447,1
EMQX_preprocessed.csv,942,-1,0,0,0.0015593376010656357,1
EMQX_preprocessed.csv,943,-1,0,0,0.007560539059340954,1
EMQX_preprocessed.csv,944,-1,0,0,0.009835919365286827,1
EMQX_preprocessed.csv,945,-1,0,0,0.019884750247001648,1
EMQX_preprocessed.csv,946,-1,0,0,0.001740194158628583,1
EMQX_preprocessed.csv,947,-1,0,0,0.01572946086525917,1
EMQX_preprocessed.csv,948,-1,0,0,0.0026647180784493685,1
EMQX_preprocessed.csv,949,-1,0,0,0.009977968409657478,1
EMQX_preprocessed.csv,950,-1,0,0,0.003867671126499772,1
EMQX_preprocessed.csv,951,-1,0,0,0.00414361571893096,1
EMQX_preprocessed.csv,952,-1,0,0,0.00217060768045485,1
EMQX_preprocessed.csv,953,-1,0,0,0.003239419311285019,1
EMQX_preprocessed.csv,954,-1,0,0,0.004014479462057352,1
EMQX_preprocessed.csv,955,-1,0,0,0.005149578209966421,1
EMQX_preprocessed.csv,956,-1,0,0,0.0065361554734408855,1
EMQX_preprocessed.csv,957,-1,0,0,0.0015894934767857194,1
EMQX_preprocessed.csv,958,-1,0,0,0.006896730978041887,1
EMQX_preprocessed.csv,959,-1,0,0,0.001530463807284832,1
EMQX_preprocessed.csv,960,-1,0,0,0.0016849490348249674,1
EMQX_preprocessed.csv,961,-1,0,0,0.011529795825481415,1
EMQX_preprocessed.csv,962,-1,0,0,0.004729945212602615,1
EMQX_preprocessed.csv,963,-1,0,0,0.0017063640989363194,1
EMQX_preprocessed.csv,964,-1,0,0,0.0012446809560060501,1
EMQX_preprocessed.csv,965,-1,0,0,0.014995071105659008,1
EMQX_preprocessed.csv,966,-1,0,0,0.0028494393918663263,1
EMQX_preprocessed.csv,967,-1,0,0,0.0007593267364427447,1
EMQX_preprocessed.csv,968,-1,0,0,0.01628538779914379,1
EMQX_preprocessed.csv,969,-1,0,0,0.008355320431292057,1
EMQX_preprocessed.csv,970,-1,0,0,0.010388392955064774,1
EMQX_preprocessed.csv,971,-1,0,0,0.0018947814824059606,1
EMQX_preprocessed.csv,972,-1,0,0,0.001695329206995666,1
EMQX_preprocessed.csv,973,-1,0,0,0.0012726609129458666,1
EMQX_preprocessed.csv,974,-1,0,0,0.007003917824476957,1
EMQX_preprocessed.csv,975,-1,0,0,0.0025144515093415976,1
EMQX_preprocessed.csv,976,-1,0,0,0.004470255225896835,1
EMQX_preprocessed.csv,977,-1,0,0,0.0012496975250542164,1
EMQX_preprocessed.csv,978,-1,0,0,0.002213004045188427,1
EMQX_preprocessed.csv,979,-1,0,0,0.001820056582801044,1
EMQX_preprocessed.csv,980,-1,0,0,0.006907248869538307,1
EMQX_preprocessed.csv,981,-1,0,0,0.001494071795605123,1
EMQX_preprocessed.csv,982,-1,0,0,0.010994499549269676,1
EMQX_preprocessed.csv,983,-1,0,0,0.020794380456209183,1
EMQX_preprocessed.csv,984,-1,0,0,0.006419128272682428,1
EMQX_preprocessed.csv,985,-1,0,0,0.003369669895619154,1
EMQX_preprocessed.csv,986,-1,0,0,0.006302300840616226,1
EMQX_preprocessed.csv,987,-1,0,0,0.0013894345611333847,1
EMQX_preprocessed.csv,988,-1,0,0,0.00445147231221199,1
EMQX_preprocessed.csv,989,-1,0,0,0.007981495000422001,1
EMQX_preprocessed.csv,990,-1,0,0,0.0009841471910476685,1
EMQX_preprocessed.csv,991,-1,0,0,0.0019886523950845003,1
EMQX_preprocessed.csv,992,-1,0,0,0.004343757405877113,1
EMQX_preprocessed.csv,993,-1,0,0,0.011201214045286179,1
EMQX_preprocessed.csv,994,-1,0,0,0.040438611060380936,1
EMQX_preprocessed.csv,995,-1,0,0,0.01924094371497631,1
EMQX_preprocessed.csv,996,-1,0,0,0.002950914902612567,1
EMQX_preprocessed.csv,997,-1,0,0,0.0029084933921694756,1
EMQX_preprocessed.csv,998,-1,0,0,0.007006448693573475,1
EMQX_preprocessed.csv,999,-1,0,0,0.004174625035375357,1
EMQX_preprocessed.csv,1000,-1,0,0,0.004599160980433226,1
EMQX_preprocessed.csv,1001,-1,0,0,0.007346049416810274,1
EMQX_preprocessed.csv,1002,-1,0,0,0.0014862105017527938,1
EMQX_preprocessed.csv,1003,-1,0,0,0.0030035104136914015,1
EMQX_preprocessed.csv,1004,-1,0,0,0.005362799856811762,1
EMQX_preprocessed.csv,1005,-1,0,0,0.007990609854459763,1
EMQX_preprocessed.csv,1006,-1,0,0,0.0011935846414417028,1
EMQX_preprocessed.csv,1007,-1,0,0,0.00596191082149744,1
EMQX_preprocessed.csv,1008,-1,0,0,0.0037633609026670456,1
EMQX_preprocessed.csv,1009,-1,0,0,0.0014962629647925496,1
EMQX_preprocessed.csv,1010,-1,0,0,0.0016714814119040966,1
EMQX_preprocessed.csv,1011,-1,0,0,0.0020830382127314806,1
EMQX_preprocessed.csv,1012,-1,0,0,0.0015338718658313155,1
EMQX_preprocessed.csv,1013,-1,0,0,0.0024166072253137827,1
EMQX_preprocessed.csv,1014,-1,0,0,0.006710633169859648,1
EMQX_preprocessed.csv,1015,-1,0,0,0.006927928421646357,1
EMQX_preprocessed.csv,1016,-1,0,0,0.0009028470958583057,1
EMQX_preprocessed.csv,1017,-1,0,0,0.004931471310555935,1
EMQX_preprocessed.csv,1018,-1,0,0,0.001168994465842843,1
EMQX_preprocessed.csv,1019,-1,0,0,0.0016313951928168535,1
EMQX_preprocessed.csv,1020,-1,0,0,0.0050345007330179214,1
EMQX_preprocessed.csv,1021,-1,0,0,0.0037187517154961824,1
EMQX_preprocessed.csv,1022,-1,0,0,0.00736201973631978,1
EMQX_preprocessed.csv,1023,-1,0,0,0.00846210215240717,1
EMQX_preprocessed.csv,1024,-1,0,0,0.0018909340724349022,1
EMQX_preprocessed.csv,1025,-1,0,0,0.0035078960936516523,1
EMQX_preprocessed.csv,1026,-1,0,0,0.0071067833341658115,1
EMQX_preprocessed.csv,1027,-1,0,0,0.0010688371257856488,1
EMQX_preprocessed.csv,1028,-1,0,0,0.0046216389164328575,1
EMQX_preprocessed.csv,1029,-1,0,0,0.0018642942886799574,1
EMQX_preprocessed.csv,1030,-1,0,0,0.002934275195002556,1
EMQX_preprocessed.csv,1031,-1,0,0,0.005044880323112011,1
EMQX_preprocessed.csv,1032,-1,0,0,0.0035967882722616196,1
EMQX_preprocessed.csv,1033,-1,0,0,0.007189719472080469,1
EMQX_preprocessed.csv,1034,-1,0,0,0.003419371321797371,1
EMQX_preprocessed.csv,1035,-1,0,0,0.0030771042220294476,1
EMQX_preprocessed.csv,1036,-1,0,0,0.0015162361087277532,1
EMQX_preprocessed.csv,1037,-1,0,0,0.007078167982399464,1
EMQX_preprocessed.csv,1038,-1,0,0,0.0008173648384399712,1
EMQX_preprocessed.csv,1039,-1,0,0,0.0013506346149370074,1
EMQX_preprocessed.csv,1040,-1,0,0,0.012064176611602306,1
EMQX_preprocessed.csv,1041,-1,0,0,0.003462886903434992,1
EMQX_preprocessed.csv,1042,-1,0,0,0.0012191886780783534,1
EMQX_preprocessed.csv,1043,-1,0,0,0.003483652602881193,1
EMQX_preprocessed.csv,1044,-1,0,0,0.0017286702059209347,1
EMQX_preprocessed.csv,1045,-1,0,0,0.0007543848478235304,1
EMQX_preprocessed.csv,1046,-1,0,0,0.0018084109760820866,1
EMQX_preprocessed.csv,1047,-1,0,0,0.0040002609603106976,1
EMQX_preprocessed.csv,1048,-1,0,0,0.001757842837832868,1
EMQX_preprocessed.csv,1049,-1,0,0,0.0034872828982770443,1
EMQX_preprocessed.csv,1050,-1,0,0,0.003567140083760023,1
EMQX_preprocessed.csv,1051,-1,0,0,0.0034959185868501663,1
EMQX_preprocessed.csv,1052,-1,0,0,0.0016099588247016072,1
EMQX_preprocessed.csv,1053,-1,0,0,0.0014743275241926312,1
EMQX_preprocessed.csv,1054,-1,0,0,0.007521575316786766,1
EMQX_preprocessed.csv,1055,-1,0,0,0.002570400945842266,1
EMQX_preprocessed.csv,1056,-1,0,0,0.02981722354888916,1
EMQX_preprocessed.csv,1057,-1,0,0,0.007350483909249306,1
EMQX_preprocessed.csv,1058,-1,0,0,0.002954605733975768,1
EMQX_preprocessed.csv,1059,-1,0,0,0.006798359099775553,1
EMQX_preprocessed.csv,1060,-1,0,0,0.0050499620847404,1
EMQX_preprocessed.csv,1061,-1,0,0,0.006283122580498457,1
EMQX_preprocessed.csv,1062,-1,0,0,0.00755325797945261,1
EMQX_preprocessed.csv,1063,-1,0,0,0.0013076874893158674,1
EMQX_preprocessed.csv,1064,-1,0,0,0.003222395433112979,1
EMQX_preprocessed.csv,1065,-1,0,0,0.005707958247512579,1
EMQX_preprocessed.csv,1066,-1,0,0,0.002812917809933424,1
EMQX_preprocessed.csv,1067,-1,0,0,0.041386574506759644,1
EMQX_preprocessed.csv,1068,-1,0,0,0.0100244777277112,1
EMQX_preprocessed.csv,1069,-1,0,0,0.0012346385046839714,1
EMQX_preprocessed.csv,1070,-1,0,0,0.012753057293593884,1
EMQX_preprocessed.csv,1071,-1,0,0,0.0012083626352250576,1
EMQX_preprocessed.csv,1072,-1,0,0,0.001671771053224802,1
EMQX_preprocessed.csv,1073,-1,0,0,0.002509540878236294,1
EMQX_preprocessed.csv,1074,-1,0,0,0.003961310721933842,1
EMQX_preprocessed.csv,1075,-1,0,0,0.001065320917405188,1
EMQX_preprocessed.csv,1076,-1,0,0,0.0012945085763931274,1
EMQX_preprocessed.csv,1077,-1,0,0,0.0017661948222666979,1
EMQX_preprocessed.csv,1078,-1,0,0,0.002390710636973381,1
EMQX_preprocessed.csv,1079,-1,0,0,0.0015859908889979124,1
EMQX_preprocessed.csv,1080,-1,0,0,0.0022714778315275908,1
EMQX_preprocessed.csv,1081,-1,0,0,0.004081119783222675,1
EMQX_preprocessed.csv,1082,-1,0,0,0.046246033161878586,1
EMQX_preprocessed.csv,1083,-1,0,0,0.009023011662065983,1
EMQX_preprocessed.csv,1084,-1,0,0,0.0019502819050103426,1
EMQX_preprocessed.csv,1085,-1,0,0,0.002413793932646513,1
EMQX_preprocessed.csv,1086,-1,0,0,0.01162286102771759,1
EMQX_preprocessed.csv,1087,-1,0,0,0.00841218139976263,1
EMQX_preprocessed.csv,1088,-1,0,0,0.005117699969559908,1
EMQX_preprocessed.csv,1089,-1,0,0,0.002139092655852437,1
EMQX_preprocessed.csv,1090,-1,0,0,0.005480459425598383,1
EMQX_preprocessed.csv,1091,-1,0,0,0.009973914362490177,1
EMQX_preprocessed.csv,1092,-1,0,0,0.007277971599251032,1
EMQX_preprocessed.csv,1093,-1,0,0,0.0052594151347875595,1
EMQX_preprocessed.csv,1094,-1,0,0,0.0030582251492887735,1
EMQX_preprocessed.csv,1095,-1,0,0,0.0020449762232601643,1
EMQX_preprocessed.csv,1096,-1,0,0,0.003669563215225935,1
EMQX_preprocessed.csv,1097,-1,0,0,0.0036586709320545197,1
EMQX_preprocessed.csv,1098,-1,0,0,0.0010000203037634492,1
EMQX_preprocessed.csv,1099,-1,0,0,0.0017227173084393144,1
EMQX_preprocessed.csv,1100,-1,0,0,0.0015568977687507868,1
EMQX_preprocessed.csv,1101,-1,0,0,0.004689258523285389,1
EMQX_preprocessed.csv,1102,-1,0,0,0.0068364012986421585,1
EMQX_preprocessed.csv,1103,-1,0,0,0.0014968749601393938,1
EMQX_preprocessed.csv,1104,-1,0,0,0.004608935210853815,1
EMQX_preprocessed.csv,1105,-1,0,0,0.0017252989346161485,1
EMQX_preprocessed.csv,1106,-1,0,0,0.0035812705755233765,1
EMQX_preprocessed.csv,1107,-1,0,0,0.005107876379042864,1
EMQX_preprocessed.csv,1108,-1,0,0,0.003348564263433218,1
EMQX_preprocessed.csv,1109,-1,0,0,0.003623000578954816,1
EMQX_preprocessed.csv,1110,-1,0,0,0.016694391146302223,1
EMQX_preprocessed.csv,1111,-1,0,0,0.0025279636029154062,1
EMQX_preprocessed.csv,1112,-1,0,0,0.0050589279271662235,1
EMQX_preprocessed.csv,1113,-1,0,0,0.0023146304301917553,1
EMQX_preprocessed.csv,1114,-1,0,0,0.007174524944275618,1
EMQX_preprocessed.csv,1115,-1,0,0,0.001616362133063376,1
EMQX_preprocessed.csv,1116,-1,0,0,0.004655401688069105,1
EMQX_preprocessed.csv,1117,-1,0,0,0.0019889872055500746,1
EMQX_preprocessed.csv,1118,-1,0,0,0.007078978698700666,1
EMQX_preprocessed.csv,1119,-1,0,0,0.014763434417545795,1
EMQX_preprocessed.csv,1120,-1,0,0,0.000806246476713568,1
EMQX_preprocessed.csv,1121,-1,0,0,0.003694749902933836,1
EMQX_preprocessed.csv,1122,-1,0,0,0.004032190889120102,1
EMQX_preprocessed.csv,1123,-1,0,0,0.000990925938822329,1
EMQX_preprocessed.csv,1124,-1,0,0,0.0014951705234125257,1
EMQX_preprocessed.csv,1125,-1,0,0,0.0018491889350116253,1
EMQX_preprocessed.csv,1126,-1,0,0,0.0008215307025238872,1
EMQX_preprocessed.csv,1127,-1,0,0,0.002214116044342518,1
EMQX_preprocessed.csv,1128,-1,0,0,0.017131535336375237,1
EMQX_preprocessed.csv,1129,-1,0,0,0.0047273351810872555,1
EMQX_preprocessed.csv,1130,-1,0,0,0.0014123800210654736,1
EMQX_preprocessed.csv,1131,-1,0,0,0.020209722220897675,1
EMQX_preprocessed.csv,1132,-1,0,0,0.007279767654836178,1
EMQX_preprocessed.csv,1133,-1,0,0,0.0017529932083562016,1
EMQX_preprocessed.csv,1134,-1,0,0,0.0035921616945415735,1
EMQX_preprocessed.csv,1135,-1,0,0,0.0013433234998956323,1
EMQX_preprocessed.csv,1136,-1,0,0,0.0037797654513269663,1
EMQX_preprocessed.csv,1137,-1,0,0,0.002396566793322563,1
EMQX_preprocessed.csv,1138,-1,0,0,0.0037866157945245504,1
EMQX_preprocessed.csv,1139,-1,0,0,0.0027675034943968058,1
EMQX_preprocessed.csv,1140,-1,0,0,0.0010498290648683906,1
EMQX_preprocessed.csv,1141,-1,0,0,0.002120734890922904,1
EMQX_preprocessed.csv,1142,-1,0,0,0.00945330411195755,1
EMQX_preprocessed.csv,1143,-1,0,0,0.003146122908219695,1
EMQX_preprocessed.csv,1144,-1,0,0,0.004032110329717398,1
EMQX_preprocessed.csv,1145,-1,0,0,0.0010287889745086432,1
EMQX_preprocessed.csv,1146,-1,0,0,0.0016579317161813378,1
EMQX_preprocessed.csv,1147,-1,0,0,0.022454196587204933,1
EMQX_preprocessed.csv,1148,-1,0,0,0.0014327173121273518,1
EMQX_preprocessed.csv,1149,-1,0,0,0.001302471267990768,1
EMQX_preprocessed.csv,1150,-1,0,0,0.003963344730436802,1
EMQX_preprocessed.csv,1151,-1,0,0,0.0017964005237445235,1
EMQX_preprocessed.csv,1152,-1,0,0,0.003058335743844509,1
EMQX_preprocessed.csv,1153,-1,0,0,0.004927060101181269,1
EMQX_preprocessed.csv,1154,-1,0,0,0.004116403870284557,1
EMQX_preprocessed.csv,1155,-1,0,0,0.001260161749087274,1
EMQX_preprocessed.csv,1156,-1,0,0,0.003174583660438657,1
EMQX_preprocessed.csv,1157,-1,0,0,0.0010492806322872639,1
EMQX_preprocessed.csv,1158,-1,0,0,0.003515500109642744,1
EMQX_preprocessed.csv,1159,-1,0,0,0.0016602411633357406,1
EMQX_preprocessed.csv,1160,-1,0,0,0.0009464442264288664,1
EMQX_preprocessed.csv,1161,-1,0,0,0.005569959059357643,1
EMQX_preprocessed.csv,1162,-1,0,0,0.021801257506012917,1
EMQX_preprocessed.csv,1163,-1,0,0,0.0005929455510340631,1
EMQX_preprocessed.csv,1164,-1,0,0,0.007233701646327972,1
EMQX_preprocessed.csv,1165,-1,0,0,0.0008864018018357456,1
EMQX_preprocessed.csv,1166,-1,0,0,0.007371912244707346,1
EMQX_preprocessed.csv,1167,-1,0,0,0.0017836185870692134,1
EMQX_preprocessed.csv,1168,-1,0,0,0.015301561914384365,1
EMQX_preprocessed.csv,1169,-1,0,0,0.0011758635519072413,1
EMQX_preprocessed.csv,1170,-1,0,0,0.001039549708366394,1
EMQX_preprocessed.csv,1171,-1,0,0,0.010142727755010128,1
EMQX_preprocessed.csv,1172,-1,0,0,0.0053512039594352245,1
EMQX_preprocessed.csv,1173,-1,0,0,0.009491494856774807,1
EMQX_preprocessed.csv,1174,-1,0,0,0.000731930136680603,1
EMQX_preprocessed.csv,1175,-1,0,0,0.004447167739272118,1
EMQX_preprocessed.csv,1176,-1,0,0,0.0015485899057239294,1
EMQX_preprocessed.csv,1177,-1,0,0,0.01091545820236206,1
EMQX_preprocessed.csv,1178,-1,0,0,0.00587821751832962,1
EMQX_preprocessed.csv,1179,-1,0,0,0.00739204091951251,1
EMQX_preprocessed.csv,1180,-1,0,0,0.005443871486932039,1
EMQX_preprocessed.csv,1181,-1,0,0,0.0012978671584278345,1
EMQX_preprocessed.csv,1182,-1,0,0,0.024722706526517868,1
EMQX_preprocessed.csv,1183,-1,0,0,0.005928972270339727,1
EMQX_preprocessed.csv,1184,-1,0,0,0.005255036521703005,1
EMQX_preprocessed.csv,1185,-1,0,0,0.004806724842637777,1
EMQX_preprocessed.csv,1186,-1,0,0,0.002970063593238592,1
EMQX_preprocessed.csv,1187,-1,0,0,0.0068544489331543446,1
EMQX_preprocessed.csv,1188,-1,0,0,0.0077351913787424564,1
EMQX_preprocessed.csv,1189,-1,0,0,0.0036777856294065714,1
EMQX_preprocessed.csv,1190,-1,0,0,0.00160457962192595,1
EMQX_preprocessed.csv,1191,-1,0,0,0.009180954657495022,1
EMQX_preprocessed.csv,1192,-1,0,0,0.0025155835319310427,1
EMQX_preprocessed.csv,1193,-1,0,0,0.0074082897044718266,1
EMQX_preprocessed.csv,1194,-1,0,0,0.0012505131307989359,1
EMQX_preprocessed.csv,1195,-1,0,0,0.0013041773345321417,1
EMQX_preprocessed.csv,1196,-1,0,0,0.007125516422092915,1
EMQX_preprocessed.csv,1197,-1,0,0,0.0008000246016308665,1
EMQX_preprocessed.csv,1198,-1,0,0,0.0075766416266560555,1
EMQX_preprocessed.csv,1199,-1,0,0,0.007199450396001339,1
EMQX_preprocessed.csv,1200,-1,0,0,0.003070172620937228,1
EMQX_preprocessed.csv,1201,-1,0,0,0.002989070722833276,1
EMQX_preprocessed.csv,1202,-1,0,0,0.0010789165971800685,1
EMQX_preprocessed.csv,1203,-1,0,0,0.002692395355552435,1
EMQX_preprocessed.csv,1204,-1,0,0,0.0019432766130194068,1
EMQX_preprocessed.csv,1205,-1,0,0,0.011443260125815868,1
EMQX_preprocessed.csv,1206,-1,0,0,0.004577326122671366,1
EMQX_preprocessed.csv,1207,-1,0,0,0.007839255966246128,1
EMQX_preprocessed.csv,1208,-1,0,0,0.0016401103930547833,1
EMQX_preprocessed.csv,1209,-1,0,0,0.0017441024538129568,1
EMQX_preprocessed.csv,1210,-1,0,0,0.0028649303130805492,1
EMQX_preprocessed.csv,1211,-1,0,0,0.0008711203699931502,1
EMQX_preprocessed.csv,1212,-1,0,0,0.0075449091382324696,1
EMQX_preprocessed.csv,1213,-1,0,0,0.0026950929313898087,1
EMQX_preprocessed.csv,1214,-1,0,0,0.0020728714298456907,1
EMQX_preprocessed.csv,1215,-1,0,0,0.00281117158010602,1
EMQX_preprocessed.csv,1216,-1,0,0,0.001913817715831101,1
EMQX_preprocessed.csv,1217,-1,0,0,0.0008644838235341012,1
EMQX_preprocessed.csv,1218,-1,0,0,0.002742111450061202,1
EMQX_preprocessed.csv,1219,-1,0,0,0.0028069601394236088,1
EMQX_preprocessed.csv,1220,-1,0,0,0.00748659810051322,1
EMQX_preprocessed.csv,1221,-1,0,0,0.0026384287048131227,1
EMQX_preprocessed.csv,1222,-1,0,0,0.006110889837145805,1
EMQX_preprocessed.csv,1223,-1,0,0,0.005675650201737881,1
EMQX_preprocessed.csv,1224,-1,0,0,0.005846016108989716,1
EMQX_preprocessed.csv,1225,-1,0,0,0.0013888392131775618,1
EMQX_preprocessed.csv,1226,-1,0,0,0.0019784970209002495,1
EMQX_preprocessed.csv,1227,-1,0,0,0.0038226130418479443,1
EMQX_preprocessed.csv,1228,-1,0,0,0.003391275415197015,1
EMQX_preprocessed.csv,1229,-1,0,0,0.0022259969264268875,1
EMQX_preprocessed.csv,1230,-1,0,0,0.0035952830221503973,1
EMQX_preprocessed.csv,1231,-1,0,0,0.0011867887806147337,1
EMQX_preprocessed.csv,1232,-1,0,0,0.0015020646387711167,1
EMQX_preprocessed.csv,1233,-1,0,0,0.0027050685603171587,1
EMQX_preprocessed.csv,1234,-1,0,0,0.0009905814658850431,1
EMQX_preprocessed.csv,1235,-1,0,0,0.0011330555425956845,1
EMQX_preprocessed.csv,1236,-1,0,0,0.006631594616919756,1
EMQX_preprocessed.csv,1237,-1,0,0,0.0008326243842020631,1
EMQX_preprocessed.csv,1238,-1,0,0,0.018389906734228134,1
EMQX_preprocessed.csv,1239,-1,0,0,0.004309794399887323,1
EMQX_preprocessed.csv,1240,-1,0,0,0.001564621925354004,1
EMQX_preprocessed.csv,1241,-1,0,0,0.007352412212640047,1
EMQX_preprocessed.csv,1242,-1,0,0,0.0024262825027108192,1
EMQX_preprocessed.csv,1243,-1,0,0,0.002132786437869072,1
EMQX_preprocessed.csv,1244,-1,0,0,0.0017151207430288196,1
EMQX_preprocessed.csv,1245,-1,0,0,0.00657111220061779,1
EMQX_preprocessed.csv,1246,-1,0,0,0.0011023133993148804,1
EMQX_preprocessed.csv,1247,-1,0,0,0.011939050629734993,1
EMQX_preprocessed.csv,1248,-1,0,0,0.0004931816947646439,1
EMQX_preprocessed.csv,1249,-1,0,0,0.0036256900057196617,1
EMQX_preprocessed.csv,1250,-1,0,0,0.004131224472075701,1
EMQX_preprocessed.csv,1251,-1,0,0,0.0018287644488736987,1
EMQX_preprocessed.csv,1252,-1,0,0,0.003907890524715185,1
EMQX_preprocessed.csv,1253,-1,0,0,0.001313085202127695,1
EMQX_preprocessed.csv,1254,-1,0,0,0.0024849132169038057,1
EMQX_preprocessed.csv,1255,-1,0,0,0.01184192206710577,1
EMQX_preprocessed.csv,1256,-1,0,0,0.0018847318133339286,1
EMQX_preprocessed.csv,1257,-1,0,0,0.002416402567178011,1
EMQX_preprocessed.csv,1258,-1,0,0,0.0034193680621683598,1
EMQX_preprocessed.csv,1259,-1,0,0,0.0013172400649636984,1
EMQX_preprocessed.csv,1260,-1,0,0,0.004806341603398323,1
EMQX_preprocessed.csv,1261,-1,0,0,0.007303320802748203,1
EMQX_preprocessed.csv,1262,-1,0,0,0.004285409115254879,1
EMQX_preprocessed.csv,1263,-1,0,0,0.001908494858071208,1
EMQX_preprocessed.csv,1264,-1,0,0,0.0014252306427806616,1
EMQX_preprocessed.csv,1265,-1,0,0,0.0010236308444291353,1
EMQX_preprocessed.csv,1266,-1,0,0,0.0015689056599512696,1
EMQX_preprocessed.csv,1267,-1,0,0,0.0035142807755619287,1
EMQX_preprocessed.csv,1268,-1,0,0,0.0007933385786600411,1
EMQX_preprocessed.csv,1269,-1,0,0,0.0010176125215366483,1
EMQX_preprocessed.csv,1270,-1,0,0,0.0019489122787490487,1
EMQX_preprocessed.csv,1271,-1,0,0,0.0031151254661381245,1
EMQX_preprocessed.csv,1272,-1,0,0,0.003561540972441435,1
EMQX_preprocessed.csv,1273,-1,0,0,0.004680335987359285,1
EMQX_preprocessed.csv,1274,-1,0,0,0.0014768921537324786,1
EMQX_preprocessed.csv,1275,-1,0,0,0.006991645321249962,1
EMQX_preprocessed.csv,1276,-1,0,0,0.0026888891588896513,1
EMQX_preprocessed.csv,1277,-1,0,0,0.008119822479784489,1
EMQX_preprocessed.csv,1278,-1,0,0,0.004072480835020542,1
EMQX_preprocessed.csv,1279,-1,0,0,0.011901499703526497,1
EMQX_preprocessed.csv,1280,-1,0,0,0.006664348766207695,1
EMQX_preprocessed.csv,1281,-1,0,0,0.00125796883367002,1
EMQX_preprocessed.csv,1282,-1,0,0,0.0009088308434002101,1
EMQX_preprocessed.csv,1283,-1,0,0,0.0014784763334318995,1
EMQX_preprocessed.csv,1284,-1,0,0,0.019007571041584015,1
EMQX_preprocessed.csv,1285,-1,0,0,0.02314692735671997,1
EMQX_preprocessed.csv,1286,-1,0,0,0.007061209995299578,1
EMQX_preprocessed.csv,1287,-1,0,0,0.004491193685680628,1
EMQX_preprocessed.csv,1288,-1,0,0,0.0011824086541309953,1
EMQX_preprocessed.csv,1289,-1,0,0,0.001821819576434791,1
EMQX_preprocessed.csv,1290,-1,0,0,0.0027421140111982822,1
EMQX_preprocessed.csv,1291,-1,0,0,0.002824923489242792,1
EMQX_preprocessed.csv,1292,-1,0,0,0.004998071119189262,1
EMQX_preprocessed.csv,1293,-1,0,0,0.004123746883124113,1
EMQX_preprocessed.csv,1294,-1,0,0,0.0015599115286022425,1
EMQX_preprocessed.csv,1295,-1,0,0,0.0012001278810203075,1
EMQX_preprocessed.csv,1296,-1,0,0,0.0014523225836455822,1
EMQX_preprocessed.csv,1297,-1,0,0,0.003030091291293502,1
EMQX_preprocessed.csv,1298,-1,0,0,0.0015935093397274613,1
EMQX_preprocessed.csv,1299,-1,0,0,0.006405256222933531,1
EMQX_preprocessed.csv,1300,-1,0,0,0.02407926879823208,1
EMQX_preprocessed.csv,1301,-1,0,0,0.013269641436636448,1
EMQX_preprocessed.csv,1302,-1,0,0,0.003360035130754113,1
EMQX_preprocessed.csv,1303,-1,0,0,0.0019606039859354496,1
EMQX_preprocessed.csv,1304,-1,0,0,0.0028033519629389048,1
EMQX_preprocessed.csv,1305,-1,0,0,0.008164623752236366,1
EMQX_preprocessed.csv,1306,-1,0,0,0.0019275490194559097,1
EMQX_preprocessed.csv,1307,-1,0,0,0.01627034693956375,1
EMQX_preprocessed.csv,1308,-1,0,0,0.005324843339622021,1
EMQX_preprocessed.csv,1309,-1,0,0,0.0008324255468323827,1
EMQX_preprocessed.csv,1310,-1,0,0,0.0017117001116275787,1
EMQX_preprocessed.csv,1311,-1,0,0,0.0016668552998453379,1
EMQX_preprocessed.csv,1312,-1,0,0,0.003595836693421006,1
EMQX_preprocessed.csv,1313,-1,0,0,0.0010609470773488283,1
EMQX_preprocessed.csv,1314,-1,0,0,0.007468461990356445,1
EMQX_preprocessed.csv,1315,-1,0,0,0.0016088507836684585,1
EMQX_preprocessed.csv,1316,-1,0,0,0.001414251048117876,1
EMQX_preprocessed.csv,1317,-1,0,0,0.0015040761791169643,1
EMQX_preprocessed.csv,1318,-1,0,0,0.007453514263033867,1
EMQX_preprocessed.csv,1319,-1,0,0,0.006688110064715147,1
EMQX_preprocessed.csv,1320,-1,0,0,0.0012554622953757644,1
EMQX_preprocessed.csv,1321,-1,0,0,0.0019369509536772966,1
EMQX_preprocessed.csv,1322,-1,0,0,0.005294250324368477,1
EMQX_preprocessed.csv,1323,-1,0,0,0.0021189674735069275,1
EMQX_preprocessed.csv,1324,-1,0,0,0.006575465202331543,1
EMQX_preprocessed.csv,1325,-1,0,0,0.0028592257294803858,1
EMQX_preprocessed.csv,1326,-1,0,0,0.011087480001151562,1
EMQX_preprocessed.csv,1327,-1,0,0,0.0009507780196145177,1
EMQX_preprocessed.csv,1328,-1,0,0,0.005421428009867668,1
EMQX_preprocessed.csv,1329,-1,0,0,0.004128769505769014,1
EMQX_preprocessed.csv,1330,-1,0,0,0.0018472562078386545,1
EMQX_preprocessed.csv,1331,-1,0,0,0.003290360327810049,1
EMQX_preprocessed.csv,1332,-1,0,0,0.023030182346701622,1
EMQX_preprocessed.csv,1333,-1,0,0,0.0008627959759905934,1
EMQX_preprocessed.csv,1334,-1,0,0,0.0026546865701675415,1
EMQX_preprocessed.csv,1335,-1,0,0,0.004201970528811216,1
EMQX_preprocessed.csv,1336,-1,0,0,0.0007914542802609503,1
EMQX_preprocessed.csv,1337,-1,0,0,0.0013825641945004463,1
EMQX_preprocessed.csv,1338,-1,0,0,0.003265321021899581,1
EMQX_preprocessed.csv,1339,-1,0,0,0.021096689626574516,1
EMQX_preprocessed.csv,1340,-1,0,0,0.01562928408384323,1
EMQX_preprocessed.csv,1341,-1,0,0,0.0046185995452106,1
EMQX_preprocessed.csv,1342,-1,0,0,0.0022335578687489033,1
EMQX_preprocessed.csv,1343,-1,0,0,0.0034729621838778257,1
EMQX_preprocessed.csv,1344,-1,0,0,0.007343176752328873,1
EMQX_preprocessed.csv,1345,-1,0,0,0.0016547715058550239,1
EMQX_preprocessed.csv,1346,-1,0,0,0.0044806827791035175,1
EMQX_preprocessed.csv,1347,-1,0,0,0.000729176274035126,1
EMQX_preprocessed.csv,1348,-1,0,0,0.003819578094407916,1
EMQX_preprocessed.csv,1349,-1,0,0,0.010928520001471043,1
EMQX_preprocessed.csv,1350,-1,0,0,0.005893102381378412,1
EMQX_preprocessed.csv,1351,-1,0,0,0.007070052437484264,1
EMQX_preprocessed.csv,1352,-1,0,0,0.003858324373140931,1
EMQX_preprocessed.csv,1353,-1,0,0,0.0017587818438187242,1
EMQX_preprocessed.csv,1354,-1,0,0,0.0013588364236056805,1
EMQX_preprocessed.csv,1355,-1,0,0,0.0038598142564296722,1
EMQX_preprocessed.csv,1356,-1,0,0,0.0077918157912790775,1
EMQX_preprocessed.csv,1357,-1,0,0,0.0036106177140027285,1
EMQX_preprocessed.csv,1358,-1,0,0,0.002144528552889824,1
EMQX_preprocessed.csv,1359,-1,0,0,0.0016678109532222152,1
EMQX_preprocessed.csv,1360,-1,0,0,0.012513103894889355,1
EMQX_preprocessed.csv,1361,-1,0,0,0.0038456846959888935,1
EMQX_preprocessed.csv,1362,-1,0,0,0.001004092046059668,1
EMQX_preprocessed.csv,1363,-1,0,0,0.0053995889611542225,1
EMQX_preprocessed.csv,1364,-1,0,0,0.003308397950604558,1
EMQX_preprocessed.csv,1365,-1,0,0,0.009844272397458553,1
EMQX_preprocessed.csv,1366,-1,0,0,0.0010012182174250484,1
EMQX_preprocessed.csv,1367,-1,0,0,0.006287116091698408,1
EMQX_preprocessed.csv,1368,-1,0,0,0.004846515599638224,1
EMQX_preprocessed.csv,1369,-1,0,0,0.00804155133664608,1
EMQX_preprocessed.csv,1370,-1,0,0,0.02343243546783924,1
EMQX_preprocessed.csv,1371,-1,0,0,0.0012756845680996776,1
EMQX_preprocessed.csv,1372,-1,0,0,0.001928298850543797,1
EMQX_preprocessed.csv,1373,-1,0,0,0.0029309315141290426,1
EMQX_preprocessed.csv,1374,-1,0,0,0.010209632106125355,1
EMQX_preprocessed.csv,1375,-1,0,0,0.003596137510612607,1
EMQX_preprocessed.csv,1376,-1,0,0,0.009825252927839756,1
EMQX_preprocessed.csv,1377,-1,0,0,0.0013432141859084368,1
EMQX_preprocessed.csv,1378,-1,0,0,0.0022029548417776823,1
EMQX_preprocessed.csv,1379,-1,0,0,0.0012666386319324374,1
EMQX_preprocessed.csv,1380,-1,0,0,0.001009525847621262,1
EMQX_preprocessed.csv,1381,-1,0,0,0.007027003914117813,1
EMQX_preprocessed.csv,1382,-1,0,0,0.002370493020862341,1
EMQX_preprocessed.csv,1383,-1,0,0,0.0012757264776155353,1
EMQX_preprocessed.csv,1384,-1,0,0,0.0030574535485357046,1
EMQX_preprocessed.csv,1385,-1,0,0,0.001452671829611063,1
EMQX_preprocessed.csv,1386,-1,0,0,0.0040746149607002735,1
EMQX_preprocessed.csv,1387,-1,0,0,0.0009478619322180748,1
EMQX_preprocessed.csv,1388,-1,0,0,0.00210982421413064,1
EMQX_preprocessed.csv,1389,-1,0,0,0.0032590122427791357,1
EMQX_preprocessed.csv,1390,-1,0,0,0.0020952727645635605,1
EMQX_preprocessed.csv,1391,-1,0,0,0.001236469717696309,1
EMQX_preprocessed.csv,1392,-1,0,0,0.011042199097573757,1
EMQX_preprocessed.csv,1393,-1,0,0,0.003492015413939953,1
EMQX_preprocessed.csv,1394,-1,0,0,0.0010066810064017773,1
EMQX_preprocessed.csv,1395,-1,0,0,0.013395905494689941,1
EMQX_preprocessed.csv,1396,-1,0,0,0.0019475346198305488,1
EMQX_preprocessed.csv,1397,-1,0,0,0.0016298426780849695,1
EMQX_preprocessed.csv,1398,-1,0,0,0.007310708984732628,1
EMQX_preprocessed.csv,1399,-1,0,0,0.001429971307516098,1
EMQX_preprocessed.csv,1400,-1,0,0,0.0010461244964972138,1
EMQX_preprocessed.csv,1401,-1,0,0,0.0024420819245278835,1
EMQX_preprocessed.csv,1402,-1,0,0,0.0011054218048229814,1
EMQX_preprocessed.csv,1403,-1,0,0,0.002529219491407275,1
EMQX_preprocessed.csv,1404,-1,0,0,0.001143676578067243,1
EMQX_preprocessed.csv,1405,-1,0,0,0.0022894353605806828,1
EMQX_preprocessed.csv,1406,-1,0,0,0.0011759368935599923,1
EMQX_preprocessed.csv,1407,-1,0,0,0.023449420928955078,1
EMQX_preprocessed.csv,1408,-1,0,0,0.006329380441457033,1
EMQX_preprocessed.csv,1409,-1,0,0,0.0019207816803827882,1
EMQX_preprocessed.csv,1410,-1,0,0,0.03290686383843422,1
EMQX_preprocessed.csv,1411,-1,0,0,0.0008186044869944453,1
EMQX_preprocessed.csv,1412,-1,0,0,0.008851035498082638,1
EMQX_preprocessed.csv,1413,-1,0,0,0.007537625730037689,1
EMQX_preprocessed.csv,1414,-1,0,0,0.006999058183282614,1
EMQX_preprocessed.csv,1415,-1,0,0,0.0033584516495466232,1
EMQX_preprocessed.csv,1416,-1,0,0,0.0009889561915770173,1
EMQX_preprocessed.csv,1417,-1,0,0,0.0027049730997532606,1
EMQX_preprocessed.csv,1418,-1,0,0,0.0023524248972535133,1
EMQX_preprocessed.csv,1419,-1,0,0,0.000984778394922614,1
EMQX_preprocessed.csv,1420,-1,0,0,0.004217982292175293,1
EMQX_preprocessed.csv,1421,-1,0,0,0.008048404939472675,1
EMQX_preprocessed.csv,1422,-1,0,0,0.006902013905346394,1
EMQX_preprocessed.csv,1423,-1,0,0,0.0017529132310301065,1
EMQX_preprocessed.csv,1424,-1,0,0,0.0017061812104657292,1
EMQX_preprocessed.csv,1425,-1,0,0,0.0012563475174829364,1
EMQX_preprocessed.csv,1426,-1,0,0,0.0073638311587274075,1
EMQX_preprocessed.csv,1427,-1,0,0,0.0007606087019667029,1
EMQX_preprocessed.csv,1428,-1,0,0,0.006791404914110899,1
EMQX_preprocessed.csv,1429,-1,0,0,0.002984461607411504,1
EMQX_preprocessed.csv,1430,-1,0,0,0.00734318420290947,1
EMQX_preprocessed.csv,1431,-1,0,0,0.004453473724424839,1
EMQX_preprocessed.csv,1432,-1,0,0,0.007071628235280514,1
EMQX_preprocessed.csv,1433,-1,0,0,0.004152659792453051,1
EMQX_preprocessed.csv,1434,-1,0,0,0.009255998767912388,1
EMQX_preprocessed.csv,1435,-1,0,0,0.0013471761485561728,1
EMQX_preprocessed.csv,1436,-1,0,0,0.004606291651725769,1
EMQX_preprocessed.csv,1437,-1,0,0,0.0027124430052936077,1
EMQX_preprocessed.csv,1438,-1,0,0,0.006692920811474323,1
EMQX_preprocessed.csv,1439,-1,0,0,0.0017967663006857038,1
EMQX_preprocessed.csv,1440,-1,0,0,0.0016725463792681694,1
EMQX_preprocessed.csv,1441,-1,0,0,0.003144478192552924,1
EMQX_preprocessed.csv,1442,-1,0,0,0.001303778262808919,1
EMQX_preprocessed.csv,1443,-1,0,0,0.002252378733828664,1
EMQX_preprocessed.csv,1444,-1,0,0,0.002791189355775714,1
EMQX_preprocessed.csv,1445,-1,0,0,0.0012457625707611442,1
EMQX_preprocessed.csv,1446,-1,0,1,1.0,0
EMQX_preprocessed.csv,1447,-1,0,0,0.012460591271519661,1
EMQX_preprocessed.csv,1448,-1,0,0,0.007098753936588764,1
EMQX_preprocessed.csv,1449,-1,0,0,0.0011433057952672243,1
EMQX_preprocessed.csv,1450,-1,0,0,0.0020878231152892113,1
EMQX_preprocessed.csv,1451,-1,0,0,0.0023181757424026728,1
EMQX_preprocessed.csv,1452,-1,0,0,0.0026255983393639326,1
EMQX_preprocessed.csv,1453,-1,0,0,0.014016319066286087,1
EMQX_preprocessed.csv,1454,-1,0,0,0.0012402170104905963,1
EMQX_preprocessed.csv,1455,-1,0,0,0.004936202894896269,1
EMQX_preprocessed.csv,1456,-1,0,0,0.004412067122757435,1
EMQX_preprocessed.csv,1457,-1,0,0,0.0017784879310056567,1
EMQX_preprocessed.csv,1458,-1,0,0,0.002999977208673954,1
EMQX_preprocessed.csv,1459,-1,0,0,0.0030127561185508966,1
EMQX_preprocessed.csv,1460,-1,0,0,0.023865479975938797,1
EMQX_preprocessed.csv,1461,-1,0,0,0.001817016745917499,1
EMQX_preprocessed.csv,1462,-1,0,0,0.001987460069358349,1
EMQX_preprocessed.csv,1463,-1,0,0,0.0074050151742994785,1
EMQX_preprocessed.csv,1464,-1,0,0,0.0015542599139735103,1
EMQX_preprocessed.csv,1465,-1,0,0,0.0012599744368344545,1
EMQX_preprocessed.csv,1466,-1,0,0,0.004814550746232271,1
EMQX_preprocessed.csv,1467,-1,0,0,0.003933151718229055,1
EMQX_preprocessed.csv,1468,-1,0,0,0.002458830364048481,1
EMQX_preprocessed.csv,1469,-1,0,0,0.001661923946812749,1
EMQX_preprocessed.csv,1470,-1,0,0,0.0014390551950782537,1
EMQX_preprocessed.csv,1471,-1,0,0,0.0021154957357794046,1
EMQX_preprocessed.csv,1472,-1,0,0,0.0021724426187574863,1
EMQX_preprocessed.csv,1473,-1,0,0,0.001334449159912765,1
EMQX_preprocessed.csv,1474,-1,0,0,0.0010169732850044966,1
EMQX_preprocessed.csv,1475,-1,0,0,0.005423957947641611,1
EMQX_preprocessed.csv,1476,-1,0,0,0.001676935818977654,1
EMQX_preprocessed.csv,1477,-1,0,0,0.004800998605787754,1
EMQX_preprocessed.csv,1478,-1,0,0,0.0020505727734416723,1
EMQX_preprocessed.csv,1479,-1,0,0,0.001654075225815177,1
EMQX_preprocessed.csv,1480,-1,0,0,0.0018769417656585574,1
EMQX_preprocessed.csv,1481,-1,0,0,0.005097080487757921,1
EMQX_preprocessed.csv,1482,-1,0,0,0.00326938321813941,1
EMQX_preprocessed.csv,1483,-1,0,0,0.001672608545050025,1
EMQX_preprocessed.csv,1484,-1,0,0,0.0030673337168991566,1
EMQX_preprocessed.csv,1485,-1,0,0,0.0024988045915961266,1
EMQX_preprocessed.csv,1486,-1,0,0,0.007093848194926977,1
EMQX_preprocessed.csv,1487,-1,0,0,0.003380308160558343,1
EMQX_preprocessed.csv,1488,-1,0,0,0.020550379529595375,1
EMQX_preprocessed.csv,1489,-1,0,0,0.002828950760886073,1
EMQX_preprocessed.csv,1490,-1,0,0,0.001044746139086783,1
EMQX_preprocessed.csv,1491,-1,0,0,0.00046979260514490306,1
EMQX_preprocessed.csv,1492,-1,0,0,0.0020639209542423487,1
EMQX_preprocessed.csv,1493,-1,0,0,0.0011359698837623,1
EMQX_preprocessed.csv,1494,-1,0,0,0.001320656854659319,1
EMQX_preprocessed.csv,1495,-1,0,0,0.0013730904320254922,1
EMQX_preprocessed.csv,1496,-1,0,0,0.0011555765522643924,1
EMQX_preprocessed.csv,1497,-1,0,0,0.0020879660733044147,1
EMQX_preprocessed.csv,1498,-1,0,0,0.004154394846409559,1
EMQX_preprocessed.csv,1499,-1,0,0,0.007085369434207678,1
EMQX_preprocessed.csv,1500,-1,0,0,0.0006482901517301798,1
EMQX_preprocessed.csv,1501,-1,0,0,0.007667659316211939,1
EMQX_preprocessed.csv,1502,-1,0,0,0.005871082656085491,1
EMQX_preprocessed.csv,1503,-1,0,0,0.010852466337382793,1
EMQX_preprocessed.csv,1504,-1,0,0,0.00512846140190959,1
EMQX_preprocessed.csv,1505,-1,0,0,0.012483884580433369,1
EMQX_preprocessed.csv,1506,-1,0,0,0.0007181557011790574,1
EMQX_preprocessed.csv,1507,-1,0,0,0.003397924592718482,1
EMQX_preprocessed.csv,1508,-1,0,0,0.0018925302429124713,1
EMQX_preprocessed.csv,1509,-1,0,0,0.0022393495310097933,1
EMQX_preprocessed.csv,1510,-1,0,0,0.007423244882375002,1
EMQX_preprocessed.csv,1511,-1,0,0,0.0018813511123880744,1
EMQX_preprocessed.csv,1512,-1,0,0,0.000894383352715522,1
EMQX_preprocessed.csv,1513,-1,0,0,0.002303066663444042,1
EMQX_preprocessed.csv,1514,-1,0,0,0.0017610302893444896,1
EMQX_preprocessed.csv,1515,-1,0,0,0.0012075036065652966,1
EMQX_preprocessed.csv,1516,-1,0,0,0.0014969412004575133,1
EMQX_preprocessed.csv,1517,-1,0,0,0.002801046473905444,1
EMQX_preprocessed.csv,1518,-1,0,0,0.001158864819444716,1
EMQX_preprocessed.csv,1519,-1,0,0,0.007341401185840368,1
EMQX_preprocessed.csv,1520,-1,0,0,0.006522666197270155,1
EMQX_preprocessed.csv,1521,-1,0,0,0.0009945504134520888,1
EMQX_preprocessed.csv,1522,-1,0,0,0.012275662273168564,1
EMQX_preprocessed.csv,1523,-1,0,0,0.007252454292029142,1
EMQX_preprocessed.csv,1524,-1,0,0,0.001348437974229455,1
EMQX_preprocessed.csv,1525,-1,0,0,0.001331377075985074,1
EMQX_preprocessed.csv,1526,-1,0,0,0.0017838443163782358,1
EMQX_preprocessed.csv,1527,-1,0,0,0.00424576411023736,1
EMQX_preprocessed.csv,1528,-1,0,0,0.0008955029770731926,1
EMQX_preprocessed.csv,1529,-1,0,0,0.011615577153861523,1
EMQX_preprocessed.csv,1530,-1,0,0,0.0013180809328332543,1
EMQX_preprocessed.csv,1531,-1,0,0,0.0043250988237559795,1
EMQX_preprocessed.csv,1532,-1,0,0,0.001457648235373199,1
EMQX_preprocessed.csv,1533,-1,0,0,0.007356035988777876,1
EMQX_preprocessed.csv,1534,-1,0,0,0.004602587316185236,1
EMQX_preprocessed.csv,1535,-1,0,0,0.013645253144204617,1
EMQX_preprocessed.csv,1536,-1,0,0,0.007345853839069605,1
EMQX_preprocessed.csv,1537,-1,0,0,0.0043165977112948895,1
EMQX_preprocessed.csv,1538,-1,0,0,0.008508004248142242,1
EMQX_preprocessed.csv,1539,-1,0,0,0.0030080873984843493,1
EMQX_preprocessed.csv,1540,-1,0,0,0.016719592735171318,1
EMQX_preprocessed.csv,1541,-1,0,0,0.003675395855680108,1
EMQX_preprocessed.csv,1542,-1,0,0,0.0021374563220888376,1
EMQX_preprocessed.csv,1543,-1,0,0,0.006965890061110258,1
EMQX_preprocessed.csv,1544,-1,0,0,0.00505545549094677,1
EMQX_preprocessed.csv,1545,-1,0,0,0.011539222672581673,1
EMQX_preprocessed.csv,1546,-1,0,0,0.009475016966462135,1
EMQX_preprocessed.csv,1547,-1,0,0,0.0013707763282582164,1
EMQX_preprocessed.csv,1548,-1,0,0,0.0018029758939519525,1
EMQX_preprocessed.csv,1549,-1,0,0,0.005211639683693647,1
EMQX_preprocessed.csv,1550,-1,0,0,0.004797663539648056,1
EMQX_preprocessed.csv,1551,-1,0,0,0.0036305615212768316,1
EMQX_preprocessed.csv,1552,-1,0,0,0.008615503087639809,1
EMQX_preprocessed.csv,1553,-1,0,0,0.0007929179701022804,1
EMQX_preprocessed.csv,1554,-1,0,0,0.00990332756191492,1
EMQX_preprocessed.csv,1555,-1,0,0,0.007366962265223265,1
EMQX_preprocessed.csv,1556,-1,0,0,0.004166089463979006,1
EMQX_preprocessed.csv,1557,-1,0,0,0.005559219978749752,1
EMQX_preprocessed.csv,1558,-1,0,0,0.005319408606737852,1
EMQX_preprocessed.csv,1559,-1,0,0,0.025923358276486397,1
EMQX_preprocessed.csv,1560,-1,0,0,0.007412442471832037,1
EMQX_preprocessed.csv,1561,-1,0,0,0.0038547078147530556,1
EMQX_preprocessed.csv,1562,-1,0,0,0.003821988357231021,1
EMQX_preprocessed.csv,1563,-1,0,0,0.0014355916064232588,1
EMQX_preprocessed.csv,1564,-1,0,0,0.0007991193560883403,1
EMQX_preprocessed.csv,1565,-1,0,0,0.006060591898858547,1
EMQX_preprocessed.csv,1566,-1,0,0,0.005315814167261124,1
EMQX_preprocessed.csv,1567,-1,0,0,0.00975605845451355,1
EMQX_preprocessed.csv,1568,-1,0,0,0.003727632574737072,1
EMQX_preprocessed.csv,1569,-1,0,0,0.002828999189659953,1
EMQX_preprocessed.csv,1570,-1,0,0,0.023954195901751518,1
EMQX_preprocessed.csv,1571,-1,0,0,0.001319544157013297,1
EMQX_preprocessed.csv,1572,-1,0,0,0.0075536263175308704,1
EMQX_preprocessed.csv,1573,-1,0,0,0.007615820970386267,1
EMQX_preprocessed.csv,1574,-1,0,0,0.003525943960994482,1
EMQX_preprocessed.csv,1575,-1,0,0,0.005657549947500229,1
EMQX_preprocessed.csv,1576,-1,0,0,0.0014646566705778241,1
EMQX_preprocessed.csv,1577,-1,0,0,0.007152819540351629,1
EMQX_preprocessed.csv,1578,-1,0,0,0.009893191047012806,1
EMQX_preprocessed.csv,1579,-1,0,0,0.0010376913705840707,1
EMQX_preprocessed.csv,1580,-1,0,0,0.0018851623171940446,1
EMQX_preprocessed.csv,1581,-1,0,0,0.0011972066713497043,1
EMQX_preprocessed.csv,1582,-1,0,0,0.0021820582915097475,1
EMQX_preprocessed.csv,1583,-1,0,0,0.0011582027655094862,1
EMQX_preprocessed.csv,1584,-1,0,0,0.01480610016733408,1
EMQX_preprocessed.csv,1585,-1,0,0,0.0026094140484929085,1
EMQX_preprocessed.csv,1586,-1,0,0,0.0006154469447210431,1
EMQX_preprocessed.csv,1587,-1,0,0,0.0008580461726523936,1
EMQX_preprocessed.csv,1588,-1,0,0,0.010809032246470451,1
EMQX_preprocessed.csv,1589,-1,0,0,0.0034558463376015425,1
EMQX_preprocessed.csv,1590,-1,0,0,0.008984231390058994,1
EMQX_preprocessed.csv,1591,-1,0,0,0.0025324455928057432,1
EMQX_preprocessed.csv,1592,-1,0,0,0.0006075716228224337,1
EMQX_preprocessed.csv,1593,-1,0,0,0.0012163149658590555,1
EMQX_preprocessed.csv,1594,-1,0,0,0.0031562231015414,1
EMQX_preprocessed.csv,1595,-1,0,0,0.0017092956695705652,1
EMQX_preprocessed.csv,1596,-1,0,0,0.003693109378218651,1
EMQX_preprocessed.csv,1597,-1,0,0,0.0012768752640113235,1
EMQX_preprocessed.csv,1598,-1,0,0,0.0010787885403260589,1
EMQX_preprocessed.csv,1599,-1,0,0,0.0012909367214888334,1
EMQX_preprocessed.csv,1600,-1,0,0,0.0047830925323069096,1
EMQX_preprocessed.csv,1601,-1,0,0,0.0048375800251960754,1
EMQX_preprocessed.csv,1602,-1,0,0,0.0013993076281622052,1
EMQX_preprocessed.csv,1603,-1,0,0,0.006361607927829027,1
EMQX_preprocessed.csv,1604,-1,0,0,0.0024628874380141497,1
EMQX_preprocessed.csv,1605,-1,0,0,0.001539656543172896,1
EMQX_preprocessed.csv,1606,-1,0,0,0.002649368718266487,1
EMQX_preprocessed.csv,1607,-1,0,0,0.0013962839730083942,1
EMQX_preprocessed.csv,1608,-1,0,0,0.003098866203799844,1
EMQX_preprocessed.csv,1609,-1,0,0,0.0032462365925312042,1
EMQX_preprocessed.csv,1610,-1,0,0,0.007642737589776516,1
EMQX_preprocessed.csv,1611,-1,0,0,0.01600431650876999,1
EMQX_preprocessed.csv,1612,-1,0,0,0.002891349606215954,1
EMQX_preprocessed.csv,1613,-1,0,0,0.0073904176242649555,1
EMQX_preprocessed.csv,1614,-1,0,0,0.0020465925335884094,1
EMQX_preprocessed.csv,1615,-1,0,0,0.0013394945999607444,1
EMQX_preprocessed.csv,1616,-1,0,0,0.003989382181316614,1
EMQX_preprocessed.csv,1617,-1,0,0,0.0073367818258702755,1
EMQX_preprocessed.csv,1618,-1,0,0,0.00698731979355216,1
EMQX_preprocessed.csv,1619,-1,0,0,0.0009771105833351612,1
EMQX_preprocessed.csv,1620,-1,0,0,0.009762123227119446,1
EMQX_preprocessed.csv,1621,-1,0,0,0.004549522418528795,1
EMQX_preprocessed.csv,1622,-1,0,0,0.001640961621887982,1
EMQX_preprocessed.csv,1623,-1,0,0,0.009550889022648335,1
EMQX_preprocessed.csv,1624,-1,0,0,0.0016569547588005662,1
EMQX_preprocessed.csv,1625,-1,0,0,0.003999536857008934,1
EMQX_preprocessed.csv,1626,-1,0,0,0.0010608192533254623,1
EMQX_preprocessed.csv,1627,-1,0,0,0.002572090830653906,1
EMQX_preprocessed.csv,1628,-1,0,0,0.0038626533932983875,1
EMQX_preprocessed.csv,1629,-1,0,0,0.0108333183452487,1
EMQX_preprocessed.csv,1630,-1,0,0,0.005672384053468704,1
EMQX_preprocessed.csv,1631,-1,0,0,0.00474902056157589,1
EMQX_preprocessed.csv,1632,-1,0,0,0.014818346127867699,1
EMQX_preprocessed.csv,1633,-1,0,0,0.0031287427991628647,1
EMQX_preprocessed.csv,1634,-1,0,0,0.00953852292150259,1
EMQX_preprocessed.csv,1635,-1,0,0,0.004679836332798004,1
EMQX_preprocessed.csv,1636,-1,0,0,0.003983365371823311,1
EMQX_preprocessed.csv,1637,-1,0,0,0.00103042705450207,1
EMQX_preprocessed.csv,1638,-1,0,0,0.006054935976862907,1
EMQX_preprocessed.csv,1639,-1,0,0,0.001442468143068254,1
EMQX_preprocessed.csv,1640,-1,0,0,0.003271543886512518,1
EMQX_preprocessed.csv,1641,-1,0,0,0.002014189027249813,1
EMQX_preprocessed.csv,1642,-1,0,0,0.0013921235222369432,1
EMQX_preprocessed.csv,1643,-1,0,0,0.0010786569910123944,1
EMQX_preprocessed.csv,1644,-1,0,0,0.0020634836982935667,1
EMQX_preprocessed.csv,1645,-1,0,0,0.0210866741836071,1
EMQX_preprocessed.csv,1646,-1,0,0,0.0014206398045644164,1
EMQX_preprocessed.csv,1647,-1,0,0,0.0026886106934398413,1
EMQX_preprocessed.csv,1648,-1,0,0,0.007326165679842234,1
EMQX_preprocessed.csv,1649,-1,0,0,0.0011392056476324797,1
EMQX_preprocessed.csv,1650,-1,0,0,0.0013420971808955073,1
EMQX_preprocessed.csv,1651,-1,0,0,0.0028115352615714073,1
EMQX_preprocessed.csv,1652,-1,0,0,0.0015234737657010555,1
EMQX_preprocessed.csv,1653,-1,0,0,0.006102795246988535,1
EMQX_preprocessed.csv,1654,-1,0,0,0.014886210672557354,1
EMQX_preprocessed.csv,1655,-1,0,0,0.005240399856120348,1
EMQX_preprocessed.csv,1656,-1,0,0,0.004937101621180773,1
EMQX_preprocessed.csv,1657,-1,0,0,0.004852072801440954,1
EMQX_preprocessed.csv,1658,-1,0,0,0.0037367213517427444,1
EMQX_preprocessed.csv,1659,-1,0,0,0.008231253363192081,1
EMQX_preprocessed.csv,1660,1,1,1,0.9987014532089233,1
EMQX_preprocessed.csv,1661,1,1,0,0.008387506008148193,0
EMQX_preprocessed.csv,1662,1,1,0,0.012158452533185482,0
EMQX_preprocessed.csv,1663,1,1,1,0.9999853372573853,1
EMQX_preprocessed.csv,1664,1,1,1,0.9999994039535522,1
EMQX_preprocessed.csv,1665,1,1,1,0.8632184267044067,1
EMQX_preprocessed.csv,1666,1,1,1,0.9599542021751404,1
EMQX_preprocessed.csv,1667,1,1,1,0.9991863369941711,1
EMQX_preprocessed.csv,1668,1,1,0,0.022202877327799797,0
EMQX_preprocessed.csv,1669,1,1,0,0.12435422092676163,0
EMQX_preprocessed.csv,1670,1,1,1,0.958177924156189,1
EMQX_preprocessed.csv,1671,1,1,1,0.99781334400177,1
EMQX_preprocessed.csv,1672,1,1,1,0.9999982118606567,1
EMQX_preprocessed.csv,1673,1,1,1,0.9999645948410034,1
EMQX_preprocessed.csv,1674,1,1,1,0.9717864394187927,1
EMQX_preprocessed.csv,1675,1,1,1,0.9999902248382568,1
EMQX_preprocessed.csv,1676,1,1,0,0.053899578750133514,0
EMQX_preprocessed.csv,1677,1,1,1,0.9609171748161316,1
EMQX_preprocessed.csv,1678,1,1,1,0.9999890327453613,1
EMQX_preprocessed.csv,1679,1,1,1,0.9999958276748657,1
EMQX_preprocessed.csv,1680,2,1,1,1.0,1
EMQX_preprocessed.csv,1681,2,1,1,1.0,1
EMQX_preprocessed.csv,1682,2,1,1,1.0,1
EMQX_preprocessed.csv,1683,2,1,1,1.0,1
EMQX_preprocessed.csv,1684,2,1,1,1.0,1
EMQX_preprocessed.csv,1685,2,1,1,1.0,1
EMQX_preprocessed.csv,1686,2,1,1,1.0,1
EMQX_preprocessed.csv,1687,2,1,1,1.0,1
EMQX_preprocessed.csv,1688,2,1,1,1.0,1
EMQX_preprocessed.csv,1689,2,1,1,1.0,1
EMQX_preprocessed.csv,1690,2,1,1,1.0,1
EMQX_preprocessed.csv,1691,2,1,1,1.0,1
EMQX_preprocessed.csv,1692,2,1,1,1.0,1
EMQX_preprocessed.csv,1693,2,1,1,1.0,1
EMQX_preprocessed.csv,1694,2,1,1,1.0,1
EMQX_preprocessed.csv,1695,2,1,1,1.0,1
EMQX_preprocessed.csv,1696,2,1,1,1.0,1
EMQX_preprocessed.csv,1697,2,1,1,1.0,1
EMQX_preprocessed.csv,1698,2,1,1,1.0,1
EMQX_preprocessed.csv,1699,2,1,1,1.0,1
EMQX_preprocessed.csv,1700,3,1,1,1.0,1
EMQX_preprocessed.csv,1701,3,1,1,1.0,1
EMQX_preprocessed.csv,1702,3,1,1,1.0,1
EMQX_preprocessed.csv,1703,3,1,1,1.0,1
EMQX_preprocessed.csv,1704,3,1,1,1.0,1
EMQX_preprocessed.csv,1705,3,1,1,1.0,1
EMQX_preprocessed.csv,1706,3,1,1,1.0,1
EMQX_preprocessed.csv,1707,3,1,1,1.0,1
EMQX_preprocessed.csv,1708,3,1,1,1.0,1
EMQX_preprocessed.csv,1709,3,1,1,1.0,1
EMQX_preprocessed.csv,1710,3,1,1,1.0,1
EMQX_preprocessed.csv,1711,3,1,1,1.0,1
EMQX_preprocessed.csv,1712,3,1,1,1.0,1
EMQX_preprocessed.csv,1713,3,1,1,1.0,1
EMQX_preprocessed.csv,1714,3,1,1,1.0,1
EMQX_preprocessed.csv,1715,3,1,1,1.0,1
EMQX_preprocessed.csv,1716,3,1,1,1.0,1
EMQX_preprocessed.csv,1717,3,1,1,1.0,1
EMQX_preprocessed.csv,1718,3,1,1,1.0,1
EMQX_preprocessed.csv,1719,3,1,1,1.0,1
EMQX_preprocessed.csv,1720,4,1,1,1.0,1
EMQX_preprocessed.csv,1721,4,1,1,1.0,1
EMQX_preprocessed.csv,1722,4,1,1,1.0,1
EMQX_preprocessed.csv,1723,4,1,1,1.0,1
EMQX_preprocessed.csv,1724,4,1,1,0.9999908208847046,1
EMQX_preprocessed.csv,1725,4,1,1,1.0,1
EMQX_preprocessed.csv,1726,4,1,0,0.09039326757192612,0
EMQX_preprocessed.csv,1727,4,1,1,1.0,1
EMQX_preprocessed.csv,1728,4,1,1,0.8329591751098633,1
EMQX_preprocessed.csv,1729,4,1,0,0.017561214044690132,0
EMQX_preprocessed.csv,1730,4,1,1,1.0,1
EMQX_preprocessed.csv,1731,4,1,1,1.0,1
EMQX_preprocessed.csv,1732,4,1,1,1.0,1
EMQX_preprocessed.csv,1733,4,1,1,1.0,1
EMQX_preprocessed.csv,1734,4,1,1,1.0,1
EMQX_preprocessed.csv,1735,4,1,1,1.0,1
EMQX_preprocessed.csv,1736,4,1,1,0.9999997615814209,1
EMQX_preprocessed.csv,1737,4,1,1,1.0,1
EMQX_preprocessed.csv,1738,4,1,1,1.0,1
EMQX_preprocessed.csv,1739,4,1,1,0.999990701675415,1
EMQX_preprocessed.csv,1740,4,1,1,1.0,1
EMQX_preprocessed.csv,1741,4,1,1,1.0,1
EMQX_preprocessed.csv,1742,4,1,1,1.0,1
EMQX_preprocessed.csv,1743,4,1,0,0.3846082091331482,0
EMQX_preprocessed.csv,1744,4,1,1,0.5144892930984497,1
EMQX_preprocessed.csv,1745,4,1,1,1.0,1
EMQX_preprocessed.csv,1746,4,1,0,0.049110133200883865,0
EMQX_preprocessed.csv,1747,4,1,1,1.0,1
EMQX_preprocessed.csv,1748,4,1,1,0.9999984502792358,1
EMQX_preprocessed.csv,1749,4,1,1,0.9999868869781494,1
EMQX_preprocessed.csv,1750,4,1,1,1.0,1
EMQX_preprocessed.csv,1751,4,1,0,0.034365568310022354,0
EMQX_preprocessed.csv,1752,4,1,1,1.0,1
EMQX_preprocessed.csv,1753,4,1,1,1.0,1
EMQX_preprocessed.csv,1754,4,1,1,1.0,1
EMQX_preprocessed.csv,1755,4,1,0,0.45636045932769775,0
EMQX_preprocessed.csv,1756,4,1,1,0.9999442100524902,1
EMQX_preprocessed.csv,1757,4,1,1,0.9996135830879211,1
EMQX_preprocessed.csv,1758,4,1,1,1.0,1
EMQX_preprocessed.csv,1759,4,1,0,0.08354925364255905,0
EMQX_preprocessed.csv,1760,4,1,0,0.26578518748283386,0
EMQX_preprocessed.csv,1761,4,1,0,0.14782065153121948,0
EMQX_preprocessed.csv,1762,4,1,1,0.9896236062049866,1
EMQX_preprocessed.csv,1763,4,1,0,0.05320344492793083,0
EMQX_preprocessed.csv,1764,4,1,1,1.0,1
EMQX_preprocessed.csv,1765,4,1,1,1.0,1
EMQX_preprocessed.csv,1766,4,1,1,1.0,1
EMQX_preprocessed.csv,1767,4,1,1,1.0,1
EMQX_preprocessed.csv,1768,4,1,1,1.0,1
EMQX_preprocessed.csv,1769,4,1,1,1.0,1
EMQX_preprocessed.csv,1770,4,1,1,0.9953327775001526,1
EMQX_preprocessed.csv,1771,4,1,1,1.0,1
EMQX_preprocessed.csv,1772,4,1,1,0.9085568189620972,1
EMQX_preprocessed.csv,1773,4,1,1,1.0,1
EMQX_preprocessed.csv,1774,4,1,1,1.0,1
EMQX_preprocessed.csv,1775,4,1,1,1.0,1
EMQX_preprocessed.csv,1776,4,1,0,0.033485911786556244,0
EMQX_preprocessed.csv,1777,4,1,0,0.018901512026786804,0
EMQX_preprocessed.csv,1778,4,1,1,1.0,1
EMQX_preprocessed.csv,1779,4,1,1,1.0,1
EMQX_preprocessed.csv,1780,4,1,1,0.9973114728927612,1
EMQX_preprocessed.csv,1781,4,1,1,1.0,1
EMQX_preprocessed.csv,1782,4,1,0,0.04432888329029083,0
EMQX_preprocessed.csv,1783,4,1,1,1.0,1
EMQX_preprocessed.csv,1784,4,1,1,0.8287332057952881,1
EMQX_preprocessed.csv,1785,4,1,1,0.9943776726722717,1
EMQX_preprocessed.csv,1786,4,1,0,0.10272904485464096,0
EMQX_preprocessed.csv,1787,4,1,0,0.03944433107972145,0
EMQX_preprocessed.csv,1788,4,1,1,1.0,1
EMQX_preprocessed.csv,1789,4,1,0,0.23885615170001984,0
EMQX_preprocessed.csv,1790,4,1,1,0.9491313695907593,1
EMQX_preprocessed.csv,1791,4,1,0,0.16202618181705475,0
EMQX_preprocessed.csv,1792,4,1,1,1.0,1
EMQX_preprocessed.csv,1793,4,1,1,0.9999996423721313,1
EMQX_preprocessed.csv,1794,4,1,1,1.0,1
EMQX_preprocessed.csv,1795,4,1,1,0.9905506372451782,1
EMQX_preprocessed.csv,1796,4,1,1,0.7814537882804871,1
EMQX_preprocessed.csv,1797,4,1,1,1.0,1
EMQX_preprocessed.csv,1798,4,1,1,1.0,1
EMQX_preprocessed.csv,1799,4,1,1,1.0,1
EMQX_preprocessed.csv,1800,4,1,1,1.0,1
EMQX_preprocessed.csv,1801,4,1,1,1.0,1
EMQX_preprocessed.csv,1802,4,1,1,1.0,1
EMQX_preprocessed.csv,1803,4,1,1,0.995053768157959,1
EMQX_preprocessed.csv,1804,4,1,1,1.0,1
EMQX_preprocessed.csv,1805,4,1,0,0.07576820999383926,0
EMQX_preprocessed.csv,1806,4,1,1,1.0,1
EMQX_preprocessed.csv,1807,4,1,1,0.9209901094436646,1
EMQX_preprocessed.csv,1808,4,1,1,1.0,1
EMQX_preprocessed.csv,1809,4,1,0,0.02302318811416626,0
EMQX_preprocessed.csv,1810,4,1,1,1.0,1
EMQX_preprocessed.csv,1811,4,1,1,1.0,1
EMQX_preprocessed.csv,1812,4,1,1,0.9876357913017273,1
EMQX_preprocessed.csv,1813,4,1,1,1.0,1
EMQX_preprocessed.csv,1814,4,1,0,0.03605133667588234,0
EMQX_preprocessed.csv,1815,4,1,1,1.0,1
EMQX_preprocessed.csv,1816,4,1,1,1.0,1
EMQX_preprocessed.csv,1817,4,1,1,1.0,1
EMQX_preprocessed.csv,1818,4,1,1,0.9115337133407593,1
EMQX_preprocessed.csv,1819,4,1,0,0.31853556632995605,0
EMQX_preprocessed.csv,1820,4,1,1,1.0,1
EMQX_preprocessed.csv,1821,4,1,1,1.0,1
EMQX_preprocessed.csv,1822,4,1,0,0.33368489146232605,0
EMQX_preprocessed.csv,1823,4,1,1,1.0,1
EMQX_preprocessed.csv,1824,4,1,1,1.0,1
EMQX_preprocessed.csv,1825,4,1,1,0.8859339356422424,1
EMQX_preprocessed.csv,1826,4,1,1,1.0,1
EMQX_preprocessed.csv,1827,4,1,1,1.0,1
EMQX_preprocessed.csv,1828,4,1,0,0.1573653519153595,0
EMQX_preprocessed.csv,1829,4,1,0,0.05623104050755501,0
EMQX_preprocessed.csv,1830,4,1,1,1.0,1
EMQX_preprocessed.csv,1831,4,1,1,1.0,1
EMQX_preprocessed.csv,1832,4,1,0,0.018075110390782356,0
EMQX_preprocessed.csv,1833,4,1,1,1.0,1
EMQX_preprocessed.csv,1834,4,1,1,1.0,1
EMQX_preprocessed.csv,1835,4,1,0,0.006007000338286161,0
EMQX_preprocessed.csv,1836,4,1,0,0.4505811333656311,0
EMQX_preprocessed.csv,1837,4,1,1,1.0,1
EMQX_preprocessed.csv,1838,4,1,1,1.0,1
EMQX_preprocessed.csv,1839,4,1,0,0.3974927067756653,0
EMQX_preprocessed.csv,1840,4,1,1,1.0,1
EMQX_preprocessed.csv,1841,4,1,1,1.0,1
EMQX_preprocessed.csv,1842,4,1,1,1.0,1
EMQX_preprocessed.csv,1843,4,1,1,1.0,1
EMQX_preprocessed.csv,1844,4,1,1,1.0,1
EMQX_preprocessed.csv,1845,4,1,0,0.17313608527183533,0
EMQX_preprocessed.csv,1846,4,1,1,0.8801133632659912,1
EMQX_preprocessed.csv,1847,4,1,1,1.0,1
EMQX_preprocessed.csv,1848,4,1,1,0.9999998807907104,1
EMQX_preprocessed.csv,1849,4,1,1,1.0,1
EMQX_preprocessed.csv,1850,4,1,1,1.0,1
EMQX_preprocessed.csv,1851,4,1,1,0.997119665145874,1
EMQX_preprocessed.csv,1852,4,1,1,1.0,1
EMQX_preprocessed.csv,1853,4,1,1,1.0,1
EMQX_preprocessed.csv,1854,4,1,1,0.9993788003921509,1
EMQX_preprocessed.csv,1855,4,1,0,0.316192090511322,0
EMQX_preprocessed.csv,1856,4,1,1,1.0,1
EMQX_preprocessed.csv,1857,4,1,1,1.0,1
EMQX_preprocessed.csv,1858,4,1,1,0.9999997615814209,1
EMQX_preprocessed.csv,1859,4,1,1,0.9100297689437866,1
EMQX_preprocessed.csv,1860,4,1,1,1.0,1
EMQX_preprocessed.csv,1861,4,1,1,1.0,1
EMQX_preprocessed.csv,1862,4,1,1,1.0,1
EMQX_preprocessed.csv,1863,4,1,0,0.01781638339161873,0
EMQX_preprocessed.csv,1864,4,1,1,1.0,1
EMQX_preprocessed.csv,1865,4,1,1,1.0,1
EMQX_preprocessed.csv,1866,4,1,1,1.0,1
EMQX_preprocessed.csv,1867,4,1,1,1.0,1
EMQX_preprocessed.csv,1868,4,1,1,1.0,1
EMQX_preprocessed.csv,1869,4,1,1,1.0,1
EMQX_preprocessed.csv,1870,4,1,1,1.0,1
EMQX_preprocessed.csv,1871,4,1,1,1.0,1
EMQX_preprocessed.csv,1872,4,1,1,1.0,1
EMQX_preprocessed.csv,1873,4,1,1,1.0,1
EMQX_preprocessed.csv,1874,4,1,0,0.04011998698115349,0
EMQX_preprocessed.csv,1875,4,1,1,0.9624838829040527,1
EMQX_preprocessed.csv,1876,4,1,1,1.0,1
EMQX_preprocessed.csv,1877,4,1,1,1.0,1
EMQX_preprocessed.csv,1878,4,1,1,1.0,1
EMQX_preprocessed.csv,1879,4,1,1,1.0,1
EMQX_preprocessed.csv,1880,4,1,1,1.0,1
EMQX_preprocessed.csv,1881,4,1,1,1.0,1
EMQX_preprocessed.csv,1882,4,1,1,1.0,1
EMQX_preprocessed.csv,1883,4,1,1,1.0,1
EMQX_preprocessed.csv,1884,4,1,1,1.0,1
EMQX_preprocessed.csv,1885,4,1,1,1.0,1
EMQX_preprocessed.csv,1886,4,1,1,1.0,1
EMQX_preprocessed.csv,1887,4,1,1,1.0,1
EMQX_preprocessed.csv,1888,4,1,1,1.0,1
EMQX_preprocessed.csv,1889,4,1,1,1.0,1
EMQX_preprocessed.csv,1890,4,1,1,1.0,1
EMQX_preprocessed.csv,1891,4,1,1,1.0,1
EMQX_preprocessed.csv,1892,4,1,1,0.9992777705192566,1
EMQX_preprocessed.csv,1893,4,1,1,1.0,1
EMQX_preprocessed.csv,1894,4,1,0,0.004078295081853867,0
EMQX_preprocessed.csv,1895,4,1,1,1.0,1
EMQX_preprocessed.csv,1896,4,1,1,1.0,1
EMQX_preprocessed.csv,1897,4,1,1,1.0,1
EMQX_preprocessed.csv,1898,4,1,1,1.0,1
EMQX_preprocessed.csv,1899,4,1,1,1.0,1
EMQX_preprocessed.csv,1900,4,1,1,0.9995452761650085,1
EMQX_preprocessed.csv,1901,4,1,1,1.0,1
EMQX_preprocessed.csv,1902,4,1,1,1.0,1
EMQX_preprocessed.csv,1903,4,1,1,1.0,1
EMQX_preprocessed.csv,1904,4,1,1,1.0,1
EMQX_preprocessed.csv,1905,4,1,1,1.0,1
EMQX_preprocessed.csv,1906,4,1,1,1.0,1
EMQX_preprocessed.csv,1907,4,1,1,1.0,1
EMQX_preprocessed.csv,1908,4,1,1,0.9968578815460205,1
EMQX_preprocessed.csv,1909,4,1,1,1.0,1
EMQX_preprocessed.csv,1910,4,1,1,1.0,1
EMQX_preprocessed.csv,1911,4,1,1,1.0,1
EMQX_preprocessed.csv,1912,4,1,1,1.0,1
EMQX_preprocessed.csv,1913,4,1,1,1.0,1
EMQX_preprocessed.csv,1914,4,1,1,0.9461873173713684,1
EMQX_preprocessed.csv,1915,4,1,1,0.9997621178627014,1
EMQX_preprocessed.csv,1916,4,1,1,1.0,1
EMQX_preprocessed.csv,1917,4,1,1,1.0,1
EMQX_preprocessed.csv,1918,4,1,1,0.9999998807907104,1
EMQX_preprocessed.csv,1919,4,1,1,0.7685405015945435,1
EMQX_preprocessed.csv,1920,5,1,1,1.0,1
EMQX_preprocessed.csv,1921,5,1,1,1.0,1
EMQX_preprocessed.csv,1922,5,1,1,1.0,1
EMQX_preprocessed.csv,1923,5,1,1,1.0,1
EMQX_preprocessed.csv,1924,5,1,1,1.0,1
EMQX_preprocessed.csv,1925,5,1,1,1.0,1
EMQX_preprocessed.csv,1926,5,1,1,1.0,1
EMQX_preprocessed.csv,1927,5,1,1,1.0,1
EMQX_preprocessed.csv,1928,5,1,1,1.0,1
EMQX_preprocessed.csv,1929,5,1,1,1.0,1
EMQX_preprocessed.csv,1930,5,1,1,1.0,1
EMQX_preprocessed.csv,1931,5,1,1,1.0,1
EMQX_preprocessed.csv,1932,5,1,1,1.0,1
EMQX_preprocessed.csv,1933,5,1,1,1.0,1
EMQX_preprocessed.csv,1934,5,1,1,1.0,1
EMQX_preprocessed.csv,1935,5,1,1,1.0,1
EMQX_preprocessed.csv,1936,5,1,1,1.0,1
EMQX_preprocessed.csv,1937,5,1,1,1.0,1
EMQX_preprocessed.csv,1938,5,1,1,1.0,1
EMQX_preprocessed.csv,1939,5,1,1,1.0,1
EMQX_preprocessed.csv,1940,6,1,1,0.9644002318382263,1
EMQX_preprocessed.csv,1941,6,1,1,0.8750033378601074,1
EMQX_preprocessed.csv,1942,6,1,1,0.8915088772773743,1
EMQX_preprocessed.csv,1943,6,1,1,0.8631231188774109,1
EMQX_preprocessed.csv,1944,6,1,1,0.7671195268630981,1
EMQX_preprocessed.csv,1945,6,1,1,0.8045666217803955,1
EMQX_preprocessed.csv,1946,6,1,1,0.8088229894638062,1
EMQX_preprocessed.csv,1947,6,1,1,0.8655704855918884,1
EMQX_preprocessed.csv,1948,6,1,0,0.3954983651638031,0
EMQX_preprocessed.csv,1949,6,1,1,0.9920504689216614,1
EMQX_preprocessed.csv,1950,6,1,1,0.866942822933197,1
EMQX_preprocessed.csv,1951,6,1,0,0.4950558543205261,0
EMQX_preprocessed.csv,1952,6,1,1,0.9537596702575684,1
EMQX_preprocessed.csv,1953,6,1,1,0.9691004157066345,1
EMQX_preprocessed.csv,1954,6,1,1,0.6834203600883484,1
EMQX_preprocessed.csv,1955,6,1,1,0.9981846213340759,1
EMQX_preprocessed.csv,1956,6,1,1,0.6429558396339417,1
EMQX_preprocessed.csv,1957,6,1,1,0.9894696474075317,1
EMQX_preprocessed.csv,1958,6,1,0,0.06459785997867584,0
EMQX_preprocessed.csv,1959,6,1,1,0.9756467938423157,1
EMQX_preprocessed.csv,1960,6,1,1,1.0,1
EMQX_preprocessed.csv,1961,6,1,1,0.9999910593032837,1
EMQX_preprocessed.csv,1962,6,1,1,0.9624889492988586,1
EMQX_preprocessed.csv,1963,6,1,1,1.0,1
EMQX_preprocessed.csv,1964,6,1,1,1.0,1
EMQX_preprocessed.csv,1965,6,1,1,1.0,1
EMQX_preprocessed.csv,1966,6,1,1,1.0,1
EMQX_preprocessed.csv,1967,6,1,1,0.9999998807907104,1
EMQX_preprocessed.csv,1968,6,1,1,0.9999998807907104,1
EMQX_preprocessed.csv,1969,6,1,1,1.0,1
EMQX_preprocessed.csv,1970,6,1,1,1.0,1
EMQX_preprocessed.csv,1971,6,1,1,1.0,1
EMQX_preprocessed.csv,1972,6,1,1,1.0,1
EMQX_preprocessed.csv,1973,6,1,1,1.0,1
EMQX_preprocessed.csv,1974,6,1,1,1.0,1
EMQX_preprocessed.csv,1975,6,1,1,0.9999887943267822,1
EMQX_preprocessed.csv,1976,6,1,1,1.0,1
EMQX_preprocessed.csv,1977,6,1,1,1.0,1
EMQX_preprocessed.csv,1978,6,1,1,0.9999949932098389,1
EMQX_preprocessed.csv,1979,6,1,1,1.0,1
EMQX_preprocessed.csv,1980,6,1,1,1.0,1
EMQX_preprocessed.csv,1981,6,1,1,0.5927800536155701,1
EMQX_preprocessed.csv,1982,6,1,1,0.9995071887969971,1
EMQX_preprocessed.csv,1983,6,1,1,0.9999979734420776,1
EMQX_preprocessed.csv,1984,6,1,1,1.0,1
EMQX_preprocessed.csv,1985,6,1,0,0.46916648745536804,0
EMQX_preprocessed.csv,1986,6,1,1,1.0,1
EMQX_preprocessed.csv,1987,6,1,1,0.5465518236160278,1
EMQX_preprocessed.csv,1988,6,1,1,0.9998306035995483,1
EMQX_preprocessed.csv,1989,6,1,0,0.0695405900478363,0
EMQX_preprocessed.csv,1990,6,1,1,0.99994957447052,1
EMQX_preprocessed.csv,1991,6,1,1,0.9999998807907104,1
EMQX_preprocessed.csv,1992,6,1,1,0.9999985694885254,1
EMQX_preprocessed.csv,1993,6,1,1,1.0,1
EMQX_preprocessed.csv,1994,6,1,0,0.2926364839076996,0
EMQX_preprocessed.csv,1995,6,1,0,0.09506820887327194,0
EMQX_preprocessed.csv,1996,6,1,1,0.737302839756012,1
EMQX_preprocessed.csv,1997,6,1,1,0.9999994039535522,1
EMQX_preprocessed.csv,1998,6,1,1,0.7217457294464111,1
EMQX_preprocessed.csv,1999,6,1,1,1.0,1
EMQX_preprocessed.csv,2000,8,1,1,0.9998675584793091,1
EMQX_preprocessed.csv,2001,8,1,0,0.27797046303749084,0
EMQX_preprocessed.csv,2002,8,1,1,0.999873161315918,1
EMQX_preprocessed.csv,2003,8,1,1,0.9998787641525269,1
EMQX_preprocessed.csv,2004,8,1,1,0.7200068831443787,1
EMQX_preprocessed.csv,2005,8,1,1,0.5182963609695435,1
EMQX_preprocessed.csv,2006,8,1,1,0.999858021736145,1
EMQX_preprocessed.csv,2007,8,1,1,0.9998555183410645,1
EMQX_preprocessed.csv,2008,8,1,1,0.9998757839202881,1
EMQX_preprocessed.csv,2009,8,1,1,0.9998599290847778,1
EMQX_preprocessed.csv,2010,8,1,1,0.9998513460159302,1
EMQX_preprocessed.csv,2011,8,1,1,0.9998751878738403,1
EMQX_preprocessed.csv,2012,8,1,0,0.22531171143054962,0
EMQX_preprocessed.csv,2013,8,1,1,0.9998527765274048,1
EMQX_preprocessed.csv,2014,8,1,1,0.9998683929443359,1
EMQX_preprocessed.csv,2015,8,1,0,0.2539910078048706,0
EMQX_preprocessed.csv,2016,8,1,1,0.9998730421066284,1
EMQX_preprocessed.csv,2017,8,1,0,0.25906458497047424,0
EMQX_preprocessed.csv,2018,8,1,0,0.33035868406295776,0
EMQX_preprocessed.csv,2019,8,1,1,0.7829433083534241,1
EMQX_preprocessed.csv,2020,8,1,1,1.0,1
EMQX_preprocessed.csv,2021,8,1,1,1.0,1
EMQX_preprocessed.csv,2022,8,1,1,1.0,1
EMQX_preprocessed.csv,2023,8,1,1,1.0,1
EMQX_preprocessed.csv,2024,8,1,1,1.0,1
EMQX_preprocessed.csv,2025,8,1,1,1.0,1
EMQX_preprocessed.csv,2026,8,1,1,1.0,1
EMQX_preprocessed.csv,2027,8,1,1,1.0,1
EMQX_preprocessed.csv,2028,8,1,1,1.0,1
EMQX_preprocessed.csv,2029,8,1,1,1.0,1
EMQX_preprocessed.csv,2030,8,1,1,1.0,1
EMQX_preprocessed.csv,2031,8,1,1,1.0,1
EMQX_preprocessed.csv,2032,8,1,1,1.0,1
EMQX_preprocessed.csv,2033,8,1,1,1.0,1
EMQX_preprocessed.csv,2034,8,1,1,1.0,1
EMQX_preprocessed.csv,2035,8,1,1,1.0,1
EMQX_preprocessed.csv,2036,8,1,1,1.0,1
EMQX_preprocessed.csv,2037,8,1,1,1.0,1
EMQX_preprocessed.csv,2038,8,1,1,1.0,1
EMQX_preprocessed.csv,2039,8,1,1,1.0,1
EMQX_preprocessed.csv,2040,8,1,1,0.9999717473983765,1
EMQX_preprocessed.csv,2041,8,1,1,0.9999970197677612,1
EMQX_preprocessed.csv,2042,8,1,1,0.9999971389770508,1
EMQX_preprocessed.csv,2043,8,1,1,0.9999831914901733,1
EMQX_preprocessed.csv,2044,8,1,1,0.9999958276748657,1
EMQX_preprocessed.csv,2045,8,1,1,0.9999721050262451,1
EMQX_preprocessed.csv,2046,8,1,1,0.9999772310256958,1
EMQX_preprocessed.csv,2047,8,1,1,0.9999969005584717,1
EMQX_preprocessed.csv,2048,8,1,1,0.9999797344207764,1
EMQX_preprocessed.csv,2049,8,1,1,0.9999970197677612,1
EMQX_preprocessed.csv,2050,8,1,1,0.9999957084655762,1
EMQX_preprocessed.csv,2051,8,1,1,0.9999860525131226,1
EMQX_preprocessed.csv,2052,8,1,1,0.9999842643737793,1
EMQX_preprocessed.csv,2053,8,1,1,0.9999983310699463,1
EMQX_preprocessed.csv,2054,8,1,1,0.9999969005584717,1
EMQX_preprocessed.csv,2055,8,1,1,0.9999960660934448,1
EMQX_preprocessed.csv,2056,8,1,1,0.999997615814209,1
EMQX_preprocessed.csv,2057,8,1,1,0.9999655485153198,1
EMQX_preprocessed.csv,2058,8,1,1,0.999996542930603,1
EMQX_preprocessed.csv,2059,8,1,1,1.0,1
EMQX_preprocessed.csv,2060,8,1,1,1.0,1
EMQX_preprocessed.csv,2061,8,1,1,1.0,1
EMQX_preprocessed.csv,2062,8,1,1,1.0,1
EMQX_preprocessed.csv,2063,8,1,1,1.0,1
EMQX_preprocessed.csv,2064,8,1,1,1.0,1
EMQX_preprocessed.csv,2065,8,1,1,1.0,1
EMQX_preprocessed.csv,2066,8,1,1,1.0,1
EMQX_preprocessed.csv,2067,8,1,1,1.0,1
EMQX_preprocessed.csv,2068,8,1,1,1.0,1
EMQX_preprocessed.csv,2069,8,1,1,1.0,1
EMQX_preprocessed.csv,2070,8,1,1,1.0,1
EMQX_preprocessed.csv,2071,8,1,1,1.0,1
EMQX_preprocessed.csv,2072,8,1,1,1.0,1
EMQX_preprocessed.csv,2073,8,1,1,1.0,1
EMQX_preprocessed.csv,2074,8,1,1,1.0,1
EMQX_preprocessed.csv,2075,8,1,1,1.0,1
EMQX_preprocessed.csv,2076,8,1,1,1.0,1
EMQX_preprocessed.csv,2077,8,1,1,1.0,1
EMQX_preprocessed.csv,2078,8,1,1,1.0,1
EMQX_preprocessed.csv,2079,8,1,1,1.0,1
EMQX_preprocessed.csv,2080,9,1,1,1.0,1
EMQX_preprocessed.csv,2081,9,1,1,1.0,1
EMQX_preprocessed.csv,2082,9,1,1,1.0,1
EMQX_preprocessed.csv,2083,9,1,1,1.0,1
EMQX_preprocessed.csv,2084,9,1,1,1.0,1
EMQX_preprocessed.csv,2085,9,1,1,1.0,1
EMQX_preprocessed.csv,2086,9,1,1,1.0,1
EMQX_preprocessed.csv,2087,9,1,1,1.0,1
EMQX_preprocessed.csv,2088,9,1,1,1.0,1
EMQX_preprocessed.csv,2089,9,1,1,1.0,1
EMQX_preprocessed.csv,2090,9,1,1,1.0,1
EMQX_preprocessed.csv,2091,9,1,1,1.0,1
EMQX_preprocessed.csv,2092,9,1,1,1.0,1
EMQX_preprocessed.csv,2093,9,1,1,1.0,1
EMQX_preprocessed.csv,2094,9,1,1,1.0,1
EMQX_preprocessed.csv,2095,9,1,1,1.0,1
EMQX_preprocessed.csv,2096,9,1,1,1.0,1
EMQX_preprocessed.csv,2097,9,1,1,1.0,1
EMQX_preprocessed.csv,2098,9,1,1,1.0,1
EMQX_preprocessed.csv,2099,9,1,1,1.0,1
EMQX_preprocessed.csv,2100,9,1,1,1.0,1
EMQX_preprocessed.csv,2101,9,1,1,1.0,1
EMQX_preprocessed.csv,2102,9,1,1,1.0,1
EMQX_preprocessed.csv,2103,9,1,1,1.0,1
EMQX_preprocessed.csv,2104,9,1,1,1.0,1
EMQX_preprocessed.csv,2105,9,1,1,1.0,1
EMQX_preprocessed.csv,2106,9,1,1,1.0,1
EMQX_preprocessed.csv,2107,9,1,1,1.0,1
EMQX_preprocessed.csv,2108,9,1,1,1.0,1
EMQX_preprocessed.csv,2109,9,1,1,1.0,1
EMQX_preprocessed.csv,2110,9,1,1,1.0,1
EMQX_preprocessed.csv,2111,9,1,1,1.0,1
EMQX_preprocessed.csv,2112,9,1,1,1.0,1
EMQX_preprocessed.csv,2113,9,1,1,1.0,1
EMQX_preprocessed.csv,2114,9,1,1,1.0,1
EMQX_preprocessed.csv,2115,9,1,1,1.0,1
EMQX_preprocessed.csv,2116,9,1,1,1.0,1
EMQX_preprocessed.csv,2117,9,1,1,1.0,1
EMQX_preprocessed.csv,2118,9,1,1,1.0,1
EMQX_preprocessed.csv,2119,9,1,1,1.0,1
EMQX_preprocessed.csv,2120,10,1,1,1.0,1
EMQX_preprocessed.csv,2121,10,1,1,1.0,1
EMQX_preprocessed.csv,2122,10,1,1,1.0,1
EMQX_preprocessed.csv,2123,10,1,1,1.0,1
EMQX_preprocessed.csv,2124,10,1,1,1.0,1
EMQX_preprocessed.csv,2125,10,1,1,1.0,1
EMQX_preprocessed.csv,2126,10,1,1,1.0,1
EMQX_preprocessed.csv,2127,10,1,1,1.0,1
EMQX_preprocessed.csv,2128,10,1,1,1.0,1
EMQX_preprocessed.csv,2129,10,1,1,1.0,1
EMQX_preprocessed.csv,2130,10,1,1,1.0,1
EMQX_preprocessed.csv,2131,10,1,1,1.0,1
EMQX_preprocessed.csv,2132,10,1,1,1.0,1
EMQX_preprocessed.csv,2133,10,1,1,1.0,1
EMQX_preprocessed.csv,2134,10,1,1,1.0,1
EMQX_preprocessed.csv,2135,10,1,1,1.0,1
EMQX_preprocessed.csv,2136,10,1,1,1.0,1
EMQX_preprocessed.csv,2137,10,1,1,1.0,1
EMQX_preprocessed.csv,2138,10,1,1,1.0,1
EMQX_preprocessed.csv,2139,10,1,1,1.0,1
EMQX_preprocessed.csv,2140,10,1,1,1.0,1
EMQX_preprocessed.csv,2141,10,1,1,1.0,1
EMQX_preprocessed.csv,2142,10,1,1,1.0,1
EMQX_preprocessed.csv,2143,10,1,1,1.0,1
EMQX_preprocessed.csv,2144,10,1,1,1.0,1
EMQX_preprocessed.csv,2145,10,1,1,1.0,1
EMQX_preprocessed.csv,2146,10,1,1,1.0,1
EMQX_preprocessed.csv,2147,10,1,1,1.0,1
EMQX_preprocessed.csv,2148,10,1,1,1.0,1
EMQX_preprocessed.csv,2149,10,1,1,1.0,1
EMQX_preprocessed.csv,2150,10,1,1,1.0,1
EMQX_preprocessed.csv,2151,10,1,1,1.0,1
EMQX_preprocessed.csv,2152,10,1,1,1.0,1
EMQX_preprocessed.csv,2153,10,1,1,1.0,1
EMQX_preprocessed.csv,2154,10,1,1,1.0,1
EMQX_preprocessed.csv,2155,10,1,1,1.0,1
EMQX_preprocessed.csv,2156,10,1,1,1.0,1
EMQX_preprocessed.csv,2157,10,1,1,1.0,1
EMQX_preprocessed.csv,2158,10,1,1,1.0,1
EMQX_preprocessed.csv,2159,10,1,1,1.0,1
EMQX_preprocessed.csv,2160,11,1,1,0.9996696710586548,1
EMQX_preprocessed.csv,2161,11,1,1,0.9998273849487305,1
EMQX_preprocessed.csv,2162,11,1,1,0.9949681162834167,1
EMQX_preprocessed.csv,2163,11,1,1,0.999616265296936,1
EMQX_preprocessed.csv,2164,11,1,1,0.9998024106025696,1
EMQX_preprocessed.csv,2165,11,1,1,0.9998146891593933,1
EMQX_preprocessed.csv,2166,11,1,1,0.9998067021369934,1
EMQX_preprocessed.csv,2167,11,1,1,0.9997842907905579,1
EMQX_preprocessed.csv,2168,11,1,0,0.06872289627790451,0
EMQX_preprocessed.csv,2169,11,1,1,0.9994155168533325,1
EMQX_preprocessed.csv,2170,11,1,0,0.13931027054786682,0
EMQX_preprocessed.csv,2171,11,1,1,0.9994605183601379,1
EMQX_preprocessed.csv,2172,11,1,0,0.1374419927597046,0
EMQX_preprocessed.csv,2173,11,1,1,0.999584972858429,1
EMQX_preprocessed.csv,2174,11,1,1,0.9956921935081482,1
EMQX_preprocessed.csv,2175,11,1,1,0.9996780157089233,1
EMQX_preprocessed.csv,2176,11,1,1,0.9998620748519897,1
EMQX_preprocessed.csv,2177,11,1,1,0.9998189806938171,1
EMQX_preprocessed.csv,2178,11,1,1,0.9995991587638855,1
EMQX_preprocessed.csv,2179,11,1,1,0.9996635913848877,1
EMQX_preprocessed.csv,2180,12,1,1,1.0,1
EMQX_preprocessed.csv,2181,12,1,1,1.0,1
EMQX_preprocessed.csv,2182,12,1,1,0.9992409944534302,1
EMQX_preprocessed.csv,2183,12,1,1,1.0,1
EMQX_preprocessed.csv,2184,12,1,1,0.9999998807907104,1
EMQX_preprocessed.csv,2185,12,1,1,1.0,1
EMQX_preprocessed.csv,2186,12,1,1,1.0,1
EMQX_preprocessed.csv,2187,12,1,1,1.0,1
EMQX_preprocessed.csv,2188,12,1,1,1.0,1
EMQX_preprocessed.csv,2189,12,1,1,1.0,1
EMQX_preprocessed.csv,2190,12,1,1,1.0,1
EMQX_preprocessed.csv,2191,12,1,1,1.0,1
EMQX_preprocessed.csv,2192,12,1,1,0.9894590377807617,1
EMQX_preprocessed.csv,2193,12,1,1,0.8102073073387146,1
EMQX_preprocessed.csv,2194,12,1,1,1.0,1
EMQX_preprocessed.csv,2195,12,1,1,1.0,1
EMQX_preprocessed.csv,2196,12,1,1,1.0,1
EMQX_preprocessed.csv,2197,12,1,1,1.0,1
EMQX_preprocessed.csv,2198,12,1,1,1.0,1
EMQX_preprocessed.csv,2199,12,1,1,1.0,1
EMQX_preprocessed.csv,2200,13,1,1,0.8971973061561584,1
EMQX_preprocessed.csv,2201,13,1,0,0.03681635856628418,0
EMQX_preprocessed.csv,2202,13,1,1,0.7455780506134033,1
EMQX_preprocessed.csv,2203,13,1,0,0.07147635519504547,0
EMQX_preprocessed.csv,2204,13,1,1,0.8351485729217529,1
EMQX_preprocessed.csv,2205,13,1,1,0.9206134080886841,1
EMQX_preprocessed.csv,2206,13,1,1,0.9205366969108582,1
EMQX_preprocessed.csv,2207,13,1,0,0.14328612387180328,0
EMQX_preprocessed.csv,2208,13,1,1,0.9976083040237427,1
EMQX_preprocessed.csv,2209,13,1,1,1.0,1
EMQX_preprocessed.csv,2210,13,1,1,0.9285110235214233,1
EMQX_preprocessed.csv,2211,13,1,1,0.9208238124847412,1
EMQX_preprocessed.csv,2212,13,1,0,0.24473096430301666,0
EMQX_preprocessed.csv,2213,13,1,0,0.07744751125574112,0
EMQX_preprocessed.csv,2214,13,1,0,0.10609325021505356,0
EMQX_preprocessed.csv,2215,13,1,1,0.9967579245567322,1
EMQX_preprocessed.csv,2216,13,1,1,0.9962116479873657,1
EMQX_preprocessed.csv,2217,13,1,1,0.7329907417297363,1
EMQX_preprocessed.csv,2218,13,1,0,0.4023871421813965,0
EMQX_preprocessed.csv,2219,13,1,1,0.9999774694442749,1
EMQX_preprocessed.csv,2220,14,1,1,1.0,1
EMQX_preprocessed.csv,2221,14,1,1,1.0,1
EMQX_preprocessed.csv,2222,14,1,1,1.0,1
EMQX_preprocessed.csv,2223,14,1,1,1.0,1
EMQX_preprocessed.csv,2224,14,1,1,1.0,1
EMQX_preprocessed.csv,2225,14,1,1,1.0,1
EMQX_preprocessed.csv,2226,14,1,0,0.01321172621101141,0
EMQX_preprocessed.csv,2227,14,1,1,1.0,1
EMQX_preprocessed.csv,2228,14,1,1,1.0,1
EMQX_preprocessed.csv,2229,14,1,1,1.0,1
EMQX_preprocessed.csv,2230,14,1,1,1.0,1
EMQX_preprocessed.csv,2231,14,1,1,1.0,1
EMQX_preprocessed.csv,2232,14,1,1,1.0,1
EMQX_preprocessed.csv,2233,14,1,1,1.0,1
EMQX_preprocessed.csv,2234,14,1,1,1.0,1
EMQX_preprocessed.csv,2235,14,1,1,1.0,1
EMQX_preprocessed.csv,2236,14,1,1,1.0,1
EMQX_preprocessed.csv,2237,14,1,1,1.0,1
EMQX_preprocessed.csv,2238,14,1,1,1.0,1
EMQX_preprocessed.csv,2239,14,1,1,1.0,1
EMQX_preprocessed.csv,2240,15,1,1,1.0,1
EMQX_preprocessed.csv,2241,15,1,1,1.0,1
EMQX_preprocessed.csv,2242,15,1,1,1.0,1
EMQX_preprocessed.csv,2243,15,1,1,1.0,1
EMQX_preprocessed.csv,2244,15,1,1,1.0,1
EMQX_preprocessed.csv,2245,15,1,1,1.0,1
EMQX_preprocessed.csv,2246,15,1,1,1.0,1
EMQX_preprocessed.csv,2247,15,1,1,1.0,1
EMQX_preprocessed.csv,2248,15,1,1,1.0,1
EMQX_preprocessed.csv,2249,15,1,1,1.0,1
EMQX_preprocessed.csv,2250,15,1,1,1.0,1
EMQX_preprocessed.csv,2251,15,1,1,1.0,1
EMQX_preprocessed.csv,2252,15,1,1,1.0,1
EMQX_preprocessed.csv,2253,15,1,1,1.0,1
EMQX_preprocessed.csv,2254,15,1,1,1.0,1
EMQX_preprocessed.csv,2255,15,1,1,1.0,1
EMQX_preprocessed.csv,2256,15,1,1,1.0,1
EMQX_preprocessed.csv,2257,15,1,1,1.0,1
EMQX_preprocessed.csv,2258,15,1,1,1.0,1
EMQX_preprocessed.csv,2259,15,1,1,1.0,1
EMQX_preprocessed.csv,2260,15,1,1,0.999998927116394,1
EMQX_preprocessed.csv,2261,15,1,1,1.0,1
EMQX_preprocessed.csv,2262,15,1,1,0.9999998807907104,1
EMQX_preprocessed.csv,2263,15,1,1,1.0,1
EMQX_preprocessed.csv,2264,15,1,1,1.0,1
EMQX_preprocessed.csv,2265,15,1,1,0.9999995231628418,1
EMQX_preprocessed.csv,2266,15,1,1,1.0,1
EMQX_preprocessed.csv,2267,15,1,1,1.0,1
EMQX_preprocessed.csv,2268,15,1,1,0.9999995231628418,1
EMQX_preprocessed.csv,2269,15,1,1,1.0,1
EMQX_preprocessed.csv,2270,15,1,1,1.0,1
EMQX_preprocessed.csv,2271,15,1,1,1.0,1
EMQX_preprocessed.csv,2272,15,1,1,1.0,1
EMQX_preprocessed.csv,2273,15,1,1,1.0,1
EMQX_preprocessed.csv,2274,15,1,1,0.9999996423721313,1
EMQX_preprocessed.csv,2275,15,1,1,1.0,1
EMQX_preprocessed.csv,2276,15,1,1,1.0,1
EMQX_preprocessed.csv,2277,15,1,1,1.0,1
EMQX_preprocessed.csv,2278,15,1,1,1.0,1
EMQX_preprocessed.csv,2279,15,1,1,1.0,1
EMQX_preprocessed.csv,2280,15,1,1,1.0,1
EMQX_preprocessed.csv,2281,15,1,1,1.0,1
EMQX_preprocessed.csv,2282,15,1,1,1.0,1
EMQX_preprocessed.csv,2283,15,1,1,1.0,1
EMQX_preprocessed.csv,2284,15,1,1,1.0,1
EMQX_preprocessed.csv,2285,15,1,1,1.0,1
EMQX_preprocessed.csv,2286,15,1,1,1.0,1
EMQX_preprocessed.csv,2287,15,1,1,1.0,1
EMQX_preprocessed.csv,2288,15,1,1,1.0,1
EMQX_preprocessed.csv,2289,15,1,1,1.0,1
EMQX_preprocessed.csv,2290,15,1,1,1.0,1
EMQX_preprocessed.csv,2291,15,1,1,1.0,1
EMQX_preprocessed.csv,2292,15,1,1,1.0,1
EMQX_preprocessed.csv,2293,15,1,1,1.0,1
EMQX_preprocessed.csv,2294,15,1,1,1.0,1
EMQX_preprocessed.csv,2295,15,1,1,1.0,1
EMQX_preprocessed.csv,2296,15,1,1,1.0,1
EMQX_preprocessed.csv,2297,15,1,1,1.0,1
EMQX_preprocessed.csv,2298,15,1,1,1.0,1
EMQX_preprocessed.csv,2299,15,1,1,1.0,1
EMQX_preprocessed.csv,2300,15,1,1,1.0,1
EMQX_preprocessed.csv,2301,15,1,1,1.0,1
EMQX_preprocessed.csv,2302,15,1,1,1.0,1
EMQX_preprocessed.csv,2303,15,1,1,1.0,1
EMQX_preprocessed.csv,2304,15,1,1,1.0,1
EMQX_preprocessed.csv,2305,15,1,1,1.0,1
EMQX_preprocessed.csv,2306,15,1,1,1.0,1
EMQX_preprocessed.csv,2307,15,1,1,1.0,1
EMQX_preprocessed.csv,2308,15,1,1,1.0,1
EMQX_preprocessed.csv,2309,15,1,1,1.0,1
EMQX_preprocessed.csv,2310,15,1,1,1.0,1
EMQX_preprocessed.csv,2311,15,1,1,1.0,1
EMQX_preprocessed.csv,2312,15,1,1,1.0,1
EMQX_preprocessed.csv,2313,15,1,1,1.0,1
EMQX_preprocessed.csv,2314,15,1,1,1.0,1
EMQX_preprocessed.csv,2315,15,1,1,1.0,1
EMQX_preprocessed.csv,2316,15,1,1,1.0,1
EMQX_preprocessed.csv,2317,15,1,1,1.0,1
EMQX_preprocessed.csv,2318,15,1,1,1.0,1
EMQX_preprocessed.csv,2319,15,1,1,1.0,1
EMQX_preprocessed.csv,2320,16,1,1,1.0,1
EMQX_preprocessed.csv,2321,16,1,1,1.0,1
EMQX_preprocessed.csv,2322,16,1,1,1.0,1
EMQX_preprocessed.csv,2323,16,1,1,1.0,1
EMQX_preprocessed.csv,2324,16,1,1,1.0,1
EMQX_preprocessed.csv,2325,16,1,1,1.0,1
EMQX_preprocessed.csv,2326,16,1,1,1.0,1
EMQX_preprocessed.csv,2327,16,1,1,1.0,1
EMQX_preprocessed.csv,2328,16,1,1,1.0,1
EMQX_preprocessed.csv,2329,16,1,1,1.0,1
EMQX_preprocessed.csv,2330,16,1,1,1.0,1
EMQX_preprocessed.csv,2331,16,1,1,1.0,1
EMQX_preprocessed.csv,2332,16,1,1,1.0,1
EMQX_preprocessed.csv,2333,16,1,1,1.0,1
EMQX_preprocessed.csv,2334,16,1,1,1.0,1
EMQX_preprocessed.csv,2335,16,1,1,1.0,1
EMQX_preprocessed.csv,2336,16,1,1,1.0,1
EMQX_preprocessed.csv,2337,16,1,1,1.0,1
EMQX_preprocessed.csv,2338,16,1,1,1.0,1
EMQX_preprocessed.csv,2339,16,1,1,1.0,1
EMQX_preprocessed.csv,2340,16,1,1,1.0,1
EMQX_preprocessed.csv,2341,16,1,1,1.0,1
EMQX_preprocessed.csv,2342,16,1,1,1.0,1
EMQX_preprocessed.csv,2343,16,1,1,1.0,1
EMQX_preprocessed.csv,2344,16,1,1,1.0,1
EMQX_preprocessed.csv,2345,16,1,1,1.0,1
EMQX_preprocessed.csv,2346,16,1,1,1.0,1
EMQX_preprocessed.csv,2347,16,1,1,1.0,1
EMQX_preprocessed.csv,2348,16,1,1,1.0,1
EMQX_preprocessed.csv,2349,16,1,1,1.0,1
EMQX_preprocessed.csv,2350,16,1,1,1.0,1
EMQX_preprocessed.csv,2351,16,1,1,1.0,1
EMQX_preprocessed.csv,2352,16,1,1,1.0,1
EMQX_preprocessed.csv,2353,16,1,1,1.0,1
EMQX_preprocessed.csv,2354,16,1,1,1.0,1
EMQX_preprocessed.csv,2355,16,1,1,1.0,1
EMQX_preprocessed.csv,2356,16,1,1,1.0,1
EMQX_preprocessed.csv,2357,16,1,1,1.0,1
EMQX_preprocessed.csv,2358,16,1,1,1.0,1
EMQX_preprocessed.csv,2359,16,1,1,1.0,1
EMQX_preprocessed.csv,2360,16,1,1,1.0,1
EMQX_preprocessed.csv,2361,16,1,1,1.0,1
EMQX_preprocessed.csv,2362,16,1,1,1.0,1
EMQX_preprocessed.csv,2363,16,1,1,1.0,1
EMQX_preprocessed.csv,2364,16,1,1,1.0,1
EMQX_preprocessed.csv,2365,16,1,1,1.0,1
EMQX_preprocessed.csv,2366,16,1,1,1.0,1
EMQX_preprocessed.csv,2367,16,1,1,1.0,1
EMQX_preprocessed.csv,2368,16,1,1,1.0,1
EMQX_preprocessed.csv,2369,16,1,1,1.0,1
EMQX_preprocessed.csv,2370,16,1,1,1.0,1
EMQX_preprocessed.csv,2371,16,1,1,1.0,1
EMQX_preprocessed.csv,2372,16,1,1,1.0,1
EMQX_preprocessed.csv,2373,16,1,1,1.0,1
EMQX_preprocessed.csv,2374,16,1,1,1.0,1
EMQX_preprocessed.csv,2375,16,1,1,1.0,1
EMQX_preprocessed.csv,2376,16,1,1,1.0,1
EMQX_preprocessed.csv,2377,16,1,1,1.0,1
EMQX_preprocessed.csv,2378,16,1,1,1.0,1
EMQX_preprocessed.csv,2379,16,1,1,1.0,1
EMQX_preprocessed.csv,2380,16,1,1,1.0,1
EMQX_preprocessed.csv,2381,16,1,1,1.0,1
EMQX_preprocessed.csv,2382,16,1,1,1.0,1
EMQX_preprocessed.csv,2383,16,1,1,1.0,1
EMQX_preprocessed.csv,2384,16,1,1,1.0,1
EMQX_preprocessed.csv,2385,16,1,1,1.0,1
EMQX_preprocessed.csv,2386,16,1,1,1.0,1
EMQX_preprocessed.csv,2387,16,1,1,1.0,1
EMQX_preprocessed.csv,2388,16,1,1,1.0,1
EMQX_preprocessed.csv,2389,16,1,1,1.0,1
EMQX_preprocessed.csv,2390,16,1,1,1.0,1
EMQX_preprocessed.csv,2391,16,1,1,1.0,1
EMQX_preprocessed.csv,2392,16,1,1,1.0,1
EMQX_preprocessed.csv,2393,16,1,1,1.0,1
EMQX_preprocessed.csv,2394,16,1,1,1.0,1
EMQX_preprocessed.csv,2395,16,1,1,1.0,1
EMQX_preprocessed.csv,2396,16,1,1,1.0,1
EMQX_preprocessed.csv,2397,16,1,1,1.0,1
EMQX_preprocessed.csv,2398,16,1,1,1.0,1
EMQX_preprocessed.csv,2399,16,1,1,1.0,1
EMQX_preprocessed.csv,2400,17,1,1,1.0,1
EMQX_preprocessed.csv,2401,17,1,1,1.0,1
EMQX_preprocessed.csv,2402,17,1,1,1.0,1
EMQX_preprocessed.csv,2403,17,1,1,1.0,1
EMQX_preprocessed.csv,2404,17,1,1,1.0,1
EMQX_preprocessed.csv,2405,17,1,1,1.0,1
EMQX_preprocessed.csv,2406,17,1,1,1.0,1
EMQX_preprocessed.csv,2407,17,1,1,1.0,1
EMQX_preprocessed.csv,2408,17,1,1,1.0,1
EMQX_preprocessed.csv,2409,17,1,1,1.0,1
EMQX_preprocessed.csv,2410,17,1,1,1.0,1
EMQX_preprocessed.csv,2411,17,1,1,1.0,1
EMQX_preprocessed.csv,2412,17,1,1,1.0,1
EMQX_preprocessed.csv,2413,17,1,1,1.0,1
EMQX_preprocessed.csv,2414,17,1,1,1.0,1
EMQX_preprocessed.csv,2415,17,1,1,1.0,1
EMQX_preprocessed.csv,2416,17,1,1,1.0,1
EMQX_preprocessed.csv,2417,17,1,1,1.0,1
EMQX_preprocessed.csv,2418,17,1,1,1.0,1
EMQX_preprocessed.csv,2419,17,1,1,1.0,1
EMQX_preprocessed.csv,2420,17,1,1,1.0,1
EMQX_preprocessed.csv,2421,17,1,1,1.0,1
EMQX_preprocessed.csv,2422,17,1,1,1.0,1
EMQX_preprocessed.csv,2423,17,1,1,1.0,1
EMQX_preprocessed.csv,2424,17,1,1,1.0,1
EMQX_preprocessed.csv,2425,17,1,1,1.0,1
EMQX_preprocessed.csv,2426,17,1,1,1.0,1
EMQX_preprocessed.csv,2427,17,1,1,1.0,1
EMQX_preprocessed.csv,2428,17,1,1,1.0,1
EMQX_preprocessed.csv,2429,17,1,1,1.0,1
EMQX_preprocessed.csv,2430,17,1,1,1.0,1
EMQX_preprocessed.csv,2431,17,1,1,1.0,1
EMQX_preprocessed.csv,2432,17,1,1,1.0,1
EMQX_preprocessed.csv,2433,17,1,1,1.0,1
EMQX_preprocessed.csv,2434,17,1,1,1.0,1
EMQX_preprocessed.csv,2435,17,1,1,1.0,1
EMQX_preprocessed.csv,2436,17,1,1,1.0,1
EMQX_preprocessed.csv,2437,17,1,1,1.0,1
EMQX_preprocessed.csv,2438,17,1,1,1.0,1
EMQX_preprocessed.csv,2439,17,1,1,1.0,1
EMQX_preprocessed.csv,2440,18,1,0,0.14600436389446259,0
EMQX_preprocessed.csv,2441,18,1,1,0.9992750287055969,1
EMQX_preprocessed.csv,2442,18,1,1,0.999354898929596,1
EMQX_preprocessed.csv,2443,18,1,0,0.03866264969110489,0
EMQX_preprocessed.csv,2444,18,1,1,0.999211311340332,1
EMQX_preprocessed.csv,2445,18,1,0,0.038554154336452484,0
EMQX_preprocessed.csv,2446,18,1,1,0.9991188645362854,1
EMQX_preprocessed.csv,2447,18,1,0,0.05415120720863342,0
EMQX_preprocessed.csv,2448,18,1,1,0.9991161227226257,1
EMQX_preprocessed.csv,2449,18,1,1,0.9992750287055969,1
EMQX_preprocessed.csv,2450,18,1,0,0.03882818669080734,0
EMQX_preprocessed.csv,2451,18,1,0,0.1450180560350418,0
EMQX_preprocessed.csv,2452,18,1,0,0.059249576181173325,0
EMQX_preprocessed.csv,2453,18,1,1,0.9991917014122009,1
EMQX_preprocessed.csv,2454,18,1,0,0.038808755576610565,0
EMQX_preprocessed.csv,2455,18,1,1,0.9993531107902527,1
EMQX_preprocessed.csv,2456,18,1,1,0.9992153644561768,1
EMQX_preprocessed.csv,2457,18,1,1,0.9993516802787781,1
EMQX_preprocessed.csv,2458,18,1,1,0.9992731213569641,1
EMQX_preprocessed.csv,2459,18,1,1,0.999272882938385,1
EMQX_preprocessed.csv,2460,19,1,1,0.9999961853027344,1
EMQX_preprocessed.csv,2461,19,1,1,1.0,1
EMQX_preprocessed.csv,2462,19,1,1,0.9999978542327881,1
EMQX_preprocessed.csv,2463,19,1,1,0.9999970197677612,1
EMQX_preprocessed.csv,2464,19,1,1,0.9999914169311523,1
EMQX_preprocessed.csv,2465,19,1,1,0.9999890327453613,1
EMQX_preprocessed.csv,2466,19,1,1,0.9999994039535522,1
EMQX_preprocessed.csv,2467,19,1,1,0.9999982118606567,1
EMQX_preprocessed.csv,2468,19,1,1,0.9999979734420776,1
EMQX_preprocessed.csv,2469,19,1,1,0.9999998807907104,1
EMQX_preprocessed.csv,2470,19,1,1,1.0,1
EMQX_preprocessed.csv,2471,19,1,1,1.0,1
EMQX_preprocessed.csv,2472,19,1,1,0.9999953508377075,1
EMQX_preprocessed.csv,2473,19,1,1,0.9999994039535522,1
EMQX_preprocessed.csv,2474,19,1,1,0.9999990463256836,1
EMQX_preprocessed.csv,2475,19,1,1,1.0,1
EMQX_preprocessed.csv,2476,19,1,1,0.9999984502792358,1
EMQX_preprocessed.csv,2477,19,1,1,0.9999998807907104,1
EMQX_preprocessed.csv,2478,19,1,1,0.9999998807907104,1
EMQX_preprocessed.csv,2479,19,1,1,0.9999991655349731,1
EMQX_preprocessed.csv,2480,20,1,1,0.9999217987060547,1
EMQX_preprocessed.csv,2481,20,1,1,0.9999560117721558,1
EMQX_preprocessed.csv,2482,20,1,1,0.9999508857727051,1
EMQX_preprocessed.csv,2483,20,1,1,0.9999874830245972,1
EMQX_preprocessed.csv,2484,20,1,1,0.9999825954437256,1
EMQX_preprocessed.csv,2485,20,1,1,1.0,1
EMQX_preprocessed.csv,2486,20,1,1,0.9999144077301025,1
EMQX_preprocessed.csv,2487,20,1,1,1.0,1
EMQX_preprocessed.csv,2488,20,1,1,0.9999788999557495,1
EMQX_preprocessed.csv,2489,20,1,1,1.0,1
EMQX_preprocessed.csv,2490,20,1,1,0.9999873638153076,1
EMQX_preprocessed.csv,2491,20,1,1,1.0,1
EMQX_preprocessed.csv,2492,20,1,1,1.0,1
EMQX_preprocessed.csv,2493,20,1,1,0.9999855756759644,1
EMQX_preprocessed.csv,2494,20,1,1,0.9999845027923584,1
EMQX_preprocessed.csv,2495,20,1,1,1.0,1
EMQX_preprocessed.csv,2496,20,1,1,0.9999982118606567,1
EMQX_preprocessed.csv,2497,20,1,1,0.9999978542327881,1
EMQX_preprocessed.csv,2498,20,1,1,0.9999982118606567,1
EMQX_preprocessed.csv,2499,20,1,1,0.9999910593032837,1
EMQX_preprocessed.csv,2500,21,1,1,0.9998669624328613,1
EMQX_preprocessed.csv,2501,21,1,1,0.999976396560669,1
EMQX_preprocessed.csv,2502,21,1,1,0.9998767375946045,1
EMQX_preprocessed.csv,2503,21,1,1,0.9999749660491943,1
EMQX_preprocessed.csv,2504,21,1,1,0.9999834299087524,1
EMQX_preprocessed.csv,2505,21,1,1,1.0,1
EMQX_preprocessed.csv,2506,21,1,1,0.9999759197235107,1
EMQX_preprocessed.csv,2507,21,1,1,0.999972939491272,1
EMQX_preprocessed.csv,2508,21,1,1,1.0,1
EMQX_preprocessed.csv,2509,21,1,1,0.9999821186065674,1
EMQX_preprocessed.csv,2510,21,1,1,0.999861478805542,1
EMQX_preprocessed.csv,2511,21,1,1,1.0,1
EMQX_preprocessed.csv,2512,21,1,1,0.9999361038208008,1
EMQX_preprocessed.csv,2513,21,1,1,0.9999767541885376,1
EMQX_preprocessed.csv,2514,21,1,1,0.999985933303833,1
EMQX_preprocessed.csv,2515,21,1,1,1.0,1
EMQX_preprocessed.csv,2516,21,1,1,1.0,1
EMQX_preprocessed.csv,2517,21,1,1,0.9999841451644897,1
EMQX_preprocessed.csv,2518,21,1,1,0.9998394250869751,1
EMQX_preprocessed.csv,2519,21,1,1,0.9998354911804199,1
EMQX_preprocessed.csv,2520,21,1,1,0.9999728202819824,1
EMQX_preprocessed.csv,2521,21,1,1,0.9999380111694336,1
EMQX_preprocessed.csv,2522,21,1,1,0.9999710321426392,1
EMQX_preprocessed.csv,2523,21,1,1,1.0,1
EMQX_preprocessed.csv,2524,21,1,1,0.9999477863311768,1
EMQX_preprocessed.csv,2525,21,1,1,0.9999605417251587,1
EMQX_preprocessed.csv,2526,21,1,1,0.9998308420181274,1
EMQX_preprocessed.csv,2527,21,1,1,0.999948263168335,1
EMQX_preprocessed.csv,2528,21,1,1,0.9999607801437378,1
EMQX_preprocessed.csv,2529,21,1,1,0.9997791647911072,1
EMQX_preprocessed.csv,2530,21,1,1,0.9999936819076538,1
EMQX_preprocessed.csv,2531,21,1,1,0.9999790191650391,1
EMQX_preprocessed.csv,2532,21,1,1,0.9997220635414124,1
EMQX_preprocessed.csv,2533,21,1,1,1.0,1
EMQX_preprocessed.csv,2534,21,1,1,1.0,1
EMQX_preprocessed.csv,2535,21,1,1,1.0,1
EMQX_preprocessed.csv,2536,21,1,1,1.0,1
EMQX_preprocessed.csv,2537,21,1,1,1.0,1
EMQX_preprocessed.csv,2538,21,1,1,0.9998641014099121,1
EMQX_preprocessed.csv,2539,21,1,1,0.9998911619186401,1
EMQX_preprocessed.csv,2540,21,1,1,1.0,1
EMQX_preprocessed.csv,2541,21,1,1,1.0,1
EMQX_preprocessed.csv,2542,21,1,1,1.0,1
EMQX_preprocessed.csv,2543,21,1,1,1.0,1
EMQX_preprocessed.csv,2544,21,1,1,1.0,1
EMQX_preprocessed.csv,2545,21,1,1,1.0,1
EMQX_preprocessed.csv,2546,21,1,1,1.0,1
EMQX_preprocessed.csv,2547,21,1,1,1.0,1
EMQX_preprocessed.csv,2548,21,1,1,1.0,1
EMQX_preprocessed.csv,2549,21,1,1,1.0,1
EMQX_preprocessed.csv,2550,21,1,1,1.0,1
EMQX_preprocessed.csv,2551,21,1,1,1.0,1
EMQX_preprocessed.csv,2552,21,1,1,1.0,1
EMQX_preprocessed.csv,2553,21,1,1,1.0,1
EMQX_preprocessed.csv,2554,21,1,1,1.0,1
EMQX_preprocessed.csv,2555,21,1,1,1.0,1
EMQX_preprocessed.csv,2556,21,1,1,1.0,1
EMQX_preprocessed.csv,2557,21,1,1,1.0,1
EMQX_preprocessed.csv,2558,21,1,1,1.0,1
EMQX_preprocessed.csv,2559,21,1,1,1.0,1
EMQX_preprocessed.csv,2560,22,1,0,0.060279760509729385,0
EMQX_preprocessed.csv,2561,22,1,1,0.9996422529220581,1
EMQX_preprocessed.csv,2562,22,1,0,0.08552007377147675,0
EMQX_preprocessed.csv,2563,22,1,0,0.06067250296473503,0
EMQX_preprocessed.csv,2564,22,1,1,0.9996364116668701,1
EMQX_preprocessed.csv,2565,22,1,0,0.2714040279388428,0
EMQX_preprocessed.csv,2566,22,1,1,0.9995670914649963,1
EMQX_preprocessed.csv,2567,22,1,1,0.9996384382247925,1
EMQX_preprocessed.csv,2568,22,1,1,0.9996238946914673,1
EMQX_preprocessed.csv,2569,22,1,1,0.9995655417442322,1
EMQX_preprocessed.csv,2570,22,1,0,0.09421633183956146,0
EMQX_preprocessed.csv,2571,22,1,1,0.9994704127311707,1
EMQX_preprocessed.csv,2572,22,1,0,0.06035040318965912,0
EMQX_preprocessed.csv,2573,22,1,1,0.9996852874755859,1
EMQX_preprocessed.csv,2574,22,1,1,0.9996347427368164,1
EMQX_preprocessed.csv,2575,22,1,1,0.9997043013572693,1
EMQX_preprocessed.csv,2576,22,1,1,0.9996175765991211,1
EMQX_preprocessed.csv,2577,22,1,1,0.9996652603149414,1
EMQX_preprocessed.csv,2578,22,1,0,0.21561166644096375,0
EMQX_preprocessed.csv,2579,22,1,0,0.06049366295337677,0
EMQX_preprocessed.csv,2580,23,1,1,0.9999982118606567,1
EMQX_preprocessed.csv,2581,23,1,1,0.9999864101409912,1
EMQX_preprocessed.csv,2582,23,1,1,1.0,1
EMQX_preprocessed.csv,2583,23,1,1,0.9999922513961792,1
EMQX_preprocessed.csv,2584,23,1,1,0.9999819993972778,1
EMQX_preprocessed.csv,2585,23,1,1,1.0,1
EMQX_preprocessed.csv,2586,23,1,1,0.9999996423721313,1
EMQX_preprocessed.csv,2587,23,1,1,0.9999980926513672,1
EMQX_preprocessed.csv,2588,23,1,1,0.9999996423721313,1
EMQX_preprocessed.csv,2589,23,1,1,0.9999910593032837,1
EMQX_preprocessed.csv,2590,23,1,1,0.9999573230743408,1
EMQX_preprocessed.csv,2591,23,1,1,0.9999970197677612,1
EMQX_preprocessed.csv,2592,23,1,1,0.9999912977218628,1
EMQX_preprocessed.csv,2593,23,1,1,0.9999996423721313,1
EMQX_preprocessed.csv,2594,23,1,1,1.0,1
EMQX_preprocessed.csv,2595,23,1,1,1.0,1
EMQX_preprocessed.csv,2596,23,1,1,1.0,1
EMQX_preprocessed.csv,2597,23,1,1,1.0,1
EMQX_preprocessed.csv,2598,23,1,1,0.9999667406082153,1
EMQX_preprocessed.csv,2599,23,1,1,0.999984622001648,1
EMQX_preprocessed.csv,2600,24,1,1,0.9998477697372437,1
EMQX_preprocessed.csv,2601,24,1,1,0.9999707937240601,1
EMQX_preprocessed.csv,2602,24,1,1,1.0,1
EMQX_preprocessed.csv,2603,24,1,1,0.9998586177825928,1
EMQX_preprocessed.csv,2604,24,1,1,0.9999539852142334,1
EMQX_preprocessed.csv,2605,24,1,1,0.99982088804245,1
EMQX_preprocessed.csv,2606,24,1,1,0.9999951124191284,1
EMQX_preprocessed.csv,2607,24,1,1,1.0,1
EMQX_preprocessed.csv,2608,24,1,1,0.9999685287475586,1
EMQX_preprocessed.csv,2609,24,1,1,0.9999790191650391,1
EMQX_preprocessed.csv,2610,24,1,1,1.0,1
EMQX_preprocessed.csv,2611,24,1,1,1.0,1
EMQX_preprocessed.csv,2612,24,1,1,1.0,1
EMQX_preprocessed.csv,2613,24,1,1,0.9999176263809204,1
EMQX_preprocessed.csv,2614,24,1,1,1.0,1
EMQX_preprocessed.csv,2615,24,1,1,1.0,1
EMQX_preprocessed.csv,2616,24,1,1,0.9999595880508423,1
EMQX_preprocessed.csv,2617,24,1,1,0.9999942779541016,1
EMQX_preprocessed.csv,2618,24,1,1,1.0,1
EMQX_preprocessed.csv,2619,24,1,1,0.9999707937240601,1
EMQX_preprocessed.csv,2620,25,1,1,1.0,1
EMQX_preprocessed.csv,2621,25,1,1,1.0,1
EMQX_preprocessed.csv,2622,25,1,1,1.0,1
EMQX_preprocessed.csv,2623,25,1,1,1.0,1
EMQX_preprocessed.csv,2624,25,1,1,1.0,1
EMQX_preprocessed.csv,2625,25,1,1,1.0,1
EMQX_preprocessed.csv,2626,25,1,1,1.0,1
EMQX_preprocessed.csv,2627,25,1,1,1.0,1
EMQX_preprocessed.csv,2628,25,1,1,1.0,1
EMQX_preprocessed.csv,2629,25,1,1,1.0,1
EMQX_preprocessed.csv,2630,25,1,1,1.0,1
EMQX_preprocessed.csv,2631,25,1,1,1.0,1
EMQX_preprocessed.csv,2632,25,1,1,1.0,1
EMQX_preprocessed.csv,2633,25,1,1,1.0,1
EMQX_preprocessed.csv,2634,25,1,1,1.0,1
EMQX_preprocessed.csv,2635,25,1,1,1.0,1
EMQX_preprocessed.csv,2636,25,1,1,1.0,1
EMQX_preprocessed.csv,2637,25,1,1,1.0,1
EMQX_preprocessed.csv,2638,25,1,1,1.0,1
EMQX_preprocessed.csv,2639,25,1,1,1.0,1
EMQX_preprocessed.csv,2640,26,1,1,1.0,1
EMQX_preprocessed.csv,2641,26,1,1,1.0,1
EMQX_preprocessed.csv,2642,26,1,1,1.0,1
EMQX_preprocessed.csv,2643,26,1,1,1.0,1
EMQX_preprocessed.csv,2644,26,1,1,1.0,1
EMQX_preprocessed.csv,2645,26,1,1,1.0,1
EMQX_preprocessed.csv,2646,26,1,1,1.0,1
EMQX_preprocessed.csv,2647,26,1,1,1.0,1
EMQX_preprocessed.csv,2648,26,1,1,1.0,1
EMQX_preprocessed.csv,2649,26,1,1,1.0,1
EMQX_preprocessed.csv,2650,26,1,1,1.0,1
EMQX_preprocessed.csv,2651,26,1,1,1.0,1
EMQX_preprocessed.csv,2652,26,1,1,1.0,1
EMQX_preprocessed.csv,2653,26,1,1,1.0,1
EMQX_preprocessed.csv,2654,26,1,1,1.0,1
EMQX_preprocessed.csv,2655,26,1,1,1.0,1
EMQX_preprocessed.csv,2656,26,1,1,1.0,1
EMQX_preprocessed.csv,2657,26,1,1,1.0,1
EMQX_preprocessed.csv,2658,26,1,1,1.0,1
EMQX_preprocessed.csv,2659,26,1,1,1.0,1
EMQX_preprocessed.csv,2660,27,1,1,1.0,1
EMQX_preprocessed.csv,2661,27,1,1,1.0,1
EMQX_preprocessed.csv,2662,27,1,1,1.0,1
EMQX_preprocessed.csv,2663,27,1,1,1.0,1
EMQX_preprocessed.csv,2664,27,1,1,1.0,1
EMQX_preprocessed.csv,2665,27,1,1,1.0,1
EMQX_preprocessed.csv,2666,27,1,1,1.0,1
EMQX_preprocessed.csv,2667,27,1,1,1.0,1
EMQX_preprocessed.csv,2668,27,1,1,1.0,1
EMQX_preprocessed.csv,2669,27,1,1,1.0,1
EMQX_preprocessed.csv,2670,27,1,1,1.0,1
EMQX_preprocessed.csv,2671,27,1,1,1.0,1
EMQX_preprocessed.csv,2672,27,1,1,1.0,1
EMQX_preprocessed.csv,2673,27,1,1,1.0,1
EMQX_preprocessed.csv,2674,27,1,1,1.0,1
EMQX_preprocessed.csv,2675,27,1,1,1.0,1
EMQX_preprocessed.csv,2676,27,1,1,1.0,1
EMQX_preprocessed.csv,2677,27,1,1,1.0,1
EMQX_preprocessed.csv,2678,27,1,1,1.0,1
EMQX_preprocessed.csv,2679,27,1,1,1.0,1
EMQX_preprocessed.csv,2680,28,1,1,1.0,1
EMQX_preprocessed.csv,2681,28,1,1,1.0,1
EMQX_preprocessed.csv,2682,28,1,1,1.0,1
EMQX_preprocessed.csv,2683,28,1,1,1.0,1
EMQX_preprocessed.csv,2684,28,1,1,1.0,1
EMQX_preprocessed.csv,2685,28,1,1,1.0,1
EMQX_preprocessed.csv,2686,28,1,1,1.0,1
EMQX_preprocessed.csv,2687,28,1,1,1.0,1
EMQX_preprocessed.csv,2688,28,1,1,1.0,1
EMQX_preprocessed.csv,2689,28,1,1,1.0,1
EMQX_preprocessed.csv,2690,28,1,1,1.0,1
EMQX_preprocessed.csv,2691,28,1,1,1.0,1
EMQX_preprocessed.csv,2692,28,1,1,1.0,1
EMQX_preprocessed.csv,2693,28,1,1,1.0,1
EMQX_preprocessed.csv,2694,28,1,1,1.0,1
EMQX_preprocessed.csv,2695,28,1,1,1.0,1
EMQX_preprocessed.csv,2696,28,1,1,1.0,1
EMQX_preprocessed.csv,2697,28,1,1,1.0,1
EMQX_preprocessed.csv,2698,28,1,1,1.0,1
EMQX_preprocessed.csv,2699,28,1,1,1.0,1
EMQX_preprocessed.csv,2700,29,1,1,1.0,1
EMQX_preprocessed.csv,2701,29,1,1,1.0,1
EMQX_preprocessed.csv,2702,29,1,1,1.0,1
EMQX_preprocessed.csv,2703,29,1,1,1.0,1
EMQX_preprocessed.csv,2704,29,1,1,1.0,1
EMQX_preprocessed.csv,2705,29,1,1,1.0,1
EMQX_preprocessed.csv,2706,29,1,1,1.0,1
EMQX_preprocessed.csv,2707,29,1,1,1.0,1
EMQX_preprocessed.csv,2708,29,1,1,1.0,1
EMQX_preprocessed.csv,2709,29,1,1,1.0,1
EMQX_preprocessed.csv,2710,29,1,1,1.0,1
EMQX_preprocessed.csv,2711,29,1,1,1.0,1
EMQX_preprocessed.csv,2712,29,1,1,1.0,1
EMQX_preprocessed.csv,2713,29,1,1,1.0,1
EMQX_preprocessed.csv,2714,29,1,1,1.0,1
EMQX_preprocessed.csv,2715,29,1,1,1.0,1
EMQX_preprocessed.csv,2716,29,1,1,1.0,1
EMQX_preprocessed.csv,2717,29,1,1,1.0,1
EMQX_preprocessed.csv,2718,29,1,1,1.0,1
EMQX_preprocessed.csv,2719,29,1,1,1.0,1
EMQX_preprocessed.csv,2720,30,1,1,1.0,1
EMQX_preprocessed.csv,2721,30,1,1,1.0,1
EMQX_preprocessed.csv,2722,30,1,1,1.0,1
EMQX_preprocessed.csv,2723,30,1,1,1.0,1
EMQX_preprocessed.csv,2724,30,1,1,1.0,1
EMQX_preprocessed.csv,2725,30,1,1,1.0,1
EMQX_preprocessed.csv,2726,30,1,1,1.0,1
EMQX_preprocessed.csv,2727,30,1,1,1.0,1
EMQX_preprocessed.csv,2728,30,1,1,1.0,1
EMQX_preprocessed.csv,2729,30,1,1,1.0,1
EMQX_preprocessed.csv,2730,30,1,1,1.0,1
EMQX_preprocessed.csv,2731,30,1,1,1.0,1
EMQX_preprocessed.csv,2732,30,1,1,1.0,1
EMQX_preprocessed.csv,2733,30,1,1,1.0,1
EMQX_preprocessed.csv,2734,30,1,1,1.0,1
EMQX_preprocessed.csv,2735,30,1,1,1.0,1
EMQX_preprocessed.csv,2736,30,1,1,1.0,1
EMQX_preprocessed.csv,2737,30,1,1,1.0,1
EMQX_preprocessed.csv,2738,30,1,1,1.0,1
EMQX_preprocessed.csv,2739,30,1,1,1.0,1
EMQX_preprocessed.csv,2740,32,1,1,1.0,1
EMQX_preprocessed.csv,2741,32,1,1,1.0,1
EMQX_preprocessed.csv,2742,32,1,1,1.0,1
EMQX_preprocessed.csv,2743,32,1,1,0.9999996423721313,1
EMQX_preprocessed.csv,2744,32,1,1,1.0,1
EMQX_preprocessed.csv,2745,32,1,1,1.0,1
EMQX_preprocessed.csv,2746,32,1,1,1.0,1
EMQX_preprocessed.csv,2747,32,1,1,1.0,1
EMQX_preprocessed.csv,2748,32,1,1,1.0,1
EMQX_preprocessed.csv,2749,32,1,1,0.9999994039535522,1
EMQX_preprocessed.csv,2750,32,1,1,1.0,1
EMQX_preprocessed.csv,2751,32,1,1,1.0,1
EMQX_preprocessed.csv,2752,32,1,1,1.0,1
EMQX_preprocessed.csv,2753,32,1,1,1.0,1
EMQX_preprocessed.csv,2754,32,1,1,0.9999991655349731,1
EMQX_preprocessed.csv,2755,32,1,1,1.0,1
EMQX_preprocessed.csv,2756,32,1,1,1.0,1
EMQX_preprocessed.csv,2757,32,1,1,1.0,1
EMQX_preprocessed.csv,2758,32,1,1,1.0,1
EMQX_preprocessed.csv,2759,32,1,1,0.9999995231628418,1
