dataset_name,tcp.stream,Tag,true_binary,pred_binary,pred_prob_violation,correct
Final-NanSET_preprocessed.csv,0,-1,0,0,0.004715669434517622,1
Final-NanSET_preprocessed.csv,1,-1,0,0,0.00023490277817472816,1
Final-NanSET_preprocessed.csv,2,-1,0,0,0.007298523560166359,1
Final-NanSET_preprocessed.csv,3,-1,0,0,0.006541895214468241,1
Final-NanSET_preprocessed.csv,4,-1,0,0,0.0007944112876430154,1
Final-NanSET_preprocessed.csv,5,-1,0,0,0.0027114320546388626,1
Final-NanSET_preprocessed.csv,6,-1,0,0,0.05885046347975731,1
Final-NanSET_preprocessed.csv,7,-1,0,0,0.0006327758892439306,1
Final-NanSET_preprocessed.csv,8,-1,0,0,0.008168008178472519,1
Final-NanSET_preprocessed.csv,9,-1,0,0,0.008894342929124832,1
Final-NanSET_preprocessed.csv,10,-1,0,0,0.009334987960755825,1
Final-NanSET_preprocessed.csv,11,-1,0,0,0.0011485503055155277,1
Final-NanSET_preprocessed.csv,12,-1,0,0,0.09278778731822968,1
Final-NanSET_preprocessed.csv,13,-1,0,0,0.010281137190759182,1
Final-NanSET_preprocessed.csv,14,-1,0,0,0.0005336949252523482,1
Final-NanSET_preprocessed.csv,15,-1,0,0,0.008320423774421215,1
Final-NanSET_preprocessed.csv,16,-1,0,0,0.001044801902025938,1
Final-NanSET_preprocessed.csv,17,-1,0,0,0.007316753268241882,1
Final-NanSET_preprocessed.csv,18,-1,0,0,0.009412962943315506,1
Final-NanSET_preprocessed.csv,19,-1,0,0,0.007446219213306904,1
Final-NanSET_preprocessed.csv,20,-1,0,0,0.0007402526680380106,1
Final-NanSET_preprocessed.csv,21,-1,0,0,0.0008844250696711242,1
Final-NanSET_preprocessed.csv,22,-1,0,0,0.000905205903109163,1
Final-NanSET_preprocessed.csv,23,-1,0,0,0.019058072939515114,1
Final-NanSET_preprocessed.csv,24,-1,0,0,0.00035545299760997295,1
Final-NanSET_preprocessed.csv,25,-1,0,0,0.0008362703374586999,1
Final-NanSET_preprocessed.csv,26,-1,0,0,0.0012914385879412293,1
Final-NanSET_preprocessed.csv,27,-1,0,0,0.04884304478764534,1
Final-NanSET_preprocessed.csv,28,-1,0,0,0.01003351528197527,1
Final-NanSET_preprocessed.csv,29,-1,0,0,0.0008871841710060835,1
Final-NanSET_preprocessed.csv,30,-1,0,0,0.0032748887315392494,1
Final-NanSET_preprocessed.csv,31,-1,0,0,0.0034041861072182655,1
Final-NanSET_preprocessed.csv,32,-1,0,0,0.040253233164548874,1
Final-NanSET_preprocessed.csv,33,-1,0,0,0.00954979658126831,1
Final-NanSET_preprocessed.csv,34,-1,0,0,0.002630846807733178,1
Final-NanSET_preprocessed.csv,35,-1,0,0,0.0007721878937445581,1
Final-NanSET_preprocessed.csv,36,-1,0,0,0.0017537394305691123,1
Final-NanSET_preprocessed.csv,37,-1,0,0,0.051016002893447876,1
Final-NanSET_preprocessed.csv,38,-1,0,0,0.009088333696126938,1
Final-NanSET_preprocessed.csv,39,-1,0,0,0.00020733832207042724,1
Final-NanSET_preprocessed.csv,40,-1,0,0,0.00026970842736773193,1
Final-NanSET_preprocessed.csv,41,-1,0,0,0.0010527711128816009,1
Final-NanSET_preprocessed.csv,42,-1,0,0,0.0016965062823146582,1
Final-NanSET_preprocessed.csv,43,-1,0,0,0.0006545948563143611,1
Final-NanSET_preprocessed.csv,44,-1,0,0,0.005510113202035427,1
Final-NanSET_preprocessed.csv,45,-1,0,0,0.0014860449591651559,1
Final-NanSET_preprocessed.csv,46,-1,0,0,0.0007254991796799004,1
Final-NanSET_preprocessed.csv,47,-1,0,0,0.0014746560482308269,1
Final-NanSET_preprocessed.csv,48,-1,0,0,0.0033354228362441063,1
Final-NanSET_preprocessed.csv,49,-1,0,0,0.0026181216817349195,1
Final-NanSET_preprocessed.csv,50,-1,0,0,0.009763229638338089,1
Final-NanSET_preprocessed.csv,51,-1,0,0,0.0044290716759860516,1
Final-NanSET_preprocessed.csv,52,-1,0,0,0.0023731784895062447,1
Final-NanSET_preprocessed.csv,53,-1,0,0,0.0002763035299722105,1
Final-NanSET_preprocessed.csv,54,-1,0,0,0.009036594070494175,1
Final-NanSET_preprocessed.csv,55,-1,0,0,0.0007423624629154801,1
Final-NanSET_preprocessed.csv,56,-1,0,0,0.010545761324465275,1
Final-NanSET_preprocessed.csv,57,-1,0,0,0.001014990033581853,1
Final-NanSET_preprocessed.csv,58,-1,0,0,0.0013416185975074768,1
Final-NanSET_preprocessed.csv,59,-1,0,0,0.025673847645521164,1
Final-NanSET_preprocessed.csv,60,-1,0,0,0.000357592711225152,1
Final-NanSET_preprocessed.csv,61,-1,0,0,0.025514641776680946,1
Final-NanSET_preprocessed.csv,62,-1,0,0,0.002997668692842126,1
Final-NanSET_preprocessed.csv,63,-1,0,0,0.008356355130672455,1
Final-NanSET_preprocessed.csv,64,-1,0,0,0.0021372856572270393,1
Final-NanSET_preprocessed.csv,65,-1,0,0,0.0653485506772995,1
Final-NanSET_preprocessed.csv,66,-1,0,0,0.00019518070621415973,1
Final-NanSET_preprocessed.csv,67,-1,0,0,0.003077153814956546,1
Final-NanSET_preprocessed.csv,68,-1,0,0,0.00461845938116312,1
Final-NanSET_preprocessed.csv,69,-1,0,0,0.01819717139005661,1
Final-NanSET_preprocessed.csv,70,-1,0,0,0.005901751574128866,1
Final-NanSET_preprocessed.csv,71,-1,0,0,0.01341349445283413,1
Final-NanSET_preprocessed.csv,72,-1,0,0,0.006056859157979488,1
Final-NanSET_preprocessed.csv,73,-1,0,0,0.001756233861669898,1
Final-NanSET_preprocessed.csv,74,-1,0,0,0.0003396477550268173,1
Final-NanSET_preprocessed.csv,75,-1,0,0,0.04198155552148819,1
Final-NanSET_preprocessed.csv,76,-1,0,0,0.00967440940439701,1
Final-NanSET_preprocessed.csv,77,-1,0,0,0.0024661312345415354,1
Final-NanSET_preprocessed.csv,78,-1,0,0,0.0018719870131462812,1
Final-NanSET_preprocessed.csv,79,-1,0,0,0.026455098763108253,1
Final-NanSET_preprocessed.csv,80,-1,0,0,0.003871442750096321,1
Final-NanSET_preprocessed.csv,81,-1,0,0,0.006361047271639109,1
Final-NanSET_preprocessed.csv,82,-1,0,0,0.017971569672226906,1
Final-NanSET_preprocessed.csv,83,-1,0,0,0.0048985350877046585,1
Final-NanSET_preprocessed.csv,84,-1,0,0,0.023996304720640182,1
Final-NanSET_preprocessed.csv,85,-1,0,0,0.001167678041383624,1
Final-NanSET_preprocessed.csv,86,-1,0,0,0.006704831495881081,1
Final-NanSET_preprocessed.csv,87,-1,0,0,0.0006051426753401756,1
Final-NanSET_preprocessed.csv,88,-1,0,0,0.029498258605599403,1
Final-NanSET_preprocessed.csv,89,-1,0,0,0.014450921677052975,1
Final-NanSET_preprocessed.csv,90,-1,0,0,0.007561928126960993,1
Final-NanSET_preprocessed.csv,91,-1,0,0,0.006406519562005997,1
Final-NanSET_preprocessed.csv,92,-1,0,0,0.0014439256628975272,1
Final-NanSET_preprocessed.csv,93,-1,0,0,0.0043156142346560955,1
Final-NanSET_preprocessed.csv,94,-1,0,0,0.005225585773587227,1
Final-NanSET_preprocessed.csv,95,-1,0,0,0.0002577585692051798,1
Final-NanSET_preprocessed.csv,96,-1,0,0,0.005307123064994812,1
Final-NanSET_preprocessed.csv,97,-1,0,0,0.008031136356294155,1
Final-NanSET_preprocessed.csv,98,-1,0,0,0.0006005610339343548,1
Final-NanSET_preprocessed.csv,99,-1,0,0,0.002791261300444603,1
Final-NanSET_preprocessed.csv,100,-1,0,0,0.0028468985110521317,1
Final-NanSET_preprocessed.csv,101,-1,0,0,0.006899909116327763,1
Final-NanSET_preprocessed.csv,102,-1,0,0,0.00269280094653368,1
Final-NanSET_preprocessed.csv,103,-1,0,0,0.0007890599081292748,1
Final-NanSET_preprocessed.csv,104,-1,0,0,0.0010589618468657136,1
Final-NanSET_preprocessed.csv,105,-1,0,0,0.003563500940799713,1
Final-NanSET_preprocessed.csv,106,-1,0,0,0.0006553233251906931,1
Final-NanSET_preprocessed.csv,107,-1,0,0,0.010345390066504478,1
Final-NanSET_preprocessed.csv,108,-1,0,0,0.0042695701122283936,1
Final-NanSET_preprocessed.csv,109,-1,0,0,0.0041002193465828896,1
Final-NanSET_preprocessed.csv,110,-1,0,0,0.023676173761487007,1
Final-NanSET_preprocessed.csv,111,-1,0,0,0.000406668841606006,1
Final-NanSET_preprocessed.csv,112,-1,0,0,0.0017134821973741055,1
Final-NanSET_preprocessed.csv,113,-1,0,0,0.0017544716829434037,1
Final-NanSET_preprocessed.csv,114,-1,0,0,0.0023171426728367805,1
Final-NanSET_preprocessed.csv,115,-1,0,0,0.0024333703331649303,1
Final-NanSET_preprocessed.csv,116,-1,0,0,0.0018366571748629212,1
Final-NanSET_preprocessed.csv,117,-1,0,0,0.0008514572400599718,1
Final-NanSET_preprocessed.csv,118,-1,0,0,0.003923043608665466,1
Final-NanSET_preprocessed.csv,119,-1,0,0,0.007568132132291794,1
Final-NanSET_preprocessed.csv,120,-1,0,0,0.0013664280995726585,1
Final-NanSET_preprocessed.csv,121,-1,0,0,0.0018729896983131766,1
Final-NanSET_preprocessed.csv,122,-1,0,0,0.001904148026369512,1
Final-NanSET_preprocessed.csv,123,-1,0,0,0.006214009132236242,1
Final-NanSET_preprocessed.csv,124,-1,0,0,0.022067129611968994,1
Final-NanSET_preprocessed.csv,125,-1,0,0,0.003885159268975258,1
Final-NanSET_preprocessed.csv,126,-1,0,0,0.00872773863375187,1
Final-NanSET_preprocessed.csv,127,-1,0,0,0.0020973007194697857,1
Final-NanSET_preprocessed.csv,128,-1,0,0,0.0033622714690864086,1
Final-NanSET_preprocessed.csv,129,-1,0,0,0.0011005302658304572,1
Final-NanSET_preprocessed.csv,130,-1,0,0,0.00542061310261488,1
Final-NanSET_preprocessed.csv,131,-1,0,0,0.000848249183036387,1
Final-NanSET_preprocessed.csv,132,-1,0,0,0.013585146516561508,1
Final-NanSET_preprocessed.csv,133,-1,0,0,0.0012905538314953446,1
Final-NanSET_preprocessed.csv,134,-1,0,0,0.009281978011131287,1
Final-NanSET_preprocessed.csv,135,-1,0,0,0.008732517249882221,1
Final-NanSET_preprocessed.csv,136,-1,0,0,0.0007126948912627995,1
Final-NanSET_preprocessed.csv,137,-1,0,0,0.005814995616674423,1
Final-NanSET_preprocessed.csv,138,-1,0,0,0.0001765085180522874,1
Final-NanSET_preprocessed.csv,139,-1,0,0,0.0027397782541811466,1
Final-NanSET_preprocessed.csv,140,-1,0,0,0.038600288331508636,1
Final-NanSET_preprocessed.csv,141,-1,0,0,0.0018282735254615545,1
Final-NanSET_preprocessed.csv,142,-1,0,0,0.0005566451582126319,1
Final-NanSET_preprocessed.csv,143,-1,0,0,0.003767061745747924,1
Final-NanSET_preprocessed.csv,144,-1,0,0,0.00943909864872694,1
Final-NanSET_preprocessed.csv,145,-1,0,0,0.0044578672386705875,1
Final-NanSET_preprocessed.csv,146,-1,0,0,0.007465492933988571,1
Final-NanSET_preprocessed.csv,147,-1,0,0,0.00856704544275999,1
Final-NanSET_preprocessed.csv,148,-1,0,0,0.0018860490527004004,1
Final-NanSET_preprocessed.csv,149,-1,0,0,0.0006854541134089231,1
Final-NanSET_preprocessed.csv,150,-1,0,0,0.009913183748722076,1
Final-NanSET_preprocessed.csv,151,-1,0,0,0.0010601766407489777,1
Final-NanSET_preprocessed.csv,152,-1,0,0,0.01619592495262623,1
Final-NanSET_preprocessed.csv,153,-1,0,0,0.003118543652817607,1
Final-NanSET_preprocessed.csv,154,-1,0,0,0.07682742923498154,1
Final-NanSET_preprocessed.csv,155,-1,0,0,0.0008224674384109676,1
Final-NanSET_preprocessed.csv,156,-1,0,0,0.0005930950865149498,1
Final-NanSET_preprocessed.csv,157,-1,0,0,0.004940275102853775,1
Final-NanSET_preprocessed.csv,158,-1,0,0,0.0012156808516010642,1
Final-NanSET_preprocessed.csv,159,-1,0,0,0.013655942864716053,1
Final-NanSET_preprocessed.csv,160,-1,0,0,0.0008891741745173931,1
Final-NanSET_preprocessed.csv,161,-1,0,0,0.008826740086078644,1
Final-NanSET_preprocessed.csv,162,-1,0,0,0.0005147982737980783,1
Final-NanSET_preprocessed.csv,163,-1,0,0,0.007764855399727821,1
Final-NanSET_preprocessed.csv,164,-1,0,0,0.03949718922376633,1
Final-NanSET_preprocessed.csv,165,-1,0,0,0.011495983228087425,1
Final-NanSET_preprocessed.csv,166,-1,0,0,0.00884933304041624,1
Final-NanSET_preprocessed.csv,167,-1,0,0,0.0021047964692115784,1
Final-NanSET_preprocessed.csv,168,-1,0,0,0.0030673600267618895,1
Final-NanSET_preprocessed.csv,169,-1,0,0,0.0007286601467058063,1
Final-NanSET_preprocessed.csv,170,-1,0,0,0.0038508723955601454,1
Final-NanSET_preprocessed.csv,171,-1,0,0,0.0012713519390672445,1
Final-NanSET_preprocessed.csv,172,-1,0,0,0.0003551474947016686,1
Final-NanSET_preprocessed.csv,173,-1,0,0,0.00842849351465702,1
Final-NanSET_preprocessed.csv,174,-1,0,0,0.011584370397031307,1
Final-NanSET_preprocessed.csv,175,-1,0,0,0.014817776158452034,1
Final-NanSET_preprocessed.csv,176,-1,0,0,0.00017860920343082398,1
Final-NanSET_preprocessed.csv,177,-1,0,0,0.0005685305804945529,1
Final-NanSET_preprocessed.csv,178,-1,0,0,0.0010852721752598882,1
Final-NanSET_preprocessed.csv,179,-1,0,0,0.0034120541531592607,1
Final-NanSET_preprocessed.csv,180,-1,0,0,0.0015537973958998919,1
Final-NanSET_preprocessed.csv,181,-1,0,0,0.004058591555804014,1
Final-NanSET_preprocessed.csv,182,-1,0,0,0.005654248874634504,1
Final-NanSET_preprocessed.csv,183,-1,0,0,0.0073653520084917545,1
Final-NanSET_preprocessed.csv,184,-1,0,0,0.004678131081163883,1
Final-NanSET_preprocessed.csv,185,-1,0,0,0.0006895497790537775,1
Final-NanSET_preprocessed.csv,186,-1,0,0,0.0013519427739083767,1
Final-NanSET_preprocessed.csv,187,-1,0,0,0.0017442436655983329,1
Final-NanSET_preprocessed.csv,188,-1,0,0,0.0018255086615681648,1
Final-NanSET_preprocessed.csv,189,-1,0,0,0.0020946254953742027,1
Final-NanSET_preprocessed.csv,190,-1,0,0,0.0029658363200724125,1
Final-NanSET_preprocessed.csv,191,-1,0,0,0.0004120400990359485,1
Final-NanSET_preprocessed.csv,192,-1,0,0,0.0006621096399612725,1
Final-NanSET_preprocessed.csv,193,-1,0,0,0.0018502463353797793,1
Final-NanSET_preprocessed.csv,194,-1,0,0,0.0041395435109734535,1
Final-NanSET_preprocessed.csv,195,-1,0,0,0.006201665382832289,1
Final-NanSET_preprocessed.csv,196,-1,0,0,0.0010963884415104985,1
Final-NanSET_preprocessed.csv,197,-1,0,0,0.004645544104278088,1
Final-NanSET_preprocessed.csv,198,-1,0,0,0.0028982809744775295,1
Final-NanSET_preprocessed.csv,199,-1,0,0,0.0013964481186121702,1
Final-NanSET_preprocessed.csv,200,-1,0,0,0.011695842258632183,1
Final-NanSET_preprocessed.csv,201,-1,0,0,0.0012480653822422028,1
Final-NanSET_preprocessed.csv,202,-1,0,0,0.0026665106415748596,1
Final-NanSET_preprocessed.csv,203,-1,0,0,0.005616237409412861,1
Final-NanSET_preprocessed.csv,204,-1,0,0,0.016886429861187935,1
Final-NanSET_preprocessed.csv,205,-1,0,0,0.0009168394026346505,1
Final-NanSET_preprocessed.csv,206,-1,0,0,0.0028483245987445116,1
Final-NanSET_preprocessed.csv,207,-1,0,0,0.0020931747276335955,1
Final-NanSET_preprocessed.csv,208,-1,0,0,0.0008337362087331712,1
Final-NanSET_preprocessed.csv,209,-1,0,0,0.00127785827498883,1
Final-NanSET_preprocessed.csv,210,-1,0,0,0.0016878823516890407,1
Final-NanSET_preprocessed.csv,211,-1,0,0,0.0030404706485569477,1
Final-NanSET_preprocessed.csv,212,-1,0,0,0.004956705961376429,1
Final-NanSET_preprocessed.csv,213,-1,0,0,0.0044902921654284,1
Final-NanSET_preprocessed.csv,214,-1,0,0,0.0003045802004635334,1
Final-NanSET_preprocessed.csv,215,-1,0,0,0.0020644275937229395,1
Final-NanSET_preprocessed.csv,216,-1,0,0,0.0062520187348127365,1
Final-NanSET_preprocessed.csv,217,-1,0,0,0.005240812432020903,1
Final-NanSET_preprocessed.csv,218,-1,0,0,0.0013580007944256067,1
Final-NanSET_preprocessed.csv,219,-1,0,0,0.0009506841888651252,1
Final-NanSET_preprocessed.csv,220,-1,0,0,0.0007423302158713341,1
Final-NanSET_preprocessed.csv,221,-1,0,0,0.006449507549405098,1
Final-NanSET_preprocessed.csv,222,-1,0,0,0.0011712528066709638,1
Final-NanSET_preprocessed.csv,223,-1,0,0,0.00016015529399737716,1
Final-NanSET_preprocessed.csv,224,-1,0,0,0.0010264472803100944,1
Final-NanSET_preprocessed.csv,225,-1,0,0,0.001293098903261125,1
Final-NanSET_preprocessed.csv,226,-1,0,0,0.006085652858018875,1
Final-NanSET_preprocessed.csv,227,-1,0,0,0.001645492622628808,1
Final-NanSET_preprocessed.csv,228,-1,0,0,0.00044310183147899806,1
Final-NanSET_preprocessed.csv,229,-1,0,0,0.009997082874178886,1
Final-NanSET_preprocessed.csv,230,-1,0,0,0.0006077980506233871,1
Final-NanSET_preprocessed.csv,231,-1,0,0,0.011190302670001984,1
Final-NanSET_preprocessed.csv,232,-1,0,0,0.0055196816101670265,1
Final-NanSET_preprocessed.csv,233,-1,0,0,0.0011972557986155152,1
Final-NanSET_preprocessed.csv,234,-1,0,0,0.00999362301081419,1
Final-NanSET_preprocessed.csv,235,-1,0,0,0.002752498723566532,1
Final-NanSET_preprocessed.csv,236,-1,0,0,0.0005402828683145344,1
Final-NanSET_preprocessed.csv,237,-1,0,0,0.009569274261593819,1
Final-NanSET_preprocessed.csv,238,-1,0,0,0.005639399867504835,1
Final-NanSET_preprocessed.csv,239,-1,0,0,0.0063042305409908295,1
Final-NanSET_preprocessed.csv,240,-1,0,0,0.0031900345347821712,1
Final-NanSET_preprocessed.csv,241,-1,0,0,0.0005529810441657901,1
Final-NanSET_preprocessed.csv,242,-1,0,0,0.0058336989022791386,1
Final-NanSET_preprocessed.csv,243,-1,0,0,0.021463995799422264,1
Final-NanSET_preprocessed.csv,244,-1,0,0,0.00447751022875309,1
Final-NanSET_preprocessed.csv,245,-1,0,0,0.0017048880690708756,1
Final-NanSET_preprocessed.csv,246,-1,0,0,0.004317581653594971,1
Final-NanSET_preprocessed.csv,247,-1,0,0,0.046678900718688965,1
Final-NanSET_preprocessed.csv,248,-1,0,0,0.0029069711454212666,1
Final-NanSET_preprocessed.csv,249,-1,0,0,0.0024399766698479652,1
Final-NanSET_preprocessed.csv,250,-1,0,0,0.055901266634464264,1
Final-NanSET_preprocessed.csv,251,-1,0,0,0.0008465692517347634,1
Final-NanSET_preprocessed.csv,252,-1,0,0,0.011662916280329227,1
Final-NanSET_preprocessed.csv,253,-1,0,0,0.0009331213077530265,1
Final-NanSET_preprocessed.csv,254,-1,0,0,0.004117202013731003,1
Final-NanSET_preprocessed.csv,255,-1,0,0,0.002641519531607628,1
Final-NanSET_preprocessed.csv,256,-1,0,0,0.003071657381951809,1
Final-NanSET_preprocessed.csv,257,-1,0,0,0.0014083492569625378,1
Final-NanSET_preprocessed.csv,258,-1,0,0,0.0024609870743006468,1
Final-NanSET_preprocessed.csv,259,-1,0,0,0.0005102059221826494,1
Final-NanSET_preprocessed.csv,260,-1,0,0,0.014728426933288574,1
Final-NanSET_preprocessed.csv,261,-1,0,0,0.0005558691918849945,1
Final-NanSET_preprocessed.csv,262,-1,0,0,0.0008738954784348607,1
Final-NanSET_preprocessed.csv,263,-1,0,0,0.007247961591929197,1
Final-NanSET_preprocessed.csv,264,-1,0,0,0.0013699678238481283,1
Final-NanSET_preprocessed.csv,265,-1,0,0,0.004320304375141859,1
Final-NanSET_preprocessed.csv,266,-1,0,0,0.0006847776821814477,1
Final-NanSET_preprocessed.csv,267,-1,0,0,0.011671164073050022,1
Final-NanSET_preprocessed.csv,268,-1,0,0,0.030675064772367477,1
Final-NanSET_preprocessed.csv,269,-1,0,0,0.003109412034973502,1
Final-NanSET_preprocessed.csv,270,-1,0,0,0.00464429659768939,1
Final-NanSET_preprocessed.csv,271,-1,0,0,0.0031422176398336887,1
Final-NanSET_preprocessed.csv,272,-1,0,0,0.0035896433982998133,1
Final-NanSET_preprocessed.csv,273,-1,0,0,0.0039694844745099545,1
Final-NanSET_preprocessed.csv,274,-1,0,0,0.005188329610973597,1
Final-NanSET_preprocessed.csv,275,-1,0,0,0.0005374089814722538,1
Final-NanSET_preprocessed.csv,276,-1,0,0,0.0032167488243430853,1
Final-NanSET_preprocessed.csv,277,-1,0,0,0.0014856670750305057,1
Final-NanSET_preprocessed.csv,278,-1,0,0,0.014537444338202477,1
Final-NanSET_preprocessed.csv,279,-1,0,0,0.06972494721412659,1
Final-NanSET_preprocessed.csv,280,-1,0,0,0.0023114790674299,1
Final-NanSET_preprocessed.csv,281,-1,0,0,0.0012538693845272064,1
Final-NanSET_preprocessed.csv,282,-1,0,0,0.004182923119515181,1
Final-NanSET_preprocessed.csv,283,-1,0,0,0.016384147107601166,1
Final-NanSET_preprocessed.csv,284,-1,0,0,0.0015957436989992857,1
Final-NanSET_preprocessed.csv,285,-1,0,0,0.008412070572376251,1
Final-NanSET_preprocessed.csv,286,-1,0,0,0.001244814950041473,1
Final-NanSET_preprocessed.csv,287,-1,0,0,0.000880558043718338,1
Final-NanSET_preprocessed.csv,288,-1,0,0,0.018859097734093666,1
Final-NanSET_preprocessed.csv,289,-1,0,0,0.00022706069285050035,1
Final-NanSET_preprocessed.csv,290,-1,0,0,0.0025789556093513966,1
Final-NanSET_preprocessed.csv,291,-1,0,0,0.006914085708558559,1
Final-NanSET_preprocessed.csv,292,-1,0,0,0.00238220882602036,1
Final-NanSET_preprocessed.csv,293,-1,0,0,0.0006872214726172388,1
Final-NanSET_preprocessed.csv,294,-1,0,0,0.005380959715694189,1
Final-NanSET_preprocessed.csv,295,-1,0,0,0.0007936342735774815,1
Final-NanSET_preprocessed.csv,296,-1,0,0,0.004694710485637188,1
Final-NanSET_preprocessed.csv,297,-1,0,0,0.011185592040419579,1
Final-NanSET_preprocessed.csv,298,-1,0,0,0.00035067417775280774,1
Final-NanSET_preprocessed.csv,299,-1,0,0,0.0031210882589221,1
Final-NanSET_preprocessed.csv,300,-1,0,0,0.0005280861514620483,1
Final-NanSET_preprocessed.csv,301,-1,0,0,0.0060984352603554726,1
Final-NanSET_preprocessed.csv,302,-1,0,0,0.001057815388776362,1
Final-NanSET_preprocessed.csv,303,-1,0,0,0.011171444319188595,1
Final-NanSET_preprocessed.csv,304,-1,0,0,0.0035934248007833958,1
Final-NanSET_preprocessed.csv,305,-1,0,0,0.00040882828761823475,1
Final-NanSET_preprocessed.csv,306,-1,0,0,0.017172442749142647,1
Final-NanSET_preprocessed.csv,307,-1,0,0,0.002937411656603217,1
Final-NanSET_preprocessed.csv,308,-1,0,0,0.010192728601396084,1
Final-NanSET_preprocessed.csv,309,-1,0,0,0.003647894598543644,1
Final-NanSET_preprocessed.csv,310,-1,0,0,0.022235870361328125,1
Final-NanSET_preprocessed.csv,311,-1,0,0,0.0037728839088231325,1
Final-NanSET_preprocessed.csv,312,-1,0,0,0.019455693662166595,1
Final-NanSET_preprocessed.csv,313,-1,0,0,0.0007060915813781321,1
Final-NanSET_preprocessed.csv,314,-1,0,0,0.0014218903379514813,1
Final-NanSET_preprocessed.csv,315,-1,0,0,0.012342475354671478,1
Final-NanSET_preprocessed.csv,316,-1,0,0,0.020901421085000038,1
Final-NanSET_preprocessed.csv,317,-1,0,0,0.00088759686332196,1
Final-NanSET_preprocessed.csv,318,-1,0,0,0.0070733362808823586,1
Final-NanSET_preprocessed.csv,319,-1,0,0,0.0021831984631717205,1
Final-NanSET_preprocessed.csv,320,-1,0,0,0.007793836761265993,1
Final-NanSET_preprocessed.csv,321,-1,0,0,0.005644206888973713,1
Final-NanSET_preprocessed.csv,322,-1,0,0,0.0012870094506070018,1
Final-NanSET_preprocessed.csv,323,-1,0,0,0.0009986830409616232,1
Final-NanSET_preprocessed.csv,324,-1,0,0,0.0009732135804370046,1
Final-NanSET_preprocessed.csv,325,-1,0,0,0.0007619090611115098,1
Final-NanSET_preprocessed.csv,326,-1,0,0,0.0037341462448239326,1
Final-NanSET_preprocessed.csv,327,-1,0,0,0.006074867211282253,1
Final-NanSET_preprocessed.csv,328,-1,0,0,0.0006097831064835191,1
Final-NanSET_preprocessed.csv,329,-1,0,0,0.004615886602550745,1
Final-NanSET_preprocessed.csv,330,-1,0,0,0.013013824820518494,1
Final-NanSET_preprocessed.csv,331,-1,0,0,0.011599416844546795,1
Final-NanSET_preprocessed.csv,332,-1,0,0,0.004649209789931774,1
Final-NanSET_preprocessed.csv,333,-1,0,0,0.003961479756981134,1
Final-NanSET_preprocessed.csv,334,-1,0,0,0.001213319250382483,1
Final-NanSET_preprocessed.csv,335,-1,0,0,0.0032993818167597055,1
Final-NanSET_preprocessed.csv,336,-1,0,0,0.0004378065641503781,1
Final-NanSET_preprocessed.csv,337,-1,0,0,0.0004014561709482223,1
Final-NanSET_preprocessed.csv,338,-1,0,0,0.0012116400757804513,1
Final-NanSET_preprocessed.csv,339,-1,0,0,0.005239564925432205,1
Final-NanSET_preprocessed.csv,340,-1,0,0,0.0014420012012124062,1
Final-NanSET_preprocessed.csv,341,-1,0,0,0.004085036460310221,1
Final-NanSET_preprocessed.csv,342,-1,0,0,0.0036795155610889196,1
Final-NanSET_preprocessed.csv,343,-1,0,0,0.0016713922377675772,1
Final-NanSET_preprocessed.csv,344,-1,0,0,0.007730163633823395,1
Final-NanSET_preprocessed.csv,345,-1,0,0,0.0013051683781668544,1
Final-NanSET_preprocessed.csv,346,-1,0,0,0.0004510179569479078,1
Final-NanSET_preprocessed.csv,347,-1,0,0,0.015619158744812012,1
Final-NanSET_preprocessed.csv,348,-1,0,0,0.008411331102252007,1
Final-NanSET_preprocessed.csv,349,-1,0,0,0.000761637173127383,1
Final-NanSET_preprocessed.csv,350,-1,0,0,0.00022077343601267785,1
Final-NanSET_preprocessed.csv,351,-1,0,0,0.000550809025298804,1
Final-NanSET_preprocessed.csv,352,-1,0,0,0.009677845984697342,1
Final-NanSET_preprocessed.csv,353,-1,0,0,0.00312482169829309,1
Final-NanSET_preprocessed.csv,354,-1,0,0,0.011644979007542133,1
Final-NanSET_preprocessed.csv,355,-1,0,0,0.00157041079364717,1
Final-NanSET_preprocessed.csv,356,-1,0,0,0.0010484233498573303,1
Final-NanSET_preprocessed.csv,357,-1,0,0,0.0010439999168738723,1
Final-NanSET_preprocessed.csv,358,-1,0,0,0.005626726429909468,1
Final-NanSET_preprocessed.csv,359,-1,0,0,0.0005136863328516483,1
Final-NanSET_preprocessed.csv,360,-1,0,0,0.03428215533494949,1
Final-NanSET_preprocessed.csv,361,-1,0,0,0.03708317130804062,1
Final-NanSET_preprocessed.csv,362,-1,0,0,0.023817915469408035,1
Final-NanSET_preprocessed.csv,363,-1,0,0,0.0052405535243451595,1
Final-NanSET_preprocessed.csv,364,-1,0,0,0.007493996061384678,1
Final-NanSET_preprocessed.csv,365,-1,0,0,0.001197167905047536,1
Final-NanSET_preprocessed.csv,366,-1,0,0,0.005318646784871817,1
Final-NanSET_preprocessed.csv,367,-1,0,0,0.002053202362731099,1
Final-NanSET_preprocessed.csv,368,-1,0,0,0.0021412931382656097,1
Final-NanSET_preprocessed.csv,369,-1,0,0,0.006378491874784231,1
Final-NanSET_preprocessed.csv,370,-1,0,0,0.0019364035688340664,1
Final-NanSET_preprocessed.csv,371,-1,0,0,0.004082560073584318,1
Final-NanSET_preprocessed.csv,372,-1,0,0,0.0004054385353811085,1
Final-NanSET_preprocessed.csv,373,-1,0,0,0.0037876502610743046,1
Final-NanSET_preprocessed.csv,374,-1,0,0,0.0008291932754218578,1
Final-NanSET_preprocessed.csv,375,-1,0,0,0.011603305116295815,1
Final-NanSET_preprocessed.csv,376,-1,0,0,0.006224760320037603,1
Final-NanSET_preprocessed.csv,377,-1,0,0,0.0029484357219189405,1
Final-NanSET_preprocessed.csv,378,-1,0,0,0.002598188351839781,1
Final-NanSET_preprocessed.csv,379,-1,0,0,0.0029402028303593397,1
Final-NanSET_preprocessed.csv,380,-1,0,0,0.0070631536655128,1
Final-NanSET_preprocessed.csv,381,-1,0,0,0.0003793919750023633,1
Final-NanSET_preprocessed.csv,382,-1,0,0,0.005302903242409229,1
Final-NanSET_preprocessed.csv,383,-1,0,0,0.0003938762529287487,1
Final-NanSET_preprocessed.csv,384,-1,0,0,0.00020656679407693446,1
Final-NanSET_preprocessed.csv,385,-1,0,0,0.0010794814443215728,1
Final-NanSET_preprocessed.csv,386,-1,0,0,0.05837385356426239,1
Final-NanSET_preprocessed.csv,387,-1,0,0,0.0010637104278430343,1
Final-NanSET_preprocessed.csv,388,-1,0,0,0.012475140392780304,1
Final-NanSET_preprocessed.csv,389,-1,0,0,0.0011836744379252195,1
Final-NanSET_preprocessed.csv,390,-1,0,0,0.0003082093608099967,1
Final-NanSET_preprocessed.csv,391,-1,0,0,0.004325396381318569,1
Final-NanSET_preprocessed.csv,392,-1,0,0,0.012188993394374847,1
Final-NanSET_preprocessed.csv,393,-1,0,0,0.008181766606867313,1
Final-NanSET_preprocessed.csv,394,-1,0,0,0.0012149035464972258,1
Final-NanSET_preprocessed.csv,395,-1,0,0,0.0010929539566859603,1
Final-NanSET_preprocessed.csv,396,-1,0,0,0.0011873586336150765,1
Final-NanSET_preprocessed.csv,397,-1,0,0,0.003534261602908373,1
Final-NanSET_preprocessed.csv,398,-1,0,0,0.0016857963055372238,1
Final-NanSET_preprocessed.csv,399,-1,0,0,0.025854991748929024,1
Final-NanSET_preprocessed.csv,400,-1,0,0,0.007627401500940323,1
Final-NanSET_preprocessed.csv,401,-1,0,0,0.00033050545607693493,1
Final-NanSET_preprocessed.csv,402,-1,0,0,0.0005170881049707532,1
Final-NanSET_preprocessed.csv,403,-1,0,0,0.0003635128086898476,1
Final-NanSET_preprocessed.csv,404,-1,0,0,0.0011883553816005588,1
Final-NanSET_preprocessed.csv,405,-1,0,0,0.003482650965452194,1
Final-NanSET_preprocessed.csv,406,-1,0,0,0.0015747547149658203,1
Final-NanSET_preprocessed.csv,407,-1,0,0,0.004159448202699423,1
Final-NanSET_preprocessed.csv,408,-1,0,0,0.0034293155185878277,1
Final-NanSET_preprocessed.csv,409,-1,0,0,0.001018044538795948,1
Final-NanSET_preprocessed.csv,410,-1,0,0,0.006266442593187094,1
Final-NanSET_preprocessed.csv,411,-1,0,0,0.0008403647225350142,1
Final-NanSET_preprocessed.csv,412,-1,0,0,0.001142403925769031,1
Final-NanSET_preprocessed.csv,413,-1,0,0,0.0014416648773476481,1
Final-NanSET_preprocessed.csv,414,-1,0,0,0.0034757275134325027,1
Final-NanSET_preprocessed.csv,415,-1,0,0,0.030323902145028114,1
Final-NanSET_preprocessed.csv,416,-1,0,0,0.0006013732054270804,1
Final-NanSET_preprocessed.csv,417,-1,0,0,0.003488691756501794,1
Final-NanSET_preprocessed.csv,418,-1,0,0,0.002112720627337694,1
Final-NanSET_preprocessed.csv,419,-1,0,0,0.004105696454644203,1
Final-NanSET_preprocessed.csv,420,-1,0,0,0.003115273779258132,1
Final-NanSET_preprocessed.csv,421,-1,0,0,0.0030405381694436073,1
Final-NanSET_preprocessed.csv,422,-1,0,0,0.015965547412633896,1
Final-NanSET_preprocessed.csv,423,-1,0,0,0.0012244017561897635,1
Final-NanSET_preprocessed.csv,424,-1,0,0,0.0032264767214655876,1
Final-NanSET_preprocessed.csv,425,-1,0,0,0.002100885147228837,1
Final-NanSET_preprocessed.csv,426,-1,0,0,0.02343106083571911,1
Final-NanSET_preprocessed.csv,427,-1,0,0,0.00840176735073328,1
Final-NanSET_preprocessed.csv,428,-1,0,0,0.001129461219534278,1
Final-NanSET_preprocessed.csv,429,-1,0,0,0.0039032583590596914,1
Final-NanSET_preprocessed.csv,430,-1,0,0,0.005603512283414602,1
Final-NanSET_preprocessed.csv,431,-1,0,0,0.0020547385793179274,1
Final-NanSET_preprocessed.csv,432,-1,0,0,0.039922088384628296,1
Final-NanSET_preprocessed.csv,433,-1,0,0,0.004287085961550474,1
Final-NanSET_preprocessed.csv,434,-1,0,0,0.015034068375825882,1
Final-NanSET_preprocessed.csv,435,-1,0,0,0.002435642061755061,1
Final-NanSET_preprocessed.csv,436,-1,0,0,0.00706899119541049,1
Final-NanSET_preprocessed.csv,437,-1,0,0,0.021522238850593567,1
Final-NanSET_preprocessed.csv,438,-1,0,0,0.004559819586575031,1
Final-NanSET_preprocessed.csv,439,-1,0,0,0.005082929506897926,1
Final-NanSET_preprocessed.csv,440,-1,0,0,0.001560115022584796,1
Final-NanSET_preprocessed.csv,441,-1,0,0,0.0009472331148572266,1
Final-NanSET_preprocessed.csv,442,-1,0,0,0.006448004860430956,1
Final-NanSET_preprocessed.csv,443,-1,0,0,0.011623556725680828,1
Final-NanSET_preprocessed.csv,444,-1,0,0,0.006315160542726517,1
Final-NanSET_preprocessed.csv,445,-1,0,0,0.01022349949926138,1
Final-NanSET_preprocessed.csv,446,-1,0,0,0.010702679865062237,1
Final-NanSET_preprocessed.csv,447,-1,0,0,0.020796876400709152,1
Final-NanSET_preprocessed.csv,448,-1,0,0,0.001047615660354495,1
Final-NanSET_preprocessed.csv,449,-1,0,0,0.003186552319675684,1
Final-NanSET_preprocessed.csv,450,-1,0,0,0.016510166227817535,1
Final-NanSET_preprocessed.csv,451,-1,0,0,0.007262176368385553,1
Final-NanSET_preprocessed.csv,452,-1,0,0,0.011476859450340271,1
Final-NanSET_preprocessed.csv,453,-1,0,0,0.0001784059713827446,1
Final-NanSET_preprocessed.csv,454,-1,0,0,0.0007929950952529907,1
Final-NanSET_preprocessed.csv,455,-1,0,0,0.0012053180253133178,1
Final-NanSET_preprocessed.csv,456,-1,0,0,0.002182814059779048,1
Final-NanSET_preprocessed.csv,457,-1,0,0,0.007221924606710672,1
Final-NanSET_preprocessed.csv,458,-1,0,0,0.014069433324038982,1
Final-NanSET_preprocessed.csv,459,-1,0,0,0.0005453852354548872,1
Final-NanSET_preprocessed.csv,460,-1,0,0,0.02895325794816017,1
Final-NanSET_preprocessed.csv,461,-1,0,0,0.004536331631243229,1
Final-NanSET_preprocessed.csv,462,-1,0,0,0.003788379020988941,1
Final-NanSET_preprocessed.csv,463,-1,0,0,0.005721146706491709,1
Final-NanSET_preprocessed.csv,464,-1,0,0,0.0005299493204802275,1
Final-NanSET_preprocessed.csv,465,-1,0,0,0.0038284531328827143,1
Final-NanSET_preprocessed.csv,466,-1,0,0,0.005117000546306372,1
Final-NanSET_preprocessed.csv,467,-1,0,0,0.0046726856380701065,1
Final-NanSET_preprocessed.csv,468,-1,0,0,0.006276480853557587,1
Final-NanSET_preprocessed.csv,469,-1,0,0,0.0002064691361738369,1
Final-NanSET_preprocessed.csv,470,-1,0,0,0.01979808136820793,1
Final-NanSET_preprocessed.csv,471,-1,0,0,0.03968615084886551,1
Final-NanSET_preprocessed.csv,472,-1,0,0,0.001729485928080976,1
Final-NanSET_preprocessed.csv,473,-1,0,0,0.006214221008121967,1
Final-NanSET_preprocessed.csv,474,-1,0,0,0.006752583663910627,1
Final-NanSET_preprocessed.csv,475,-1,0,0,0.009976917877793312,1
Final-NanSET_preprocessed.csv,476,-1,0,0,0.011407176032662392,1
Final-NanSET_preprocessed.csv,477,-1,0,0,0.00665275240316987,1
Final-NanSET_preprocessed.csv,478,-1,0,0,0.000990710686892271,1
Final-NanSET_preprocessed.csv,479,-1,0,0,0.003626396181061864,1
Final-NanSET_preprocessed.csv,480,-1,0,0,0.004599984269589186,1
Final-NanSET_preprocessed.csv,481,-1,0,0,0.004249999299645424,1
Final-NanSET_preprocessed.csv,482,-1,0,0,0.003917444497346878,1
Final-NanSET_preprocessed.csv,483,-1,0,0,0.025844138115644455,1
Final-NanSET_preprocessed.csv,484,-1,0,0,0.0009991603437811136,1
Final-NanSET_preprocessed.csv,485,-1,0,0,0.0019628850277513266,1
Final-NanSET_preprocessed.csv,486,-1,0,0,0.023295627906918526,1
Final-NanSET_preprocessed.csv,487,-1,0,0,0.006910668220371008,1
Final-NanSET_preprocessed.csv,488,-1,0,0,0.0003682922979351133,1
Final-NanSET_preprocessed.csv,489,-1,0,0,0.03469335287809372,1
Final-NanSET_preprocessed.csv,490,-1,0,0,0.001070530735887587,1
Final-NanSET_preprocessed.csv,491,-1,0,0,0.006529779639095068,1
Final-NanSET_preprocessed.csv,492,-1,0,0,0.0016034693690016866,1
Final-NanSET_preprocessed.csv,493,-1,0,0,0.0009391221683472395,1
Final-NanSET_preprocessed.csv,494,-1,0,0,0.0012552590342238545,1
Final-NanSET_preprocessed.csv,495,-1,0,0,0.007992155849933624,1
Final-NanSET_preprocessed.csv,496,-1,0,0,0.006054310128092766,1
Final-NanSET_preprocessed.csv,497,-1,0,0,0.0018158027669414878,1
Final-NanSET_preprocessed.csv,498,-1,0,0,0.0013549777213484049,1
Final-NanSET_preprocessed.csv,499,-1,0,0,0.03557131439447403,1
Final-NanSET_preprocessed.csv,500,-1,0,0,0.011595836840569973,1
Final-NanSET_preprocessed.csv,501,-1,0,0,0.0191251989454031,1
Final-NanSET_preprocessed.csv,502,-1,0,0,0.004500302020460367,1
Final-NanSET_preprocessed.csv,503,-1,0,0,0.0010104092070832849,1
Final-NanSET_preprocessed.csv,504,-1,0,0,0.0030038272961974144,1
Final-NanSET_preprocessed.csv,505,-1,0,0,0.00021777063375338912,1
Final-NanSET_preprocessed.csv,506,-1,0,0,0.0007911665597930551,1
Final-NanSET_preprocessed.csv,507,-1,0,0,0.0027990336529910564,1
Final-NanSET_preprocessed.csv,508,-1,0,0,0.0004006345698144287,1
Final-NanSET_preprocessed.csv,509,-1,0,0,0.0002418246294837445,1
Final-NanSET_preprocessed.csv,510,-1,0,0,0.007030032109469175,1
Final-NanSET_preprocessed.csv,511,-1,0,0,0.0062474519945681095,1
Final-NanSET_preprocessed.csv,512,-1,0,0,0.008797110989689827,1
Final-NanSET_preprocessed.csv,513,-1,0,0,0.008522002026438713,1
Final-NanSET_preprocessed.csv,514,-1,0,0,0.0038433540612459183,1
Final-NanSET_preprocessed.csv,515,-1,0,0,0.0011664462508633733,1
Final-NanSET_preprocessed.csv,516,-1,0,0,0.0009686305420473218,1
Final-NanSET_preprocessed.csv,517,-1,0,0,0.008447072468698025,1
Final-NanSET_preprocessed.csv,518,-1,0,0,0.003727962262928486,1
Final-NanSET_preprocessed.csv,519,-1,0,0,0.0021193590946495533,1
Final-NanSET_preprocessed.csv,520,-1,0,0,0.00014972485951147974,1
Final-NanSET_preprocessed.csv,521,-1,0,0,0.001525835832580924,1
Final-NanSET_preprocessed.csv,522,-1,0,0,0.0023328710813075304,1
Final-NanSET_preprocessed.csv,523,-1,0,0,0.007520020939409733,1
Final-NanSET_preprocessed.csv,524,-1,0,0,0.001635935390368104,1
Final-NanSET_preprocessed.csv,525,-1,0,0,0.0011048907181248069,1
Final-NanSET_preprocessed.csv,526,-1,0,0,0.007625491824001074,1
Final-NanSET_preprocessed.csv,527,-1,0,0,0.006207151338458061,1
Final-NanSET_preprocessed.csv,528,-1,0,0,0.0038774274289608,1
Final-NanSET_preprocessed.csv,529,-1,0,0,0.0003663048264570534,1
Final-NanSET_preprocessed.csv,530,-1,0,0,0.008082697167992592,1
Final-NanSET_preprocessed.csv,531,-1,0,0,0.0026025513652712107,1
Final-NanSET_preprocessed.csv,532,-1,0,0,0.003473487216979265,1
Final-NanSET_preprocessed.csv,533,-1,0,0,0.0007225622539408505,1
Final-NanSET_preprocessed.csv,534,-1,0,0,0.000869772513397038,1
Final-NanSET_preprocessed.csv,535,-1,0,0,0.0018647894030436873,1
Final-NanSET_preprocessed.csv,536,-1,0,0,0.000709108542650938,1
Final-NanSET_preprocessed.csv,537,-1,0,0,0.0008532680221833289,1
Final-NanSET_preprocessed.csv,538,-1,0,0,0.0017947049345821142,1
Final-NanSET_preprocessed.csv,539,-1,0,0,0.0011771725257858634,1
Final-NanSET_preprocessed.csv,540,-1,0,0,0.005313096567988396,1
Final-NanSET_preprocessed.csv,541,-1,0,0,0.0015229725977405906,1
Final-NanSET_preprocessed.csv,542,-1,0,0,0.0018569158855825663,1
Final-NanSET_preprocessed.csv,543,-1,0,0,0.0012001136783510447,1
Final-NanSET_preprocessed.csv,544,-1,0,0,0.0006463711033575237,1
Final-NanSET_preprocessed.csv,545,-1,0,0,0.0018472281517460942,1
Final-NanSET_preprocessed.csv,546,-1,0,0,0.0020501853432506323,1
Final-NanSET_preprocessed.csv,547,-1,0,0,0.013007499277591705,1
Final-NanSET_preprocessed.csv,548,-1,0,0,0.0005425052368082106,1
Final-NanSET_preprocessed.csv,549,-1,0,0,0.0008003318216651678,1
Final-NanSET_preprocessed.csv,550,-1,0,0,0.006236334331333637,1
Final-NanSET_preprocessed.csv,551,-1,0,0,0.003995404113084078,1
Final-NanSET_preprocessed.csv,552,-1,0,0,0.0025188950821757317,1
Final-NanSET_preprocessed.csv,553,-1,0,0,0.0017060732934623957,1
Final-NanSET_preprocessed.csv,554,-1,0,0,0.010676881298422813,1
Final-NanSET_preprocessed.csv,555,-1,0,0,0.002279840176925063,1
Final-NanSET_preprocessed.csv,556,-1,0,0,0.00040334119694307446,1
Final-NanSET_preprocessed.csv,557,-1,0,0,0.0016792590031400323,1
Final-NanSET_preprocessed.csv,558,-1,0,0,0.0007138844230212271,1
Final-NanSET_preprocessed.csv,559,-1,0,0,0.0011999112321063876,1
Final-NanSET_preprocessed.csv,560,-1,0,0,0.000766915618441999,1
Final-NanSET_preprocessed.csv,561,-1,0,0,0.0018996070139110088,1
Final-NanSET_preprocessed.csv,562,-1,0,0,0.009473283775150776,1
Final-NanSET_preprocessed.csv,563,-1,0,0,0.05746351182460785,1
Final-NanSET_preprocessed.csv,564,-1,0,0,0.0014378572814166546,1
Final-NanSET_preprocessed.csv,565,-1,0,0,0.0013619718374684453,1
Final-NanSET_preprocessed.csv,566,-1,0,0,0.06825869530439377,1
Final-NanSET_preprocessed.csv,567,-1,0,0,0.0013699776027351618,1
Final-NanSET_preprocessed.csv,568,-1,0,0,0.013508559204638004,1
Final-NanSET_preprocessed.csv,569,-1,0,0,0.0006920456071384251,1
Final-NanSET_preprocessed.csv,570,-1,0,0,0.005443581845611334,1
Final-NanSET_preprocessed.csv,571,-1,0,0,0.007799731567502022,1
Final-NanSET_preprocessed.csv,572,-1,0,0,0.0031141394283622503,1
Final-NanSET_preprocessed.csv,573,-1,0,0,0.0008035612409003079,1
Final-NanSET_preprocessed.csv,574,-1,0,0,0.00503441272303462,1
Final-NanSET_preprocessed.csv,575,-1,0,0,0.0010679404949769378,1
Final-NanSET_preprocessed.csv,576,-1,0,0,0.00018556938448455185,1
Final-NanSET_preprocessed.csv,577,-1,0,0,0.007709132507443428,1
Final-NanSET_preprocessed.csv,578,-1,0,0,0.00014883506810292602,1
Final-NanSET_preprocessed.csv,579,-1,0,0,0.0048253508284688,1
Final-NanSET_preprocessed.csv,580,-1,0,0,0.000500042166095227,1
Final-NanSET_preprocessed.csv,581,-1,0,0,0.002220823196694255,1
Final-NanSET_preprocessed.csv,582,-1,0,0,0.000480171584058553,1
Final-NanSET_preprocessed.csv,583,-1,0,0,0.0004152413457632065,1
Final-NanSET_preprocessed.csv,584,-1,0,0,0.00021108824876137078,1
Final-NanSET_preprocessed.csv,585,-1,0,0,0.013697084039449692,1
Final-NanSET_preprocessed.csv,586,-1,0,0,0.005829535890370607,1
Final-NanSET_preprocessed.csv,587,-1,0,0,0.0020559928379952908,1
Final-NanSET_preprocessed.csv,588,-1,0,0,0.000790581398177892,1
Final-NanSET_preprocessed.csv,589,-1,0,0,0.011138849891722202,1
Final-NanSET_preprocessed.csv,590,-1,0,0,0.011398253031075,1
Final-NanSET_preprocessed.csv,591,-1,0,0,0.0011918587842956185,1
Final-NanSET_preprocessed.csv,592,-1,0,0,0.0012150848051533103,1
Final-NanSET_preprocessed.csv,593,-1,0,0,0.010700651444494724,1
Final-NanSET_preprocessed.csv,594,-1,0,0,0.008872940205037594,1
Final-NanSET_preprocessed.csv,595,-1,0,0,0.0005543084698729217,1
Final-NanSET_preprocessed.csv,596,-1,0,0,0.001074311905540526,1
Final-NanSET_preprocessed.csv,597,-1,0,0,0.001125479699112475,1
Final-NanSET_preprocessed.csv,598,-1,0,0,0.0015956577844917774,1
Final-NanSET_preprocessed.csv,599,-1,0,0,0.0014403336681425571,1
Final-NanSET_preprocessed.csv,600,-1,0,0,0.004867578856647015,1
Final-NanSET_preprocessed.csv,601,-1,0,0,0.010058899410068989,1
Final-NanSET_preprocessed.csv,602,-1,0,0,0.007998793385922909,1
Final-NanSET_preprocessed.csv,603,-1,0,0,0.001248317421413958,1
Final-NanSET_preprocessed.csv,604,-1,0,0,0.0009673808235675097,1
Final-NanSET_preprocessed.csv,605,-1,0,0,0.0007746532210148871,1
Final-NanSET_preprocessed.csv,606,-1,0,0,0.003646179335191846,1
Final-NanSET_preprocessed.csv,607,-1,0,0,0.0010995445773005486,1
Final-NanSET_preprocessed.csv,608,-1,0,0,0.0006922328611835837,1
Final-NanSET_preprocessed.csv,609,-1,0,0,0.008628346025943756,1
Final-NanSET_preprocessed.csv,610,-1,0,0,0.0005396614433266222,1
Final-NanSET_preprocessed.csv,611,-1,0,0,0.01650165766477585,1
Final-NanSET_preprocessed.csv,612,-1,0,0,0.023288311436772346,1
Final-NanSET_preprocessed.csv,613,-1,0,0,0.0009266152046620846,1
Final-NanSET_preprocessed.csv,614,-1,0,0,0.0034202048555016518,1
Final-NanSET_preprocessed.csv,615,-1,0,0,0.002374835079535842,1
Final-NanSET_preprocessed.csv,616,-1,0,0,0.00839389767497778,1
Final-NanSET_preprocessed.csv,617,-1,0,0,0.0030700440984219313,1
Final-NanSET_preprocessed.csv,618,-1,0,0,0.004405480809509754,1
Final-NanSET_preprocessed.csv,619,-1,0,0,0.003471820615231991,1
Final-NanSET_preprocessed.csv,620,-1,0,0,0.005894478876143694,1
Final-NanSET_preprocessed.csv,621,-1,0,0,0.009150411933660507,1
Final-NanSET_preprocessed.csv,622,-1,0,0,0.0021988279186189175,1
Final-NanSET_preprocessed.csv,623,-1,0,0,0.01915339194238186,1
Final-NanSET_preprocessed.csv,624,-1,0,0,0.007197228725999594,1
Final-NanSET_preprocessed.csv,625,-1,0,0,0.000611492374446243,1
Final-NanSET_preprocessed.csv,626,-1,0,0,0.004987176973372698,1
Final-NanSET_preprocessed.csv,627,-1,0,0,0.0053543043322861195,1
Final-NanSET_preprocessed.csv,628,-1,0,0,0.0022176566999405622,1
Final-NanSET_preprocessed.csv,629,-1,0,0,0.003256975905969739,1
Final-NanSET_preprocessed.csv,630,-1,0,0,0.00033725652610883117,1
Final-NanSET_preprocessed.csv,631,-1,0,0,0.003982443828135729,1
Final-NanSET_preprocessed.csv,632,-1,0,0,0.0015875877579674125,1
Final-NanSET_preprocessed.csv,633,-1,0,0,0.005239629186689854,1
Final-NanSET_preprocessed.csv,634,-1,0,0,0.009728843346238136,1
Final-NanSET_preprocessed.csv,635,-1,0,0,0.01168050803244114,1
Final-NanSET_preprocessed.csv,636,-1,0,0,0.0010201368713751435,1
Final-NanSET_preprocessed.csv,637,-1,0,0,0.004609907045960426,1
Final-NanSET_preprocessed.csv,638,-1,0,0,0.0019447837257757783,1
Final-NanSET_preprocessed.csv,639,-1,0,0,0.0015668441774323583,1
Final-NanSET_preprocessed.csv,640,-1,0,0,0.003098284127190709,1
Final-NanSET_preprocessed.csv,641,-1,0,0,0.0007937627960927784,1
Final-NanSET_preprocessed.csv,642,-1,0,0,0.0009724313858896494,1
Final-NanSET_preprocessed.csv,643,-1,0,0,0.006085407454520464,1
Final-NanSET_preprocessed.csv,644,-1,0,0,0.007269870024174452,1
Final-NanSET_preprocessed.csv,645,-1,0,0,0.008235489949584007,1
Final-NanSET_preprocessed.csv,646,-1,0,0,0.00264408765360713,1
Final-NanSET_preprocessed.csv,647,-1,0,0,0.001592314918525517,1
Final-NanSET_preprocessed.csv,648,-1,0,0,0.0009823335567489266,1
Final-NanSET_preprocessed.csv,649,-1,0,0,0.016246169805526733,1
Final-NanSET_preprocessed.csv,650,-1,0,0,0.0017351575661450624,1
Final-NanSET_preprocessed.csv,651,-1,0,0,0.013604393228888512,1
Final-NanSET_preprocessed.csv,652,-1,0,0,0.0062287612818181515,1
Final-NanSET_preprocessed.csv,653,-1,0,0,0.004026859533041716,1
Final-NanSET_preprocessed.csv,654,-1,0,0,0.0008686635992489755,1
Final-NanSET_preprocessed.csv,655,-1,0,0,0.0005918065435253084,1
Final-NanSET_preprocessed.csv,656,-1,0,0,0.0021499167196452618,1
Final-NanSET_preprocessed.csv,657,-1,0,0,0.0006351219490170479,1
Final-NanSET_preprocessed.csv,658,-1,0,0,0.024465272203087807,1
Final-NanSET_preprocessed.csv,659,-1,0,0,0.0014822030207142234,1
Final-NanSET_preprocessed.csv,660,-1,0,0,0.0016586452256888151,1
Final-NanSET_preprocessed.csv,661,-1,0,0,0.003961457405239344,1
Final-NanSET_preprocessed.csv,662,-1,0,0,0.0013335489202290773,1
Final-NanSET_preprocessed.csv,663,-1,0,0,0.0010082714725285769,1
Final-NanSET_preprocessed.csv,664,-1,0,0,0.0005625728517770767,1
Final-NanSET_preprocessed.csv,665,-1,0,0,0.0051216003485023975,1
Final-NanSET_preprocessed.csv,666,-1,0,0,0.0020938084926456213,1
Final-NanSET_preprocessed.csv,667,-1,0,0,0.01729387231171131,1
Final-NanSET_preprocessed.csv,668,-1,0,0,0.02987263724207878,1
Final-NanSET_preprocessed.csv,669,-1,0,0,0.0015322704566642642,1
Final-NanSET_preprocessed.csv,670,-1,0,0,0.014332901686429977,1
Final-NanSET_preprocessed.csv,671,-1,0,0,0.0006897281855344772,1
Final-NanSET_preprocessed.csv,672,-1,0,0,0.002580729778856039,1
Final-NanSET_preprocessed.csv,673,-1,0,0,0.004763882141560316,1
Final-NanSET_preprocessed.csv,674,-1,0,0,0.0010620043613016605,1
Final-NanSET_preprocessed.csv,675,-1,0,0,0.004543133080005646,1
Final-NanSET_preprocessed.csv,676,-1,0,0,0.0030385805293917656,1
Final-NanSET_preprocessed.csv,677,-1,0,0,0.018170500174164772,1
Final-NanSET_preprocessed.csv,678,-1,0,0,0.00661052530631423,1
Final-NanSET_preprocessed.csv,679,-1,0,0,0.0033522616140544415,1
Final-NanSET_preprocessed.csv,680,-1,0,0,0.004950628150254488,1
Final-NanSET_preprocessed.csv,681,-1,0,0,0.0040137385949492455,1
Final-NanSET_preprocessed.csv,682,-1,0,0,0.0011002706596627831,1
Final-NanSET_preprocessed.csv,683,-1,0,0,0.001267916290089488,1
Final-NanSET_preprocessed.csv,684,-1,0,0,0.003127678297460079,1
Final-NanSET_preprocessed.csv,685,-1,0,0,0.011642700992524624,1
Final-NanSET_preprocessed.csv,686,-1,0,0,0.00018396358063910156,1
Final-NanSET_preprocessed.csv,687,-1,0,0,0.0009337701485492289,1
Final-NanSET_preprocessed.csv,688,-1,0,0,0.011654972098767757,1
Final-NanSET_preprocessed.csv,689,-1,0,0,0.0001827082596719265,1
Final-NanSET_preprocessed.csv,690,-1,0,0,0.0006404033047147095,1
Final-NanSET_preprocessed.csv,691,-1,0,0,0.0006073889671824872,1
Final-NanSET_preprocessed.csv,692,-1,0,0,0.005121886730194092,1
Final-NanSET_preprocessed.csv,693,-1,0,0,0.0032797642052173615,1
Final-NanSET_preprocessed.csv,694,-1,0,0,0.0012554103741422296,1
Final-NanSET_preprocessed.csv,695,-1,0,0,0.014489798806607723,1
Final-NanSET_preprocessed.csv,696,-1,0,0,0.0006460438016802073,1
Final-NanSET_preprocessed.csv,697,-1,0,0,0.0008196317357942462,1
Final-NanSET_preprocessed.csv,698,-1,0,0,0.0039987522177398205,1
Final-NanSET_preprocessed.csv,699,-1,0,0,0.00420271884649992,1
Final-NanSET_preprocessed.csv,700,-1,0,0,0.0028511874843388796,1
Final-NanSET_preprocessed.csv,701,-1,0,0,0.000866590125951916,1
Final-NanSET_preprocessed.csv,702,-1,0,0,0.013882526196539402,1
Final-NanSET_preprocessed.csv,703,-1,0,0,0.022172149270772934,1
Final-NanSET_preprocessed.csv,704,-1,0,0,0.019844014197587967,1
Final-NanSET_preprocessed.csv,705,-1,0,0,0.0036945624742656946,1
Final-NanSET_preprocessed.csv,706,-1,0,0,0.00020759113249368966,1
Final-NanSET_preprocessed.csv,707,-1,0,0,0.0008267798111774027,1
Final-NanSET_preprocessed.csv,708,-1,0,0,0.001525245257653296,1
Final-NanSET_preprocessed.csv,709,-1,0,0,0.0031493459828197956,1
Final-NanSET_preprocessed.csv,710,-1,0,0,0.0016432444099336863,1
Final-NanSET_preprocessed.csv,711,-1,0,0,0.002742960350587964,1
Final-NanSET_preprocessed.csv,712,-1,0,0,0.0003103269264101982,1
Final-NanSET_preprocessed.csv,713,-1,0,0,0.002225149655714631,1
Final-NanSET_preprocessed.csv,714,-1,0,0,0.0016403853660449386,1
Final-NanSET_preprocessed.csv,715,-1,0,0,0.00037412141682580113,1
Final-NanSET_preprocessed.csv,716,-1,0,0,0.0065534682944417,1
Final-NanSET_preprocessed.csv,717,-1,0,0,0.0005178568535484374,1
Final-NanSET_preprocessed.csv,718,-1,0,0,0.006925048306584358,1
Final-NanSET_preprocessed.csv,719,-1,0,0,0.00019322129082866013,1
Final-NanSET_preprocessed.csv,720,-1,0,0,0.005471412558108568,1
Final-NanSET_preprocessed.csv,721,-1,0,0,0.021395588293671608,1
Final-NanSET_preprocessed.csv,722,-1,0,0,0.002229142701253295,1
Final-NanSET_preprocessed.csv,723,-1,0,0,0.010118158534169197,1
Final-NanSET_preprocessed.csv,724,-1,0,0,0.01158952061086893,1
Final-NanSET_preprocessed.csv,725,-1,0,0,0.0005219339509494603,1
Final-NanSET_preprocessed.csv,726,-1,0,0,0.018789295107126236,1
Final-NanSET_preprocessed.csv,727,-1,0,0,0.001717764069326222,1
Final-NanSET_preprocessed.csv,728,-1,0,0,0.004088805988430977,1
Final-NanSET_preprocessed.csv,729,-1,0,0,0.0027369053568691015,1
Final-NanSET_preprocessed.csv,730,-1,0,0,0.0022860157769173384,1
Final-NanSET_preprocessed.csv,731,-1,0,0,0.002398677868768573,1
Final-NanSET_preprocessed.csv,732,-1,0,0,0.004683295730501413,1
Final-NanSET_preprocessed.csv,733,-1,0,0,0.002193333115428686,1
Final-NanSET_preprocessed.csv,734,-1,0,0,0.006162777077406645,1
Final-NanSET_preprocessed.csv,735,-1,0,0,0.02061086893081665,1
Final-NanSET_preprocessed.csv,736,-1,0,0,0.02050977572798729,1
Final-NanSET_preprocessed.csv,737,-1,0,0,0.004528784193098545,1
Final-NanSET_preprocessed.csv,738,-1,0,0,0.025295251980423927,1
Final-NanSET_preprocessed.csv,739,-1,0,0,0.0012322569964453578,1
Final-NanSET_preprocessed.csv,740,-1,0,0,0.009965479373931885,1
Final-NanSET_preprocessed.csv,741,-1,0,0,0.005486737005412579,1
Final-NanSET_preprocessed.csv,742,-1,0,0,0.001436614547856152,1
Final-NanSET_preprocessed.csv,743,-1,0,0,0.001863627228885889,1
Final-NanSET_preprocessed.csv,744,-1,0,0,0.002024696208536625,1
Final-NanSET_preprocessed.csv,745,-1,0,0,0.020660823211073875,1
Final-NanSET_preprocessed.csv,746,-1,0,0,0.012508474290370941,1
Final-NanSET_preprocessed.csv,747,-1,0,0,0.01066152099519968,1
Final-NanSET_preprocessed.csv,748,-1,0,0,0.01040186733007431,1
Final-NanSET_preprocessed.csv,749,-1,0,0,0.014498844742774963,1
Final-NanSET_preprocessed.csv,750,-1,0,0,0.0012219551717862487,1
Final-NanSET_preprocessed.csv,751,-1,0,0,0.0010777550050988793,1
Final-NanSET_preprocessed.csv,752,-1,0,0,0.02177306078374386,1
Final-NanSET_preprocessed.csv,753,-1,0,0,0.0012602173956111073,1
Final-NanSET_preprocessed.csv,754,-1,0,0,0.006193189881742001,1
Final-NanSET_preprocessed.csv,755,-1,0,0,0.004544232506304979,1
Final-NanSET_preprocessed.csv,756,-1,0,0,0.008535231463611126,1
Final-NanSET_preprocessed.csv,757,-1,0,0,0.000234927429119125,1
Final-NanSET_preprocessed.csv,758,-1,0,0,0.0010424792999401689,1
Final-NanSET_preprocessed.csv,759,-1,0,0,0.004906569607555866,1
Final-NanSET_preprocessed.csv,760,-1,0,0,0.0010423512430861592,1
Final-NanSET_preprocessed.csv,761,-1,0,0,0.0008652984397485852,1
Final-NanSET_preprocessed.csv,762,-1,0,0,0.000625331187620759,1
Final-NanSET_preprocessed.csv,763,-1,0,0,0.03711729124188423,1
Final-NanSET_preprocessed.csv,764,-1,0,0,0.0006361141568049788,1
Final-NanSET_preprocessed.csv,765,-1,0,0,0.007625863887369633,1
Final-NanSET_preprocessed.csv,766,-1,0,0,0.0006982709164731205,1
Final-NanSET_preprocessed.csv,767,-1,0,0,0.0005220086313784122,1
Final-NanSET_preprocessed.csv,768,-1,0,0,0.004594143014401197,1
Final-NanSET_preprocessed.csv,769,-1,0,0,0.00024424376897513866,1
Final-NanSET_preprocessed.csv,770,-1,0,0,0.0009584000217728317,1
Final-NanSET_preprocessed.csv,771,-1,0,0,0.0007099297363311052,1
Final-NanSET_preprocessed.csv,772,-1,0,0,0.0017877434147521853,1
Final-NanSET_preprocessed.csv,773,-1,0,0,0.0003002328739967197,1
Final-NanSET_preprocessed.csv,774,-1,0,0,0.001620741793885827,1
Final-NanSET_preprocessed.csv,775,-1,0,0,0.0278637632727623,1
Final-NanSET_preprocessed.csv,776,-1,0,0,0.000334324809955433,1
Final-NanSET_preprocessed.csv,777,-1,0,0,0.0016686440212652087,1
Final-NanSET_preprocessed.csv,778,-1,0,0,0.00029332557460293174,1
Final-NanSET_preprocessed.csv,779,-1,0,0,0.01119784452021122,1
Final-NanSET_preprocessed.csv,780,-1,0,0,0.0024174221325665712,1
Final-NanSET_preprocessed.csv,781,-1,0,0,0.0020276717841625214,1
Final-NanSET_preprocessed.csv,782,-1,0,0,0.004124567378312349,1
Final-NanSET_preprocessed.csv,783,-1,0,0,0.007605013437569141,1
Final-NanSET_preprocessed.csv,784,-1,0,0,0.0009686789708212018,1
Final-NanSET_preprocessed.csv,785,-1,0,0,0.004571937024593353,1
Final-NanSET_preprocessed.csv,786,-1,0,0,0.0027701673097908497,1
Final-NanSET_preprocessed.csv,787,-1,0,0,0.0008288693497888744,1
Final-NanSET_preprocessed.csv,788,-1,0,0,0.008957354351878166,1
Final-NanSET_preprocessed.csv,789,-1,0,0,0.0020522235427051783,1
Final-NanSET_preprocessed.csv,790,-1,0,0,0.0007767784409224987,1
Final-NanSET_preprocessed.csv,791,-1,0,0,0.0011200869921594858,1
Final-NanSET_preprocessed.csv,792,-1,0,0,0.00034484430216252804,1
Final-NanSET_preprocessed.csv,793,-1,0,0,0.0071848607622087,1
Final-NanSET_preprocessed.csv,794,-1,0,0,0.005876888986676931,1
Final-NanSET_preprocessed.csv,795,-1,0,0,0.015039280988276005,1
Final-NanSET_preprocessed.csv,796,-1,0,0,0.0007242595311254263,1
Final-NanSET_preprocessed.csv,797,-1,0,0,0.0007442160858772695,1
Final-NanSET_preprocessed.csv,798,-1,0,0,0.009029831737279892,1
Final-NanSET_preprocessed.csv,799,-1,0,0,0.0006991405389271677,1
Final-NanSET_preprocessed.csv,800,-1,0,0,0.004921272862702608,1
Final-NanSET_preprocessed.csv,801,-1,0,0,0.005516546778380871,1
Final-NanSET_preprocessed.csv,802,-1,0,0,0.002263294532895088,1
Final-NanSET_preprocessed.csv,803,-1,0,0,0.005151170771569014,1
Final-NanSET_preprocessed.csv,804,-1,0,0,0.002342205261811614,1
Final-NanSET_preprocessed.csv,805,-1,0,0,0.10565672069787979,1
Final-NanSET_preprocessed.csv,806,-1,0,0,0.000546677561942488,1
Final-NanSET_preprocessed.csv,807,-1,0,0,0.0034471750259399414,1
Final-NanSET_preprocessed.csv,808,-1,0,0,0.0035777075681835413,1
Final-NanSET_preprocessed.csv,809,-1,0,0,0.003933869302272797,1
Final-NanSET_preprocessed.csv,810,-1,0,0,0.008436447940766811,1
Final-NanSET_preprocessed.csv,811,-1,0,0,0.0007968761492520571,1
Final-NanSET_preprocessed.csv,812,-1,0,0,0.007231004070490599,1
Final-NanSET_preprocessed.csv,813,-1,0,0,0.00882343202829361,1
Final-NanSET_preprocessed.csv,814,-1,0,0,0.0010690701892599463,1
Final-NanSET_preprocessed.csv,815,-1,0,0,0.0039864806458354,1
Final-NanSET_preprocessed.csv,816,-1,0,0,0.003599409246817231,1
Final-NanSET_preprocessed.csv,817,-1,0,0,0.0005670780665241182,1
Final-NanSET_preprocessed.csv,818,-1,0,0,0.00731766689568758,1
Final-NanSET_preprocessed.csv,819,-1,0,0,0.0017260843887925148,1
Final-NanSET_preprocessed.csv,820,-1,0,0,0.0039474498480558395,1
Final-NanSET_preprocessed.csv,821,-1,0,0,0.01606975682079792,1
Final-NanSET_preprocessed.csv,822,-1,0,0,0.00022799917496740818,1
Final-NanSET_preprocessed.csv,823,-1,0,0,0.0016254475340247154,1
Final-NanSET_preprocessed.csv,824,-1,0,0,0.007948072627186775,1
Final-NanSET_preprocessed.csv,825,-1,0,0,0.0009364617289975286,1
Final-NanSET_preprocessed.csv,826,-1,0,0,0.011373541317880154,1
Final-NanSET_preprocessed.csv,827,-1,0,0,0.0011116141686215997,1
Final-NanSET_preprocessed.csv,828,-1,0,0,0.0011481401743367314,1
Final-NanSET_preprocessed.csv,829,-1,0,0,0.004032688681036234,1
Final-NanSET_preprocessed.csv,830,-1,0,0,0.0023458581417798996,1
Final-NanSET_preprocessed.csv,831,-1,0,0,0.003762781387194991,1
Final-NanSET_preprocessed.csv,832,-1,0,0,0.0005544218001887202,1
Final-NanSET_preprocessed.csv,833,-1,0,0,0.006207452155649662,1
Final-NanSET_preprocessed.csv,834,-1,0,0,0.0004952705348841846,1
Final-NanSET_preprocessed.csv,835,-1,0,0,0.0012780907563865185,1
Final-NanSET_preprocessed.csv,836,-1,0,0,0.005215750075876713,1
Final-NanSET_preprocessed.csv,837,-1,0,0,0.004143633879721165,1
Final-NanSET_preprocessed.csv,838,-1,0,0,0.01894466020166874,1
Final-NanSET_preprocessed.csv,839,-1,0,0,0.00017861789092421532,1
Final-NanSET_preprocessed.csv,840,-1,0,0,0.003715377300977707,1
Final-NanSET_preprocessed.csv,841,-1,0,0,0.015306183136999607,1
Final-NanSET_preprocessed.csv,842,-1,0,0,0.005067929159849882,1
Final-NanSET_preprocessed.csv,843,-1,0,0,0.0012141591869294643,1
Final-NanSET_preprocessed.csv,844,-1,0,0,0.003799811005592346,1
Final-NanSET_preprocessed.csv,845,-1,0,0,0.0012950387317687273,1
Final-NanSET_preprocessed.csv,846,-1,0,0,0.002004466252401471,1
Final-NanSET_preprocessed.csv,847,-1,0,0,0.0007687719189561903,1
Final-NanSET_preprocessed.csv,848,-1,0,0,0.0006332271150313318,1
Final-NanSET_preprocessed.csv,849,-1,0,0,0.00020724543719552457,1
Final-NanSET_preprocessed.csv,850,-1,0,0,0.0006864304887130857,1
Final-NanSET_preprocessed.csv,851,-1,0,0,0.0033419316168874502,1
Final-NanSET_preprocessed.csv,852,-1,0,0,0.0019717011600732803,1
Final-NanSET_preprocessed.csv,853,-1,0,0,0.0005566281615756452,1
Final-NanSET_preprocessed.csv,854,-1,0,0,0.0017428286373615265,1
Final-NanSET_preprocessed.csv,855,-1,0,0,0.003355362918227911,1
Final-NanSET_preprocessed.csv,856,-1,0,0,0.0010569858131930232,1
Final-NanSET_preprocessed.csv,857,-1,0,0,0.012298556976020336,1
Final-NanSET_preprocessed.csv,858,-1,0,0,0.0040210033766925335,1
Final-NanSET_preprocessed.csv,859,-1,0,0,0.0007840821635909379,1
Final-NanSET_preprocessed.csv,860,-1,0,0,0.0032814727164804935,1
Final-NanSET_preprocessed.csv,861,-1,0,0,0.0045074233785271645,1
Final-NanSET_preprocessed.csv,862,-1,0,0,0.007922125980257988,1
Final-NanSET_preprocessed.csv,863,-1,0,0,0.0012366888113319874,1
Final-NanSET_preprocessed.csv,864,-1,0,0,0.09732390195131302,1
Final-NanSET_preprocessed.csv,865,-1,0,0,0.00023873716418165714,1
Final-NanSET_preprocessed.csv,866,-1,0,0,0.002740609459578991,1
Final-NanSET_preprocessed.csv,867,-1,0,0,0.0006525555509142578,1
Final-NanSET_preprocessed.csv,868,-1,0,0,0.0022796362172812223,1
Final-NanSET_preprocessed.csv,869,-1,0,0,0.0009669399005360901,1
Final-NanSET_preprocessed.csv,870,-1,0,0,0.0004872097633779049,1
Final-NanSET_preprocessed.csv,871,-1,0,0,0.0022823114413768053,1
Final-NanSET_preprocessed.csv,872,-1,0,0,0.0008693222189322114,1
Final-NanSET_preprocessed.csv,873,-1,0,0,0.006536935921758413,1
Final-NanSET_preprocessed.csv,874,-1,0,0,0.001440790481865406,1
Final-NanSET_preprocessed.csv,875,-1,0,0,0.0013562608510255814,1
Final-NanSET_preprocessed.csv,876,-1,0,0,0.0007627586601302028,1
Final-NanSET_preprocessed.csv,877,-1,0,0,0.009332231245934963,1
Final-NanSET_preprocessed.csv,878,-1,0,0,0.0036435036454349756,1
Final-NanSET_preprocessed.csv,879,-1,0,0,0.009335428476333618,1
Final-NanSET_preprocessed.csv,880,-1,0,0,0.002887604758143425,1
Final-NanSET_preprocessed.csv,881,-1,0,0,0.005239653866738081,1
Final-NanSET_preprocessed.csv,882,-1,0,0,0.016287831589579582,1
Final-NanSET_preprocessed.csv,883,-1,0,0,0.00051920983241871,1
Final-NanSET_preprocessed.csv,884,-1,0,0,0.00045337172923609614,1
Final-NanSET_preprocessed.csv,885,-1,0,0,0.0029178455006331205,1
Final-NanSET_preprocessed.csv,886,-1,0,0,0.013855325058102608,1
Final-NanSET_preprocessed.csv,887,-1,0,0,0.0011617523850873113,1
Final-NanSET_preprocessed.csv,888,-1,0,0,0.004033332224935293,1
Final-NanSET_preprocessed.csv,889,-1,0,0,0.0033673951402306557,1
Final-NanSET_preprocessed.csv,890,-1,0,0,0.019498152658343315,1
Final-NanSET_preprocessed.csv,891,-1,0,0,0.0001949002908077091,1
Final-NanSET_preprocessed.csv,892,-1,0,0,0.0032334201969206333,1
Final-NanSET_preprocessed.csv,893,-1,0,0,0.0006196519825607538,1
Final-NanSET_preprocessed.csv,894,-1,0,0,0.0046756090596318245,1
Final-NanSET_preprocessed.csv,895,-1,0,0,0.002149114850908518,1
Final-NanSET_preprocessed.csv,896,-1,0,0,0.0005017902003601193,1
Final-NanSET_preprocessed.csv,897,-1,0,0,0.0005555490497499704,1
Final-NanSET_preprocessed.csv,898,-1,0,0,0.001436137012206018,1
Final-NanSET_preprocessed.csv,899,-1,0,0,0.0030569969676434994,1
Final-NanSET_preprocessed.csv,900,-1,0,0,0.0025943813379853964,1
Final-NanSET_preprocessed.csv,901,-1,0,0,0.001341797411441803,1
Final-NanSET_preprocessed.csv,902,-1,0,0,0.0010361172026023269,1
Final-NanSET_preprocessed.csv,903,-1,0,0,0.0005819119978696108,1
Final-NanSET_preprocessed.csv,904,-1,0,0,0.0007367654470726848,1
Final-NanSET_preprocessed.csv,905,-1,0,0,0.02539914660155773,1
Final-NanSET_preprocessed.csv,906,-1,0,0,0.004918730817735195,1
Final-NanSET_preprocessed.csv,907,-1,0,0,0.008967934176325798,1
Final-NanSET_preprocessed.csv,908,-1,0,0,0.0007685210439376533,1
Final-NanSET_preprocessed.csv,909,-1,0,0,0.0014366308460012078,1
Final-NanSET_preprocessed.csv,910,-1,0,0,0.0025227172300219536,1
Final-NanSET_preprocessed.csv,911,-1,0,0,0.0026961544062942266,1
Final-NanSET_preprocessed.csv,912,-1,0,0,0.0014817873015999794,1
Final-NanSET_preprocessed.csv,913,-1,0,0,0.008980819024145603,1
Final-NanSET_preprocessed.csv,914,-1,0,0,0.007040892727673054,1
Final-NanSET_preprocessed.csv,915,-1,0,0,0.0048731854185462,1
Final-NanSET_preprocessed.csv,916,-1,0,0,0.0018308877479285002,1
Final-NanSET_preprocessed.csv,917,-1,0,0,0.0037164012901484966,1
Final-NanSET_preprocessed.csv,918,-1,0,0,0.015032798051834106,1
Final-NanSET_preprocessed.csv,919,-1,0,0,0.06000193953514099,1
Final-NanSET_preprocessed.csv,920,-1,0,0,0.0031696560326963663,1
Final-NanSET_preprocessed.csv,921,-1,0,0,0.005377667024731636,1
Final-NanSET_preprocessed.csv,922,-1,0,0,0.0006373776705004275,1
Final-NanSET_preprocessed.csv,923,-1,0,0,0.003565594321116805,1
Final-NanSET_preprocessed.csv,924,-1,0,0,0.005989691708236933,1
Final-NanSET_preprocessed.csv,925,-1,0,0,0.008784998208284378,1
Final-NanSET_preprocessed.csv,926,-1,0,0,0.006456735078245401,1
Final-NanSET_preprocessed.csv,927,-1,0,0,0.00043526358786039054,1
Final-NanSET_preprocessed.csv,928,-1,0,0,0.0005372538580559194,1
Final-NanSET_preprocessed.csv,929,-1,0,0,0.0036927233450114727,1
Final-NanSET_preprocessed.csv,930,-1,0,0,0.0018725759582594037,1
Final-NanSET_preprocessed.csv,931,-1,0,0,0.001821973011828959,1
Final-NanSET_preprocessed.csv,932,-1,0,0,0.008452006615698338,1
Final-NanSET_preprocessed.csv,933,-1,0,0,0.0012558995513245463,1
Final-NanSET_preprocessed.csv,934,-1,0,0,0.007243563886731863,1
Final-NanSET_preprocessed.csv,935,-1,0,0,0.008368304930627346,1
Final-NanSET_preprocessed.csv,936,-1,0,0,0.0019859974272549152,1
Final-NanSET_preprocessed.csv,937,-1,0,0,0.003092927858233452,1
Final-NanSET_preprocessed.csv,938,-1,0,0,0.0026474157348275185,1
Final-NanSET_preprocessed.csv,939,-1,0,0,0.005603299476206303,1
Final-NanSET_preprocessed.csv,940,-1,0,0,0.0055425893515348434,1
Final-NanSET_preprocessed.csv,941,-1,0,0,0.0009043588652275503,1
Final-NanSET_preprocessed.csv,942,-1,0,0,0.0008641058229841292,1
Final-NanSET_preprocessed.csv,943,-1,0,0,0.0014432129682973027,1
Final-NanSET_preprocessed.csv,944,-1,0,0,0.009466436691582203,1
Final-NanSET_preprocessed.csv,945,-1,0,0,0.021469684317708015,1
Final-NanSET_preprocessed.csv,946,-1,0,0,0.002261585323140025,1
Final-NanSET_preprocessed.csv,947,-1,0,0,0.01290114875882864,1
Final-NanSET_preprocessed.csv,948,-1,0,0,0.005052710883319378,1
Final-NanSET_preprocessed.csv,949,-1,0,0,0.0019317478872835636,1
Final-NanSET_preprocessed.csv,950,-1,0,0,0.0030697525944560766,1
Final-NanSET_preprocessed.csv,951,-1,0,0,0.01453372836112976,1
Final-NanSET_preprocessed.csv,952,-1,0,0,0.014412927441298962,1
Final-NanSET_preprocessed.csv,953,-1,0,0,0.0008122214931063354,1
Final-NanSET_preprocessed.csv,954,-1,0,0,0.0014365529641509056,1
Final-NanSET_preprocessed.csv,955,-1,0,0,0.0006129277753643692,1
Final-NanSET_preprocessed.csv,956,-1,0,0,0.007094624452292919,1
Final-NanSET_preprocessed.csv,957,-1,0,0,0.01369825005531311,1
Final-NanSET_preprocessed.csv,958,-1,0,0,0.007681066170334816,1
Final-NanSET_preprocessed.csv,959,-1,0,0,0.0001955972984433174,1
Final-NanSET_preprocessed.csv,960,-1,0,0,0.008267531171441078,1
Final-NanSET_preprocessed.csv,961,-1,0,0,0.013625186868011951,1
Final-NanSET_preprocessed.csv,962,-1,0,0,0.002660155761986971,1
Final-NanSET_preprocessed.csv,963,-1,0,0,0.00034413623507134616,1
Final-NanSET_preprocessed.csv,964,-1,0,0,0.002705036662518978,1
Final-NanSET_preprocessed.csv,965,-1,0,0,0.034473907202482224,1
Final-NanSET_preprocessed.csv,966,-1,0,0,0.002730278531089425,1
Final-NanSET_preprocessed.csv,967,-1,0,0,0.0004091132723260671,1
Final-NanSET_preprocessed.csv,968,-1,0,0,0.010392369702458382,1
Final-NanSET_preprocessed.csv,969,-1,0,0,0.006667722016572952,1
Final-NanSET_preprocessed.csv,970,-1,0,0,0.011438054963946342,1
Final-NanSET_preprocessed.csv,971,-1,0,0,0.0015935731353238225,1
Final-NanSET_preprocessed.csv,972,-1,0,0,0.0017783642979338765,1
Final-NanSET_preprocessed.csv,973,-1,0,0,0.00123934680595994,1
Final-NanSET_preprocessed.csv,974,-1,0,0,0.0029888092540204525,1
Final-NanSET_preprocessed.csv,975,-1,0,0,0.002530563622713089,1
Final-NanSET_preprocessed.csv,976,-1,0,0,0.007121957838535309,1
Final-NanSET_preprocessed.csv,977,-1,0,0,0.005892521236091852,1
Final-NanSET_preprocessed.csv,978,-1,0,0,0.0073630791157484055,1
Final-NanSET_preprocessed.csv,979,-1,0,0,0.0008413790492340922,1
Final-NanSET_preprocessed.csv,980,-1,0,0,0.001226050895638764,1
Final-NanSET_preprocessed.csv,981,-1,0,0,0.002613879507407546,1
Final-NanSET_preprocessed.csv,982,-1,0,0,0.011723531410098076,1
Final-NanSET_preprocessed.csv,983,-1,0,0,0.01114966906607151,1
Final-NanSET_preprocessed.csv,984,-1,0,0,0.004653369076550007,1
Final-NanSET_preprocessed.csv,985,-1,0,0,0.007555929012596607,1
Final-NanSET_preprocessed.csv,986,-1,0,0,0.007060621399432421,1
Final-NanSET_preprocessed.csv,987,-1,0,0,0.006591373588889837,1
Final-NanSET_preprocessed.csv,988,-1,0,0,0.0023875022307038307,1
Final-NanSET_preprocessed.csv,989,-1,0,0,0.008652984164655209,1
Final-NanSET_preprocessed.csv,990,-1,0,0,0.0003880539443343878,1
Final-NanSET_preprocessed.csv,991,-1,0,0,0.0030591366812586784,1
Final-NanSET_preprocessed.csv,992,-1,0,0,0.0011390537256374955,1
Final-NanSET_preprocessed.csv,993,-1,0,0,0.007616804447025061,1
Final-NanSET_preprocessed.csv,994,-1,0,0,0.06448617577552795,1
Final-NanSET_preprocessed.csv,995,-1,0,0,0.004141878802329302,1
Final-NanSET_preprocessed.csv,996,-1,0,0,0.0039176358841359615,1
Final-NanSET_preprocessed.csv,997,-1,0,0,0.0006474204710684717,1
Final-NanSET_preprocessed.csv,998,-1,0,0,0.0035666313488036394,1
Final-NanSET_preprocessed.csv,999,-1,0,0,0.002335489494726062,1
Final-NanSET_preprocessed.csv,1000,-1,0,0,0.0032326949294656515,1
Final-NanSET_preprocessed.csv,1001,-1,0,0,0.004304085858166218,1
Final-NanSET_preprocessed.csv,1002,-1,0,0,0.0004829222452826798,1
Final-NanSET_preprocessed.csv,1003,-1,0,0,0.0011862422106787562,1
Final-NanSET_preprocessed.csv,1004,-1,0,0,0.0033256947062909603,1
Final-NanSET_preprocessed.csv,1005,-1,0,0,0.003334034699946642,1
Final-NanSET_preprocessed.csv,1006,-1,0,0,0.0006855920073576272,1
Final-NanSET_preprocessed.csv,1007,-1,0,0,0.004884672816842794,1
Final-NanSET_preprocessed.csv,1008,-1,0,0,0.0027895148377865553,1
Final-NanSET_preprocessed.csv,1009,-1,0,0,0.0007427286473102868,1
Final-NanSET_preprocessed.csv,1010,-1,0,0,0.0008056244114413857,1
Final-NanSET_preprocessed.csv,1011,-1,0,0,0.0009611021378077567,1
Final-NanSET_preprocessed.csv,1012,-1,0,0,0.00024661136558279395,1
Final-NanSET_preprocessed.csv,1013,-1,0,0,0.0008523330907337368,1
Final-NanSET_preprocessed.csv,1014,-1,0,0,0.0032999604009091854,1
Final-NanSET_preprocessed.csv,1015,-1,0,0,0.013235756196081638,1
Final-NanSET_preprocessed.csv,1016,-1,0,0,0.002593168755993247,1
Final-NanSET_preprocessed.csv,1017,-1,0,0,0.014565055258572102,1
Final-NanSET_preprocessed.csv,1018,-1,0,0,0.0001921109651448205,1
Final-NanSET_preprocessed.csv,1019,-1,0,0,0.0012338798260316253,1
Final-NanSET_preprocessed.csv,1020,-1,0,0,0.006829787511378527,1
Final-NanSET_preprocessed.csv,1021,-1,0,0,0.004472887609153986,1
Final-NanSET_preprocessed.csv,1022,-1,0,0,0.0010987918358296156,1
Final-NanSET_preprocessed.csv,1023,-1,0,0,0.0036816031206399202,1
Final-NanSET_preprocessed.csv,1024,-1,0,0,0.0018388106254860759,1
Final-NanSET_preprocessed.csv,1025,-1,0,0,0.0020497601944953203,1
Final-NanSET_preprocessed.csv,1026,-1,0,0,0.0011975578963756561,1
Final-NanSET_preprocessed.csv,1027,-1,0,0,0.0014588679186999798,1
Final-NanSET_preprocessed.csv,1028,-1,0,0,0.003804017324000597,1
Final-NanSET_preprocessed.csv,1029,-1,0,0,0.00047694757813587785,1
Final-NanSET_preprocessed.csv,1030,-1,0,0,0.0031405165791511536,1
Final-NanSET_preprocessed.csv,1031,-1,0,0,0.0012345875147730112,1
Final-NanSET_preprocessed.csv,1032,-1,0,0,0.0008115589153021574,1
Final-NanSET_preprocessed.csv,1033,-1,0,0,0.007323336321860552,1
Final-NanSET_preprocessed.csv,1034,-1,0,0,0.0021964283660054207,1
Final-NanSET_preprocessed.csv,1035,-1,0,0,0.009999938309192657,1
Final-NanSET_preprocessed.csv,1036,-1,0,0,0.00046342075802385807,1
Final-NanSET_preprocessed.csv,1037,-1,0,0,0.004197551403194666,1
Final-NanSET_preprocessed.csv,1038,-1,0,0,0.0009283463004976511,1
Final-NanSET_preprocessed.csv,1039,-1,0,0,0.00029831461142748594,1
Final-NanSET_preprocessed.csv,1040,-1,0,0,0.015543347224593163,1
Final-NanSET_preprocessed.csv,1041,-1,0,0,0.0056721968576312065,1
Final-NanSET_preprocessed.csv,1042,-1,0,0,0.0016663410933688283,1
Final-NanSET_preprocessed.csv,1043,-1,0,0,0.0009221608052030206,1
Final-NanSET_preprocessed.csv,1044,-1,0,0,0.0008023814298212528,1
Final-NanSET_preprocessed.csv,1045,-1,0,0,0.00047734013060107827,1
Final-NanSET_preprocessed.csv,1046,-1,0,0,0.002215591724961996,1
Final-NanSET_preprocessed.csv,1047,-1,0,0,0.0037579836789518595,1
Final-NanSET_preprocessed.csv,1048,-1,0,0,0.008491788990795612,1
Final-NanSET_preprocessed.csv,1049,-1,0,0,0.002691959962248802,1
Final-NanSET_preprocessed.csv,1050,-1,0,0,0.010547035373747349,1
Final-NanSET_preprocessed.csv,1051,-1,0,0,0.004658810328692198,1
Final-NanSET_preprocessed.csv,1052,-1,0,0,0.0005227818619459867,1
Final-NanSET_preprocessed.csv,1053,-1,0,0,0.0003879754804074764,1
Final-NanSET_preprocessed.csv,1054,-1,0,0,0.0009903201134875417,1
Final-NanSET_preprocessed.csv,1055,-1,0,0,0.003691965714097023,1
Final-NanSET_preprocessed.csv,1056,-1,0,0,0.035641904920339584,1
Final-NanSET_preprocessed.csv,1057,-1,0,0,0.0073836627416312695,1
Final-NanSET_preprocessed.csv,1058,-1,0,0,0.001482066698372364,1
Final-NanSET_preprocessed.csv,1059,-1,0,0,0.008138446137309074,1
Final-NanSET_preprocessed.csv,1060,-1,0,0,0.10073665529489517,1
Final-NanSET_preprocessed.csv,1061,-1,0,0,0.0045907748863101006,1
Final-NanSET_preprocessed.csv,1062,-1,0,0,0.0009986027143895626,1
Final-NanSET_preprocessed.csv,1063,-1,0,0,0.007447350304573774,1
Final-NanSET_preprocessed.csv,1064,-1,0,0,0.0016023933421820402,1
Final-NanSET_preprocessed.csv,1065,-1,0,0,0.008926034905016422,1
Final-NanSET_preprocessed.csv,1066,-1,0,0,0.000494376290589571,1
Final-NanSET_preprocessed.csv,1067,-1,0,0,0.01973516307771206,1
Final-NanSET_preprocessed.csv,1068,-1,0,0,0.0018085024785250425,1
Final-NanSET_preprocessed.csv,1069,-1,0,0,0.0005555834504775703,1
Final-NanSET_preprocessed.csv,1070,-1,0,0,0.016899941489100456,1
Final-NanSET_preprocessed.csv,1071,-1,0,0,0.00018596334848552942,1
Final-NanSET_preprocessed.csv,1072,-1,0,0,0.0003275321505498141,1
Final-NanSET_preprocessed.csv,1073,-1,0,0,0.0012364492285996675,1
Final-NanSET_preprocessed.csv,1074,-1,0,0,0.001549631473608315,1
Final-NanSET_preprocessed.csv,1075,-1,0,0,0.00038527094875462353,1
Final-NanSET_preprocessed.csv,1076,-1,0,0,0.009494652040302753,1
Final-NanSET_preprocessed.csv,1077,-1,0,0,0.006583263631910086,1
Final-NanSET_preprocessed.csv,1078,-1,0,0,0.0009739802917465568,1
Final-NanSET_preprocessed.csv,1079,-1,0,0,0.0006952336989343166,1
Final-NanSET_preprocessed.csv,1080,-1,0,0,0.0011185058392584324,1
Final-NanSET_preprocessed.csv,1081,-1,0,0,0.012376776896417141,1
Final-NanSET_preprocessed.csv,1082,-1,0,0,0.00730881979689002,1
Final-NanSET_preprocessed.csv,1083,-1,0,0,0.04482186213135719,1
Final-NanSET_preprocessed.csv,1084,-1,0,0,0.0021305871196091175,1
Final-NanSET_preprocessed.csv,1085,-1,0,0,0.003429512493312359,1
Final-NanSET_preprocessed.csv,1086,-1,0,0,0.006803483236581087,1
Final-NanSET_preprocessed.csv,1087,-1,0,0,0.006448566913604736,1
Final-NanSET_preprocessed.csv,1088,-1,0,0,0.01572934165596962,1
Final-NanSET_preprocessed.csv,1089,-1,0,0,0.0008787382976152003,1
Final-NanSET_preprocessed.csv,1090,-1,0,0,0.0021537933498620987,1
Final-NanSET_preprocessed.csv,1091,-1,0,0,0.004926721099764109,1
Final-NanSET_preprocessed.csv,1092,-1,0,0,0.007793253753334284,1
Final-NanSET_preprocessed.csv,1093,-1,0,0,0.004578119143843651,1
Final-NanSET_preprocessed.csv,1094,-1,0,0,0.001878487877547741,1
Final-NanSET_preprocessed.csv,1095,-1,0,0,0.0003824869345407933,1
Final-NanSET_preprocessed.csv,1096,-1,0,0,0.024954168125987053,1
Final-NanSET_preprocessed.csv,1097,-1,0,0,0.0029868432320654392,1
Final-NanSET_preprocessed.csv,1098,-1,0,0,0.000660086574498564,1
Final-NanSET_preprocessed.csv,1099,-1,0,0,0.008309810422360897,1
Final-NanSET_preprocessed.csv,1100,-1,0,0,0.0005694574792869389,1
Final-NanSET_preprocessed.csv,1101,-1,0,0,0.007906745187938213,1
Final-NanSET_preprocessed.csv,1102,-1,0,0,0.003244322258979082,1
Final-NanSET_preprocessed.csv,1103,-1,0,0,0.0006762474658899009,1
Final-NanSET_preprocessed.csv,1104,-1,0,0,0.01565856859087944,1
Final-NanSET_preprocessed.csv,1105,-1,0,0,0.0007977726636454463,1
Final-NanSET_preprocessed.csv,1106,-1,0,0,0.0007544869440607727,1
Final-NanSET_preprocessed.csv,1107,-1,0,0,0.004978668875992298,1
Final-NanSET_preprocessed.csv,1108,-1,0,0,0.0037555228918790817,1
Final-NanSET_preprocessed.csv,1109,-1,0,0,0.004567394964396954,1
Final-NanSET_preprocessed.csv,1110,-1,0,0,0.023048758506774902,1
Final-NanSET_preprocessed.csv,1111,-1,0,0,0.007338528521358967,1
Final-NanSET_preprocessed.csv,1112,-1,0,0,0.0032453788444399834,1
Final-NanSET_preprocessed.csv,1113,-1,0,0,0.0058985124342143536,1
Final-NanSET_preprocessed.csv,1114,-1,0,0,0.015774806961417198,1
Final-NanSET_preprocessed.csv,1115,-1,0,0,0.0007347335340455174,1
Final-NanSET_preprocessed.csv,1116,-1,0,0,0.001816241187043488,1
Final-NanSET_preprocessed.csv,1117,-1,0,0,0.0015911395894363523,1
Final-NanSET_preprocessed.csv,1118,-1,0,0,0.0041947816498577595,1
Final-NanSET_preprocessed.csv,1119,-1,0,0,0.00993785448372364,1
Final-NanSET_preprocessed.csv,1120,-1,0,0,0.009306184016168118,1
Final-NanSET_preprocessed.csv,1121,-1,0,0,0.0005871570319868624,1
Final-NanSET_preprocessed.csv,1122,-1,0,0,0.001369001343846321,1
Final-NanSET_preprocessed.csv,1123,-1,0,0,0.0014325318625196815,1
Final-NanSET_preprocessed.csv,1124,-1,0,0,0.0013109896099194884,1
Final-NanSET_preprocessed.csv,1125,-1,0,0,0.001635406049899757,1
Final-NanSET_preprocessed.csv,1126,-1,0,0,0.0003239466168452054,1
Final-NanSET_preprocessed.csv,1127,-1,0,0,0.007700677961111069,1
Final-NanSET_preprocessed.csv,1128,-1,0,0,0.014888939447700977,1
Final-NanSET_preprocessed.csv,1129,-1,0,0,0.04002520069479942,1
Final-NanSET_preprocessed.csv,1130,-1,0,0,0.00019760907161980867,1
Final-NanSET_preprocessed.csv,1131,-1,0,0,0.003771730000153184,1
Final-NanSET_preprocessed.csv,1132,-1,0,0,0.00739899231120944,1
Final-NanSET_preprocessed.csv,1133,-1,0,0,0.0021654756274074316,1
Final-NanSET_preprocessed.csv,1134,-1,0,0,0.0023357404861599207,1
Final-NanSET_preprocessed.csv,1135,-1,0,0,0.0009821197018027306,1
Final-NanSET_preprocessed.csv,1136,-1,0,0,0.0029540308751165867,1
Final-NanSET_preprocessed.csv,1137,-1,0,0,0.003203070955350995,1
Final-NanSET_preprocessed.csv,1138,-1,0,0,0.01249235775321722,1
Final-NanSET_preprocessed.csv,1139,-1,0,0,0.0013272339710965753,1
Final-NanSET_preprocessed.csv,1140,-1,0,0,0.0008500058320350945,1
Final-NanSET_preprocessed.csv,1141,-1,0,0,0.0006740122335031629,1
Final-NanSET_preprocessed.csv,1142,-1,0,0,0.004006337374448776,1
Final-NanSET_preprocessed.csv,1143,-1,0,0,0.04620383679866791,1
Final-NanSET_preprocessed.csv,1144,-1,0,0,0.0014998421538621187,1
Final-NanSET_preprocessed.csv,1145,-1,0,0,0.00023055923520587385,1
Final-NanSET_preprocessed.csv,1146,-1,0,0,0.004547544755041599,1
Final-NanSET_preprocessed.csv,1147,-1,0,0,0.005286040715873241,1
Final-NanSET_preprocessed.csv,1148,-1,0,0,0.0006905677146278322,1
Final-NanSET_preprocessed.csv,1149,-1,0,0,0.0005534979864023626,1
Final-NanSET_preprocessed.csv,1150,-1,0,0,0.004461268894374371,1
Final-NanSET_preprocessed.csv,1151,-1,0,0,0.010033817030489445,1
Final-NanSET_preprocessed.csv,1152,-1,0,0,0.00943176168948412,1
Final-NanSET_preprocessed.csv,1153,-1,0,0,0.003997339867055416,1
Final-NanSET_preprocessed.csv,1154,-1,0,0,0.002848011674359441,1
Final-NanSET_preprocessed.csv,1155,-1,0,0,0.0008019540691748261,1
Final-NanSET_preprocessed.csv,1156,-1,0,0,0.0024674769956618547,1
Final-NanSET_preprocessed.csv,1157,-1,0,0,0.0013388977386057377,1
Final-NanSET_preprocessed.csv,1158,-1,0,0,0.008967370726168156,1
Final-NanSET_preprocessed.csv,1159,-1,0,0,0.0005526163731701672,1
Final-NanSET_preprocessed.csv,1160,-1,0,0,0.0006733419722877443,1
Final-NanSET_preprocessed.csv,1161,-1,0,0,0.0024792004842311144,1
Final-NanSET_preprocessed.csv,1162,-1,0,0,0.013180965557694435,1
Final-NanSET_preprocessed.csv,1163,-1,0,0,0.0001266069448320195,1
Final-NanSET_preprocessed.csv,1164,-1,0,0,0.0017871649470180273,1
Final-NanSET_preprocessed.csv,1165,-1,0,0,0.00014619019930250943,1
Final-NanSET_preprocessed.csv,1166,-1,0,0,0.00743241049349308,1
Final-NanSET_preprocessed.csv,1167,-1,0,0,0.000851375691127032,1
Final-NanSET_preprocessed.csv,1168,-1,0,0,0.012869743630290031,1
Final-NanSET_preprocessed.csv,1169,-1,0,0,0.0006405748426914215,1
Final-NanSET_preprocessed.csv,1170,-1,0,0,0.0007818237645551562,1
Final-NanSET_preprocessed.csv,1171,-1,0,0,0.013545522466301918,1
Final-NanSET_preprocessed.csv,1172,-1,0,0,0.003209094749763608,1
Final-NanSET_preprocessed.csv,1173,-1,0,0,0.001711822347715497,1
Final-NanSET_preprocessed.csv,1174,-1,0,0,0.0003337057714816183,1
Final-NanSET_preprocessed.csv,1175,-1,0,0,0.0017664538463577628,1
Final-NanSET_preprocessed.csv,1176,-1,0,0,0.0015778390225023031,1
Final-NanSET_preprocessed.csv,1177,-1,0,0,0.0029525654390454292,1
Final-NanSET_preprocessed.csv,1178,-1,0,0,0.0031255155336111784,1
Final-NanSET_preprocessed.csv,1179,-1,0,0,0.007370993494987488,1
Final-NanSET_preprocessed.csv,1180,-1,0,0,0.011133120395243168,1
Final-NanSET_preprocessed.csv,1181,-1,0,0,0.0011464576236903667,1
Final-NanSET_preprocessed.csv,1182,-1,0,0,0.023745451122522354,1
Final-NanSET_preprocessed.csv,1183,-1,0,0,0.0013328734785318375,1
Final-NanSET_preprocessed.csv,1184,-1,0,0,0.0034504099749028683,1
Final-NanSET_preprocessed.csv,1185,-1,0,0,0.008496306836605072,1
Final-NanSET_preprocessed.csv,1186,-1,0,0,0.0068572633899748325,1
Final-NanSET_preprocessed.csv,1187,-1,0,0,0.005791462492197752,1
Final-NanSET_preprocessed.csv,1188,-1,0,0,0.002112552523612976,1
Final-NanSET_preprocessed.csv,1189,-1,0,0,0.010567826218903065,1
Final-NanSET_preprocessed.csv,1190,-1,0,0,0.003722939407452941,1
Final-NanSET_preprocessed.csv,1191,-1,0,0,0.007986295036971569,1
Final-NanSET_preprocessed.csv,1192,-1,0,0,0.0013841439504176378,1
Final-NanSET_preprocessed.csv,1193,-1,0,0,0.002428234089165926,1
Final-NanSET_preprocessed.csv,1194,-1,0,0,0.0004490471619646996,1
Final-NanSET_preprocessed.csv,1195,-1,0,0,0.00041865379898808897,1
Final-NanSET_preprocessed.csv,1196,-1,0,0,0.015710212290287018,1
Final-NanSET_preprocessed.csv,1197,-1,0,0,0.0004925700486637652,1
Final-NanSET_preprocessed.csv,1198,-1,0,0,0.009756787680089474,1
Final-NanSET_preprocessed.csv,1199,-1,0,0,0.004085608758032322,1
Final-NanSET_preprocessed.csv,1200,-1,0,0,0.0006357051315717399,1
Final-NanSET_preprocessed.csv,1201,-1,0,0,0.0006173695437610149,1
Final-NanSET_preprocessed.csv,1202,-1,0,0,0.00048299517948180437,1
Final-NanSET_preprocessed.csv,1203,-1,0,0,0.0006748581072315574,1
Final-NanSET_preprocessed.csv,1204,-1,0,0,0.0008109346381388605,1
Final-NanSET_preprocessed.csv,1205,-1,0,0,0.0028453157283365726,1
Final-NanSET_preprocessed.csv,1206,-1,0,0,0.001073779771104455,1
Final-NanSET_preprocessed.csv,1207,-1,0,0,0.002249087207019329,1
Final-NanSET_preprocessed.csv,1208,-1,0,0,0.0002183546603191644,1
Final-NanSET_preprocessed.csv,1209,-1,0,0,0.0006553758285008371,1
Final-NanSET_preprocessed.csv,1210,-1,0,0,0.0006081275641918182,1
Final-NanSET_preprocessed.csv,1211,-1,0,0,0.001534071983769536,1
Final-NanSET_preprocessed.csv,1212,-1,0,0,0.007597147021442652,1
Final-NanSET_preprocessed.csv,1213,-1,0,0,0.0008023741538636386,1
Final-NanSET_preprocessed.csv,1214,-1,0,0,0.001420328626409173,1
Final-NanSET_preprocessed.csv,1215,-1,0,0,0.0007017084863036871,1
Final-NanSET_preprocessed.csv,1216,-1,0,0,0.0019302902510389686,1
Final-NanSET_preprocessed.csv,1217,-1,0,0,0.0014192179078236222,1
Final-NanSET_preprocessed.csv,1218,-1,0,0,0.0013805927010253072,1
Final-NanSET_preprocessed.csv,1219,-1,0,0,0.0017492570914328098,1
Final-NanSET_preprocessed.csv,1220,-1,0,0,0.0015271925367414951,1
Final-NanSET_preprocessed.csv,1221,-1,0,0,0.0016806520288810134,1
Final-NanSET_preprocessed.csv,1222,-1,0,0,0.01143498346209526,1
Final-NanSET_preprocessed.csv,1223,-1,0,0,0.0014000935479998589,1
Final-NanSET_preprocessed.csv,1224,-1,0,0,0.00830488558858633,1
Final-NanSET_preprocessed.csv,1225,-1,0,0,0.00034503210918046534,1
Final-NanSET_preprocessed.csv,1226,-1,0,0,0.000917167984880507,1
Final-NanSET_preprocessed.csv,1227,-1,0,0,0.0030483086593449116,1
Final-NanSET_preprocessed.csv,1228,-1,0,0,0.0010227428283542395,1
Final-NanSET_preprocessed.csv,1229,-1,0,0,0.0015692419838160276,1
Final-NanSET_preprocessed.csv,1230,-1,0,0,0.008808277547359467,1
Final-NanSET_preprocessed.csv,1231,-1,0,0,0.007848579436540604,1
Final-NanSET_preprocessed.csv,1232,-1,0,0,0.0009757696534506977,1
Final-NanSET_preprocessed.csv,1233,-1,0,0,0.011463921517133713,1
Final-NanSET_preprocessed.csv,1234,-1,0,0,0.00041772049735300243,1
Final-NanSET_preprocessed.csv,1235,-1,0,0,0.00030180151225067675,1
Final-NanSET_preprocessed.csv,1236,-1,0,0,0.006581838708370924,1
Final-NanSET_preprocessed.csv,1237,-1,0,0,0.0009650734718888998,1
Final-NanSET_preprocessed.csv,1238,-1,0,0,0.027566803619265556,1
Final-NanSET_preprocessed.csv,1239,-1,0,0,0.001763592241331935,1
Final-NanSET_preprocessed.csv,1240,-1,0,0,0.0018010393250733614,1
Final-NanSET_preprocessed.csv,1241,-1,0,0,0.001099545625038445,1
Final-NanSET_preprocessed.csv,1242,-1,0,0,0.0004963788669556379,1
Final-NanSET_preprocessed.csv,1243,-1,0,0,0.0010199153330177069,1
Final-NanSET_preprocessed.csv,1244,-1,0,0,0.008280297741293907,1
Final-NanSET_preprocessed.csv,1245,-1,0,0,0.004234091844409704,1
Final-NanSET_preprocessed.csv,1246,-1,0,0,0.0009776059305295348,1
Final-NanSET_preprocessed.csv,1247,-1,0,0,0.005373508203774691,1
Final-NanSET_preprocessed.csv,1248,-1,0,0,0.00021518605353776366,1
Final-NanSET_preprocessed.csv,1249,-1,0,0,0.0023634161334484816,1
Final-NanSET_preprocessed.csv,1250,-1,0,0,0.036804474890232086,1
Final-NanSET_preprocessed.csv,1251,-1,0,0,0.002108003944158554,1
Final-NanSET_preprocessed.csv,1252,-1,0,0,0.00516921654343605,1
Final-NanSET_preprocessed.csv,1253,-1,0,0,0.006667342968285084,1
Final-NanSET_preprocessed.csv,1254,-1,0,0,0.0013670021435245872,1
Final-NanSET_preprocessed.csv,1255,-1,0,0,0.02175823226571083,1
Final-NanSET_preprocessed.csv,1256,-1,0,0,0.00020514887000899762,1
Final-NanSET_preprocessed.csv,1257,-1,0,0,0.0005111338687129319,1
Final-NanSET_preprocessed.csv,1258,-1,0,0,0.001286459038965404,1
Final-NanSET_preprocessed.csv,1259,-1,0,0,0.0017542577115818858,1
Final-NanSET_preprocessed.csv,1260,-1,0,0,0.0021247246768325567,1
Final-NanSET_preprocessed.csv,1261,-1,0,0,0.0011299105826765299,1
Final-NanSET_preprocessed.csv,1262,-1,0,0,0.0023075018543750048,1
Final-NanSET_preprocessed.csv,1263,-1,0,0,0.00021637152531184256,1
Final-NanSET_preprocessed.csv,1264,-1,0,0,0.0006636669859290123,1
Final-NanSET_preprocessed.csv,1265,-1,0,0,0.0006707620341330767,1
Final-NanSET_preprocessed.csv,1266,-1,0,0,0.00021785349235869944,1
Final-NanSET_preprocessed.csv,1267,-1,0,0,0.001362582785077393,1
Final-NanSET_preprocessed.csv,1268,-1,0,0,0.0004337760037742555,1
Final-NanSET_preprocessed.csv,1269,-1,0,0,0.005788613110780716,1
Final-NanSET_preprocessed.csv,1270,-1,0,0,0.00036625107168219984,1
Final-NanSET_preprocessed.csv,1271,-1,0,0,0.0012748823501169682,1
Final-NanSET_preprocessed.csv,1272,-1,0,0,0.0029528236482292414,1
Final-NanSET_preprocessed.csv,1273,-1,0,0,0.001576425856910646,1
Final-NanSET_preprocessed.csv,1274,-1,0,0,0.0029369560070335865,1
Final-NanSET_preprocessed.csv,1275,-1,0,0,0.004186915699392557,1
Final-NanSET_preprocessed.csv,1276,-1,0,0,0.012572144158184528,1
Final-NanSET_preprocessed.csv,1277,-1,0,0,0.014507526531815529,1
Final-NanSET_preprocessed.csv,1278,-1,0,0,0.0034556197933852673,1
Final-NanSET_preprocessed.csv,1279,-1,0,0,0.011248230934143066,1
Final-NanSET_preprocessed.csv,1280,-1,0,0,0.005055312067270279,1
Final-NanSET_preprocessed.csv,1281,-1,0,0,0.0013039755867794156,1
Final-NanSET_preprocessed.csv,1282,-1,0,0,0.0026210718788206577,1
Final-NanSET_preprocessed.csv,1283,-1,0,0,0.001034213462844491,1
Final-NanSET_preprocessed.csv,1284,-1,0,0,0.017858922481536865,1
Final-NanSET_preprocessed.csv,1285,-1,0,0,0.031562305986881256,1
Final-NanSET_preprocessed.csv,1286,-1,0,0,0.006400009151548147,1
Final-NanSET_preprocessed.csv,1287,-1,0,0,0.001021504052914679,1
Final-NanSET_preprocessed.csv,1288,-1,0,0,0.001506403787061572,1
Final-NanSET_preprocessed.csv,1289,-1,0,0,0.002086823107674718,1
Final-NanSET_preprocessed.csv,1290,-1,0,0,0.004001595079898834,1
Final-NanSET_preprocessed.csv,1291,-1,0,0,0.0007835982250981033,1
Final-NanSET_preprocessed.csv,1292,-1,0,0,0.003210386959835887,1
Final-NanSET_preprocessed.csv,1293,-1,0,0,0.001780154649168253,1
Final-NanSET_preprocessed.csv,1294,-1,0,0,0.0010537032503634691,1
Final-NanSET_preprocessed.csv,1295,-1,0,0,0.0031711843330413103,1
Final-NanSET_preprocessed.csv,1296,-1,0,0,0.00022695896041113883,1
Final-NanSET_preprocessed.csv,1297,-1,0,0,0.0006990793044678867,1
Final-NanSET_preprocessed.csv,1298,-1,0,0,0.00024380377726629376,1
Final-NanSET_preprocessed.csv,1299,-1,0,0,0.0010418101446703076,1
Final-NanSET_preprocessed.csv,1300,-1,0,0,0.013704546727240086,1
Final-NanSET_preprocessed.csv,1301,-1,0,0,0.0018713359022513032,1
Final-NanSET_preprocessed.csv,1302,-1,0,0,0.003191199619323015,1
Final-NanSET_preprocessed.csv,1303,-1,0,0,0.0033899236004799604,1
Final-NanSET_preprocessed.csv,1304,-1,0,0,0.005851453170180321,1
Final-NanSET_preprocessed.csv,1305,-1,0,0,0.008440214209258556,1
Final-NanSET_preprocessed.csv,1306,-1,0,0,0.00021307375573087484,1
Final-NanSET_preprocessed.csv,1307,-1,0,0,0.004866733215749264,1
Final-NanSET_preprocessed.csv,1308,-1,0,0,0.002804475836455822,1
Final-NanSET_preprocessed.csv,1309,-1,0,0,0.0003573488793335855,1
Final-NanSET_preprocessed.csv,1310,-1,0,0,0.0007805047789588571,1
Final-NanSET_preprocessed.csv,1311,-1,0,0,0.0005370526341721416,1
Final-NanSET_preprocessed.csv,1312,-1,0,0,0.0019249978940933943,1
Final-NanSET_preprocessed.csv,1313,-1,0,0,0.001275717979297042,1
Final-NanSET_preprocessed.csv,1314,-1,0,0,0.0074061257764697075,1
Final-NanSET_preprocessed.csv,1315,-1,0,0,0.0008169747306965292,1
Final-NanSET_preprocessed.csv,1316,-1,0,0,0.002186281606554985,1
Final-NanSET_preprocessed.csv,1317,-1,0,0,0.0003036205598618835,1
Final-NanSET_preprocessed.csv,1318,-1,0,0,0.003015783615410328,1
Final-NanSET_preprocessed.csv,1319,-1,0,0,0.06933709233999252,1
Final-NanSET_preprocessed.csv,1320,-1,0,0,0.0003842480946332216,1
Final-NanSET_preprocessed.csv,1321,-1,0,0,0.001117176841944456,1
Final-NanSET_preprocessed.csv,1322,-1,0,0,0.0012783196289092302,1
Final-NanSET_preprocessed.csv,1323,-1,0,0,0.0011436353670433164,1
Final-NanSET_preprocessed.csv,1324,-1,0,0,0.001293739303946495,1
Final-NanSET_preprocessed.csv,1325,-1,0,0,0.0033789866138249636,1
Final-NanSET_preprocessed.csv,1326,-1,0,0,0.007540375925600529,1
Final-NanSET_preprocessed.csv,1327,-1,0,0,0.0005785070825368166,1
Final-NanSET_preprocessed.csv,1328,-1,0,0,0.0014430410228669643,1
Final-NanSET_preprocessed.csv,1329,-1,0,0,0.0013824272900819778,1
Final-NanSET_preprocessed.csv,1330,-1,0,0,0.0007352969842031598,1
Final-NanSET_preprocessed.csv,1331,-1,0,0,0.0008902894333004951,1
Final-NanSET_preprocessed.csv,1332,-1,0,0,0.019853753969073296,1
Final-NanSET_preprocessed.csv,1333,-1,0,0,0.00039258724427782,1
Final-NanSET_preprocessed.csv,1334,-1,0,0,0.0008137852419167757,1
Final-NanSET_preprocessed.csv,1335,-1,0,0,0.00216184975579381,1
Final-NanSET_preprocessed.csv,1336,-1,0,0,0.00039817439392209053,1
Final-NanSET_preprocessed.csv,1337,-1,0,0,0.010186433792114258,1
Final-NanSET_preprocessed.csv,1338,-1,0,0,0.000742007396183908,1
Final-NanSET_preprocessed.csv,1339,-1,0,0,0.013056030496954918,1
Final-NanSET_preprocessed.csv,1340,-1,0,0,0.013378101401031017,1
Final-NanSET_preprocessed.csv,1341,-1,0,0,0.004908199887722731,1
Final-NanSET_preprocessed.csv,1342,-1,0,0,0.0005386957782320678,1
Final-NanSET_preprocessed.csv,1343,-1,0,0,0.0005148110794834793,1
Final-NanSET_preprocessed.csv,1344,-1,0,0,0.007409513462334871,1
Final-NanSET_preprocessed.csv,1345,-1,0,0,0.0004819509922526777,1
Final-NanSET_preprocessed.csv,1346,-1,0,0,0.004378092009574175,1
Final-NanSET_preprocessed.csv,1347,-1,0,0,0.0006176711176522076,1
Final-NanSET_preprocessed.csv,1348,-1,0,0,0.0022670989856123924,1
Final-NanSET_preprocessed.csv,1349,-1,0,0,0.007713462691754103,1
Final-NanSET_preprocessed.csv,1350,-1,0,0,0.005806786473840475,1
Final-NanSET_preprocessed.csv,1351,-1,0,0,0.004188943654298782,1
Final-NanSET_preprocessed.csv,1352,-1,0,0,0.0010385123314335942,1
Final-NanSET_preprocessed.csv,1353,-1,0,0,0.0021879191044718027,1
Final-NanSET_preprocessed.csv,1354,-1,0,0,0.00934036448597908,1
Final-NanSET_preprocessed.csv,1355,-1,0,0,0.0048522986471652985,1
Final-NanSET_preprocessed.csv,1356,-1,0,0,0.0038775415159761906,1
Final-NanSET_preprocessed.csv,1357,-1,0,0,0.003434574929997325,1
Final-NanSET_preprocessed.csv,1358,-1,0,0,0.014035363681614399,1
Final-NanSET_preprocessed.csv,1359,-1,0,0,0.0010783273028209805,1
Final-NanSET_preprocessed.csv,1360,-1,0,0,0.001510562957264483,1
Final-NanSET_preprocessed.csv,1361,-1,0,0,0.0032326120417565107,1
Final-NanSET_preprocessed.csv,1362,-1,0,0,0.00021074638061691076,1
Final-NanSET_preprocessed.csv,1363,-1,0,0,0.0017838409403339028,1
Final-NanSET_preprocessed.csv,1364,-1,0,0,0.0024549970403313637,1
Final-NanSET_preprocessed.csv,1365,-1,0,0,0.011726871132850647,1
Final-NanSET_preprocessed.csv,1366,-1,0,0,0.0004262879374437034,1
Final-NanSET_preprocessed.csv,1367,-1,0,0,0.011109879240393639,1
Final-NanSET_preprocessed.csv,1368,-1,0,0,0.005880098324269056,1
Final-NanSET_preprocessed.csv,1369,-1,0,0,0.0035442609805613756,1
Final-NanSET_preprocessed.csv,1370,-1,0,0,0.013982033357024193,1
Final-NanSET_preprocessed.csv,1371,-1,0,0,0.00018281997472513467,1
Final-NanSET_preprocessed.csv,1372,-1,0,0,0.0009215179597958922,1
Final-NanSET_preprocessed.csv,1373,-1,0,0,0.002401528647169471,1
Final-NanSET_preprocessed.csv,1374,-1,0,0,0.007302083075046539,1
Final-NanSET_preprocessed.csv,1375,-1,0,0,0.000819586799480021,1
Final-NanSET_preprocessed.csv,1376,-1,0,0,0.00239640474319458,1
Final-NanSET_preprocessed.csv,1377,-1,0,0,0.0064872861839830875,1
Final-NanSET_preprocessed.csv,1378,-1,0,0,0.0019412680994719267,1
Final-NanSET_preprocessed.csv,1379,-1,0,0,0.0015342810656875372,1
Final-NanSET_preprocessed.csv,1380,-1,0,0,0.00015966188220772892,1
Final-NanSET_preprocessed.csv,1381,-1,0,0,0.00420190067961812,1
Final-NanSET_preprocessed.csv,1382,-1,0,0,0.0005717694293707609,1
Final-NanSET_preprocessed.csv,1383,-1,0,0,0.003525962121784687,1
Final-NanSET_preprocessed.csv,1384,-1,0,0,0.0006689901347272098,1
Final-NanSET_preprocessed.csv,1385,-1,0,0,0.000703242898453027,1
Final-NanSET_preprocessed.csv,1386,-1,0,0,0.00768304755911231,1
Final-NanSET_preprocessed.csv,1387,-1,0,0,0.002926282584667206,1
Final-NanSET_preprocessed.csv,1388,-1,0,0,0.0052003636956214905,1
Final-NanSET_preprocessed.csv,1389,-1,0,0,0.0012397257378324866,1
Final-NanSET_preprocessed.csv,1390,-1,0,0,0.0033101672306656837,1
Final-NanSET_preprocessed.csv,1391,-1,0,0,0.00038191379280760884,1
Final-NanSET_preprocessed.csv,1392,-1,0,0,0.08080978691577911,1
Final-NanSET_preprocessed.csv,1393,-1,0,0,0.0023048489820212126,1
Final-NanSET_preprocessed.csv,1394,-1,0,0,0.0017939242534339428,1
Final-NanSET_preprocessed.csv,1395,-1,0,0,0.03137209266424179,1
Final-NanSET_preprocessed.csv,1396,-1,0,0,0.0004737459239549935,1
Final-NanSET_preprocessed.csv,1397,-1,0,0,0.0002150322252418846,1
Final-NanSET_preprocessed.csv,1398,-1,0,0,0.001504001789726317,1
Final-NanSET_preprocessed.csv,1399,-1,0,0,0.0002034881035797298,1
Final-NanSET_preprocessed.csv,1400,-1,0,0,0.0008089838665910065,1
Final-NanSET_preprocessed.csv,1401,-1,0,0,0.002532580401748419,1
Final-NanSET_preprocessed.csv,1402,-1,0,0,0.00019177696958649904,1
Final-NanSET_preprocessed.csv,1403,-1,0,0,0.00512004503980279,1
Final-NanSET_preprocessed.csv,1404,-1,0,0,0.0003719189844559878,1
Final-NanSET_preprocessed.csv,1405,-1,0,0,0.0008474122732877731,1
Final-NanSET_preprocessed.csv,1406,-1,0,0,0.0002855024067685008,1
Final-NanSET_preprocessed.csv,1407,-1,0,0,0.013960993848741055,1
Final-NanSET_preprocessed.csv,1408,-1,0,0,0.0036791344173252583,1
Final-NanSET_preprocessed.csv,1409,-1,0,0,0.0023487929720431566,1
Final-NanSET_preprocessed.csv,1410,-1,0,0,0.029181791469454765,1
Final-NanSET_preprocessed.csv,1411,-1,0,0,0.0033858565147966146,1
Final-NanSET_preprocessed.csv,1412,-1,0,0,0.0020602194126695395,1
Final-NanSET_preprocessed.csv,1413,-1,0,0,0.000995825626887381,1
Final-NanSET_preprocessed.csv,1414,-1,0,0,0.004197567235678434,1
Final-NanSET_preprocessed.csv,1415,-1,0,0,0.010617070831358433,1
Final-NanSET_preprocessed.csv,1416,-1,0,0,0.0014099797699600458,1
Final-NanSET_preprocessed.csv,1417,-1,0,0,0.0018005042802542448,1
Final-NanSET_preprocessed.csv,1418,-1,0,0,0.0021104367915540934,1
Final-NanSET_preprocessed.csv,1419,-1,0,0,0.006926819682121277,1
Final-NanSET_preprocessed.csv,1420,-1,0,0,0.011781706474721432,1
Final-NanSET_preprocessed.csv,1421,-1,0,0,0.005009176209568977,1
Final-NanSET_preprocessed.csv,1422,-1,0,0,0.04762228950858116,1
Final-NanSET_preprocessed.csv,1423,-1,0,0,0.002163527300581336,1
Final-NanSET_preprocessed.csv,1424,-1,0,0,0.0032379725016653538,1
Final-NanSET_preprocessed.csv,1425,-1,0,0,0.0007939742063172162,1
Final-NanSET_preprocessed.csv,1426,-1,0,0,0.007394476793706417,1
Final-NanSET_preprocessed.csv,1427,-1,0,0,0.0007245350279845297,1
Final-NanSET_preprocessed.csv,1428,-1,0,0,0.0019227517768740654,1
Final-NanSET_preprocessed.csv,1429,-1,0,0,0.0013447124511003494,1
Final-NanSET_preprocessed.csv,1430,-1,0,0,0.003750639269128442,1
Final-NanSET_preprocessed.csv,1431,-1,0,0,0.0022494231816381216,1
Final-NanSET_preprocessed.csv,1432,-1,0,0,0.004191046580672264,1
Final-NanSET_preprocessed.csv,1433,-1,0,0,0.0025000267196446657,1
Final-NanSET_preprocessed.csv,1434,-1,0,0,0.015137153677642345,1
Final-NanSET_preprocessed.csv,1435,-1,0,0,0.0004417366872075945,1
Final-NanSET_preprocessed.csv,1436,-1,0,0,0.019653845578432083,1
Final-NanSET_preprocessed.csv,1437,-1,0,0,0.0011874653864651918,1
Final-NanSET_preprocessed.csv,1438,-1,0,0,0.0047212322242558,1
Final-NanSET_preprocessed.csv,1439,-1,0,0,0.0009190005366690457,1
Final-NanSET_preprocessed.csv,1440,-1,0,0,0.00041557932854630053,1
Final-NanSET_preprocessed.csv,1441,-1,0,0,0.0006079070153646171,1
Final-NanSET_preprocessed.csv,1442,-1,0,0,0.00041905822581611574,1
Final-NanSET_preprocessed.csv,1443,-1,0,0,0.00037981249624863267,1
Final-NanSET_preprocessed.csv,1444,-1,0,0,0.002778849331662059,1
Final-NanSET_preprocessed.csv,1445,-1,0,0,0.00019413781410548836,1
Final-NanSET_preprocessed.csv,1446,-1,0,0,0.0095153683796525,1
Final-NanSET_preprocessed.csv,1447,-1,0,0,0.009546752087771893,1
Final-NanSET_preprocessed.csv,1448,-1,0,0,0.004943918902426958,1
Final-NanSET_preprocessed.csv,1449,-1,0,0,0.0002004889101954177,1
Final-NanSET_preprocessed.csv,1450,-1,0,0,0.0008650202071294188,1
Final-NanSET_preprocessed.csv,1451,-1,0,0,0.003015719121322036,1
Final-NanSET_preprocessed.csv,1452,-1,0,0,0.00487603759393096,1
Final-NanSET_preprocessed.csv,1453,-1,0,0,0.16957879066467285,1
Final-NanSET_preprocessed.csv,1454,-1,0,0,0.006346026435494423,1
Final-NanSET_preprocessed.csv,1455,-1,0,0,0.0039878347888588905,1
Final-NanSET_preprocessed.csv,1456,-1,0,0,0.005784076172858477,1
Final-NanSET_preprocessed.csv,1457,-1,0,0,0.00124733813572675,1
Final-NanSET_preprocessed.csv,1458,-1,0,0,0.000966446241363883,1
Final-NanSET_preprocessed.csv,1459,-1,0,0,0.0006634317105636001,1
Final-NanSET_preprocessed.csv,1460,-1,0,0,0.013570993207395077,1
Final-NanSET_preprocessed.csv,1461,-1,0,0,0.0009969287784770131,1
Final-NanSET_preprocessed.csv,1462,-1,0,0,0.0029688947834074497,1
Final-NanSET_preprocessed.csv,1463,-1,0,0,0.14756742119789124,1
Final-NanSET_preprocessed.csv,1464,-1,0,0,0.0007822836632840335,1
Final-NanSET_preprocessed.csv,1465,-1,0,0,0.0005628837388940156,1
Final-NanSET_preprocessed.csv,1466,-1,0,0,0.003661771770566702,1
Final-NanSET_preprocessed.csv,1467,-1,0,0,0.0033540907315909863,1
Final-NanSET_preprocessed.csv,1468,-1,0,0,0.0008264415082521737,1
Final-NanSET_preprocessed.csv,1469,-1,0,0,0.0272939745336771,1
Final-NanSET_preprocessed.csv,1470,-1,0,0,0.0003007212944794446,1
Final-NanSET_preprocessed.csv,1471,-1,0,0,0.0007144139381125569,1
Final-NanSET_preprocessed.csv,1472,-1,0,0,0.0018190311966463923,1
Final-NanSET_preprocessed.csv,1473,-1,0,0,0.0027598037850111723,1
Final-NanSET_preprocessed.csv,1474,-1,0,0,0.000252041791100055,1
Final-NanSET_preprocessed.csv,1475,-1,0,0,0.016143018379807472,1
Final-NanSET_preprocessed.csv,1476,-1,0,0,0.004627775866538286,1
Final-NanSET_preprocessed.csv,1477,-1,0,0,0.012197153642773628,1
Final-NanSET_preprocessed.csv,1478,-1,0,0,0.0005664786440320313,1
Final-NanSET_preprocessed.csv,1479,-1,0,0,0.00134896335657686,1
Final-NanSET_preprocessed.csv,1480,-1,0,0,0.002684634644538164,1
Final-NanSET_preprocessed.csv,1481,-1,0,0,0.0019483363721519709,1
Final-NanSET_preprocessed.csv,1482,-1,0,0,0.0029693013057112694,1
Final-NanSET_preprocessed.csv,1483,-1,0,0,0.0022158888168632984,1
Final-NanSET_preprocessed.csv,1484,-1,0,0,0.0006370114861056209,1
Final-NanSET_preprocessed.csv,1485,-1,0,0,0.0013875369913876057,1
Final-NanSET_preprocessed.csv,1486,-1,0,0,0.006823684088885784,1
Final-NanSET_preprocessed.csv,1487,-1,0,0,0.003942200448364019,1
Final-NanSET_preprocessed.csv,1488,-1,0,0,0.006460260134190321,1
Final-NanSET_preprocessed.csv,1489,-1,0,0,0.0007864917861297727,1
Final-NanSET_preprocessed.csv,1490,-1,0,0,0.00177580991294235,1
Final-NanSET_preprocessed.csv,1491,-1,0,0,0.00022475812875200063,1
Final-NanSET_preprocessed.csv,1492,-1,0,0,0.0009615055751055479,1
Final-NanSET_preprocessed.csv,1493,-1,0,0,0.0004524952091742307,1
Final-NanSET_preprocessed.csv,1494,-1,0,0,0.000650056463200599,1
Final-NanSET_preprocessed.csv,1495,-1,0,0,0.001857496565207839,1
Final-NanSET_preprocessed.csv,1496,-1,0,0,0.00046239615767262876,1
Final-NanSET_preprocessed.csv,1497,-1,0,0,0.0018242786172777414,1
Final-NanSET_preprocessed.csv,1498,-1,0,0,0.019382145255804062,1
Final-NanSET_preprocessed.csv,1499,-1,0,0,0.004203371703624725,1
Final-NanSET_preprocessed.csv,1500,-1,0,0,0.0005189140210859478,1
Final-NanSET_preprocessed.csv,1501,-1,0,0,0.02515348047018051,1
Final-NanSET_preprocessed.csv,1502,-1,0,0,0.006848355755209923,1
Final-NanSET_preprocessed.csv,1503,-1,0,0,0.009564213454723358,1
Final-NanSET_preprocessed.csv,1504,-1,0,0,0.011752882972359657,1
Final-NanSET_preprocessed.csv,1505,-1,0,0,0.009907586500048637,1
Final-NanSET_preprocessed.csv,1506,-1,0,0,0.00029286701465025544,1
Final-NanSET_preprocessed.csv,1507,-1,0,0,0.003424304537475109,1
Final-NanSET_preprocessed.csv,1508,-1,0,0,0.0014769863337278366,1
Final-NanSET_preprocessed.csv,1509,-1,0,0,0.005747862160205841,1
Final-NanSET_preprocessed.csv,1510,-1,0,0,0.0073764813132584095,1
Final-NanSET_preprocessed.csv,1511,-1,0,0,0.0017283731140196323,1
Final-NanSET_preprocessed.csv,1512,-1,0,0,0.0003030563239008188,1
Final-NanSET_preprocessed.csv,1513,-1,0,0,0.002765796147286892,1
Final-NanSET_preprocessed.csv,1514,-1,0,0,0.008413633331656456,1
Final-NanSET_preprocessed.csv,1515,-1,0,0,0.0012266874546185136,1
Final-NanSET_preprocessed.csv,1516,-1,0,0,0.0012054432881996036,1
Final-NanSET_preprocessed.csv,1517,-1,0,0,0.000625169079285115,1
Final-NanSET_preprocessed.csv,1518,-1,0,0,0.0004950430011376739,1
Final-NanSET_preprocessed.csv,1519,-1,0,0,0.0010898929322138429,1
Final-NanSET_preprocessed.csv,1520,-1,0,0,0.004287607502192259,1
Final-NanSET_preprocessed.csv,1521,-1,0,0,0.0010817059082910419,1
Final-NanSET_preprocessed.csv,1522,-1,0,0,0.09067908674478531,1
Final-NanSET_preprocessed.csv,1523,-1,0,0,0.02173355221748352,1
Final-NanSET_preprocessed.csv,1524,-1,0,0,0.007043919526040554,1
Final-NanSET_preprocessed.csv,1525,-1,0,0,0.0008188869687728584,1
Final-NanSET_preprocessed.csv,1526,-1,0,0,0.004930879920721054,1
Final-NanSET_preprocessed.csv,1527,-1,0,0,0.0030709083657711744,1
Final-NanSET_preprocessed.csv,1528,-1,0,0,0.0003564418584574014,1
Final-NanSET_preprocessed.csv,1529,-1,0,0,0.002610999159514904,1
Final-NanSET_preprocessed.csv,1530,-1,0,0,0.0017972624627873302,1
Final-NanSET_preprocessed.csv,1531,-1,0,0,0.005399023648351431,1
Final-NanSET_preprocessed.csv,1532,-1,0,0,0.00022184113913681358,1
Final-NanSET_preprocessed.csv,1533,-1,0,0,0.003411891870200634,1
Final-NanSET_preprocessed.csv,1534,-1,0,0,0.004499304573982954,1
Final-NanSET_preprocessed.csv,1535,-1,0,0,0.0077498662285506725,1
Final-NanSET_preprocessed.csv,1536,-1,0,0,0.007385487202554941,1
Final-NanSET_preprocessed.csv,1537,-1,0,0,0.001501905731856823,1
Final-NanSET_preprocessed.csv,1538,-1,0,0,0.0017093184869736433,1
Final-NanSET_preprocessed.csv,1539,-1,0,0,0.003497015219181776,1
Final-NanSET_preprocessed.csv,1540,-1,0,0,0.011425678618252277,1
Final-NanSET_preprocessed.csv,1541,-1,0,0,0.0005870797322131693,1
Final-NanSET_preprocessed.csv,1542,-1,0,0,0.0011017925571650267,1
Final-NanSET_preprocessed.csv,1543,-1,0,0,0.004202808253467083,1
Final-NanSET_preprocessed.csv,1544,-1,0,0,0.0025075175799429417,1
Final-NanSET_preprocessed.csv,1545,-1,0,0,0.024948108941316605,1
Final-NanSET_preprocessed.csv,1546,-1,0,0,0.0019575199112296104,1
Final-NanSET_preprocessed.csv,1547,-1,0,0,0.00017843983368948102,1
Final-NanSET_preprocessed.csv,1548,-1,0,0,0.0022610388696193695,1
Final-NanSET_preprocessed.csv,1549,-1,0,0,0.00200066389515996,1
Final-NanSET_preprocessed.csv,1550,-1,0,0,0.0013691362692043185,1
Final-NanSET_preprocessed.csv,1551,-1,0,0,0.010995698161423206,1
Final-NanSET_preprocessed.csv,1552,-1,0,0,0.009796671569347382,1
Final-NanSET_preprocessed.csv,1553,-1,0,0,0.00043633414315991104,1
Final-NanSET_preprocessed.csv,1554,-1,0,0,0.00700022466480732,1
Final-NanSET_preprocessed.csv,1555,-1,0,0,0.02453441731631756,1
Final-NanSET_preprocessed.csv,1556,-1,0,0,0.0015687085688114166,1
Final-NanSET_preprocessed.csv,1557,-1,0,0,0.006083597429096699,1
Final-NanSET_preprocessed.csv,1558,-1,0,0,0.0074422056786715984,1
Final-NanSET_preprocessed.csv,1559,-1,0,0,0.024083033204078674,1
Final-NanSET_preprocessed.csv,1560,-1,0,0,0.007418741937726736,1
Final-NanSET_preprocessed.csv,1561,-1,0,0,0.004727976396679878,1
Final-NanSET_preprocessed.csv,1562,-1,0,0,0.001551276072859764,1
Final-NanSET_preprocessed.csv,1563,-1,0,0,0.003363732248544693,1
Final-NanSET_preprocessed.csv,1564,-1,0,0,0.00047536034253425896,1
Final-NanSET_preprocessed.csv,1565,-1,0,0,0.006424379535019398,1
Final-NanSET_preprocessed.csv,1566,-1,0,0,0.00342677254229784,1
Final-NanSET_preprocessed.csv,1567,-1,0,0,0.0015432965010404587,1
Final-NanSET_preprocessed.csv,1568,-1,0,0,0.0008466726285405457,1
Final-NanSET_preprocessed.csv,1569,-1,0,0,0.013526909984648228,1
Final-NanSET_preprocessed.csv,1570,-1,0,0,0.013653727248311043,1
Final-NanSET_preprocessed.csv,1571,-1,0,0,0.0002278318424941972,1
Final-NanSET_preprocessed.csv,1572,-1,0,0,0.0009706440032459795,1
Final-NanSET_preprocessed.csv,1573,-1,0,0,0.007748036179691553,1
Final-NanSET_preprocessed.csv,1574,-1,0,0,0.008723437786102295,1
Final-NanSET_preprocessed.csv,1575,-1,0,0,0.003757771337404847,1
Final-NanSET_preprocessed.csv,1576,-1,0,0,0.00048573259846307337,1
Final-NanSET_preprocessed.csv,1577,-1,0,0,0.0327453538775444,1
Final-NanSET_preprocessed.csv,1578,-1,0,0,0.005548306740820408,1
Final-NanSET_preprocessed.csv,1579,-1,0,0,0.0014032323379069567,1
Final-NanSET_preprocessed.csv,1580,-1,0,0,0.000538696302101016,1
Final-NanSET_preprocessed.csv,1581,-1,0,0,0.0003759013197850436,1
Final-NanSET_preprocessed.csv,1582,-1,0,0,0.0004937527701258659,1
Final-NanSET_preprocessed.csv,1583,-1,0,0,0.00042763937381096184,1
Final-NanSET_preprocessed.csv,1584,-1,0,0,0.014652553014457226,1
Final-NanSET_preprocessed.csv,1585,-1,0,0,0.002543512498959899,1
Final-NanSET_preprocessed.csv,1586,-1,0,0,0.001178221427835524,1
Final-NanSET_preprocessed.csv,1587,-1,0,0,0.0007771837408654392,1
Final-NanSET_preprocessed.csv,1588,-1,0,0,0.009195883758366108,1
Final-NanSET_preprocessed.csv,1589,-1,0,0,0.0006276613567024469,1
Final-NanSET_preprocessed.csv,1590,-1,0,0,0.03910555690526962,1
Final-NanSET_preprocessed.csv,1591,-1,0,0,0.0007335410336963832,1
Final-NanSET_preprocessed.csv,1592,-1,0,0,0.0010691945208236575,1
Final-NanSET_preprocessed.csv,1593,-1,0,0,0.0015943835023790598,1
Final-NanSET_preprocessed.csv,1594,-1,0,0,0.0008303544018417597,1
Final-NanSET_preprocessed.csv,1595,-1,0,0,0.0024507618509233,1
Final-NanSET_preprocessed.csv,1596,-1,0,0,0.009145298972725868,1
Final-NanSET_preprocessed.csv,1597,-1,0,0,0.0001795646094251424,1
Final-NanSET_preprocessed.csv,1598,-1,0,0,0.0001794189738575369,1
Final-NanSET_preprocessed.csv,1599,-1,0,0,0.00025391732924617827,1
Final-NanSET_preprocessed.csv,1600,-1,0,0,0.0028084032237529755,1
Final-NanSET_preprocessed.csv,1601,-1,0,0,0.0014087932649999857,1
Final-NanSET_preprocessed.csv,1602,-1,0,0,0.001045044744387269,1
Final-NanSET_preprocessed.csv,1603,-1,0,0,0.01200566440820694,1
Final-NanSET_preprocessed.csv,1604,-1,0,0,0.006072684656828642,1
Final-NanSET_preprocessed.csv,1605,-1,0,0,0.0028482608031481504,1
Final-NanSET_preprocessed.csv,1606,-1,0,0,0.007861495018005371,1
Final-NanSET_preprocessed.csv,1607,-1,0,0,0.00043769393232651055,1
Final-NanSET_preprocessed.csv,1608,-1,0,0,0.002091337228193879,1
Final-NanSET_preprocessed.csv,1609,-1,0,0,0.0010365571361035109,1
Final-NanSET_preprocessed.csv,1610,-1,0,0,0.0017877138452604413,1
Final-NanSET_preprocessed.csv,1611,-1,0,0,0.007103480864316225,1
Final-NanSET_preprocessed.csv,1612,-1,0,0,0.00312798866070807,1
Final-NanSET_preprocessed.csv,1613,-1,0,0,0.003857657080516219,1
Final-NanSET_preprocessed.csv,1614,-1,0,0,0.0012364331632852554,1
Final-NanSET_preprocessed.csv,1615,-1,0,0,0.00020010465232189745,1
Final-NanSET_preprocessed.csv,1616,-1,0,0,0.0007835107389837503,1
Final-NanSET_preprocessed.csv,1617,-1,0,0,0.004122511483728886,1
Final-NanSET_preprocessed.csv,1618,-1,0,0,0.004203131888061762,1
Final-NanSET_preprocessed.csv,1619,-1,0,0,0.0003639181377366185,1
Final-NanSET_preprocessed.csv,1620,-1,0,0,0.007915359921753407,1
Final-NanSET_preprocessed.csv,1621,-1,0,0,0.0011945399455726147,1
Final-NanSET_preprocessed.csv,1622,-1,0,0,0.004272023681551218,1
Final-NanSET_preprocessed.csv,1623,-1,0,0,0.00688984664157033,1
Final-NanSET_preprocessed.csv,1624,-1,0,0,0.0018397638341411948,1
Final-NanSET_preprocessed.csv,1625,-1,0,0,0.0024973172694444656,1
Final-NanSET_preprocessed.csv,1626,-1,0,0,0.016841156408190727,1
Final-NanSET_preprocessed.csv,1627,-1,0,0,0.003904732409864664,1
Final-NanSET_preprocessed.csv,1628,-1,0,0,0.008142189122736454,1
Final-NanSET_preprocessed.csv,1629,-1,0,0,0.0021338865626603365,1
Final-NanSET_preprocessed.csv,1630,-1,0,0,0.0011465520365163684,1
Final-NanSET_preprocessed.csv,1631,-1,0,0,0.0014877908397465944,1
Final-NanSET_preprocessed.csv,1632,-1,0,0,0.017128877341747284,1
Final-NanSET_preprocessed.csv,1633,-1,0,0,0.0005627709906548262,1
Final-NanSET_preprocessed.csv,1634,-1,0,0,0.008471702225506306,1
Final-NanSET_preprocessed.csv,1635,-1,0,0,0.012138602323830128,1
Final-NanSET_preprocessed.csv,1636,-1,0,0,0.006597467698156834,1
Final-NanSET_preprocessed.csv,1637,-1,0,0,0.0007535898475907743,1
Final-NanSET_preprocessed.csv,1638,-1,0,0,0.0013324153842404485,1
Final-NanSET_preprocessed.csv,1639,-1,0,0,0.0026283017359673977,1
Final-NanSET_preprocessed.csv,1640,-1,0,0,0.001300368458032608,1
Final-NanSET_preprocessed.csv,1641,-1,0,0,0.0013876890297979116,1
Final-NanSET_preprocessed.csv,1642,-1,0,0,0.00044124890700913966,1
Final-NanSET_preprocessed.csv,1643,-1,0,0,0.0013418608577921987,1
Final-NanSET_preprocessed.csv,1644,-1,0,0,0.0016641325782984495,1
Final-NanSET_preprocessed.csv,1645,-1,0,0,0.011873601004481316,1
Final-NanSET_preprocessed.csv,1646,-1,0,0,0.004594958387315273,1
Final-NanSET_preprocessed.csv,1647,-1,0,0,0.001058662310242653,1
Final-NanSET_preprocessed.csv,1648,-1,0,0,0.007413101848214865,1
Final-NanSET_preprocessed.csv,1649,-1,0,0,0.0005451015313155949,1
Final-NanSET_preprocessed.csv,1650,-1,0,0,0.005574445705860853,1
Final-NanSET_preprocessed.csv,1651,-1,0,0,0.011564143933355808,1
Final-NanSET_preprocessed.csv,1652,-1,0,0,0.0006529904203489423,1
Final-NanSET_preprocessed.csv,1653,-1,0,0,0.00804770365357399,1
Final-NanSET_preprocessed.csv,1654,-1,0,0,0.01200526300817728,1
Final-NanSET_preprocessed.csv,1655,-1,0,0,0.04053917154669762,1
Final-NanSET_preprocessed.csv,1656,-1,0,0,0.00238725240342319,1
Final-NanSET_preprocessed.csv,1657,-1,0,0,0.0012594626750797033,1
Final-NanSET_preprocessed.csv,1658,-1,0,0,0.0005852202884852886,1
Final-NanSET_preprocessed.csv,1659,-1,0,0,0.013980884104967117,1
Final-NanSET_preprocessed.csv,1660,1,1,1,0.9911762475967407,1
Final-NanSET_preprocessed.csv,1661,1,1,1,0.9870972633361816,1
Final-NanSET_preprocessed.csv,1662,1,1,0,0.0037145584356039762,0
Final-NanSET_preprocessed.csv,1663,1,1,0,0.3181551396846771,0
Final-NanSET_preprocessed.csv,1664,1,1,0,0.004369195085018873,0
Final-NanSET_preprocessed.csv,1665,1,1,1,0.9997137188911438,1
Final-NanSET_preprocessed.csv,1666,1,1,1,0.9999381303787231,1
Final-NanSET_preprocessed.csv,1667,1,1,1,0.9806520938873291,1
Final-NanSET_preprocessed.csv,1668,1,1,1,0.9989847540855408,1
Final-NanSET_preprocessed.csv,1669,1,1,1,0.9984813332557678,1
Final-NanSET_preprocessed.csv,1670,1,1,1,0.7301967740058899,1
Final-NanSET_preprocessed.csv,1671,1,1,1,0.9922890067100525,1
Final-NanSET_preprocessed.csv,1672,1,1,1,0.9416201710700989,1
Final-NanSET_preprocessed.csv,1673,1,1,1,0.9762446880340576,1
Final-NanSET_preprocessed.csv,1674,1,1,0,0.024566544219851494,0
Final-NanSET_preprocessed.csv,1675,1,1,1,0.9993708729743958,1
Final-NanSET_preprocessed.csv,1676,1,1,1,0.9728589057922363,1
Final-NanSET_preprocessed.csv,1677,1,1,1,0.9959909319877625,1
Final-NanSET_preprocessed.csv,1678,1,1,1,0.9539424180984497,1
Final-NanSET_preprocessed.csv,1679,1,1,1,0.9954894185066223,1
Final-NanSET_preprocessed.csv,1680,2,1,1,1.0,1
Final-NanSET_preprocessed.csv,1681,2,1,0,0.0032225302420556545,0
Final-NanSET_preprocessed.csv,1682,2,1,1,1.0,1
Final-NanSET_preprocessed.csv,1683,2,1,1,1.0,1
Final-NanSET_preprocessed.csv,1684,2,1,1,1.0,1
Final-NanSET_preprocessed.csv,1685,2,1,1,1.0,1
Final-NanSET_preprocessed.csv,1686,2,1,1,1.0,1
Final-NanSET_preprocessed.csv,1687,2,1,0,0.04163263738155365,0
Final-NanSET_preprocessed.csv,1688,2,1,0,0.0008910592878237367,0
Final-NanSET_preprocessed.csv,1689,2,1,1,1.0,1
Final-NanSET_preprocessed.csv,1690,2,1,1,1.0,1
Final-NanSET_preprocessed.csv,1691,2,1,1,1.0,1
Final-NanSET_preprocessed.csv,1692,2,1,1,1.0,1
Final-NanSET_preprocessed.csv,1693,2,1,1,1.0,1
Final-NanSET_preprocessed.csv,1694,2,1,1,1.0,1
Final-NanSET_preprocessed.csv,1695,2,1,0,0.0012309139128774405,0
Final-NanSET_preprocessed.csv,1696,2,1,1,1.0,1
Final-NanSET_preprocessed.csv,1697,2,1,1,1.0,1
Final-NanSET_preprocessed.csv,1698,2,1,1,1.0,1
Final-NanSET_preprocessed.csv,1699,2,1,1,1.0,1
Final-NanSET_preprocessed.csv,1700,3,1,1,1.0,1
Final-NanSET_preprocessed.csv,1701,3,1,1,0.994448184967041,1
Final-NanSET_preprocessed.csv,1702,3,1,1,0.9767189025878906,1
Final-NanSET_preprocessed.csv,1703,3,1,1,0.9999853372573853,1
Final-NanSET_preprocessed.csv,1704,3,1,1,1.0,1
Final-NanSET_preprocessed.csv,1705,3,1,1,1.0,1
Final-NanSET_preprocessed.csv,1706,3,1,1,1.0,1
Final-NanSET_preprocessed.csv,1707,3,1,1,1.0,1
Final-NanSET_preprocessed.csv,1708,3,1,1,1.0,1
Final-NanSET_preprocessed.csv,1709,3,1,1,1.0,1
Final-NanSET_preprocessed.csv,1710,3,1,1,1.0,1
Final-NanSET_preprocessed.csv,1711,3,1,1,0.9087710380554199,1
Final-NanSET_preprocessed.csv,1712,3,1,1,1.0,1
Final-NanSET_preprocessed.csv,1713,3,1,1,1.0,1
Final-NanSET_preprocessed.csv,1714,3,1,1,1.0,1
Final-NanSET_preprocessed.csv,1715,3,1,1,1.0,1
Final-NanSET_preprocessed.csv,1716,3,1,1,1.0,1
Final-NanSET_preprocessed.csv,1717,3,1,1,1.0,1
Final-NanSET_preprocessed.csv,1718,3,1,1,1.0,1
Final-NanSET_preprocessed.csv,1719,3,1,1,0.754448413848877,1
Final-NanSET_preprocessed.csv,1720,4,1,1,1.0,1
Final-NanSET_preprocessed.csv,1721,4,1,1,1.0,1
Final-NanSET_preprocessed.csv,1722,4,1,1,1.0,1
Final-NanSET_preprocessed.csv,1723,4,1,1,1.0,1
Final-NanSET_preprocessed.csv,1724,4,1,1,1.0,1
Final-NanSET_preprocessed.csv,1725,4,1,1,1.0,1
Final-NanSET_preprocessed.csv,1726,4,1,1,1.0,1
Final-NanSET_preprocessed.csv,1727,4,1,1,1.0,1
Final-NanSET_preprocessed.csv,1728,4,1,1,1.0,1
Final-NanSET_preprocessed.csv,1729,4,1,1,0.9998854398727417,1
Final-NanSET_preprocessed.csv,1730,4,1,1,0.9999997615814209,1
Final-NanSET_preprocessed.csv,1731,4,1,1,0.9999756813049316,1
Final-NanSET_preprocessed.csv,1732,4,1,1,1.0,1
Final-NanSET_preprocessed.csv,1733,4,1,1,1.0,1
Final-NanSET_preprocessed.csv,1734,4,1,1,1.0,1
Final-NanSET_preprocessed.csv,1735,4,1,1,1.0,1
Final-NanSET_preprocessed.csv,1736,4,1,1,1.0,1
Final-NanSET_preprocessed.csv,1737,4,1,1,1.0,1
Final-NanSET_preprocessed.csv,1738,4,1,1,1.0,1
Final-NanSET_preprocessed.csv,1739,4,1,1,1.0,1
Final-NanSET_preprocessed.csv,1740,4,1,1,0.999990701675415,1
Final-NanSET_preprocessed.csv,1741,4,1,1,1.0,1
Final-NanSET_preprocessed.csv,1742,4,1,1,1.0,1
Final-NanSET_preprocessed.csv,1743,4,1,1,1.0,1
Final-NanSET_preprocessed.csv,1744,4,1,1,1.0,1
Final-NanSET_preprocessed.csv,1745,4,1,1,1.0,1
Final-NanSET_preprocessed.csv,1746,4,1,1,1.0,1
Final-NanSET_preprocessed.csv,1747,4,1,1,0.9929692149162292,1
Final-NanSET_preprocessed.csv,1748,4,1,1,0.9999997615814209,1
Final-NanSET_preprocessed.csv,1749,4,1,1,1.0,1
Final-NanSET_preprocessed.csv,1750,4,1,1,1.0,1
Final-NanSET_preprocessed.csv,1751,4,1,1,1.0,1
Final-NanSET_preprocessed.csv,1752,4,1,1,1.0,1
Final-NanSET_preprocessed.csv,1753,4,1,1,0.9993788003921509,1
Final-NanSET_preprocessed.csv,1754,4,1,1,0.999826967716217,1
Final-NanSET_preprocessed.csv,1755,4,1,1,0.9785495400428772,1
Final-NanSET_preprocessed.csv,1756,4,1,1,0.9171602129936218,1
Final-NanSET_preprocessed.csv,1757,4,1,1,1.0,1
Final-NanSET_preprocessed.csv,1758,4,1,1,1.0,1
Final-NanSET_preprocessed.csv,1759,4,1,1,0.9999997615814209,1
Final-NanSET_preprocessed.csv,1760,4,1,1,1.0,1
Final-NanSET_preprocessed.csv,1761,4,1,1,1.0,1
Final-NanSET_preprocessed.csv,1762,4,1,1,1.0,1
Final-NanSET_preprocessed.csv,1763,4,1,1,1.0,1
Final-NanSET_preprocessed.csv,1764,4,1,0,0.16685406863689423,0
Final-NanSET_preprocessed.csv,1765,4,1,1,0.6936222910881042,1
Final-NanSET_preprocessed.csv,1766,4,1,1,1.0,1
Final-NanSET_preprocessed.csv,1767,4,1,1,1.0,1
Final-NanSET_preprocessed.csv,1768,4,1,0,0.06140870228409767,0
Final-NanSET_preprocessed.csv,1769,4,1,1,1.0,1
Final-NanSET_preprocessed.csv,1770,4,1,1,0.9999994039535522,1
Final-NanSET_preprocessed.csv,1771,4,1,0,0.1995418518781662,0
Final-NanSET_preprocessed.csv,1772,4,1,1,0.7760439515113831,1
Final-NanSET_preprocessed.csv,1773,4,1,1,0.8400634527206421,1
Final-NanSET_preprocessed.csv,1774,4,1,1,1.0,1
Final-NanSET_preprocessed.csv,1775,4,1,1,1.0,1
Final-NanSET_preprocessed.csv,1776,4,1,0,0.17642943561077118,0
Final-NanSET_preprocessed.csv,1777,4,1,1,1.0,1
Final-NanSET_preprocessed.csv,1778,4,1,1,1.0,1
Final-NanSET_preprocessed.csv,1779,4,1,1,1.0,1
Final-NanSET_preprocessed.csv,1780,4,1,1,1.0,1
Final-NanSET_preprocessed.csv,1781,4,1,1,1.0,1
Final-NanSET_preprocessed.csv,1782,4,1,1,0.7177228927612305,1
Final-NanSET_preprocessed.csv,1783,4,1,1,1.0,1
Final-NanSET_preprocessed.csv,1784,4,1,1,0.9999942779541016,1
Final-NanSET_preprocessed.csv,1785,4,1,1,0.8999710083007812,1
Final-NanSET_preprocessed.csv,1786,4,1,1,0.9999988079071045,1
Final-NanSET_preprocessed.csv,1787,4,1,1,0.9993153810501099,1
Final-NanSET_preprocessed.csv,1788,4,1,1,1.0,1
Final-NanSET_preprocessed.csv,1789,4,1,1,0.9996672868728638,1
Final-NanSET_preprocessed.csv,1790,4,1,1,0.9998488426208496,1
Final-NanSET_preprocessed.csv,1791,4,1,1,1.0,1
Final-NanSET_preprocessed.csv,1792,4,1,1,1.0,1
Final-NanSET_preprocessed.csv,1793,4,1,1,1.0,1
Final-NanSET_preprocessed.csv,1794,4,1,1,0.9987118244171143,1
Final-NanSET_preprocessed.csv,1795,4,1,0,0.31275177001953125,0
Final-NanSET_preprocessed.csv,1796,4,1,1,1.0,1
Final-NanSET_preprocessed.csv,1797,4,1,1,1.0,1
Final-NanSET_preprocessed.csv,1798,4,1,1,0.9999994039535522,1
Final-NanSET_preprocessed.csv,1799,4,1,1,1.0,1
Final-NanSET_preprocessed.csv,1800,4,1,1,1.0,1
Final-NanSET_preprocessed.csv,1801,4,1,1,1.0,1
Final-NanSET_preprocessed.csv,1802,4,1,1,0.9999992847442627,1
Final-NanSET_preprocessed.csv,1803,4,1,0,0.44583308696746826,0
Final-NanSET_preprocessed.csv,1804,4,1,1,1.0,1
Final-NanSET_preprocessed.csv,1805,4,1,1,1.0,1
Final-NanSET_preprocessed.csv,1806,4,1,1,0.9997627139091492,1
Final-NanSET_preprocessed.csv,1807,4,1,1,0.9997698664665222,1
Final-NanSET_preprocessed.csv,1808,4,1,1,0.9999995231628418,1
Final-NanSET_preprocessed.csv,1809,4,1,1,1.0,1
Final-NanSET_preprocessed.csv,1810,4,1,1,1.0,1
Final-NanSET_preprocessed.csv,1811,4,1,1,1.0,1
Final-NanSET_preprocessed.csv,1812,4,1,1,0.9987809062004089,1
Final-NanSET_preprocessed.csv,1813,4,1,1,1.0,1
Final-NanSET_preprocessed.csv,1814,4,1,1,0.8498913049697876,1
Final-NanSET_preprocessed.csv,1815,4,1,1,1.0,1
Final-NanSET_preprocessed.csv,1816,4,1,1,1.0,1
Final-NanSET_preprocessed.csv,1817,4,1,1,1.0,1
Final-NanSET_preprocessed.csv,1818,4,1,1,0.999447762966156,1
Final-NanSET_preprocessed.csv,1819,4,1,0,0.07540905475616455,0
Final-NanSET_preprocessed.csv,1820,4,1,1,0.999765932559967,1
Final-NanSET_preprocessed.csv,1821,4,1,1,1.0,1
Final-NanSET_preprocessed.csv,1822,4,1,1,1.0,1
Final-NanSET_preprocessed.csv,1823,4,1,0,0.26583823561668396,0
Final-NanSET_preprocessed.csv,1824,4,1,1,1.0,1
Final-NanSET_preprocessed.csv,1825,4,1,0,0.020402396097779274,0
Final-NanSET_preprocessed.csv,1826,4,1,1,1.0,1
Final-NanSET_preprocessed.csv,1827,4,1,1,1.0,1
Final-NanSET_preprocessed.csv,1828,4,1,1,0.9998680353164673,1
Final-NanSET_preprocessed.csv,1829,4,1,1,1.0,1
Final-NanSET_preprocessed.csv,1830,4,1,1,0.9998140931129456,1
Final-NanSET_preprocessed.csv,1831,4,1,1,1.0,1
Final-NanSET_preprocessed.csv,1832,4,1,1,1.0,1
Final-NanSET_preprocessed.csv,1833,4,1,1,0.9999998807907104,1
Final-NanSET_preprocessed.csv,1834,4,1,1,1.0,1
Final-NanSET_preprocessed.csv,1835,4,1,1,0.9962367415428162,1
Final-NanSET_preprocessed.csv,1836,4,1,1,0.5734217166900635,1
Final-NanSET_preprocessed.csv,1837,4,1,1,1.0,1
Final-NanSET_preprocessed.csv,1838,4,1,1,0.9998891353607178,1
Final-NanSET_preprocessed.csv,1839,4,1,1,1.0,1
Final-NanSET_preprocessed.csv,1840,4,1,1,1.0,1
Final-NanSET_preprocessed.csv,1841,4,1,1,1.0,1
Final-NanSET_preprocessed.csv,1842,4,1,1,1.0,1
Final-NanSET_preprocessed.csv,1843,4,1,1,1.0,1
Final-NanSET_preprocessed.csv,1844,4,1,1,1.0,1
Final-NanSET_preprocessed.csv,1845,4,1,1,1.0,1
Final-NanSET_preprocessed.csv,1846,4,1,1,0.9999617338180542,1
Final-NanSET_preprocessed.csv,1847,4,1,1,1.0,1
Final-NanSET_preprocessed.csv,1848,4,1,1,1.0,1
Final-NanSET_preprocessed.csv,1849,4,1,1,1.0,1
Final-NanSET_preprocessed.csv,1850,4,1,1,1.0,1
Final-NanSET_preprocessed.csv,1851,4,1,1,1.0,1
Final-NanSET_preprocessed.csv,1852,4,1,1,1.0,1
Final-NanSET_preprocessed.csv,1853,4,1,1,1.0,1
Final-NanSET_preprocessed.csv,1854,4,1,0,0.015809960663318634,0
Final-NanSET_preprocessed.csv,1855,4,1,1,0.9970847964286804,1
Final-NanSET_preprocessed.csv,1856,4,1,1,1.0,1
Final-NanSET_preprocessed.csv,1857,4,1,1,0.9999994039535522,1
Final-NanSET_preprocessed.csv,1858,4,1,1,1.0,1
Final-NanSET_preprocessed.csv,1859,4,1,1,1.0,1
Final-NanSET_preprocessed.csv,1860,4,1,1,0.9732000827789307,1
Final-NanSET_preprocessed.csv,1861,4,1,1,0.9736862778663635,1
Final-NanSET_preprocessed.csv,1862,4,1,1,1.0,1
Final-NanSET_preprocessed.csv,1863,4,1,1,1.0,1
Final-NanSET_preprocessed.csv,1864,4,1,1,1.0,1
Final-NanSET_preprocessed.csv,1865,4,1,1,0.7094987630844116,1
Final-NanSET_preprocessed.csv,1866,4,1,1,1.0,1
Final-NanSET_preprocessed.csv,1867,4,1,1,1.0,1
Final-NanSET_preprocessed.csv,1868,4,1,1,1.0,1
Final-NanSET_preprocessed.csv,1869,4,1,1,1.0,1
Final-NanSET_preprocessed.csv,1870,4,1,1,1.0,1
Final-NanSET_preprocessed.csv,1871,4,1,1,1.0,1
Final-NanSET_preprocessed.csv,1872,4,1,1,1.0,1
Final-NanSET_preprocessed.csv,1873,4,1,1,1.0,1
Final-NanSET_preprocessed.csv,1874,4,1,1,1.0,1
Final-NanSET_preprocessed.csv,1875,4,1,1,1.0,1
Final-NanSET_preprocessed.csv,1876,4,1,1,0.9999281167984009,1
Final-NanSET_preprocessed.csv,1877,4,1,1,1.0,1
Final-NanSET_preprocessed.csv,1878,4,1,1,1.0,1
Final-NanSET_preprocessed.csv,1879,4,1,1,1.0,1
Final-NanSET_preprocessed.csv,1880,4,1,1,1.0,1
Final-NanSET_preprocessed.csv,1881,4,1,1,0.9999997615814209,1
Final-NanSET_preprocessed.csv,1882,4,1,1,1.0,1
Final-NanSET_preprocessed.csv,1883,4,1,1,1.0,1
Final-NanSET_preprocessed.csv,1884,4,1,1,1.0,1
Final-NanSET_preprocessed.csv,1885,4,1,1,1.0,1
Final-NanSET_preprocessed.csv,1886,4,1,1,0.6151846647262573,1
Final-NanSET_preprocessed.csv,1887,4,1,1,1.0,1
Final-NanSET_preprocessed.csv,1888,4,1,1,0.9466909766197205,1
Final-NanSET_preprocessed.csv,1889,4,1,1,1.0,1
Final-NanSET_preprocessed.csv,1890,4,1,1,1.0,1
Final-NanSET_preprocessed.csv,1891,4,1,1,1.0,1
Final-NanSET_preprocessed.csv,1892,4,1,1,1.0,1
Final-NanSET_preprocessed.csv,1893,4,1,1,1.0,1
Final-NanSET_preprocessed.csv,1894,4,1,0,0.00341250142082572,0
Final-NanSET_preprocessed.csv,1895,4,1,1,1.0,1
Final-NanSET_preprocessed.csv,1896,4,1,1,1.0,1
Final-NanSET_preprocessed.csv,1897,4,1,1,0.9638580679893494,1
Final-NanSET_preprocessed.csv,1898,4,1,1,1.0,1
Final-NanSET_preprocessed.csv,1899,4,1,1,1.0,1
Final-NanSET_preprocessed.csv,1900,4,1,1,1.0,1
Final-NanSET_preprocessed.csv,1901,4,1,1,0.9979934692382812,1
Final-NanSET_preprocessed.csv,1902,4,1,1,0.9999048709869385,1
Final-NanSET_preprocessed.csv,1903,4,1,1,1.0,1
Final-NanSET_preprocessed.csv,1904,4,1,1,1.0,1
Final-NanSET_preprocessed.csv,1905,4,1,1,1.0,1
Final-NanSET_preprocessed.csv,1906,4,1,1,1.0,1
Final-NanSET_preprocessed.csv,1907,4,1,1,1.0,1
Final-NanSET_preprocessed.csv,1908,4,1,1,1.0,1
Final-NanSET_preprocessed.csv,1909,4,1,1,1.0,1
Final-NanSET_preprocessed.csv,1910,4,1,1,1.0,1
Final-NanSET_preprocessed.csv,1911,4,1,1,1.0,1
Final-NanSET_preprocessed.csv,1912,4,1,1,1.0,1
Final-NanSET_preprocessed.csv,1913,4,1,1,1.0,1
Final-NanSET_preprocessed.csv,1914,4,1,1,0.9999369382858276,1
Final-NanSET_preprocessed.csv,1915,4,1,1,0.9999997615814209,1
Final-NanSET_preprocessed.csv,1916,4,1,1,1.0,1
Final-NanSET_preprocessed.csv,1917,4,1,1,1.0,1
Final-NanSET_preprocessed.csv,1918,4,1,1,1.0,1
Final-NanSET_preprocessed.csv,1919,4,1,1,0.9953961968421936,1
Final-NanSET_preprocessed.csv,1920,5,1,0,0.045891739428043365,0
Final-NanSET_preprocessed.csv,1921,5,1,1,1.0,1
Final-NanSET_preprocessed.csv,1922,5,1,1,1.0,1
Final-NanSET_preprocessed.csv,1923,5,1,1,1.0,1
Final-NanSET_preprocessed.csv,1924,5,1,1,1.0,1
Final-NanSET_preprocessed.csv,1925,5,1,1,1.0,1
Final-NanSET_preprocessed.csv,1926,5,1,1,1.0,1
Final-NanSET_preprocessed.csv,1927,5,1,1,1.0,1
Final-NanSET_preprocessed.csv,1928,5,1,1,1.0,1
Final-NanSET_preprocessed.csv,1929,5,1,0,0.048424385488033295,0
Final-NanSET_preprocessed.csv,1930,5,1,1,1.0,1
Final-NanSET_preprocessed.csv,1931,5,1,1,1.0,1
Final-NanSET_preprocessed.csv,1932,5,1,0,0.05276458337903023,0
Final-NanSET_preprocessed.csv,1933,5,1,1,1.0,1
Final-NanSET_preprocessed.csv,1934,5,1,1,1.0,1
Final-NanSET_preprocessed.csv,1935,5,1,0,0.14973250031471252,0
Final-NanSET_preprocessed.csv,1936,5,1,0,0.11935178935527802,0
Final-NanSET_preprocessed.csv,1937,5,1,1,1.0,1
Final-NanSET_preprocessed.csv,1938,5,1,1,1.0,1
Final-NanSET_preprocessed.csv,1939,5,1,1,1.0,1
Final-NanSET_preprocessed.csv,1940,6,1,1,0.999612033367157,1
Final-NanSET_preprocessed.csv,1941,6,1,1,0.9993209838867188,1
Final-NanSET_preprocessed.csv,1942,6,1,1,0.9994657635688782,1
Final-NanSET_preprocessed.csv,1943,6,1,1,0.9992935657501221,1
Final-NanSET_preprocessed.csv,1944,6,1,1,0.9986036419868469,1
Final-NanSET_preprocessed.csv,1945,6,1,1,0.9996048808097839,1
Final-NanSET_preprocessed.csv,1946,6,1,1,0.9997754693031311,1
Final-NanSET_preprocessed.csv,1947,6,1,1,0.9965043067932129,1
Final-NanSET_preprocessed.csv,1948,6,1,1,0.9998261332511902,1
Final-NanSET_preprocessed.csv,1949,6,1,1,0.9997710585594177,1
Final-NanSET_preprocessed.csv,1950,6,1,1,0.9999511241912842,1
Final-NanSET_preprocessed.csv,1951,6,1,1,0.999942421913147,1
Final-NanSET_preprocessed.csv,1952,6,1,1,0.9997970461845398,1
Final-NanSET_preprocessed.csv,1953,6,1,1,0.999562680721283,1
Final-NanSET_preprocessed.csv,1954,6,1,1,0.9999797344207764,1
Final-NanSET_preprocessed.csv,1955,6,1,1,0.9997069239616394,1
Final-NanSET_preprocessed.csv,1956,6,1,1,0.9991270899772644,1
Final-NanSET_preprocessed.csv,1957,6,1,1,0.9995226860046387,1
Final-NanSET_preprocessed.csv,1958,6,1,1,0.9912534356117249,1
Final-NanSET_preprocessed.csv,1959,6,1,1,0.9999306201934814,1
Final-NanSET_preprocessed.csv,1960,6,1,1,1.0,1
Final-NanSET_preprocessed.csv,1961,6,1,1,0.9999983310699463,1
Final-NanSET_preprocessed.csv,1962,6,1,1,1.0,1
Final-NanSET_preprocessed.csv,1963,6,1,1,1.0,1
Final-NanSET_preprocessed.csv,1964,6,1,1,0.9996998310089111,1
Final-NanSET_preprocessed.csv,1965,6,1,1,0.9999973773956299,1
Final-NanSET_preprocessed.csv,1966,6,1,1,1.0,1
Final-NanSET_preprocessed.csv,1967,6,1,1,1.0,1
Final-NanSET_preprocessed.csv,1968,6,1,1,0.9999997615814209,1
Final-NanSET_preprocessed.csv,1969,6,1,1,1.0,1
Final-NanSET_preprocessed.csv,1970,6,1,1,0.9999998807907104,1
Final-NanSET_preprocessed.csv,1971,6,1,1,1.0,1
Final-NanSET_preprocessed.csv,1972,6,1,1,1.0,1
Final-NanSET_preprocessed.csv,1973,6,1,1,1.0,1
Final-NanSET_preprocessed.csv,1974,6,1,1,1.0,1
Final-NanSET_preprocessed.csv,1975,6,1,1,1.0,1
Final-NanSET_preprocessed.csv,1976,6,1,1,1.0,1
Final-NanSET_preprocessed.csv,1977,6,1,1,1.0,1
Final-NanSET_preprocessed.csv,1978,6,1,1,1.0,1
Final-NanSET_preprocessed.csv,1979,6,1,1,0.9999997615814209,1
Final-NanSET_preprocessed.csv,1980,6,1,1,0.993796706199646,1
Final-NanSET_preprocessed.csv,1981,6,1,1,1.0,1
Final-NanSET_preprocessed.csv,1982,6,1,1,1.0,1
Final-NanSET_preprocessed.csv,1983,6,1,1,1.0,1
Final-NanSET_preprocessed.csv,1984,6,1,1,0.999651312828064,1
Final-NanSET_preprocessed.csv,1985,6,1,1,1.0,1
Final-NanSET_preprocessed.csv,1986,6,1,1,0.9999997615814209,1
Final-NanSET_preprocessed.csv,1987,6,1,1,1.0,1
Final-NanSET_preprocessed.csv,1988,6,1,1,0.9992152452468872,1
Final-NanSET_preprocessed.csv,1989,6,1,1,0.9980411529541016,1
Final-NanSET_preprocessed.csv,1990,6,1,1,1.0,1
Final-NanSET_preprocessed.csv,1991,6,1,1,0.9985548853874207,1
Final-NanSET_preprocessed.csv,1992,6,1,1,0.9959657192230225,1
Final-NanSET_preprocessed.csv,1993,6,1,1,0.9975910186767578,1
Final-NanSET_preprocessed.csv,1994,6,1,1,1.0,1
Final-NanSET_preprocessed.csv,1995,6,1,1,0.9810441136360168,1
Final-NanSET_preprocessed.csv,1996,6,1,1,1.0,1
Final-NanSET_preprocessed.csv,1997,6,1,1,1.0,1
Final-NanSET_preprocessed.csv,1998,6,1,1,1.0,1
Final-NanSET_preprocessed.csv,1999,6,1,1,1.0,1
Final-NanSET_preprocessed.csv,2000,8,1,1,0.9999788999557495,1
Final-NanSET_preprocessed.csv,2001,8,1,1,0.999992847442627,1
Final-NanSET_preprocessed.csv,2002,8,1,1,0.9992245435714722,1
Final-NanSET_preprocessed.csv,2003,8,1,1,0.9925056099891663,1
Final-NanSET_preprocessed.csv,2004,8,1,1,0.9999727010726929,1
Final-NanSET_preprocessed.csv,2005,8,1,1,0.9999929666519165,1
Final-NanSET_preprocessed.csv,2006,8,1,1,0.9999780654907227,1
Final-NanSET_preprocessed.csv,2007,8,1,1,0.9999933242797852,1
Final-NanSET_preprocessed.csv,2008,8,1,1,0.9926416277885437,1
Final-NanSET_preprocessed.csv,2009,8,1,1,0.9999878406524658,1
Final-NanSET_preprocessed.csv,2010,8,1,1,0.9999737739562988,1
Final-NanSET_preprocessed.csv,2011,8,1,1,0.9999942779541016,1
Final-NanSET_preprocessed.csv,2012,8,1,1,0.9990158081054688,1
Final-NanSET_preprocessed.csv,2013,8,1,1,0.9999731779098511,1
Final-NanSET_preprocessed.csv,2014,8,1,1,0.9914574027061462,1
Final-NanSET_preprocessed.csv,2015,8,1,1,0.9926776885986328,1
Final-NanSET_preprocessed.csv,2016,8,1,1,0.99997878074646,1
Final-NanSET_preprocessed.csv,2017,8,1,1,0.9999722242355347,1
Final-NanSET_preprocessed.csv,2018,8,1,1,0.9993782043457031,1
Final-NanSET_preprocessed.csv,2019,8,1,1,0.9944118857383728,1
Final-NanSET_preprocessed.csv,2020,8,1,1,1.0,1
Final-NanSET_preprocessed.csv,2021,8,1,1,1.0,1
Final-NanSET_preprocessed.csv,2022,8,1,1,1.0,1
Final-NanSET_preprocessed.csv,2023,8,1,1,1.0,1
Final-NanSET_preprocessed.csv,2024,8,1,1,1.0,1
Final-NanSET_preprocessed.csv,2025,8,1,1,1.0,1
Final-NanSET_preprocessed.csv,2026,8,1,1,1.0,1
Final-NanSET_preprocessed.csv,2027,8,1,1,1.0,1
Final-NanSET_preprocessed.csv,2028,8,1,1,1.0,1
Final-NanSET_preprocessed.csv,2029,8,1,1,1.0,1
Final-NanSET_preprocessed.csv,2030,8,1,1,1.0,1
Final-NanSET_preprocessed.csv,2031,8,1,1,1.0,1
Final-NanSET_preprocessed.csv,2032,8,1,1,1.0,1
Final-NanSET_preprocessed.csv,2033,8,1,1,1.0,1
Final-NanSET_preprocessed.csv,2034,8,1,1,1.0,1
Final-NanSET_preprocessed.csv,2035,8,1,1,1.0,1
Final-NanSET_preprocessed.csv,2036,8,1,1,1.0,1
Final-NanSET_preprocessed.csv,2037,8,1,1,1.0,1
Final-NanSET_preprocessed.csv,2038,8,1,1,1.0,1
Final-NanSET_preprocessed.csv,2039,8,1,1,1.0,1
Final-NanSET_preprocessed.csv,2040,8,1,1,1.0,1
Final-NanSET_preprocessed.csv,2041,8,1,1,1.0,1
Final-NanSET_preprocessed.csv,2042,8,1,1,1.0,1
Final-NanSET_preprocessed.csv,2043,8,1,1,1.0,1
Final-NanSET_preprocessed.csv,2044,8,1,1,1.0,1
Final-NanSET_preprocessed.csv,2045,8,1,1,1.0,1
Final-NanSET_preprocessed.csv,2046,8,1,1,1.0,1
Final-NanSET_preprocessed.csv,2047,8,1,1,1.0,1
Final-NanSET_preprocessed.csv,2048,8,1,1,1.0,1
Final-NanSET_preprocessed.csv,2049,8,1,1,1.0,1
Final-NanSET_preprocessed.csv,2050,8,1,1,1.0,1
Final-NanSET_preprocessed.csv,2051,8,1,1,1.0,1
Final-NanSET_preprocessed.csv,2052,8,1,1,1.0,1
Final-NanSET_preprocessed.csv,2053,8,1,1,1.0,1
Final-NanSET_preprocessed.csv,2054,8,1,1,1.0,1
Final-NanSET_preprocessed.csv,2055,8,1,1,1.0,1
Final-NanSET_preprocessed.csv,2056,8,1,1,1.0,1
Final-NanSET_preprocessed.csv,2057,8,1,1,1.0,1
Final-NanSET_preprocessed.csv,2058,8,1,1,1.0,1
Final-NanSET_preprocessed.csv,2059,8,1,1,1.0,1
Final-NanSET_preprocessed.csv,2060,8,1,1,1.0,1
Final-NanSET_preprocessed.csv,2061,8,1,1,1.0,1
Final-NanSET_preprocessed.csv,2062,8,1,1,1.0,1
Final-NanSET_preprocessed.csv,2063,8,1,1,1.0,1
Final-NanSET_preprocessed.csv,2064,8,1,1,1.0,1
Final-NanSET_preprocessed.csv,2065,8,1,1,1.0,1
Final-NanSET_preprocessed.csv,2066,8,1,1,1.0,1
Final-NanSET_preprocessed.csv,2067,8,1,1,1.0,1
Final-NanSET_preprocessed.csv,2068,8,1,1,1.0,1
Final-NanSET_preprocessed.csv,2069,8,1,1,1.0,1
Final-NanSET_preprocessed.csv,2070,8,1,1,1.0,1
Final-NanSET_preprocessed.csv,2071,8,1,1,1.0,1
Final-NanSET_preprocessed.csv,2072,8,1,1,1.0,1
Final-NanSET_preprocessed.csv,2073,8,1,1,1.0,1
Final-NanSET_preprocessed.csv,2074,8,1,1,1.0,1
Final-NanSET_preprocessed.csv,2075,8,1,1,1.0,1
Final-NanSET_preprocessed.csv,2076,8,1,1,1.0,1
Final-NanSET_preprocessed.csv,2077,8,1,1,1.0,1
Final-NanSET_preprocessed.csv,2078,8,1,1,1.0,1
Final-NanSET_preprocessed.csv,2079,8,1,1,1.0,1
Final-NanSET_preprocessed.csv,2080,9,1,1,1.0,1
Final-NanSET_preprocessed.csv,2081,9,1,1,1.0,1
Final-NanSET_preprocessed.csv,2082,9,1,1,1.0,1
Final-NanSET_preprocessed.csv,2083,9,1,1,1.0,1
Final-NanSET_preprocessed.csv,2084,9,1,1,1.0,1
Final-NanSET_preprocessed.csv,2085,9,1,1,1.0,1
Final-NanSET_preprocessed.csv,2086,9,1,1,1.0,1
Final-NanSET_preprocessed.csv,2087,9,1,1,1.0,1
Final-NanSET_preprocessed.csv,2088,9,1,1,1.0,1
Final-NanSET_preprocessed.csv,2089,9,1,1,1.0,1
Final-NanSET_preprocessed.csv,2090,9,1,1,1.0,1
Final-NanSET_preprocessed.csv,2091,9,1,1,1.0,1
Final-NanSET_preprocessed.csv,2092,9,1,1,1.0,1
Final-NanSET_preprocessed.csv,2093,9,1,1,1.0,1
Final-NanSET_preprocessed.csv,2094,9,1,1,1.0,1
Final-NanSET_preprocessed.csv,2095,9,1,1,1.0,1
Final-NanSET_preprocessed.csv,2096,9,1,1,1.0,1
Final-NanSET_preprocessed.csv,2097,9,1,1,1.0,1
Final-NanSET_preprocessed.csv,2098,9,1,1,1.0,1
Final-NanSET_preprocessed.csv,2099,9,1,1,1.0,1
Final-NanSET_preprocessed.csv,2100,9,1,1,1.0,1
Final-NanSET_preprocessed.csv,2101,9,1,1,1.0,1
Final-NanSET_preprocessed.csv,2102,9,1,1,1.0,1
Final-NanSET_preprocessed.csv,2103,9,1,1,1.0,1
Final-NanSET_preprocessed.csv,2104,9,1,1,1.0,1
Final-NanSET_preprocessed.csv,2105,9,1,1,1.0,1
Final-NanSET_preprocessed.csv,2106,9,1,1,1.0,1
Final-NanSET_preprocessed.csv,2107,9,1,1,1.0,1
Final-NanSET_preprocessed.csv,2108,9,1,1,1.0,1
Final-NanSET_preprocessed.csv,2109,9,1,1,1.0,1
Final-NanSET_preprocessed.csv,2110,9,1,1,1.0,1
Final-NanSET_preprocessed.csv,2111,9,1,1,1.0,1
Final-NanSET_preprocessed.csv,2112,9,1,1,1.0,1
Final-NanSET_preprocessed.csv,2113,9,1,1,1.0,1
Final-NanSET_preprocessed.csv,2114,9,1,1,1.0,1
Final-NanSET_preprocessed.csv,2115,9,1,1,1.0,1
Final-NanSET_preprocessed.csv,2116,9,1,1,1.0,1
Final-NanSET_preprocessed.csv,2117,9,1,1,1.0,1
Final-NanSET_preprocessed.csv,2118,9,1,1,1.0,1
Final-NanSET_preprocessed.csv,2119,9,1,1,1.0,1
Final-NanSET_preprocessed.csv,2120,10,1,1,1.0,1
Final-NanSET_preprocessed.csv,2121,10,1,1,1.0,1
Final-NanSET_preprocessed.csv,2122,10,1,1,1.0,1
Final-NanSET_preprocessed.csv,2123,10,1,1,1.0,1
Final-NanSET_preprocessed.csv,2124,10,1,1,1.0,1
Final-NanSET_preprocessed.csv,2125,10,1,1,1.0,1
Final-NanSET_preprocessed.csv,2126,10,1,1,1.0,1
Final-NanSET_preprocessed.csv,2127,10,1,1,1.0,1
Final-NanSET_preprocessed.csv,2128,10,1,1,1.0,1
Final-NanSET_preprocessed.csv,2129,10,1,1,1.0,1
Final-NanSET_preprocessed.csv,2130,10,1,1,1.0,1
Final-NanSET_preprocessed.csv,2131,10,1,1,1.0,1
Final-NanSET_preprocessed.csv,2132,10,1,1,1.0,1
Final-NanSET_preprocessed.csv,2133,10,1,1,1.0,1
Final-NanSET_preprocessed.csv,2134,10,1,1,1.0,1
Final-NanSET_preprocessed.csv,2135,10,1,1,1.0,1
Final-NanSET_preprocessed.csv,2136,10,1,1,1.0,1
Final-NanSET_preprocessed.csv,2137,10,1,1,1.0,1
Final-NanSET_preprocessed.csv,2138,10,1,1,1.0,1
Final-NanSET_preprocessed.csv,2139,10,1,1,1.0,1
Final-NanSET_preprocessed.csv,2140,10,1,1,1.0,1
Final-NanSET_preprocessed.csv,2141,10,1,1,1.0,1
Final-NanSET_preprocessed.csv,2142,10,1,1,1.0,1
Final-NanSET_preprocessed.csv,2143,10,1,1,1.0,1
Final-NanSET_preprocessed.csv,2144,10,1,1,1.0,1
Final-NanSET_preprocessed.csv,2145,10,1,1,1.0,1
Final-NanSET_preprocessed.csv,2146,10,1,1,1.0,1
Final-NanSET_preprocessed.csv,2147,10,1,1,1.0,1
Final-NanSET_preprocessed.csv,2148,10,1,1,1.0,1
Final-NanSET_preprocessed.csv,2149,10,1,1,1.0,1
Final-NanSET_preprocessed.csv,2150,10,1,1,1.0,1
Final-NanSET_preprocessed.csv,2151,10,1,1,1.0,1
Final-NanSET_preprocessed.csv,2152,10,1,1,1.0,1
Final-NanSET_preprocessed.csv,2153,10,1,1,1.0,1
Final-NanSET_preprocessed.csv,2154,10,1,1,1.0,1
Final-NanSET_preprocessed.csv,2155,10,1,1,1.0,1
Final-NanSET_preprocessed.csv,2156,10,1,1,1.0,1
Final-NanSET_preprocessed.csv,2157,10,1,1,1.0,1
Final-NanSET_preprocessed.csv,2158,10,1,1,1.0,1
Final-NanSET_preprocessed.csv,2159,10,1,1,1.0,1
Final-NanSET_preprocessed.csv,2160,11,1,1,0.9950873255729675,1
Final-NanSET_preprocessed.csv,2161,11,1,1,0.9985083937644958,1
Final-NanSET_preprocessed.csv,2162,11,1,1,0.9973939657211304,1
Final-NanSET_preprocessed.csv,2163,11,1,1,0.9991441965103149,1
Final-NanSET_preprocessed.csv,2164,11,1,1,0.9986205101013184,1
Final-NanSET_preprocessed.csv,2165,11,1,1,0.9977874755859375,1
Final-NanSET_preprocessed.csv,2166,11,1,1,0.9988106489181519,1
Final-NanSET_preprocessed.csv,2167,11,1,0,0.21836607158184052,0
Final-NanSET_preprocessed.csv,2168,11,1,1,0.9986741542816162,1
Final-NanSET_preprocessed.csv,2169,11,1,1,0.9979041814804077,1
Final-NanSET_preprocessed.csv,2170,11,1,1,0.9974488615989685,1
Final-NanSET_preprocessed.csv,2171,11,1,1,0.9989952445030212,1
Final-NanSET_preprocessed.csv,2172,11,1,1,0.8822311758995056,1
Final-NanSET_preprocessed.csv,2173,11,1,1,0.9981566071510315,1
Final-NanSET_preprocessed.csv,2174,11,1,1,0.7285255193710327,1
Final-NanSET_preprocessed.csv,2175,11,1,1,0.9927300810813904,1
Final-NanSET_preprocessed.csv,2176,11,1,1,0.7077444791793823,1
Final-NanSET_preprocessed.csv,2177,11,1,1,0.9984068274497986,1
Final-NanSET_preprocessed.csv,2178,11,1,1,0.995975911617279,1
Final-NanSET_preprocessed.csv,2179,11,1,1,0.9946625828742981,1
Final-NanSET_preprocessed.csv,2180,12,1,1,0.9997658133506775,1
Final-NanSET_preprocessed.csv,2181,12,1,1,0.9994656443595886,1
Final-NanSET_preprocessed.csv,2182,12,1,1,1.0,1
Final-NanSET_preprocessed.csv,2183,12,1,1,0.9991105198860168,1
Final-NanSET_preprocessed.csv,2184,12,1,1,0.9992325305938721,1
Final-NanSET_preprocessed.csv,2185,12,1,1,0.9976195693016052,1
Final-NanSET_preprocessed.csv,2186,12,1,1,0.9999985694885254,1
Final-NanSET_preprocessed.csv,2187,12,1,1,0.9999985694885254,1
Final-NanSET_preprocessed.csv,2188,12,1,1,0.970295250415802,1
Final-NanSET_preprocessed.csv,2189,12,1,1,0.9505565166473389,1
Final-NanSET_preprocessed.csv,2190,12,1,1,0.9993571639060974,1
Final-NanSET_preprocessed.csv,2191,12,1,1,1.0,1
Final-NanSET_preprocessed.csv,2192,12,1,1,0.9999581575393677,1
Final-NanSET_preprocessed.csv,2193,12,1,1,0.999990701675415,1
Final-NanSET_preprocessed.csv,2194,12,1,1,0.9999876022338867,1
Final-NanSET_preprocessed.csv,2195,12,1,1,0.9977303147315979,1
Final-NanSET_preprocessed.csv,2196,12,1,1,0.5607287883758545,1
Final-NanSET_preprocessed.csv,2197,12,1,1,0.998035728931427,1
Final-NanSET_preprocessed.csv,2198,12,1,1,0.999983549118042,1
Final-NanSET_preprocessed.csv,2199,12,1,1,0.9999985694885254,1
Final-NanSET_preprocessed.csv,2200,13,1,1,0.9997065663337708,1
Final-NanSET_preprocessed.csv,2201,13,1,1,0.9994705319404602,1
Final-NanSET_preprocessed.csv,2202,13,1,1,1.0,1
Final-NanSET_preprocessed.csv,2203,13,1,1,0.9989998936653137,1
Final-NanSET_preprocessed.csv,2204,13,1,1,0.8350885510444641,1
Final-NanSET_preprocessed.csv,2205,13,1,1,0.9974084496498108,1
Final-NanSET_preprocessed.csv,2206,13,1,1,0.9994333386421204,1
Final-NanSET_preprocessed.csv,2207,13,1,1,0.9993914365768433,1
Final-NanSET_preprocessed.csv,2208,13,1,1,0.9593451619148254,1
Final-NanSET_preprocessed.csv,2209,13,1,1,0.9231327772140503,1
Final-NanSET_preprocessed.csv,2210,13,1,1,0.9992868304252625,1
Final-NanSET_preprocessed.csv,2211,13,1,1,1.0,1
Final-NanSET_preprocessed.csv,2212,13,1,1,0.9925394654273987,1
Final-NanSET_preprocessed.csv,2213,13,1,1,0.9999172687530518,1
Final-NanSET_preprocessed.csv,2214,13,1,1,0.9999865293502808,1
Final-NanSET_preprocessed.csv,2215,13,1,1,0.991192638874054,1
Final-NanSET_preprocessed.csv,2216,13,1,0,0.28081968426704407,0
Final-NanSET_preprocessed.csv,2217,13,1,1,0.9976289868354797,1
Final-NanSET_preprocessed.csv,2218,13,1,1,0.9940675497055054,1
Final-NanSET_preprocessed.csv,2219,13,1,1,0.999295711517334,1
Final-NanSET_preprocessed.csv,2220,14,1,1,1.0,1
Final-NanSET_preprocessed.csv,2221,14,1,1,1.0,1
Final-NanSET_preprocessed.csv,2222,14,1,1,1.0,1
Final-NanSET_preprocessed.csv,2223,14,1,1,1.0,1
Final-NanSET_preprocessed.csv,2224,14,1,1,1.0,1
Final-NanSET_preprocessed.csv,2225,14,1,1,1.0,1
Final-NanSET_preprocessed.csv,2226,14,1,1,1.0,1
Final-NanSET_preprocessed.csv,2227,14,1,1,1.0,1
Final-NanSET_preprocessed.csv,2228,14,1,1,1.0,1
Final-NanSET_preprocessed.csv,2229,14,1,0,0.003051336156204343,0
Final-NanSET_preprocessed.csv,2230,14,1,1,1.0,1
Final-NanSET_preprocessed.csv,2231,14,1,1,1.0,1
Final-NanSET_preprocessed.csv,2232,14,1,1,1.0,1
Final-NanSET_preprocessed.csv,2233,14,1,1,1.0,1
Final-NanSET_preprocessed.csv,2234,14,1,1,1.0,1
Final-NanSET_preprocessed.csv,2235,14,1,1,1.0,1
Final-NanSET_preprocessed.csv,2236,14,1,1,1.0,1
Final-NanSET_preprocessed.csv,2237,14,1,1,1.0,1
Final-NanSET_preprocessed.csv,2238,14,1,1,1.0,1
Final-NanSET_preprocessed.csv,2239,14,1,1,1.0,1
Final-NanSET_preprocessed.csv,2240,15,1,1,1.0,1
Final-NanSET_preprocessed.csv,2241,15,1,1,1.0,1
Final-NanSET_preprocessed.csv,2242,15,1,1,1.0,1
Final-NanSET_preprocessed.csv,2243,15,1,1,1.0,1
Final-NanSET_preprocessed.csv,2244,15,1,1,1.0,1
Final-NanSET_preprocessed.csv,2245,15,1,1,1.0,1
Final-NanSET_preprocessed.csv,2246,15,1,1,1.0,1
Final-NanSET_preprocessed.csv,2247,15,1,1,1.0,1
Final-NanSET_preprocessed.csv,2248,15,1,1,1.0,1
Final-NanSET_preprocessed.csv,2249,15,1,1,1.0,1
Final-NanSET_preprocessed.csv,2250,15,1,1,1.0,1
Final-NanSET_preprocessed.csv,2251,15,1,1,1.0,1
Final-NanSET_preprocessed.csv,2252,15,1,1,1.0,1
Final-NanSET_preprocessed.csv,2253,15,1,1,1.0,1
Final-NanSET_preprocessed.csv,2254,15,1,1,1.0,1
Final-NanSET_preprocessed.csv,2255,15,1,1,1.0,1
Final-NanSET_preprocessed.csv,2256,15,1,1,1.0,1
Final-NanSET_preprocessed.csv,2257,15,1,1,1.0,1
Final-NanSET_preprocessed.csv,2258,15,1,1,1.0,1
Final-NanSET_preprocessed.csv,2259,15,1,1,1.0,1
Final-NanSET_preprocessed.csv,2260,15,1,1,1.0,1
Final-NanSET_preprocessed.csv,2261,15,1,1,0.9999998807907104,1
Final-NanSET_preprocessed.csv,2262,15,1,1,0.9999974966049194,1
Final-NanSET_preprocessed.csv,2263,15,1,1,1.0,1
Final-NanSET_preprocessed.csv,2264,15,1,1,1.0,1
Final-NanSET_preprocessed.csv,2265,15,1,1,1.0,1
Final-NanSET_preprocessed.csv,2266,15,1,1,1.0,1
Final-NanSET_preprocessed.csv,2267,15,1,1,1.0,1
Final-NanSET_preprocessed.csv,2268,15,1,1,1.0,1
Final-NanSET_preprocessed.csv,2269,15,1,1,1.0,1
Final-NanSET_preprocessed.csv,2270,15,1,1,0.9993878602981567,1
Final-NanSET_preprocessed.csv,2271,15,1,1,1.0,1
Final-NanSET_preprocessed.csv,2272,15,1,1,1.0,1
Final-NanSET_preprocessed.csv,2273,15,1,1,0.9998003840446472,1
Final-NanSET_preprocessed.csv,2274,15,1,1,1.0,1
Final-NanSET_preprocessed.csv,2275,15,1,1,1.0,1
Final-NanSET_preprocessed.csv,2276,15,1,1,0.9999990463256836,1
Final-NanSET_preprocessed.csv,2277,15,1,1,1.0,1
Final-NanSET_preprocessed.csv,2278,15,1,1,1.0,1
Final-NanSET_preprocessed.csv,2279,15,1,1,0.999998927116394,1
Final-NanSET_preprocessed.csv,2280,15,1,1,1.0,1
Final-NanSET_preprocessed.csv,2281,15,1,1,1.0,1
Final-NanSET_preprocessed.csv,2282,15,1,1,1.0,1
Final-NanSET_preprocessed.csv,2283,15,1,1,1.0,1
Final-NanSET_preprocessed.csv,2284,15,1,1,1.0,1
Final-NanSET_preprocessed.csv,2285,15,1,1,1.0,1
Final-NanSET_preprocessed.csv,2286,15,1,1,1.0,1
Final-NanSET_preprocessed.csv,2287,15,1,1,1.0,1
Final-NanSET_preprocessed.csv,2288,15,1,1,1.0,1
Final-NanSET_preprocessed.csv,2289,15,1,1,1.0,1
Final-NanSET_preprocessed.csv,2290,15,1,1,1.0,1
Final-NanSET_preprocessed.csv,2291,15,1,1,1.0,1
Final-NanSET_preprocessed.csv,2292,15,1,1,1.0,1
Final-NanSET_preprocessed.csv,2293,15,1,1,1.0,1
Final-NanSET_preprocessed.csv,2294,15,1,1,1.0,1
Final-NanSET_preprocessed.csv,2295,15,1,1,1.0,1
Final-NanSET_preprocessed.csv,2296,15,1,1,1.0,1
Final-NanSET_preprocessed.csv,2297,15,1,1,1.0,1
Final-NanSET_preprocessed.csv,2298,15,1,1,1.0,1
Final-NanSET_preprocessed.csv,2299,15,1,1,1.0,1
Final-NanSET_preprocessed.csv,2300,15,1,1,0.9999994039535522,1
Final-NanSET_preprocessed.csv,2301,15,1,1,0.9999977350234985,1
Final-NanSET_preprocessed.csv,2302,15,1,1,0.9999991655349731,1
Final-NanSET_preprocessed.csv,2303,15,1,1,0.9999969005584717,1
Final-NanSET_preprocessed.csv,2304,15,1,1,1.0,1
Final-NanSET_preprocessed.csv,2305,15,1,1,0.9999988079071045,1
Final-NanSET_preprocessed.csv,2306,15,1,1,0.9999983310699463,1
Final-NanSET_preprocessed.csv,2307,15,1,1,1.0,1
Final-NanSET_preprocessed.csv,2308,15,1,1,1.0,1
Final-NanSET_preprocessed.csv,2309,15,1,1,0.9999959468841553,1
Final-NanSET_preprocessed.csv,2310,15,1,1,0.9999983310699463,1
Final-NanSET_preprocessed.csv,2311,15,1,1,1.0,1
Final-NanSET_preprocessed.csv,2312,15,1,1,1.0,1
Final-NanSET_preprocessed.csv,2313,15,1,1,1.0,1
Final-NanSET_preprocessed.csv,2314,15,1,1,1.0,1
Final-NanSET_preprocessed.csv,2315,15,1,1,1.0,1
Final-NanSET_preprocessed.csv,2316,15,1,1,0.9999988079071045,1
Final-NanSET_preprocessed.csv,2317,15,1,1,0.9999966621398926,1
Final-NanSET_preprocessed.csv,2318,15,1,1,0.9999991655349731,1
Final-NanSET_preprocessed.csv,2319,15,1,1,0.9999985694885254,1
Final-NanSET_preprocessed.csv,2320,16,1,1,1.0,1
Final-NanSET_preprocessed.csv,2321,16,1,1,1.0,1
Final-NanSET_preprocessed.csv,2322,16,1,1,1.0,1
Final-NanSET_preprocessed.csv,2323,16,1,1,1.0,1
Final-NanSET_preprocessed.csv,2324,16,1,1,1.0,1
Final-NanSET_preprocessed.csv,2325,16,1,1,1.0,1
Final-NanSET_preprocessed.csv,2326,16,1,1,1.0,1
Final-NanSET_preprocessed.csv,2327,16,1,1,1.0,1
Final-NanSET_preprocessed.csv,2328,16,1,1,1.0,1
Final-NanSET_preprocessed.csv,2329,16,1,1,1.0,1
Final-NanSET_preprocessed.csv,2330,16,1,1,1.0,1
Final-NanSET_preprocessed.csv,2331,16,1,1,1.0,1
Final-NanSET_preprocessed.csv,2332,16,1,1,1.0,1
Final-NanSET_preprocessed.csv,2333,16,1,1,1.0,1
Final-NanSET_preprocessed.csv,2334,16,1,1,1.0,1
Final-NanSET_preprocessed.csv,2335,16,1,1,1.0,1
Final-NanSET_preprocessed.csv,2336,16,1,1,1.0,1
Final-NanSET_preprocessed.csv,2337,16,1,1,1.0,1
Final-NanSET_preprocessed.csv,2338,16,1,1,1.0,1
Final-NanSET_preprocessed.csv,2339,16,1,1,1.0,1
Final-NanSET_preprocessed.csv,2340,16,1,1,1.0,1
Final-NanSET_preprocessed.csv,2341,16,1,1,0.9999996423721313,1
Final-NanSET_preprocessed.csv,2342,16,1,1,1.0,1
Final-NanSET_preprocessed.csv,2343,16,1,1,1.0,1
Final-NanSET_preprocessed.csv,2344,16,1,1,1.0,1
Final-NanSET_preprocessed.csv,2345,16,1,1,1.0,1
Final-NanSET_preprocessed.csv,2346,16,1,1,1.0,1
Final-NanSET_preprocessed.csv,2347,16,1,1,0.9999998807907104,1
Final-NanSET_preprocessed.csv,2348,16,1,1,1.0,1
Final-NanSET_preprocessed.csv,2349,16,1,1,1.0,1
Final-NanSET_preprocessed.csv,2350,16,1,1,1.0,1
Final-NanSET_preprocessed.csv,2351,16,1,1,1.0,1
Final-NanSET_preprocessed.csv,2352,16,1,1,1.0,1
Final-NanSET_preprocessed.csv,2353,16,1,1,1.0,1
Final-NanSET_preprocessed.csv,2354,16,1,1,1.0,1
Final-NanSET_preprocessed.csv,2355,16,1,1,1.0,1
Final-NanSET_preprocessed.csv,2356,16,1,1,1.0,1
Final-NanSET_preprocessed.csv,2357,16,1,1,1.0,1
Final-NanSET_preprocessed.csv,2358,16,1,1,1.0,1
Final-NanSET_preprocessed.csv,2359,16,1,1,1.0,1
Final-NanSET_preprocessed.csv,2360,16,1,1,1.0,1
Final-NanSET_preprocessed.csv,2361,16,1,1,1.0,1
Final-NanSET_preprocessed.csv,2362,16,1,1,1.0,1
Final-NanSET_preprocessed.csv,2363,16,1,1,1.0,1
Final-NanSET_preprocessed.csv,2364,16,1,1,1.0,1
Final-NanSET_preprocessed.csv,2365,16,1,1,1.0,1
Final-NanSET_preprocessed.csv,2366,16,1,1,1.0,1
Final-NanSET_preprocessed.csv,2367,16,1,1,1.0,1
Final-NanSET_preprocessed.csv,2368,16,1,1,1.0,1
Final-NanSET_preprocessed.csv,2369,16,1,1,1.0,1
Final-NanSET_preprocessed.csv,2370,16,1,1,1.0,1
Final-NanSET_preprocessed.csv,2371,16,1,1,1.0,1
Final-NanSET_preprocessed.csv,2372,16,1,1,1.0,1
Final-NanSET_preprocessed.csv,2373,16,1,1,1.0,1
Final-NanSET_preprocessed.csv,2374,16,1,1,1.0,1
Final-NanSET_preprocessed.csv,2375,16,1,1,1.0,1
Final-NanSET_preprocessed.csv,2376,16,1,1,1.0,1
Final-NanSET_preprocessed.csv,2377,16,1,1,1.0,1
Final-NanSET_preprocessed.csv,2378,16,1,1,1.0,1
Final-NanSET_preprocessed.csv,2379,16,1,1,1.0,1
Final-NanSET_preprocessed.csv,2380,16,1,1,0.9999988079071045,1
Final-NanSET_preprocessed.csv,2381,16,1,1,0.999981164932251,1
Final-NanSET_preprocessed.csv,2382,16,1,1,0.9999945163726807,1
Final-NanSET_preprocessed.csv,2383,16,1,1,0.9999992847442627,1
Final-NanSET_preprocessed.csv,2384,16,1,1,0.9999910593032837,1
Final-NanSET_preprocessed.csv,2385,16,1,1,0.9999805688858032,1
Final-NanSET_preprocessed.csv,2386,16,1,1,0.9999850988388062,1
Final-NanSET_preprocessed.csv,2387,16,1,1,0.999990701675415,1
Final-NanSET_preprocessed.csv,2388,16,1,1,0.9999877214431763,1
Final-NanSET_preprocessed.csv,2389,16,1,1,0.9999994039535522,1
Final-NanSET_preprocessed.csv,2390,16,1,1,0.9999972581863403,1
Final-NanSET_preprocessed.csv,2391,16,1,1,0.9999861717224121,1
Final-NanSET_preprocessed.csv,2392,16,1,1,0.9999971389770508,1
Final-NanSET_preprocessed.csv,2393,16,1,1,0.9999970197677612,1
Final-NanSET_preprocessed.csv,2394,16,1,1,0.9999977350234985,1
Final-NanSET_preprocessed.csv,2395,16,1,1,0.999991774559021,1
Final-NanSET_preprocessed.csv,2396,16,1,1,0.9999951124191284,1
Final-NanSET_preprocessed.csv,2397,16,1,1,0.9999974966049194,1
Final-NanSET_preprocessed.csv,2398,16,1,1,0.9999899864196777,1
Final-NanSET_preprocessed.csv,2399,16,1,1,0.9999830722808838,1
Final-NanSET_preprocessed.csv,2400,17,1,1,1.0,1
Final-NanSET_preprocessed.csv,2401,17,1,1,1.0,1
Final-NanSET_preprocessed.csv,2402,17,1,1,1.0,1
Final-NanSET_preprocessed.csv,2403,17,1,1,1.0,1
Final-NanSET_preprocessed.csv,2404,17,1,1,1.0,1
Final-NanSET_preprocessed.csv,2405,17,1,1,1.0,1
Final-NanSET_preprocessed.csv,2406,17,1,1,1.0,1
Final-NanSET_preprocessed.csv,2407,17,1,1,1.0,1
Final-NanSET_preprocessed.csv,2408,17,1,1,1.0,1
Final-NanSET_preprocessed.csv,2409,17,1,1,1.0,1
Final-NanSET_preprocessed.csv,2410,17,1,1,1.0,1
Final-NanSET_preprocessed.csv,2411,17,1,1,1.0,1
Final-NanSET_preprocessed.csv,2412,17,1,1,1.0,1
Final-NanSET_preprocessed.csv,2413,17,1,1,1.0,1
Final-NanSET_preprocessed.csv,2414,17,1,1,1.0,1
Final-NanSET_preprocessed.csv,2415,17,1,1,1.0,1
Final-NanSET_preprocessed.csv,2416,17,1,1,1.0,1
Final-NanSET_preprocessed.csv,2417,17,1,1,1.0,1
Final-NanSET_preprocessed.csv,2418,17,1,1,1.0,1
Final-NanSET_preprocessed.csv,2419,17,1,1,1.0,1
Final-NanSET_preprocessed.csv,2420,17,1,1,1.0,1
Final-NanSET_preprocessed.csv,2421,17,1,1,1.0,1
Final-NanSET_preprocessed.csv,2422,17,1,1,1.0,1
Final-NanSET_preprocessed.csv,2423,17,1,1,1.0,1
Final-NanSET_preprocessed.csv,2424,17,1,1,1.0,1
Final-NanSET_preprocessed.csv,2425,17,1,1,1.0,1
Final-NanSET_preprocessed.csv,2426,17,1,1,1.0,1
Final-NanSET_preprocessed.csv,2427,17,1,1,1.0,1
Final-NanSET_preprocessed.csv,2428,17,1,1,1.0,1
Final-NanSET_preprocessed.csv,2429,17,1,1,1.0,1
Final-NanSET_preprocessed.csv,2430,17,1,1,1.0,1
Final-NanSET_preprocessed.csv,2431,17,1,1,1.0,1
Final-NanSET_preprocessed.csv,2432,17,1,1,1.0,1
Final-NanSET_preprocessed.csv,2433,17,1,1,1.0,1
Final-NanSET_preprocessed.csv,2434,17,1,1,1.0,1
Final-NanSET_preprocessed.csv,2435,17,1,1,1.0,1
Final-NanSET_preprocessed.csv,2436,17,1,1,1.0,1
Final-NanSET_preprocessed.csv,2437,17,1,1,1.0,1
Final-NanSET_preprocessed.csv,2438,17,1,1,1.0,1
Final-NanSET_preprocessed.csv,2439,17,1,1,1.0,1
Final-NanSET_preprocessed.csv,2440,18,1,1,0.9998507499694824,1
Final-NanSET_preprocessed.csv,2441,18,1,1,0.9998481273651123,1
Final-NanSET_preprocessed.csv,2442,18,1,1,0.9998175501823425,1
Final-NanSET_preprocessed.csv,2443,18,1,1,0.9998500347137451,1
Final-NanSET_preprocessed.csv,2444,18,1,1,0.9990023970603943,1
Final-NanSET_preprocessed.csv,2445,18,1,1,0.999796450138092,1
Final-NanSET_preprocessed.csv,2446,18,1,1,0.9976860284805298,1
Final-NanSET_preprocessed.csv,2447,18,1,1,0.9976892471313477,1
Final-NanSET_preprocessed.csv,2448,18,1,1,0.9975630044937134,1
Final-NanSET_preprocessed.csv,2449,18,1,1,0.9998137354850769,1
Final-NanSET_preprocessed.csv,2450,18,1,1,0.9998526573181152,1
Final-NanSET_preprocessed.csv,2451,18,1,1,0.9998476505279541,1
Final-NanSET_preprocessed.csv,2452,18,1,1,0.999403715133667,1
Final-NanSET_preprocessed.csv,2453,18,1,1,0.9998137354850769,1
Final-NanSET_preprocessed.csv,2454,18,1,1,0.9994131326675415,1
Final-NanSET_preprocessed.csv,2455,18,1,1,0.9998517036437988,1
Final-NanSET_preprocessed.csv,2456,18,1,1,0.9982971549034119,1
Final-NanSET_preprocessed.csv,2457,18,1,1,0.9997982382774353,1
Final-NanSET_preprocessed.csv,2458,18,1,1,0.997494101524353,1
Final-NanSET_preprocessed.csv,2459,18,1,1,0.9998170733451843,1
Final-NanSET_preprocessed.csv,2460,19,1,1,1.0,1
Final-NanSET_preprocessed.csv,2461,19,1,1,1.0,1
Final-NanSET_preprocessed.csv,2462,19,1,1,1.0,1
Final-NanSET_preprocessed.csv,2463,19,1,1,1.0,1
Final-NanSET_preprocessed.csv,2464,19,1,1,1.0,1
Final-NanSET_preprocessed.csv,2465,19,1,1,1.0,1
Final-NanSET_preprocessed.csv,2466,19,1,1,1.0,1
Final-NanSET_preprocessed.csv,2467,19,1,1,1.0,1
Final-NanSET_preprocessed.csv,2468,19,1,1,1.0,1
Final-NanSET_preprocessed.csv,2469,19,1,1,1.0,1
Final-NanSET_preprocessed.csv,2470,19,1,1,1.0,1
Final-NanSET_preprocessed.csv,2471,19,1,1,1.0,1
Final-NanSET_preprocessed.csv,2472,19,1,1,1.0,1
Final-NanSET_preprocessed.csv,2473,19,1,1,1.0,1
Final-NanSET_preprocessed.csv,2474,19,1,1,1.0,1
Final-NanSET_preprocessed.csv,2475,19,1,1,1.0,1
Final-NanSET_preprocessed.csv,2476,19,1,1,1.0,1
Final-NanSET_preprocessed.csv,2477,19,1,1,1.0,1
Final-NanSET_preprocessed.csv,2478,19,1,1,1.0,1
Final-NanSET_preprocessed.csv,2479,19,1,1,1.0,1
Final-NanSET_preprocessed.csv,2480,20,1,1,1.0,1
Final-NanSET_preprocessed.csv,2481,20,1,1,1.0,1
Final-NanSET_preprocessed.csv,2482,20,1,1,1.0,1
Final-NanSET_preprocessed.csv,2483,20,1,1,1.0,1
Final-NanSET_preprocessed.csv,2484,20,1,1,1.0,1
Final-NanSET_preprocessed.csv,2485,20,1,1,1.0,1
Final-NanSET_preprocessed.csv,2486,20,1,1,1.0,1
Final-NanSET_preprocessed.csv,2487,20,1,1,1.0,1
Final-NanSET_preprocessed.csv,2488,20,1,1,1.0,1
Final-NanSET_preprocessed.csv,2489,20,1,1,1.0,1
Final-NanSET_preprocessed.csv,2490,20,1,1,1.0,1
Final-NanSET_preprocessed.csv,2491,20,1,1,1.0,1
Final-NanSET_preprocessed.csv,2492,20,1,1,1.0,1
Final-NanSET_preprocessed.csv,2493,20,1,1,1.0,1
Final-NanSET_preprocessed.csv,2494,20,1,1,1.0,1
Final-NanSET_preprocessed.csv,2495,20,1,1,1.0,1
Final-NanSET_preprocessed.csv,2496,20,1,1,1.0,1
Final-NanSET_preprocessed.csv,2497,20,1,1,1.0,1
Final-NanSET_preprocessed.csv,2498,20,1,1,1.0,1
Final-NanSET_preprocessed.csv,2499,20,1,1,1.0,1
Final-NanSET_preprocessed.csv,2500,21,1,1,0.9999998807907104,1
Final-NanSET_preprocessed.csv,2501,21,1,1,1.0,1
Final-NanSET_preprocessed.csv,2502,21,1,1,0.9999997615814209,1
Final-NanSET_preprocessed.csv,2503,21,1,1,0.9999998807907104,1
Final-NanSET_preprocessed.csv,2504,21,1,1,0.9999996423721313,1
Final-NanSET_preprocessed.csv,2505,21,1,1,0.9999995231628418,1
Final-NanSET_preprocessed.csv,2506,21,1,1,0.9999997615814209,1
Final-NanSET_preprocessed.csv,2507,21,1,1,0.9999998807907104,1
Final-NanSET_preprocessed.csv,2508,21,1,1,0.9999998807907104,1
Final-NanSET_preprocessed.csv,2509,21,1,1,0.9999998807907104,1
Final-NanSET_preprocessed.csv,2510,21,1,1,1.0,1
Final-NanSET_preprocessed.csv,2511,21,1,1,1.0,1
Final-NanSET_preprocessed.csv,2512,21,1,1,0.9999998807907104,1
Final-NanSET_preprocessed.csv,2513,21,1,1,0.9999995231628418,1
Final-NanSET_preprocessed.csv,2514,21,1,1,0.9999998807907104,1
Final-NanSET_preprocessed.csv,2515,21,1,1,0.9999998807907104,1
Final-NanSET_preprocessed.csv,2516,21,1,1,1.0,1
Final-NanSET_preprocessed.csv,2517,21,1,1,0.9999998807907104,1
Final-NanSET_preprocessed.csv,2518,21,1,1,0.9999996423721313,1
Final-NanSET_preprocessed.csv,2519,21,1,1,1.0,1
Final-NanSET_preprocessed.csv,2520,21,1,1,1.0,1
Final-NanSET_preprocessed.csv,2521,21,1,1,1.0,1
Final-NanSET_preprocessed.csv,2522,21,1,1,1.0,1
Final-NanSET_preprocessed.csv,2523,21,1,1,1.0,1
Final-NanSET_preprocessed.csv,2524,21,1,1,1.0,1
Final-NanSET_preprocessed.csv,2525,21,1,1,1.0,1
Final-NanSET_preprocessed.csv,2526,21,1,1,1.0,1
Final-NanSET_preprocessed.csv,2527,21,1,1,1.0,1
Final-NanSET_preprocessed.csv,2528,21,1,1,1.0,1
Final-NanSET_preprocessed.csv,2529,21,1,1,1.0,1
Final-NanSET_preprocessed.csv,2530,21,1,1,1.0,1
Final-NanSET_preprocessed.csv,2531,21,1,1,1.0,1
Final-NanSET_preprocessed.csv,2532,21,1,1,1.0,1
Final-NanSET_preprocessed.csv,2533,21,1,1,1.0,1
Final-NanSET_preprocessed.csv,2534,21,1,1,1.0,1
Final-NanSET_preprocessed.csv,2535,21,1,1,1.0,1
Final-NanSET_preprocessed.csv,2536,21,1,1,1.0,1
Final-NanSET_preprocessed.csv,2537,21,1,1,1.0,1
Final-NanSET_preprocessed.csv,2538,21,1,1,1.0,1
Final-NanSET_preprocessed.csv,2539,21,1,1,1.0,1
Final-NanSET_preprocessed.csv,2540,21,1,1,1.0,1
Final-NanSET_preprocessed.csv,2541,21,1,1,1.0,1
Final-NanSET_preprocessed.csv,2542,21,1,1,1.0,1
Final-NanSET_preprocessed.csv,2543,21,1,1,1.0,1
Final-NanSET_preprocessed.csv,2544,21,1,1,1.0,1
Final-NanSET_preprocessed.csv,2545,21,1,1,1.0,1
Final-NanSET_preprocessed.csv,2546,21,1,1,1.0,1
Final-NanSET_preprocessed.csv,2547,21,1,1,1.0,1
Final-NanSET_preprocessed.csv,2548,21,1,1,1.0,1
Final-NanSET_preprocessed.csv,2549,21,1,1,1.0,1
Final-NanSET_preprocessed.csv,2550,21,1,1,1.0,1
Final-NanSET_preprocessed.csv,2551,21,1,1,1.0,1
Final-NanSET_preprocessed.csv,2552,21,1,1,1.0,1
Final-NanSET_preprocessed.csv,2553,21,1,1,1.0,1
Final-NanSET_preprocessed.csv,2554,21,1,1,1.0,1
Final-NanSET_preprocessed.csv,2555,21,1,1,1.0,1
Final-NanSET_preprocessed.csv,2556,21,1,1,1.0,1
Final-NanSET_preprocessed.csv,2557,21,1,1,1.0,1
Final-NanSET_preprocessed.csv,2558,21,1,1,1.0,1
Final-NanSET_preprocessed.csv,2559,21,1,1,1.0,1
Final-NanSET_preprocessed.csv,2560,22,1,1,0.9999250173568726,1
Final-NanSET_preprocessed.csv,2561,22,1,1,0.9999481439590454,1
Final-NanSET_preprocessed.csv,2562,22,1,1,0.9999572038650513,1
Final-NanSET_preprocessed.csv,2563,22,1,1,0.9996022582054138,1
Final-NanSET_preprocessed.csv,2564,22,1,1,0.9999247789382935,1
Final-NanSET_preprocessed.csv,2565,22,1,1,0.9999191761016846,1
Final-NanSET_preprocessed.csv,2566,22,1,1,0.9999467134475708,1
Final-NanSET_preprocessed.csv,2567,22,1,1,0.9999587535858154,1
Final-NanSET_preprocessed.csv,2568,22,1,1,0.9999479055404663,1
Final-NanSET_preprocessed.csv,2569,22,1,1,0.9999604225158691,1
Final-NanSET_preprocessed.csv,2570,22,1,1,0.9990735054016113,1
Final-NanSET_preprocessed.csv,2571,22,1,1,0.9993452429771423,1
Final-NanSET_preprocessed.csv,2572,22,1,1,0.9990344047546387,1
Final-NanSET_preprocessed.csv,2573,22,1,1,0.9998261332511902,1
Final-NanSET_preprocessed.csv,2574,22,1,1,0.9999572038650513,1
Final-NanSET_preprocessed.csv,2575,22,1,1,0.9999613761901855,1
Final-NanSET_preprocessed.csv,2576,22,1,1,0.9990530610084534,1
Final-NanSET_preprocessed.csv,2577,22,1,1,0.999068558216095,1
Final-NanSET_preprocessed.csv,2578,22,1,1,0.9999104738235474,1
Final-NanSET_preprocessed.csv,2579,22,1,1,0.9999592304229736,1
Final-NanSET_preprocessed.csv,2580,23,1,1,1.0,1
Final-NanSET_preprocessed.csv,2581,23,1,1,1.0,1
Final-NanSET_preprocessed.csv,2582,23,1,1,1.0,1
Final-NanSET_preprocessed.csv,2583,23,1,1,1.0,1
Final-NanSET_preprocessed.csv,2584,23,1,1,1.0,1
Final-NanSET_preprocessed.csv,2585,23,1,1,1.0,1
Final-NanSET_preprocessed.csv,2586,23,1,1,1.0,1
Final-NanSET_preprocessed.csv,2587,23,1,1,1.0,1
Final-NanSET_preprocessed.csv,2588,23,1,1,1.0,1
Final-NanSET_preprocessed.csv,2589,23,1,1,1.0,1
Final-NanSET_preprocessed.csv,2590,23,1,1,1.0,1
Final-NanSET_preprocessed.csv,2591,23,1,1,1.0,1
Final-NanSET_preprocessed.csv,2592,23,1,1,1.0,1
Final-NanSET_preprocessed.csv,2593,23,1,1,1.0,1
Final-NanSET_preprocessed.csv,2594,23,1,1,1.0,1
Final-NanSET_preprocessed.csv,2595,23,1,1,1.0,1
Final-NanSET_preprocessed.csv,2596,23,1,1,1.0,1
Final-NanSET_preprocessed.csv,2597,23,1,1,1.0,1
Final-NanSET_preprocessed.csv,2598,23,1,1,1.0,1
Final-NanSET_preprocessed.csv,2599,23,1,1,1.0,1
Final-NanSET_preprocessed.csv,2600,24,1,1,1.0,1
Final-NanSET_preprocessed.csv,2601,24,1,1,1.0,1
Final-NanSET_preprocessed.csv,2602,24,1,1,1.0,1
Final-NanSET_preprocessed.csv,2603,24,1,1,1.0,1
Final-NanSET_preprocessed.csv,2604,24,1,1,1.0,1
Final-NanSET_preprocessed.csv,2605,24,1,1,1.0,1
Final-NanSET_preprocessed.csv,2606,24,1,1,1.0,1
Final-NanSET_preprocessed.csv,2607,24,1,1,1.0,1
Final-NanSET_preprocessed.csv,2608,24,1,1,1.0,1
Final-NanSET_preprocessed.csv,2609,24,1,1,1.0,1
Final-NanSET_preprocessed.csv,2610,24,1,1,1.0,1
Final-NanSET_preprocessed.csv,2611,24,1,1,1.0,1
Final-NanSET_preprocessed.csv,2612,24,1,1,1.0,1
Final-NanSET_preprocessed.csv,2613,24,1,1,1.0,1
Final-NanSET_preprocessed.csv,2614,24,1,1,1.0,1
Final-NanSET_preprocessed.csv,2615,24,1,1,1.0,1
Final-NanSET_preprocessed.csv,2616,24,1,1,1.0,1
Final-NanSET_preprocessed.csv,2617,24,1,1,1.0,1
Final-NanSET_preprocessed.csv,2618,24,1,1,1.0,1
Final-NanSET_preprocessed.csv,2619,24,1,1,1.0,1
Final-NanSET_preprocessed.csv,2620,25,1,1,1.0,1
Final-NanSET_preprocessed.csv,2621,25,1,1,1.0,1
Final-NanSET_preprocessed.csv,2622,25,1,1,1.0,1
Final-NanSET_preprocessed.csv,2623,25,1,1,1.0,1
Final-NanSET_preprocessed.csv,2624,25,1,1,1.0,1
Final-NanSET_preprocessed.csv,2625,25,1,1,1.0,1
Final-NanSET_preprocessed.csv,2626,25,1,1,1.0,1
Final-NanSET_preprocessed.csv,2627,25,1,1,1.0,1
Final-NanSET_preprocessed.csv,2628,25,1,1,1.0,1
Final-NanSET_preprocessed.csv,2629,25,1,1,1.0,1
Final-NanSET_preprocessed.csv,2630,25,1,1,1.0,1
Final-NanSET_preprocessed.csv,2631,25,1,1,1.0,1
Final-NanSET_preprocessed.csv,2632,25,1,1,1.0,1
Final-NanSET_preprocessed.csv,2633,25,1,1,1.0,1
Final-NanSET_preprocessed.csv,2634,25,1,1,1.0,1
Final-NanSET_preprocessed.csv,2635,25,1,1,1.0,1
Final-NanSET_preprocessed.csv,2636,25,1,1,1.0,1
Final-NanSET_preprocessed.csv,2637,25,1,1,1.0,1
Final-NanSET_preprocessed.csv,2638,25,1,1,1.0,1
Final-NanSET_preprocessed.csv,2639,25,1,1,1.0,1
Final-NanSET_preprocessed.csv,2640,26,1,1,1.0,1
Final-NanSET_preprocessed.csv,2641,26,1,1,1.0,1
Final-NanSET_preprocessed.csv,2642,26,1,1,1.0,1
Final-NanSET_preprocessed.csv,2643,26,1,1,1.0,1
Final-NanSET_preprocessed.csv,2644,26,1,1,1.0,1
Final-NanSET_preprocessed.csv,2645,26,1,1,1.0,1
Final-NanSET_preprocessed.csv,2646,26,1,1,1.0,1
Final-NanSET_preprocessed.csv,2647,26,1,1,1.0,1
Final-NanSET_preprocessed.csv,2648,26,1,1,1.0,1
Final-NanSET_preprocessed.csv,2649,26,1,1,1.0,1
Final-NanSET_preprocessed.csv,2650,26,1,1,1.0,1
Final-NanSET_preprocessed.csv,2651,26,1,1,1.0,1
Final-NanSET_preprocessed.csv,2652,26,1,1,1.0,1
Final-NanSET_preprocessed.csv,2653,26,1,1,1.0,1
Final-NanSET_preprocessed.csv,2654,26,1,1,1.0,1
Final-NanSET_preprocessed.csv,2655,26,1,1,1.0,1
Final-NanSET_preprocessed.csv,2656,26,1,1,1.0,1
Final-NanSET_preprocessed.csv,2657,26,1,1,1.0,1
Final-NanSET_preprocessed.csv,2658,26,1,1,1.0,1
Final-NanSET_preprocessed.csv,2659,26,1,1,1.0,1
Final-NanSET_preprocessed.csv,2660,27,1,0,0.018180642277002335,0
Final-NanSET_preprocessed.csv,2661,27,1,0,0.013874383643269539,0
Final-NanSET_preprocessed.csv,2662,27,1,0,0.030282650142908096,0
Final-NanSET_preprocessed.csv,2663,27,1,1,0.9956823587417603,1
Final-NanSET_preprocessed.csv,2664,27,1,1,0.997190535068512,1
Final-NanSET_preprocessed.csv,2665,27,1,1,0.9302843809127808,1
Final-NanSET_preprocessed.csv,2666,27,1,1,0.9954524636268616,1
Final-NanSET_preprocessed.csv,2667,27,1,1,0.9963178634643555,1
Final-NanSET_preprocessed.csv,2668,27,1,1,0.9960119724273682,1
Final-NanSET_preprocessed.csv,2669,27,1,1,0.9954004883766174,1
Final-NanSET_preprocessed.csv,2670,27,1,0,0.028712984174489975,0
Final-NanSET_preprocessed.csv,2671,27,1,0,0.01763135939836502,0
Final-NanSET_preprocessed.csv,2672,27,1,0,0.0229027159512043,0
Final-NanSET_preprocessed.csv,2673,27,1,1,0.9068162441253662,1
Final-NanSET_preprocessed.csv,2674,27,1,1,0.9964690208435059,1
Final-NanSET_preprocessed.csv,2675,27,1,0,0.017332755029201508,0
Final-NanSET_preprocessed.csv,2676,27,1,1,0.9036155939102173,1
Final-NanSET_preprocessed.csv,2677,27,1,1,0.9935852885246277,1
Final-NanSET_preprocessed.csv,2678,27,1,1,0.9467052221298218,1
Final-NanSET_preprocessed.csv,2679,27,1,0,0.014064611867070198,0
Final-NanSET_preprocessed.csv,2680,28,1,1,1.0,1
Final-NanSET_preprocessed.csv,2681,28,1,1,1.0,1
Final-NanSET_preprocessed.csv,2682,28,1,1,1.0,1
Final-NanSET_preprocessed.csv,2683,28,1,1,1.0,1
Final-NanSET_preprocessed.csv,2684,28,1,1,1.0,1
Final-NanSET_preprocessed.csv,2685,28,1,1,1.0,1
Final-NanSET_preprocessed.csv,2686,28,1,1,1.0,1
Final-NanSET_preprocessed.csv,2687,28,1,1,1.0,1
Final-NanSET_preprocessed.csv,2688,28,1,1,1.0,1
Final-NanSET_preprocessed.csv,2689,28,1,1,1.0,1
Final-NanSET_preprocessed.csv,2690,28,1,1,1.0,1
Final-NanSET_preprocessed.csv,2691,28,1,1,1.0,1
Final-NanSET_preprocessed.csv,2692,28,1,1,1.0,1
Final-NanSET_preprocessed.csv,2693,28,1,1,1.0,1
Final-NanSET_preprocessed.csv,2694,28,1,1,1.0,1
Final-NanSET_preprocessed.csv,2695,28,1,1,1.0,1
Final-NanSET_preprocessed.csv,2696,28,1,1,1.0,1
Final-NanSET_preprocessed.csv,2697,28,1,1,1.0,1
Final-NanSET_preprocessed.csv,2698,28,1,1,1.0,1
Final-NanSET_preprocessed.csv,2699,28,1,1,1.0,1
Final-NanSET_preprocessed.csv,2700,29,1,1,1.0,1
Final-NanSET_preprocessed.csv,2701,29,1,1,1.0,1
Final-NanSET_preprocessed.csv,2702,29,1,1,1.0,1
Final-NanSET_preprocessed.csv,2703,29,1,1,1.0,1
Final-NanSET_preprocessed.csv,2704,29,1,1,1.0,1
Final-NanSET_preprocessed.csv,2705,29,1,1,1.0,1
Final-NanSET_preprocessed.csv,2706,29,1,1,1.0,1
Final-NanSET_preprocessed.csv,2707,29,1,1,1.0,1
Final-NanSET_preprocessed.csv,2708,29,1,1,1.0,1
Final-NanSET_preprocessed.csv,2709,29,1,1,1.0,1
Final-NanSET_preprocessed.csv,2710,29,1,1,1.0,1
Final-NanSET_preprocessed.csv,2711,29,1,1,1.0,1
Final-NanSET_preprocessed.csv,2712,29,1,1,1.0,1
Final-NanSET_preprocessed.csv,2713,29,1,1,1.0,1
Final-NanSET_preprocessed.csv,2714,29,1,1,1.0,1
Final-NanSET_preprocessed.csv,2715,29,1,1,1.0,1
Final-NanSET_preprocessed.csv,2716,29,1,1,1.0,1
Final-NanSET_preprocessed.csv,2717,29,1,1,1.0,1
Final-NanSET_preprocessed.csv,2718,29,1,1,1.0,1
Final-NanSET_preprocessed.csv,2719,29,1,1,1.0,1
Final-NanSET_preprocessed.csv,2720,30,1,1,1.0,1
Final-NanSET_preprocessed.csv,2721,30,1,1,1.0,1
Final-NanSET_preprocessed.csv,2722,30,1,1,1.0,1
Final-NanSET_preprocessed.csv,2723,30,1,1,1.0,1
Final-NanSET_preprocessed.csv,2724,30,1,1,1.0,1
Final-NanSET_preprocessed.csv,2725,30,1,1,1.0,1
Final-NanSET_preprocessed.csv,2726,30,1,1,1.0,1
Final-NanSET_preprocessed.csv,2727,30,1,1,1.0,1
Final-NanSET_preprocessed.csv,2728,30,1,1,1.0,1
Final-NanSET_preprocessed.csv,2729,30,1,1,1.0,1
Final-NanSET_preprocessed.csv,2730,30,1,1,1.0,1
Final-NanSET_preprocessed.csv,2731,30,1,1,1.0,1
Final-NanSET_preprocessed.csv,2732,30,1,1,1.0,1
Final-NanSET_preprocessed.csv,2733,30,1,1,1.0,1
Final-NanSET_preprocessed.csv,2734,30,1,1,1.0,1
Final-NanSET_preprocessed.csv,2735,30,1,1,1.0,1
Final-NanSET_preprocessed.csv,2736,30,1,1,1.0,1
Final-NanSET_preprocessed.csv,2737,30,1,1,1.0,1
Final-NanSET_preprocessed.csv,2738,30,1,1,1.0,1
Final-NanSET_preprocessed.csv,2739,30,1,1,1.0,1
Final-NanSET_preprocessed.csv,2740,32,1,1,1.0,1
Final-NanSET_preprocessed.csv,2741,32,1,1,1.0,1
Final-NanSET_preprocessed.csv,2742,32,1,1,1.0,1
Final-NanSET_preprocessed.csv,2743,32,1,1,1.0,1
Final-NanSET_preprocessed.csv,2744,32,1,1,0.9999994039535522,1
Final-NanSET_preprocessed.csv,2745,32,1,1,1.0,1
Final-NanSET_preprocessed.csv,2746,32,1,1,1.0,1
Final-NanSET_preprocessed.csv,2747,32,1,1,1.0,1
Final-NanSET_preprocessed.csv,2748,32,1,1,0.9999966621398926,1
Final-NanSET_preprocessed.csv,2749,32,1,1,1.0,1
Final-NanSET_preprocessed.csv,2750,32,1,1,1.0,1
Final-NanSET_preprocessed.csv,2751,32,1,1,1.0,1
Final-NanSET_preprocessed.csv,2752,32,1,1,0.999998927116394,1
Final-NanSET_preprocessed.csv,2753,32,1,1,1.0,1
Final-NanSET_preprocessed.csv,2754,32,1,1,1.0,1
Final-NanSET_preprocessed.csv,2755,32,1,1,0.9999984502792358,1
Final-NanSET_preprocessed.csv,2756,32,1,1,1.0,1
Final-NanSET_preprocessed.csv,2757,32,1,1,1.0,1
Final-NanSET_preprocessed.csv,2758,32,1,1,1.0,1
Final-NanSET_preprocessed.csv,2759,32,1,1,1.0,1
