dataset_name,tcp.stream,Tag,true_binary,pred_binary,pred_prob_violation,correct
mqtt_preprocessed_v2.csv,0,-1,0,0,0.000960186414886266,1
mqtt_preprocessed_v2.csv,1,-1,0,0,0.0017473623156547546,1
mqtt_preprocessed_v2.csv,2,-1,0,0,0.0037506716325879097,1
mqtt_preprocessed_v2.csv,3,-1,0,0,0.0006045877817086875,1
mqtt_preprocessed_v2.csv,4,-1,0,0,0.0015978699084371328,1
mqtt_preprocessed_v2.csv,5,-1,0,0,0.0008105356246232986,1
mqtt_preprocessed_v2.csv,6,-1,0,0,0.00484382314607501,1
mqtt_preprocessed_v2.csv,7,-1,0,0,0.000706191174685955,1
mqtt_preprocessed_v2.csv,8,-1,0,0,0.0018543387996032834,1
mqtt_preprocessed_v2.csv,9,-1,0,0,0.0006617150502279401,1
mqtt_preprocessed_v2.csv,10,-1,0,0,0.003216478042304516,1
mqtt_preprocessed_v2.csv,11,-1,0,0,0.004420952871441841,1
mqtt_preprocessed_v2.csv,12,-1,0,0,0.000621307292021811,1
mqtt_preprocessed_v2.csv,13,-1,0,0,0.0006209251005202532,1
mqtt_preprocessed_v2.csv,14,-1,0,0,0.0007586382562294602,1
mqtt_preprocessed_v2.csv,15,-1,0,0,0.0016914891311898828,1
mqtt_preprocessed_v2.csv,16,-1,0,0,0.0030761624220758677,1
mqtt_preprocessed_v2.csv,17,-1,0,0,0.001755224191583693,1
mqtt_preprocessed_v2.csv,18,-1,0,0,0.0008455160423181951,1
mqtt_preprocessed_v2.csv,19,-1,0,0,0.0009553113486617804,1
mqtt_preprocessed_v2.csv,20,-1,0,0,0.003322132397443056,1
mqtt_preprocessed_v2.csv,21,-1,0,0,0.000695425842422992,1
mqtt_preprocessed_v2.csv,22,-1,0,0,0.0006687437416985631,1
mqtt_preprocessed_v2.csv,23,-1,0,0,0.003329639323055744,1
mqtt_preprocessed_v2.csv,24,-1,0,0,0.001729066832922399,1
mqtt_preprocessed_v2.csv,25,-1,0,0,0.0022944207303225994,1
mqtt_preprocessed_v2.csv,26,-1,0,0,0.0020182663574814796,1
mqtt_preprocessed_v2.csv,27,-1,0,0,0.0017658484866842628,1
mqtt_preprocessed_v2.csv,28,-1,0,0,0.0014754610601812601,1
mqtt_preprocessed_v2.csv,29,-1,0,0,0.005494693759828806,1
mqtt_preprocessed_v2.csv,30,-1,0,0,0.002357861725613475,1
mqtt_preprocessed_v2.csv,31,-1,0,0,0.0017332012066617608,1
mqtt_preprocessed_v2.csv,32,-1,0,0,0.0007549961446784437,1
mqtt_preprocessed_v2.csv,33,-1,0,0,0.000764863973017782,1
mqtt_preprocessed_v2.csv,34,-1,0,0,0.0020202670712023973,1
mqtt_preprocessed_v2.csv,35,-1,0,0,0.0016913715517148376,1
mqtt_preprocessed_v2.csv,36,-1,0,0,0.0034334782976657152,1
mqtt_preprocessed_v2.csv,37,-1,0,0,0.0033444261644035578,1
mqtt_preprocessed_v2.csv,38,-1,0,0,0.00487230671569705,1
mqtt_preprocessed_v2.csv,39,-1,0,0,0.003587031504139304,1
mqtt_preprocessed_v2.csv,40,-1,0,0,0.0006448193453252316,1
mqtt_preprocessed_v2.csv,41,-1,0,0,0.0017595390090718865,1
mqtt_preprocessed_v2.csv,42,-1,0,0,0.0029065203852951527,1
mqtt_preprocessed_v2.csv,43,-1,0,0,0.004341640044003725,1
mqtt_preprocessed_v2.csv,44,-1,0,0,0.0022693336941301823,1
mqtt_preprocessed_v2.csv,45,-1,0,0,0.0014806109247729182,1
mqtt_preprocessed_v2.csv,46,-1,0,0,0.0006126270163804293,1
mqtt_preprocessed_v2.csv,47,-1,0,0,0.0007231251220218837,1
mqtt_preprocessed_v2.csv,48,-1,0,0,0.0018046759068965912,1
mqtt_preprocessed_v2.csv,49,-1,0,0,0.0019268025644123554,1
mqtt_preprocessed_v2.csv,50,-1,0,0,0.003682831535115838,1
mqtt_preprocessed_v2.csv,51,-1,0,0,0.004920285195112228,1
mqtt_preprocessed_v2.csv,52,-1,0,0,0.00321039161644876,1
mqtt_preprocessed_v2.csv,53,-1,0,0,0.004065837245434523,1
mqtt_preprocessed_v2.csv,54,-1,0,0,0.003567664884030819,1
mqtt_preprocessed_v2.csv,55,-1,0,0,0.08205417543649673,1
mqtt_preprocessed_v2.csv,56,-1,0,0,0.0028271148912608624,1
mqtt_preprocessed_v2.csv,57,-1,0,0,0.0006862744339741766,1
mqtt_preprocessed_v2.csv,58,-1,0,0,0.0020789208356291056,1
mqtt_preprocessed_v2.csv,59,-1,0,0,0.0009531157556921244,1
mqtt_preprocessed_v2.csv,60,-1,0,0,0.0036848688032478094,1
mqtt_preprocessed_v2.csv,61,-1,0,0,0.003806551219895482,1
mqtt_preprocessed_v2.csv,62,-1,0,0,0.0017307971138507128,1
mqtt_preprocessed_v2.csv,63,-1,0,0,0.0028620401863008738,1
mqtt_preprocessed_v2.csv,64,-1,0,0,0.00359982973895967,1
mqtt_preprocessed_v2.csv,65,-1,0,0,0.0010523315286263824,1
mqtt_preprocessed_v2.csv,66,-1,0,0,0.0013717426918447018,1
mqtt_preprocessed_v2.csv,67,-1,0,0,0.0037444864865392447,1
mqtt_preprocessed_v2.csv,68,-1,0,0,0.0008568332996219397,1
mqtt_preprocessed_v2.csv,69,-1,0,0,0.004848574288189411,1
mqtt_preprocessed_v2.csv,70,-1,0,0,0.0020791839342564344,1
mqtt_preprocessed_v2.csv,71,-1,0,0,0.0007302808808162808,1
mqtt_preprocessed_v2.csv,72,-1,0,0,0.0006647668196819723,1
mqtt_preprocessed_v2.csv,73,-1,0,0,0.0025459742173552513,1
mqtt_preprocessed_v2.csv,74,-1,0,0,0.0007801463361829519,1
mqtt_preprocessed_v2.csv,75,-1,0,0,0.0016332835657522082,1
mqtt_preprocessed_v2.csv,76,-1,0,0,0.0006981308688409626,1
mqtt_preprocessed_v2.csv,77,-1,0,0,0.004524089861661196,1
mqtt_preprocessed_v2.csv,78,-1,0,0,0.003795586060732603,1
mqtt_preprocessed_v2.csv,79,-1,0,0,0.0016326140612363815,1
mqtt_preprocessed_v2.csv,80,-1,0,0,0.0018842986319214106,1
mqtt_preprocessed_v2.csv,81,-1,0,0,0.004443558864295483,1
mqtt_preprocessed_v2.csv,82,-1,0,0,0.0033874448854476213,1
mqtt_preprocessed_v2.csv,83,-1,0,0,0.003957831300795078,1
mqtt_preprocessed_v2.csv,84,-1,0,0,0.001619811519049108,1
mqtt_preprocessed_v2.csv,85,-1,0,0,0.004905036184936762,1
mqtt_preprocessed_v2.csv,86,-1,0,0,0.0014124606968834996,1
mqtt_preprocessed_v2.csv,87,-1,0,0,0.0029072933830320835,1
mqtt_preprocessed_v2.csv,88,-1,0,0,0.002636464312672615,1
mqtt_preprocessed_v2.csv,89,-1,0,0,0.0014849373837932944,1
mqtt_preprocessed_v2.csv,90,-1,0,0,0.0014364353846758604,1
mqtt_preprocessed_v2.csv,91,-1,0,0,0.0009080708841793239,1
mqtt_preprocessed_v2.csv,92,-1,0,0,0.0031788749620318413,1
mqtt_preprocessed_v2.csv,93,-1,0,0,0.0006307510193437338,1
mqtt_preprocessed_v2.csv,94,-1,0,0,0.0009286454296670854,1
mqtt_preprocessed_v2.csv,95,-1,0,0,0.0014253964181989431,1
mqtt_preprocessed_v2.csv,96,-1,0,0,0.0006903183530084789,1
mqtt_preprocessed_v2.csv,97,-1,0,0,0.000899562961421907,1
mqtt_preprocessed_v2.csv,98,-1,0,0,0.004254995379596949,1
mqtt_preprocessed_v2.csv,99,-1,0,0,0.0017088393215090036,1
mqtt_preprocessed_v2.csv,100,-1,0,0,0.005261256825178862,1
mqtt_preprocessed_v2.csv,101,-1,0,0,0.0006296367500908673,1
mqtt_preprocessed_v2.csv,102,-1,0,0,0.003957903012633324,1
mqtt_preprocessed_v2.csv,103,-1,0,0,0.0016138909850269556,1
mqtt_preprocessed_v2.csv,104,-1,0,0,0.0021258792839944363,1
mqtt_preprocessed_v2.csv,105,-1,0,0,0.001916338806040585,1
mqtt_preprocessed_v2.csv,106,-1,0,0,0.0015942294849082828,1
mqtt_preprocessed_v2.csv,107,-1,0,0,0.0014555910602211952,1
mqtt_preprocessed_v2.csv,108,-1,0,0,0.000652661663480103,1
mqtt_preprocessed_v2.csv,109,-1,0,0,0.0018980777822434902,1
mqtt_preprocessed_v2.csv,110,-1,0,0,0.0038754886481910944,1
mqtt_preprocessed_v2.csv,111,-1,0,0,0.003787396475672722,1
mqtt_preprocessed_v2.csv,112,-1,0,0,0.0022665499709546566,1
mqtt_preprocessed_v2.csv,113,-1,0,0,0.002128964988514781,1
mqtt_preprocessed_v2.csv,114,-1,0,0,0.004609759896993637,1
mqtt_preprocessed_v2.csv,115,-1,0,0,0.0040396773256361485,1
mqtt_preprocessed_v2.csv,116,-1,0,0,0.004856430925428867,1
mqtt_preprocessed_v2.csv,117,-1,0,0,0.004322081338614225,1
mqtt_preprocessed_v2.csv,118,-1,0,0,0.004112256225198507,1
mqtt_preprocessed_v2.csv,119,-1,0,0,0.00886407122015953,1
mqtt_preprocessed_v2.csv,120,-1,0,0,0.002696910873055458,1
mqtt_preprocessed_v2.csv,121,-1,0,0,0.03186454623937607,1
mqtt_preprocessed_v2.csv,122,-1,0,0,0.0037974040023982525,1
mqtt_preprocessed_v2.csv,123,-1,0,0,0.06513326615095139,1
mqtt_preprocessed_v2.csv,124,-1,0,0,0.05403687432408333,1
mqtt_preprocessed_v2.csv,125,-1,0,0,0.0040913536213338375,1
mqtt_preprocessed_v2.csv,126,-1,0,0,0.0034827752970159054,1
mqtt_preprocessed_v2.csv,127,-1,0,0,0.055122021585702896,1
mqtt_preprocessed_v2.csv,128,-1,0,0,0.0025634898338466883,1
mqtt_preprocessed_v2.csv,129,-1,0,0,0.001546599087305367,1
mqtt_preprocessed_v2.csv,130,-1,0,0,0.030638927593827248,1
mqtt_preprocessed_v2.csv,131,-1,0,0,0.08923687040805817,1
mqtt_preprocessed_v2.csv,132,-1,0,0,0.0028818072751164436,1
mqtt_preprocessed_v2.csv,133,-1,0,0,0.004617673810571432,1
mqtt_preprocessed_v2.csv,134,-1,0,0,0.3341205418109894,1
mqtt_preprocessed_v2.csv,135,-1,0,0,0.03421630710363388,1
mqtt_preprocessed_v2.csv,136,-1,0,0,0.004089514724910259,1
mqtt_preprocessed_v2.csv,137,-1,0,0,0.05544150620698929,1
mqtt_preprocessed_v2.csv,138,-1,0,0,0.0038027020636945963,1
mqtt_preprocessed_v2.csv,139,-1,0,0,0.04607542231678963,1
mqtt_preprocessed_v2.csv,140,-1,0,0,0.024833805859088898,1
mqtt_preprocessed_v2.csv,141,-1,0,0,0.003865690901875496,1
mqtt_preprocessed_v2.csv,142,-1,0,0,0.035242531448602676,1
mqtt_preprocessed_v2.csv,143,-1,0,0,0.004573629703372717,1
mqtt_preprocessed_v2.csv,144,-1,0,0,0.00490758940577507,1
mqtt_preprocessed_v2.csv,145,-1,0,0,0.004065161570906639,1
mqtt_preprocessed_v2.csv,146,-1,0,0,0.0025770943611860275,1
mqtt_preprocessed_v2.csv,147,-1,0,0,0.002588612260296941,1
mqtt_preprocessed_v2.csv,148,-1,0,0,0.10577413439750671,1
mqtt_preprocessed_v2.csv,149,-1,0,0,0.048852093517780304,1
mqtt_preprocessed_v2.csv,150,-1,0,0,0.004293741658329964,1
mqtt_preprocessed_v2.csv,151,-1,0,0,0.05316974222660065,1
mqtt_preprocessed_v2.csv,152,-1,0,0,0.06006955727934837,1
mqtt_preprocessed_v2.csv,153,-1,0,0,0.0042311400175094604,1
mqtt_preprocessed_v2.csv,154,-1,0,0,0.03446329012513161,1
mqtt_preprocessed_v2.csv,155,-1,0,0,0.05968490615487099,1
mqtt_preprocessed_v2.csv,156,-1,0,0,0.003778210375458002,1
mqtt_preprocessed_v2.csv,157,-1,0,0,0.053931236267089844,1
mqtt_preprocessed_v2.csv,158,-1,0,0,0.0040454869158566,1
mqtt_preprocessed_v2.csv,159,-1,0,0,0.006020191125571728,1
mqtt_preprocessed_v2.csv,160,-1,0,0,0.003992198500782251,1
mqtt_preprocessed_v2.csv,161,-1,0,0,0.004693279508501291,1
mqtt_preprocessed_v2.csv,162,-1,0,0,0.0037661795504391193,1
mqtt_preprocessed_v2.csv,163,-1,0,0,0.0019457465969026089,1
mqtt_preprocessed_v2.csv,164,-1,0,0,0.0007384598720818758,1
mqtt_preprocessed_v2.csv,165,-1,0,0,0.0006525394273921847,1
mqtt_preprocessed_v2.csv,166,-1,0,0,0.03273992985486984,1
mqtt_preprocessed_v2.csv,167,-1,0,0,0.023682205006480217,1
mqtt_preprocessed_v2.csv,168,-1,0,0,0.0038743196055293083,1
mqtt_preprocessed_v2.csv,169,-1,0,0,0.0038212621584534645,1
mqtt_preprocessed_v2.csv,170,-1,0,0,0.00205592205747962,1
mqtt_preprocessed_v2.csv,171,-1,0,0,0.05910789594054222,1
mqtt_preprocessed_v2.csv,172,-1,0,0,0.001317542395554483,1
mqtt_preprocessed_v2.csv,173,-1,0,0,0.0009762323461472988,1
mqtt_preprocessed_v2.csv,174,-1,0,0,0.004027262330055237,1
mqtt_preprocessed_v2.csv,175,-1,0,0,0.0020815806929022074,1
mqtt_preprocessed_v2.csv,176,-1,0,0,0.0022202874533832073,1
mqtt_preprocessed_v2.csv,177,-1,0,0,0.0013901586644351482,1
mqtt_preprocessed_v2.csv,178,-1,0,0,0.00383183010853827,1
mqtt_preprocessed_v2.csv,179,-1,0,0,0.004160477314144373,1
mqtt_preprocessed_v2.csv,180,-1,0,0,0.0019540537614375353,1
mqtt_preprocessed_v2.csv,181,-1,0,0,0.0008531782077625394,1
mqtt_preprocessed_v2.csv,182,-1,0,0,0.003375919535756111,1
mqtt_preprocessed_v2.csv,183,-1,0,0,0.0010692501673474908,1
mqtt_preprocessed_v2.csv,184,-1,0,0,0.0013096554903313518,1
mqtt_preprocessed_v2.csv,185,-1,0,0,0.001652649138122797,1
mqtt_preprocessed_v2.csv,186,-1,0,0,0.06154530122876167,1
mqtt_preprocessed_v2.csv,187,-1,0,0,0.0047374386340379715,1
mqtt_preprocessed_v2.csv,188,-1,0,0,0.0008628946379758418,1
mqtt_preprocessed_v2.csv,189,-1,0,0,0.0006493391119875014,1
mqtt_preprocessed_v2.csv,190,-1,0,0,0.001195792225189507,1
mqtt_preprocessed_v2.csv,191,-1,0,0,0.004178740084171295,1
mqtt_preprocessed_v2.csv,192,-1,0,0,0.0014997334219515324,1
mqtt_preprocessed_v2.csv,193,-1,0,0,0.05123571306467056,1
mqtt_preprocessed_v2.csv,194,-1,0,0,0.0006838871049694717,1
mqtt_preprocessed_v2.csv,195,-1,0,0,0.0016348998760804534,1
mqtt_preprocessed_v2.csv,196,-1,0,0,0.003829235676676035,1
mqtt_preprocessed_v2.csv,197,-1,0,0,0.0016718354308977723,1
mqtt_preprocessed_v2.csv,198,-1,0,0,0.0013252595672383904,1
mqtt_preprocessed_v2.csv,199,-1,0,0,0.004434064496308565,1
mqtt_preprocessed_v2.csv,200,-1,0,0,0.004533844999969006,1
mqtt_preprocessed_v2.csv,201,-1,0,0,0.0036311254370957613,1
mqtt_preprocessed_v2.csv,202,-1,0,0,0.0007763861794956028,1
mqtt_preprocessed_v2.csv,203,-1,0,0,0.000775130232796073,1
mqtt_preprocessed_v2.csv,204,-1,0,0,0.0014301129849627614,1
mqtt_preprocessed_v2.csv,205,-1,0,0,0.002839769935235381,1
mqtt_preprocessed_v2.csv,206,-1,0,0,0.0039894538931548595,1
mqtt_preprocessed_v2.csv,207,-1,0,0,0.0006667683483101428,1
mqtt_preprocessed_v2.csv,208,-1,0,0,0.0011154377134516835,1
mqtt_preprocessed_v2.csv,209,-1,0,0,0.003909795545041561,1
mqtt_preprocessed_v2.csv,210,-1,0,0,0.0016167470021173358,1
mqtt_preprocessed_v2.csv,211,-1,0,0,0.002821775386109948,1
mqtt_preprocessed_v2.csv,212,-1,0,0,0.0034051048569381237,1
mqtt_preprocessed_v2.csv,213,-1,0,0,0.0014003649121150374,1
mqtt_preprocessed_v2.csv,214,-1,0,0,0.0021888345945626497,1
mqtt_preprocessed_v2.csv,215,-1,0,0,0.005715762730687857,1
mqtt_preprocessed_v2.csv,216,-1,0,0,0.0016236980445683002,1
mqtt_preprocessed_v2.csv,217,-1,0,0,0.04936673864722252,1
mqtt_preprocessed_v2.csv,218,-1,0,0,0.0013075617607682943,1
mqtt_preprocessed_v2.csv,219,-1,0,0,0.00478362338617444,1
mqtt_preprocessed_v2.csv,220,-1,0,0,0.00938914343714714,1
mqtt_preprocessed_v2.csv,221,-1,0,0,0.0020607146434485912,1
mqtt_preprocessed_v2.csv,222,-1,0,0,0.0016685223672538996,1
mqtt_preprocessed_v2.csv,223,-1,0,1,0.7520390748977661,0
mqtt_preprocessed_v2.csv,224,-1,0,0,0.004948246758431196,1
mqtt_preprocessed_v2.csv,225,-1,0,0,0.0017167872283607721,1
mqtt_preprocessed_v2.csv,226,-1,0,0,0.000834249600302428,1
mqtt_preprocessed_v2.csv,227,-1,0,0,0.0017901831306517124,1
mqtt_preprocessed_v2.csv,228,-1,0,0,0.0016365570481866598,1
mqtt_preprocessed_v2.csv,229,-1,0,0,0.0015578216407448053,1
mqtt_preprocessed_v2.csv,230,-1,0,0,0.004152744077146053,1
mqtt_preprocessed_v2.csv,231,-1,0,0,0.001671548350714147,1
mqtt_preprocessed_v2.csv,232,-1,0,0,0.003907294478267431,1
mqtt_preprocessed_v2.csv,233,-1,0,0,0.0012749964371323586,1
mqtt_preprocessed_v2.csv,234,-1,0,0,0.0021273205056786537,1
mqtt_preprocessed_v2.csv,235,-1,0,0,0.002105116145685315,1
mqtt_preprocessed_v2.csv,236,-1,0,0,0.00328835635446012,1
mqtt_preprocessed_v2.csv,237,-1,0,0,0.0016654887003824115,1
mqtt_preprocessed_v2.csv,238,-1,0,0,0.005174201913177967,1
mqtt_preprocessed_v2.csv,239,-1,0,0,0.0006312082405202091,1
mqtt_preprocessed_v2.csv,240,-1,0,0,0.0008532110950909555,1
mqtt_preprocessed_v2.csv,241,-1,0,0,0.004329865798354149,1
mqtt_preprocessed_v2.csv,242,-1,0,0,0.06634579598903656,1
mqtt_preprocessed_v2.csv,243,-1,0,0,0.004392595030367374,1
mqtt_preprocessed_v2.csv,244,-1,0,0,0.003151583019644022,1
mqtt_preprocessed_v2.csv,245,-1,0,0,0.0006446009501814842,1
mqtt_preprocessed_v2.csv,246,-1,0,0,0.0008388194837607443,1
mqtt_preprocessed_v2.csv,247,-1,0,0,0.0016157220816239715,1
mqtt_preprocessed_v2.csv,248,-1,0,0,0.0018526078201830387,1
mqtt_preprocessed_v2.csv,249,-1,0,0,0.0006493735127151012,1
mqtt_preprocessed_v2.csv,250,-1,0,0,0.0022956926841288805,1
mqtt_preprocessed_v2.csv,251,-1,0,0,0.0013804512564092875,1
mqtt_preprocessed_v2.csv,252,-1,0,0,0.004122280981391668,1
mqtt_preprocessed_v2.csv,253,-1,0,0,0.0038581739645451307,1
mqtt_preprocessed_v2.csv,254,-1,0,0,0.003786283079534769,1
mqtt_preprocessed_v2.csv,255,-1,0,0,0.003990665078163147,1
mqtt_preprocessed_v2.csv,256,-1,0,0,0.004059674683958292,1
mqtt_preprocessed_v2.csv,257,-1,0,0,0.003828284330666065,1
mqtt_preprocessed_v2.csv,258,-1,0,0,0.0014058032538741827,1
mqtt_preprocessed_v2.csv,259,-1,0,0,0.0009035596158355474,1
mqtt_preprocessed_v2.csv,260,-1,0,0,0.0006491894018836319,1
mqtt_preprocessed_v2.csv,261,-1,0,0,0.03722313046455383,1
mqtt_preprocessed_v2.csv,262,-1,0,0,0.003020877717062831,1
mqtt_preprocessed_v2.csv,263,-1,0,0,0.0032606543973088264,1
mqtt_preprocessed_v2.csv,264,-1,0,0,0.005501489154994488,1
mqtt_preprocessed_v2.csv,265,-1,0,0,0.001466155401431024,1
mqtt_preprocessed_v2.csv,266,-1,0,0,0.00528049236163497,1
mqtt_preprocessed_v2.csv,267,-1,0,0,0.000814673607237637,1
mqtt_preprocessed_v2.csv,268,-1,0,0,0.0006133064744062722,1
mqtt_preprocessed_v2.csv,269,-1,0,0,0.0047458685003221035,1
mqtt_preprocessed_v2.csv,270,-1,0,0,0.0015523680485785007,1
mqtt_preprocessed_v2.csv,271,-1,0,0,0.003064193297177553,1
mqtt_preprocessed_v2.csv,272,-1,0,0,0.0016469606198370457,1
mqtt_preprocessed_v2.csv,273,-1,0,0,0.0038675148971378803,1
mqtt_preprocessed_v2.csv,274,-1,0,0,0.002529365010559559,1
mqtt_preprocessed_v2.csv,275,-1,0,0,0.0029139232356101274,1
mqtt_preprocessed_v2.csv,276,-1,0,0,0.0006510239909403026,1
mqtt_preprocessed_v2.csv,277,-1,0,0,0.0006987362285144627,1
mqtt_preprocessed_v2.csv,278,-1,0,0,0.0016858362359926105,1
mqtt_preprocessed_v2.csv,279,-1,0,0,0.004229233134537935,1
mqtt_preprocessed_v2.csv,280,-1,0,0,0.007183061446994543,1
mqtt_preprocessed_v2.csv,281,-1,0,0,0.003305548569187522,1
mqtt_preprocessed_v2.csv,282,-1,0,0,0.0039123366586863995,1
mqtt_preprocessed_v2.csv,283,-1,0,0,0.004608780611306429,1
mqtt_preprocessed_v2.csv,284,-1,0,0,0.0007241049315780401,1
mqtt_preprocessed_v2.csv,285,-1,0,0,0.0008919825777411461,1
mqtt_preprocessed_v2.csv,286,-1,0,0,0.0014298155438154936,1
mqtt_preprocessed_v2.csv,287,-1,0,0,0.0043962146155536175,1
mqtt_preprocessed_v2.csv,288,-1,0,0,0.0015404951991513371,1
mqtt_preprocessed_v2.csv,289,-1,0,0,0.002181420801207423,1
mqtt_preprocessed_v2.csv,290,-1,0,0,0.0019182894611731172,1
mqtt_preprocessed_v2.csv,291,-1,0,0,0.0025667359586805105,1
mqtt_preprocessed_v2.csv,292,-1,0,0,0.0006548151141032577,1
mqtt_preprocessed_v2.csv,293,-1,0,0,0.002147924853488803,1
mqtt_preprocessed_v2.csv,294,-1,0,0,0.004241911228746176,1
mqtt_preprocessed_v2.csv,295,-1,0,0,0.0036679706536233425,1
mqtt_preprocessed_v2.csv,296,-1,0,0,0.0016290303319692612,1
mqtt_preprocessed_v2.csv,297,-1,0,0,0.004633274860680103,1
mqtt_preprocessed_v2.csv,298,-1,0,0,0.037993378937244415,1
mqtt_preprocessed_v2.csv,299,-1,0,0,0.003809890476986766,1
mqtt_preprocessed_v2.csv,300,-1,0,0,0.0023683984763920307,1
mqtt_preprocessed_v2.csv,301,-1,0,0,0.001666081021539867,1
mqtt_preprocessed_v2.csv,302,-1,0,0,0.0023726625367999077,1
mqtt_preprocessed_v2.csv,303,-1,0,0,0.0009428890189155936,1
mqtt_preprocessed_v2.csv,304,-1,0,0,0.0016774828545749187,1
mqtt_preprocessed_v2.csv,305,-1,0,0,0.0006196756730787456,1
mqtt_preprocessed_v2.csv,306,-1,0,0,0.0006755524082109332,1
mqtt_preprocessed_v2.csv,307,-1,0,0,0.004027300979942083,1
mqtt_preprocessed_v2.csv,308,-1,0,0,0.0036118393763899803,1
mqtt_preprocessed_v2.csv,309,-1,0,0,0.0035167932510375977,1
mqtt_preprocessed_v2.csv,310,-1,0,0,0.0031268279999494553,1
mqtt_preprocessed_v2.csv,311,-1,0,0,0.005523347295820713,1
mqtt_preprocessed_v2.csv,312,-1,0,0,0.0029785975348204374,1
mqtt_preprocessed_v2.csv,313,-1,0,0,0.0014262389158830047,1
mqtt_preprocessed_v2.csv,314,-1,0,0,0.0007140678935684264,1
mqtt_preprocessed_v2.csv,315,-1,0,0,0.10454263538122177,1
mqtt_preprocessed_v2.csv,316,-1,0,0,0.0010744817554950714,1
mqtt_preprocessed_v2.csv,317,-1,0,0,0.0015015124808996916,1
mqtt_preprocessed_v2.csv,318,-1,0,0,0.0036569125950336456,1
mqtt_preprocessed_v2.csv,319,-1,0,0,0.0011037056101486087,1
mqtt_preprocessed_v2.csv,320,-1,0,0,0.0019029685063287616,1
mqtt_preprocessed_v2.csv,321,-1,0,0,0.04286571964621544,1
mqtt_preprocessed_v2.csv,322,-1,0,0,0.0008618387510068715,1
mqtt_preprocessed_v2.csv,323,-1,0,0,0.0010888795368373394,1
mqtt_preprocessed_v2.csv,324,-1,0,0,0.0015289903385564685,1
mqtt_preprocessed_v2.csv,325,-1,0,0,0.0036830150056630373,1
mqtt_preprocessed_v2.csv,326,-1,0,0,0.003757426980882883,1
mqtt_preprocessed_v2.csv,327,-1,0,0,0.00396712077781558,1
mqtt_preprocessed_v2.csv,328,-1,0,0,0.0019089991692453623,1
mqtt_preprocessed_v2.csv,329,-1,0,0,0.005192022770643234,1
mqtt_preprocessed_v2.csv,330,-1,0,0,0.005111720412969589,1
mqtt_preprocessed_v2.csv,331,-1,0,0,0.001451326534152031,1
mqtt_preprocessed_v2.csv,332,-1,0,0,0.003877145703881979,1
mqtt_preprocessed_v2.csv,333,-1,0,0,0.001704567577689886,1
mqtt_preprocessed_v2.csv,334,-1,0,0,0.0008253700216300786,1
mqtt_preprocessed_v2.csv,335,-1,0,0,0.0040319208055734634,1
mqtt_preprocessed_v2.csv,336,-1,0,0,0.0007834122516214848,1
mqtt_preprocessed_v2.csv,337,-1,0,0,0.003421776695176959,1
mqtt_preprocessed_v2.csv,338,-1,0,0,0.001683784881606698,1
mqtt_preprocessed_v2.csv,339,-1,0,0,0.0011161870788782835,1
mqtt_preprocessed_v2.csv,340,-1,0,0,0.0037574819289147854,1
mqtt_preprocessed_v2.csv,341,-1,0,0,0.0017394396709278226,1
mqtt_preprocessed_v2.csv,342,-1,0,0,0.003470529103651643,1
mqtt_preprocessed_v2.csv,343,-1,0,0,0.03670680522918701,1
mqtt_preprocessed_v2.csv,344,-1,0,0,0.0006707324064336717,1
mqtt_preprocessed_v2.csv,345,-1,0,0,0.0016711774514988065,1
mqtt_preprocessed_v2.csv,346,-1,0,0,0.05009820684790611,1
mqtt_preprocessed_v2.csv,347,-1,0,0,0.03475384786725044,1
mqtt_preprocessed_v2.csv,348,-1,0,0,0.002848721342161298,1
mqtt_preprocessed_v2.csv,349,-1,0,0,0.0007434487924911082,1
mqtt_preprocessed_v2.csv,350,-1,0,0,0.0008860648958943784,1
mqtt_preprocessed_v2.csv,351,-1,0,0,0.004624267108738422,1
mqtt_preprocessed_v2.csv,352,-1,0,0,0.007534647360444069,1
mqtt_preprocessed_v2.csv,353,-1,0,0,0.001802111160941422,1
mqtt_preprocessed_v2.csv,354,-1,0,0,0.002389422617852688,1
mqtt_preprocessed_v2.csv,355,-1,0,0,0.004130091052502394,1
mqtt_preprocessed_v2.csv,356,-1,0,0,0.0027264163363724947,1
mqtt_preprocessed_v2.csv,357,-1,0,0,0.0016630388563498855,1
mqtt_preprocessed_v2.csv,358,-1,0,0,0.003376012435182929,1
mqtt_preprocessed_v2.csv,359,-1,0,0,0.0015728846192359924,1
mqtt_preprocessed_v2.csv,360,-1,0,0,0.005706383381038904,1
mqtt_preprocessed_v2.csv,361,-1,0,0,0.0033565943595021963,1
mqtt_preprocessed_v2.csv,362,-1,0,0,0.0033796995412558317,1
mqtt_preprocessed_v2.csv,363,-1,0,0,0.003887623781338334,1
mqtt_preprocessed_v2.csv,364,-1,0,0,0.004094833508133888,1
mqtt_preprocessed_v2.csv,365,-1,0,0,0.003920897375792265,1
mqtt_preprocessed_v2.csv,366,-1,0,0,0.003112856298685074,1
mqtt_preprocessed_v2.csv,367,-1,0,0,0.002573068719357252,1
mqtt_preprocessed_v2.csv,368,-1,0,0,0.1430966705083847,1
mqtt_preprocessed_v2.csv,369,-1,0,0,0.0006651036674156785,1
mqtt_preprocessed_v2.csv,370,-1,0,0,0.00208023888990283,1
mqtt_preprocessed_v2.csv,371,-1,0,0,0.0019129017600789666,1
mqtt_preprocessed_v2.csv,372,-1,0,0,0.00047825006186030805,1
mqtt_preprocessed_v2.csv,373,-1,0,0,0.0006368770264089108,1
mqtt_preprocessed_v2.csv,374,-1,0,0,0.001904875854961574,1
mqtt_preprocessed_v2.csv,375,-1,0,0,0.0014773857546970248,1
mqtt_preprocessed_v2.csv,376,-1,0,0,0.0016203037230297923,1
mqtt_preprocessed_v2.csv,377,-1,0,0,0.003343084594234824,1
mqtt_preprocessed_v2.csv,378,-1,0,0,0.0033385155256837606,1
mqtt_preprocessed_v2.csv,379,-1,0,0,0.0029409858398139477,1
mqtt_preprocessed_v2.csv,380,-1,0,0,0.0034589527640491724,1
mqtt_preprocessed_v2.csv,381,-1,0,0,0.07885098457336426,1
mqtt_preprocessed_v2.csv,382,-1,0,0,0.0008769897976890206,1
mqtt_preprocessed_v2.csv,383,-1,0,0,0.0016414211131632328,1
mqtt_preprocessed_v2.csv,384,-1,0,0,0.0028207008726894855,1
mqtt_preprocessed_v2.csv,385,-1,0,0,0.0006351878982968628,1
mqtt_preprocessed_v2.csv,386,-1,0,0,0.004057534970343113,1
mqtt_preprocessed_v2.csv,387,-1,0,0,0.0005922150448895991,1
mqtt_preprocessed_v2.csv,388,-1,0,0,0.005209407303482294,1
mqtt_preprocessed_v2.csv,389,-1,0,0,0.001923919771797955,1
mqtt_preprocessed_v2.csv,390,-1,0,0,0.004796589259058237,1
mqtt_preprocessed_v2.csv,391,-1,0,0,0.0030532863456755877,1
mqtt_preprocessed_v2.csv,392,-1,0,0,0.002832389436662197,1
mqtt_preprocessed_v2.csv,393,-1,0,0,0.0040043131448328495,1
mqtt_preprocessed_v2.csv,394,-1,0,0,0.001527002896182239,1
mqtt_preprocessed_v2.csv,395,-1,0,0,0.001599824521690607,1
mqtt_preprocessed_v2.csv,396,-1,0,0,0.0045125121250748634,1
mqtt_preprocessed_v2.csv,397,-1,0,0,0.0026740815956145525,1
mqtt_preprocessed_v2.csv,398,-1,0,0,0.002225300297141075,1
mqtt_preprocessed_v2.csv,399,-1,0,0,0.0007993989274837077,1
mqtt_preprocessed_v2.csv,400,-1,0,0,0.004389024339616299,1
mqtt_preprocessed_v2.csv,401,-1,0,0,0.003650625003501773,1
mqtt_preprocessed_v2.csv,402,-1,0,0,0.05558328703045845,1
mqtt_preprocessed_v2.csv,403,-1,0,0,0.0016064171213656664,1
mqtt_preprocessed_v2.csv,404,-1,0,0,0.001581187592819333,1
mqtt_preprocessed_v2.csv,405,-1,0,0,0.0017686682986095548,1
mqtt_preprocessed_v2.csv,406,-1,0,0,0.028792737051844597,1
mqtt_preprocessed_v2.csv,407,-1,0,0,0.0007324310136027634,1
mqtt_preprocessed_v2.csv,408,-1,0,0,0.0021619340404868126,1
mqtt_preprocessed_v2.csv,409,-1,0,0,0.0017101290868595243,1
mqtt_preprocessed_v2.csv,410,-1,0,0,0.0006800159462727606,1
mqtt_preprocessed_v2.csv,411,-1,0,0,0.0020572461653500795,1
mqtt_preprocessed_v2.csv,412,-1,0,0,0.0006910338997840881,1
mqtt_preprocessed_v2.csv,413,-1,0,0,0.0014258912997320294,1
mqtt_preprocessed_v2.csv,414,-1,0,0,0.0008364214445464313,1
mqtt_preprocessed_v2.csv,415,-1,0,0,0.0034372364170849323,1
mqtt_preprocessed_v2.csv,416,-1,0,0,0.0014779120683670044,1
mqtt_preprocessed_v2.csv,417,-1,0,0,0.020842768251895905,1
mqtt_preprocessed_v2.csv,418,-1,0,0,0.0027773715555667877,1
mqtt_preprocessed_v2.csv,419,-1,0,0,0.004596594255417585,1
mqtt_preprocessed_v2.csv,420,-1,0,0,0.0023083691485226154,1
mqtt_preprocessed_v2.csv,421,-1,0,0,0.0023685521446168423,1
mqtt_preprocessed_v2.csv,422,-1,0,0,0.003308580256998539,1
mqtt_preprocessed_v2.csv,423,-1,0,0,0.0006674969918094575,1
mqtt_preprocessed_v2.csv,424,-1,0,0,0.003356998087838292,1
mqtt_preprocessed_v2.csv,425,-1,0,0,0.0006912459502927959,1
mqtt_preprocessed_v2.csv,426,-1,0,0,0.0016468217363581061,1
mqtt_preprocessed_v2.csv,427,-1,0,0,0.0006635350873693824,1
mqtt_preprocessed_v2.csv,428,-1,0,0,0.04548010975122452,1
mqtt_preprocessed_v2.csv,429,-1,0,0,0.0041109598241746426,1
mqtt_preprocessed_v2.csv,430,-1,0,0,0.0006346203736029565,1
mqtt_preprocessed_v2.csv,431,-1,0,0,0.0014904275303706527,1
mqtt_preprocessed_v2.csv,432,-1,0,0,0.0034208418801426888,1
mqtt_preprocessed_v2.csv,433,-1,0,0,0.0032828953117132187,1
mqtt_preprocessed_v2.csv,434,-1,0,0,0.0007046456448733807,1
mqtt_preprocessed_v2.csv,435,-1,0,0,0.004199584946036339,1
mqtt_preprocessed_v2.csv,436,-1,0,0,0.0031732164788991213,1
mqtt_preprocessed_v2.csv,437,-1,0,0,0.0006042217137292027,1
mqtt_preprocessed_v2.csv,438,-1,0,0,0.004345628432929516,1
mqtt_preprocessed_v2.csv,439,-1,0,0,0.0029771532863378525,1
mqtt_preprocessed_v2.csv,440,-1,0,0,0.0023400187492370605,1
mqtt_preprocessed_v2.csv,441,-1,0,0,0.02431788109242916,1
mqtt_preprocessed_v2.csv,442,-1,0,0,0.0030010370537638664,1
mqtt_preprocessed_v2.csv,443,-1,0,0,0.0016410304233431816,1
mqtt_preprocessed_v2.csv,444,-1,0,0,0.0017092727357521653,1
mqtt_preprocessed_v2.csv,445,-1,0,0,0.17999635636806488,1
mqtt_preprocessed_v2.csv,446,-1,0,0,0.0016154421027749777,1
mqtt_preprocessed_v2.csv,447,-1,0,0,0.00384912034496665,1
mqtt_preprocessed_v2.csv,448,-1,0,0,0.0042564114555716515,1
mqtt_preprocessed_v2.csv,449,-1,0,0,0.0016375966370105743,1
mqtt_preprocessed_v2.csv,450,-1,0,0,0.004682631231844425,1
mqtt_preprocessed_v2.csv,451,-1,0,0,0.001453895354643464,1
mqtt_preprocessed_v2.csv,452,-1,0,0,0.003656655317172408,1
mqtt_preprocessed_v2.csv,453,-1,0,0,0.0021986491046845913,1
mqtt_preprocessed_v2.csv,454,-1,0,0,0.0016674600774422288,1
mqtt_preprocessed_v2.csv,455,-1,0,0,0.0019089927664026618,1
mqtt_preprocessed_v2.csv,456,-1,0,0,0.0008890788885764778,1
mqtt_preprocessed_v2.csv,457,-1,0,0,0.0014910825993865728,1
mqtt_preprocessed_v2.csv,458,-1,0,0,0.0007070666179060936,1
mqtt_preprocessed_v2.csv,459,-1,0,0,0.00336318532936275,1
mqtt_preprocessed_v2.csv,460,-1,0,0,0.0014211978996172547,1
mqtt_preprocessed_v2.csv,461,-1,0,0,0.003381577553227544,1
mqtt_preprocessed_v2.csv,462,-1,0,0,0.0034355544485151768,1
mqtt_preprocessed_v2.csv,463,-1,0,0,0.0025526408571749926,1
mqtt_preprocessed_v2.csv,464,-1,0,0,0.0047613284550607204,1
mqtt_preprocessed_v2.csv,465,-1,0,0,0.0031535776797682047,1
mqtt_preprocessed_v2.csv,466,-1,0,0,0.0036367280408740044,1
mqtt_preprocessed_v2.csv,467,-1,0,0,0.0016159128863364458,1
mqtt_preprocessed_v2.csv,468,-1,0,0,0.0679444819688797,1
mqtt_preprocessed_v2.csv,469,-1,0,0,0.004179040435701609,1
mqtt_preprocessed_v2.csv,470,-1,0,0,0.0016627508448436856,1
mqtt_preprocessed_v2.csv,471,-1,0,0,0.0037288209423422813,1
mqtt_preprocessed_v2.csv,472,-1,0,0,0.003093107370659709,1
mqtt_preprocessed_v2.csv,473,-1,0,0,0.0019380389712750912,1
mqtt_preprocessed_v2.csv,474,-1,0,0,0.32823991775512695,1
mqtt_preprocessed_v2.csv,475,-1,0,0,0.0032360015902668238,1
mqtt_preprocessed_v2.csv,476,-1,0,0,0.0016282993601635098,1
mqtt_preprocessed_v2.csv,477,-1,0,0,0.003609252395108342,1
mqtt_preprocessed_v2.csv,478,-1,0,0,0.0019475402077659965,1
mqtt_preprocessed_v2.csv,479,-1,0,0,0.029995370656251907,1
mqtt_preprocessed_v2.csv,480,-1,0,0,0.00440140999853611,1
mqtt_preprocessed_v2.csv,481,-1,0,0,0.0006647991249337792,1
mqtt_preprocessed_v2.csv,482,-1,0,0,0.0032001077197492123,1
mqtt_preprocessed_v2.csv,483,-1,0,0,0.004969846457242966,1
mqtt_preprocessed_v2.csv,484,-1,0,0,0.003534484887495637,1
mqtt_preprocessed_v2.csv,485,-1,0,0,0.003694176208227873,1
mqtt_preprocessed_v2.csv,486,-1,0,0,0.0006487666396424174,1
mqtt_preprocessed_v2.csv,487,-1,0,0,0.0032401003409177065,1
mqtt_preprocessed_v2.csv,488,-1,0,0,0.11957148462533951,1
mqtt_preprocessed_v2.csv,489,-1,0,0,0.004316228441894054,1
mqtt_preprocessed_v2.csv,490,-1,0,0,0.007452184334397316,1
mqtt_preprocessed_v2.csv,491,-1,0,0,0.004087009932845831,1
mqtt_preprocessed_v2.csv,492,-1,0,0,0.0016098115593194962,1
mqtt_preprocessed_v2.csv,493,-1,0,0,0.0036451141349971294,1
mqtt_preprocessed_v2.csv,494,-1,0,0,0.0483032763004303,1
mqtt_preprocessed_v2.csv,495,-1,0,0,0.00319431209936738,1
mqtt_preprocessed_v2.csv,496,-1,0,0,0.004396453034132719,1
mqtt_preprocessed_v2.csv,497,-1,0,0,0.000868223316501826,1
mqtt_preprocessed_v2.csv,498,-1,0,0,0.0037085567601025105,1
mqtt_preprocessed_v2.csv,499,-1,0,0,0.05075408145785332,1
mqtt_preprocessed_v2.csv,500,-1,0,0,0.0036908357869833708,1
mqtt_preprocessed_v2.csv,501,-1,0,0,0.004076519515365362,1
mqtt_preprocessed_v2.csv,502,-1,0,0,0.0018255249597132206,1
mqtt_preprocessed_v2.csv,503,-1,0,0,0.023593319579958916,1
mqtt_preprocessed_v2.csv,504,-1,0,0,0.0007043411023914814,1
mqtt_preprocessed_v2.csv,505,-1,0,0,0.0020336147863417864,1
mqtt_preprocessed_v2.csv,506,-1,0,0,0.0006549000390805304,1
mqtt_preprocessed_v2.csv,507,-1,0,0,0.0018734881887212396,1
mqtt_preprocessed_v2.csv,508,-1,0,0,0.005230104085057974,1
mqtt_preprocessed_v2.csv,509,-1,0,0,0.0014983066357672215,1
mqtt_preprocessed_v2.csv,510,-1,0,0,0.0035176121164113283,1
mqtt_preprocessed_v2.csv,511,-1,0,0,0.002996399300172925,1
mqtt_preprocessed_v2.csv,512,-1,0,0,0.04165273159742355,1
mqtt_preprocessed_v2.csv,513,-1,0,0,0.0015898478450253606,1
mqtt_preprocessed_v2.csv,514,-1,0,0,0.0007658785325475037,1
mqtt_preprocessed_v2.csv,515,-1,0,0,0.0006639965577051044,1
mqtt_preprocessed_v2.csv,516,-1,0,0,0.0006240193033590913,1
mqtt_preprocessed_v2.csv,517,-1,0,0,0.008598646149039268,1
mqtt_preprocessed_v2.csv,518,-1,0,0,0.004818522837013006,1
mqtt_preprocessed_v2.csv,519,-1,0,0,0.0006111998809501529,1
mqtt_preprocessed_v2.csv,520,-1,0,0,0.0016282822471112013,1
mqtt_preprocessed_v2.csv,521,-1,0,0,0.0006096221040934324,1
mqtt_preprocessed_v2.csv,522,-1,0,0,0.005455628037452698,1
mqtt_preprocessed_v2.csv,523,-1,0,0,0.004331094678491354,1
mqtt_preprocessed_v2.csv,524,-1,0,0,0.004147613886743784,1
mqtt_preprocessed_v2.csv,525,-1,0,0,0.00293736532330513,1
mqtt_preprocessed_v2.csv,526,-1,0,0,0.001616254448890686,1
mqtt_preprocessed_v2.csv,527,-1,0,0,0.0007498800405301154,1
mqtt_preprocessed_v2.csv,528,-1,0,0,0.003988268319517374,1
mqtt_preprocessed_v2.csv,529,-1,0,0,0.0021165208891034126,1
mqtt_preprocessed_v2.csv,530,-1,0,0,0.0030348761938512325,1
mqtt_preprocessed_v2.csv,531,-1,0,0,0.0033409723546355963,1
mqtt_preprocessed_v2.csv,532,-1,0,0,0.0014972626231610775,1
mqtt_preprocessed_v2.csv,533,-1,0,0,0.005598790943622589,1
mqtt_preprocessed_v2.csv,534,-1,0,0,0.0059174662455916405,1
mqtt_preprocessed_v2.csv,535,-1,0,0,0.006910896860063076,1
mqtt_preprocessed_v2.csv,536,-1,0,0,0.0016237954841926694,1
mqtt_preprocessed_v2.csv,537,-1,0,0,0.0034460595343261957,1
mqtt_preprocessed_v2.csv,538,-1,0,0,0.003453589277341962,1
mqtt_preprocessed_v2.csv,539,-1,0,0,0.001872783643193543,1
mqtt_preprocessed_v2.csv,540,-1,0,0,0.0008645859779790044,1
mqtt_preprocessed_v2.csv,541,-1,0,0,0.0029158208053559065,1
mqtt_preprocessed_v2.csv,542,-1,0,0,0.0009155583684332669,1
mqtt_preprocessed_v2.csv,543,-1,0,0,0.0034079155884683132,1
mqtt_preprocessed_v2.csv,544,-1,0,0,0.0012188676046207547,1
mqtt_preprocessed_v2.csv,545,-1,0,0,0.001455435762181878,1
mqtt_preprocessed_v2.csv,546,-1,0,0,0.004003187641501427,1
mqtt_preprocessed_v2.csv,547,-1,0,0,0.0007713803206570446,1
mqtt_preprocessed_v2.csv,548,-1,0,0,0.0008405965636484325,1
mqtt_preprocessed_v2.csv,549,-1,0,0,0.00364645104855299,1
mqtt_preprocessed_v2.csv,550,-1,0,0,0.0009450344950892031,1
mqtt_preprocessed_v2.csv,551,-1,0,0,0.0016789758810773492,1
mqtt_preprocessed_v2.csv,552,-1,0,0,0.0005956584354862571,1
mqtt_preprocessed_v2.csv,553,-1,0,0,0.0016746742185205221,1
mqtt_preprocessed_v2.csv,554,-1,0,0,0.003984091337770224,1
mqtt_preprocessed_v2.csv,555,-1,0,0,0.004776079207658768,1
mqtt_preprocessed_v2.csv,556,-1,0,0,0.0017023300752043724,1
mqtt_preprocessed_v2.csv,557,-1,0,0,0.0008983479929156601,1
mqtt_preprocessed_v2.csv,558,-1,0,0,0.0012685364345088601,1
mqtt_preprocessed_v2.csv,559,-1,0,0,0.0017358531476929784,1
mqtt_preprocessed_v2.csv,560,-1,0,0,0.002302431268617511,1
mqtt_preprocessed_v2.csv,561,-1,0,0,0.004105298314243555,1
mqtt_preprocessed_v2.csv,562,-1,0,0,0.02900044061243534,1
mqtt_preprocessed_v2.csv,563,-1,0,0,0.003997902385890484,1
mqtt_preprocessed_v2.csv,564,-1,0,0,0.0015226565301418304,1
mqtt_preprocessed_v2.csv,565,-1,0,0,0.004663015250116587,1
mqtt_preprocessed_v2.csv,566,-1,0,0,0.002271129749715328,1
mqtt_preprocessed_v2.csv,567,-1,0,0,0.0006913379766047001,1
mqtt_preprocessed_v2.csv,568,-1,0,0,0.003971719183027744,1
mqtt_preprocessed_v2.csv,569,-1,0,0,0.0015723798424005508,1
mqtt_preprocessed_v2.csv,570,-1,0,0,0.14189596474170685,1
mqtt_preprocessed_v2.csv,571,-1,0,0,0.08944986015558243,1
mqtt_preprocessed_v2.csv,572,-1,0,0,0.0006174347945488989,1
mqtt_preprocessed_v2.csv,573,-1,0,0,0.0019889408722519875,1
mqtt_preprocessed_v2.csv,574,-1,0,0,0.0010845937067642808,1
mqtt_preprocessed_v2.csv,575,-1,0,0,0.0007159109809435904,1
mqtt_preprocessed_v2.csv,576,-1,0,0,0.0016590181039646268,1
mqtt_preprocessed_v2.csv,577,-1,0,0,0.003411914687603712,1
mqtt_preprocessed_v2.csv,578,-1,0,0,0.034562621265649796,1
mqtt_preprocessed_v2.csv,579,-1,0,0,0.0026999060064554214,1
mqtt_preprocessed_v2.csv,580,-1,0,0,0.0013667431194335222,1
mqtt_preprocessed_v2.csv,581,-1,0,0,0.00366311171092093,1
mqtt_preprocessed_v2.csv,582,-1,0,0,0.0034535008016973734,1
mqtt_preprocessed_v2.csv,583,-1,0,0,0.0014982189750298858,1
mqtt_preprocessed_v2.csv,584,-1,0,0,0.0023809659760445356,1
mqtt_preprocessed_v2.csv,585,-1,0,0,0.0007398368907161057,1
mqtt_preprocessed_v2.csv,586,-1,0,0,0.002774921478703618,1
mqtt_preprocessed_v2.csv,587,-1,0,0,0.0014909137971699238,1
mqtt_preprocessed_v2.csv,588,-1,0,0,0.005546849220991135,1
mqtt_preprocessed_v2.csv,589,-1,0,0,0.0021252422593533993,1
mqtt_preprocessed_v2.csv,590,-1,0,0,0.0006593691068701446,1
mqtt_preprocessed_v2.csv,591,-1,0,0,0.007182932458817959,1
mqtt_preprocessed_v2.csv,592,-1,0,0,0.003731112228706479,1
mqtt_preprocessed_v2.csv,593,-1,0,0,0.0034328224137425423,1
mqtt_preprocessed_v2.csv,594,-1,0,0,0.0006443601450882852,1
mqtt_preprocessed_v2.csv,595,-1,0,0,0.0013215314829722047,1
mqtt_preprocessed_v2.csv,596,-1,0,0,0.0016294624656438828,1
mqtt_preprocessed_v2.csv,597,-1,0,0,0.0016545525286346674,1
mqtt_preprocessed_v2.csv,598,-1,0,0,0.0017950544133782387,1
mqtt_preprocessed_v2.csv,599,-1,0,0,0.0018724113469943404,1
mqtt_preprocessed_v2.csv,600,-1,0,0,0.003639154601842165,1
mqtt_preprocessed_v2.csv,601,-1,0,0,0.004105008207261562,1
mqtt_preprocessed_v2.csv,602,-1,0,0,0.004877736326307058,1
mqtt_preprocessed_v2.csv,603,-1,0,0,0.003920513670891523,1
mqtt_preprocessed_v2.csv,604,-1,0,0,0.000777954759541899,1
mqtt_preprocessed_v2.csv,605,-1,0,0,0.001573448535054922,1
mqtt_preprocessed_v2.csv,606,-1,0,0,0.009255057200789452,1
mqtt_preprocessed_v2.csv,607,-1,0,0,0.000780322530772537,1
mqtt_preprocessed_v2.csv,608,-1,0,0,0.0026303876657038927,1
mqtt_preprocessed_v2.csv,609,-1,0,0,0.000662166450638324,1
mqtt_preprocessed_v2.csv,610,-1,0,0,0.0026304200291633606,1
mqtt_preprocessed_v2.csv,611,-1,0,0,0.0036805453710258007,1
mqtt_preprocessed_v2.csv,612,-1,0,0,0.0018560374155640602,1
mqtt_preprocessed_v2.csv,613,-1,0,0,0.0009749964228831232,1
mqtt_preprocessed_v2.csv,614,-1,0,0,0.0005945303710177541,1
mqtt_preprocessed_v2.csv,615,-1,0,0,0.0016963279340416193,1
mqtt_preprocessed_v2.csv,616,-1,0,0,0.0029442920349538326,1
mqtt_preprocessed_v2.csv,617,-1,0,0,0.0007055884343571961,1
mqtt_preprocessed_v2.csv,618,-1,0,0,0.0030515650287270546,1
mqtt_preprocessed_v2.csv,619,-1,0,0,0.003451230004429817,1
mqtt_preprocessed_v2.csv,620,-1,0,0,0.004226021468639374,1
mqtt_preprocessed_v2.csv,621,-1,0,0,0.0016360040754079819,1
mqtt_preprocessed_v2.csv,622,-1,0,0,0.0016943193040788174,1
mqtt_preprocessed_v2.csv,623,-1,0,0,0.0007266249740496278,1
mqtt_preprocessed_v2.csv,624,-1,0,0,0.003561671357601881,1
mqtt_preprocessed_v2.csv,625,-1,0,0,0.0007850383990444243,1
mqtt_preprocessed_v2.csv,626,-1,0,0,0.004864102229475975,1
mqtt_preprocessed_v2.csv,627,-1,0,0,0.003881879849359393,1
mqtt_preprocessed_v2.csv,628,-1,0,0,0.0007941040094010532,1
mqtt_preprocessed_v2.csv,629,-1,0,0,0.002126749837771058,1
mqtt_preprocessed_v2.csv,630,-1,0,0,0.003069845726713538,1
mqtt_preprocessed_v2.csv,631,-1,0,0,0.000664807332213968,1
mqtt_preprocessed_v2.csv,632,-1,0,0,0.003314639674499631,1
mqtt_preprocessed_v2.csv,633,-1,0,0,0.0017689830856397748,1
mqtt_preprocessed_v2.csv,634,-1,0,0,0.00336347334086895,1
mqtt_preprocessed_v2.csv,635,-1,0,0,0.006296304054558277,1
mqtt_preprocessed_v2.csv,636,-1,0,0,0.036513637751340866,1
mqtt_preprocessed_v2.csv,637,-1,0,0,0.0007701658178120852,1
mqtt_preprocessed_v2.csv,638,-1,0,0,0.0018735174089670181,1
mqtt_preprocessed_v2.csv,639,-1,0,0,0.0007874591974541545,1
mqtt_preprocessed_v2.csv,640,-1,0,0,0.0014413341414183378,1
mqtt_preprocessed_v2.csv,641,-1,0,0,0.0015800880501046777,1
mqtt_preprocessed_v2.csv,642,-1,0,0,0.0007101953960955143,1
mqtt_preprocessed_v2.csv,643,-1,0,0,0.002032636431977153,1
mqtt_preprocessed_v2.csv,644,-1,0,0,0.0035483522806316614,1
mqtt_preprocessed_v2.csv,645,-1,0,0,0.003104201517999172,1
mqtt_preprocessed_v2.csv,646,-1,0,0,0.0034600021317601204,1
mqtt_preprocessed_v2.csv,647,-1,0,0,0.17612837255001068,1
mqtt_preprocessed_v2.csv,648,-1,0,0,0.0013042171485722065,1
mqtt_preprocessed_v2.csv,649,-1,0,0,0.008945864625275135,1
mqtt_preprocessed_v2.csv,650,-1,0,0,0.0008546895696781576,1
mqtt_preprocessed_v2.csv,651,-1,0,0,0.0016843476332724094,1
mqtt_preprocessed_v2.csv,652,-1,0,0,0.003561097662895918,1
mqtt_preprocessed_v2.csv,653,-1,0,0,0.33010661602020264,1
mqtt_preprocessed_v2.csv,654,-1,0,0,0.0019050843548029661,1
mqtt_preprocessed_v2.csv,655,-1,0,0,0.00522000202909112,1
mqtt_preprocessed_v2.csv,656,-1,0,0,0.0022332165390253067,1
mqtt_preprocessed_v2.csv,657,-1,0,0,0.0017346653621643782,1
mqtt_preprocessed_v2.csv,658,-1,0,0,0.003230025991797447,1
mqtt_preprocessed_v2.csv,659,-1,0,0,0.003461860353127122,1
mqtt_preprocessed_v2.csv,660,-1,0,0,0.006957193836569786,1
mqtt_preprocessed_v2.csv,661,-1,0,0,0.0031244533602148294,1
mqtt_preprocessed_v2.csv,662,-1,0,0,0.002717916388064623,1
mqtt_preprocessed_v2.csv,663,-1,0,0,0.001553411246277392,1
mqtt_preprocessed_v2.csv,664,-1,0,0,0.0006170988781377673,1
mqtt_preprocessed_v2.csv,665,-1,0,0,0.003240881022065878,1
mqtt_preprocessed_v2.csv,666,-1,0,0,0.0030018703546375036,1
mqtt_preprocessed_v2.csv,667,-1,0,0,0.0014556505484506488,1
mqtt_preprocessed_v2.csv,668,-1,0,0,0.06812974810600281,1
mqtt_preprocessed_v2.csv,669,-1,0,0,0.00398383429273963,1
mqtt_preprocessed_v2.csv,670,-1,0,0,0.003959907218813896,1
mqtt_preprocessed_v2.csv,671,-1,0,0,0.0018999224994331598,1
mqtt_preprocessed_v2.csv,672,-1,0,0,0.07935993373394012,1
mqtt_preprocessed_v2.csv,673,-1,0,0,0.0032843861263245344,1
mqtt_preprocessed_v2.csv,674,-1,0,0,0.0006079957238398492,1
mqtt_preprocessed_v2.csv,675,-1,0,0,0.0029463262762874365,1
mqtt_preprocessed_v2.csv,676,-1,0,0,0.0014864198165014386,1
mqtt_preprocessed_v2.csv,677,-1,0,0,0.0036653797142207623,1
mqtt_preprocessed_v2.csv,678,-1,0,0,0.003283877158537507,1
mqtt_preprocessed_v2.csv,679,-1,0,0,0.003688841126859188,1
mqtt_preprocessed_v2.csv,680,-1,0,0,0.0008820703369565308,1
mqtt_preprocessed_v2.csv,681,-1,0,0,0.0015181120252236724,1
mqtt_preprocessed_v2.csv,682,-1,0,0,0.2163257747888565,1
mqtt_preprocessed_v2.csv,683,-1,0,0,0.000885798130184412,1
mqtt_preprocessed_v2.csv,684,-1,0,0,0.0015569764655083418,1
mqtt_preprocessed_v2.csv,685,-1,0,0,0.003407850628718734,1
mqtt_preprocessed_v2.csv,686,-1,0,0,0.0014766944805160165,1
mqtt_preprocessed_v2.csv,687,-1,0,0,0.004063006024807692,1
mqtt_preprocessed_v2.csv,688,-1,0,0,0.0033472436480224133,1
mqtt_preprocessed_v2.csv,689,-1,0,0,0.033228423446416855,1
mqtt_preprocessed_v2.csv,690,-1,0,0,0.00366885750554502,1
mqtt_preprocessed_v2.csv,691,-1,0,0,0.0013054400915279984,1
mqtt_preprocessed_v2.csv,692,-1,0,0,0.0005643066833727062,1
mqtt_preprocessed_v2.csv,693,-1,0,0,0.0038154362700879574,1
mqtt_preprocessed_v2.csv,694,-1,0,0,0.0025732119102030993,1
mqtt_preprocessed_v2.csv,695,-1,0,0,0.0036636563017964363,1
mqtt_preprocessed_v2.csv,696,-1,0,0,0.0006866306648589671,1
mqtt_preprocessed_v2.csv,697,-1,0,0,0.0010371549287810922,1
mqtt_preprocessed_v2.csv,698,-1,0,0,0.0010789488442242146,1
mqtt_preprocessed_v2.csv,699,-1,0,0,0.0033770808950066566,1
mqtt_preprocessed_v2.csv,700,-1,0,0,0.0006504153134301305,1
mqtt_preprocessed_v2.csv,701,-1,0,0,0.0008462144178338349,1
mqtt_preprocessed_v2.csv,702,-1,0,0,0.0008188780047930777,1
mqtt_preprocessed_v2.csv,703,-1,0,0,0.003473028540611267,1
mqtt_preprocessed_v2.csv,704,-1,0,0,0.00182606210000813,1
mqtt_preprocessed_v2.csv,705,-1,0,0,0.0016435290453955531,1
mqtt_preprocessed_v2.csv,706,-1,0,0,0.004083504434674978,1
mqtt_preprocessed_v2.csv,707,-1,0,0,0.0024758491199463606,1
mqtt_preprocessed_v2.csv,708,-1,0,0,0.0020808845292776823,1
mqtt_preprocessed_v2.csv,709,-1,0,0,0.005517289973795414,1
mqtt_preprocessed_v2.csv,710,-1,0,0,0.0057017807848751545,1
mqtt_preprocessed_v2.csv,711,-1,0,0,0.0006237487541511655,1
mqtt_preprocessed_v2.csv,712,-1,0,0,0.002656180178746581,1
mqtt_preprocessed_v2.csv,713,-1,0,0,0.003541173879057169,1
mqtt_preprocessed_v2.csv,714,-1,0,0,0.3305557668209076,1
mqtt_preprocessed_v2.csv,715,-1,0,0,0.0036013503558933735,1
mqtt_preprocessed_v2.csv,716,-1,0,0,0.003762759966775775,1
mqtt_preprocessed_v2.csv,717,-1,0,0,0.0014883298426866531,1
mqtt_preprocessed_v2.csv,718,-1,0,0,0.00332179618999362,1
mqtt_preprocessed_v2.csv,719,-1,0,0,0.002787425182759762,1
mqtt_preprocessed_v2.csv,720,-1,0,0,0.004371593240648508,1
mqtt_preprocessed_v2.csv,721,-1,0,0,0.004153079353272915,1
mqtt_preprocessed_v2.csv,722,-1,0,0,0.0030759633518755436,1
mqtt_preprocessed_v2.csv,723,-1,0,0,0.0033066566102206707,1
mqtt_preprocessed_v2.csv,724,-1,0,0,0.003467889502644539,1
mqtt_preprocessed_v2.csv,725,-1,0,0,0.21114519238471985,1
mqtt_preprocessed_v2.csv,726,-1,0,0,0.001071426086127758,1
mqtt_preprocessed_v2.csv,727,-1,0,0,0.0052110604010522366,1
mqtt_preprocessed_v2.csv,728,-1,0,0,0.0016652769409120083,1
mqtt_preprocessed_v2.csv,729,-1,0,0,0.001576942508108914,1
mqtt_preprocessed_v2.csv,730,-1,0,0,0.0017334420699626207,1
mqtt_preprocessed_v2.csv,731,-1,0,0,0.0032129655592143536,1
mqtt_preprocessed_v2.csv,732,-1,0,0,0.004215570166707039,1
mqtt_preprocessed_v2.csv,733,-1,0,0,0.0017824508249759674,1
mqtt_preprocessed_v2.csv,734,-1,0,0,0.002044333377853036,1
mqtt_preprocessed_v2.csv,735,-1,0,0,0.0528179332613945,1
mqtt_preprocessed_v2.csv,736,-1,0,0,0.004154091235250235,1
mqtt_preprocessed_v2.csv,737,-1,0,0,0.0007075020112097263,1
mqtt_preprocessed_v2.csv,738,-1,0,0,0.003546604420989752,1
mqtt_preprocessed_v2.csv,739,-1,0,0,0.004111563321202993,1
mqtt_preprocessed_v2.csv,740,-1,0,0,0.0007559673395007849,1
mqtt_preprocessed_v2.csv,741,-1,0,0,0.00443258648738265,1
mqtt_preprocessed_v2.csv,742,-1,0,0,0.004290435928851366,1
mqtt_preprocessed_v2.csv,743,-1,0,0,0.0006554232677444816,1
mqtt_preprocessed_v2.csv,744,-1,0,0,0.0056032524444162846,1
mqtt_preprocessed_v2.csv,745,-1,0,0,0.001447441172786057,1
mqtt_preprocessed_v2.csv,746,-1,0,0,0.0017802199581637979,1
mqtt_preprocessed_v2.csv,747,-1,0,0,0.16387253999710083,1
mqtt_preprocessed_v2.csv,748,-1,0,0,0.0018010425847023726,1
mqtt_preprocessed_v2.csv,749,-1,0,0,0.024426454678177834,1
mqtt_preprocessed_v2.csv,750,-1,0,0,0.0021427117753773928,1
mqtt_preprocessed_v2.csv,751,-1,0,0,0.0017222261521965265,1
mqtt_preprocessed_v2.csv,752,-1,0,0,0.00233663828112185,1
mqtt_preprocessed_v2.csv,753,-1,0,0,0.052520059049129486,1
mqtt_preprocessed_v2.csv,754,-1,0,0,0.0039931959472596645,1
mqtt_preprocessed_v2.csv,755,-1,0,0,0.030581174418330193,1
mqtt_preprocessed_v2.csv,756,-1,0,0,0.004593155346810818,1
mqtt_preprocessed_v2.csv,757,-1,0,0,0.0014867590507492423,1
mqtt_preprocessed_v2.csv,758,-1,0,0,0.0030402278061956167,1
mqtt_preprocessed_v2.csv,759,-1,0,0,0.002717360621318221,1
mqtt_preprocessed_v2.csv,760,-1,0,0,0.031354740262031555,1
mqtt_preprocessed_v2.csv,761,-1,0,0,0.007443226873874664,1
mqtt_preprocessed_v2.csv,762,-1,0,0,0.0031535683665424585,1
mqtt_preprocessed_v2.csv,763,-1,0,0,0.0013293264200910926,1
mqtt_preprocessed_v2.csv,764,-1,0,0,0.0006705019623041153,1
mqtt_preprocessed_v2.csv,765,-1,0,0,0.0006531989201903343,1
mqtt_preprocessed_v2.csv,766,-1,0,0,0.0016192372422665358,1
mqtt_preprocessed_v2.csv,767,-1,0,0,0.0016866422956809402,1
mqtt_preprocessed_v2.csv,768,-1,0,0,0.003676646389067173,1
mqtt_preprocessed_v2.csv,769,-1,0,0,0.003688129596412182,1
mqtt_preprocessed_v2.csv,770,-1,0,0,0.001722707413136959,1
mqtt_preprocessed_v2.csv,771,-1,0,0,0.0006047027418389916,1
mqtt_preprocessed_v2.csv,772,-1,0,0,0.0018822128186002374,1
mqtt_preprocessed_v2.csv,773,-1,0,0,0.0030570332892239094,1
mqtt_preprocessed_v2.csv,774,-1,0,0,0.0030738702043890953,1
mqtt_preprocessed_v2.csv,775,-1,0,0,0.0038611837662756443,1
mqtt_preprocessed_v2.csv,776,-1,0,0,0.002545097842812538,1
mqtt_preprocessed_v2.csv,777,-1,0,0,0.05337490141391754,1
mqtt_preprocessed_v2.csv,778,-1,0,0,0.001249523600563407,1
mqtt_preprocessed_v2.csv,779,-1,0,0,0.0006945803761482239,1
mqtt_preprocessed_v2.csv,780,-1,0,0,0.0009955628775060177,1
mqtt_preprocessed_v2.csv,781,-1,0,0,0.0032801320776343346,1
mqtt_preprocessed_v2.csv,782,-1,0,0,0.003429822390899062,1
mqtt_preprocessed_v2.csv,783,-1,0,0,0.0035864864476025105,1
mqtt_preprocessed_v2.csv,784,-1,0,0,0.000666463456582278,1
mqtt_preprocessed_v2.csv,785,-1,0,0,0.004787188954651356,1
mqtt_preprocessed_v2.csv,786,-1,0,0,0.00437180558219552,1
mqtt_preprocessed_v2.csv,787,-1,0,0,0.0008678462472744286,1
mqtt_preprocessed_v2.csv,788,-1,0,0,0.0015241883229464293,1
mqtt_preprocessed_v2.csv,789,-1,0,0,0.0031341800931841135,1
mqtt_preprocessed_v2.csv,790,-1,0,0,0.0023958964738994837,1
mqtt_preprocessed_v2.csv,791,-1,0,0,0.0016490150010213256,1
mqtt_preprocessed_v2.csv,792,-1,0,0,0.003450380638241768,1
mqtt_preprocessed_v2.csv,793,-1,0,0,0.003573343390598893,1
mqtt_preprocessed_v2.csv,794,-1,0,0,0.001992297125980258,1
mqtt_preprocessed_v2.csv,795,-1,0,0,0.0019964019302278757,1
mqtt_preprocessed_v2.csv,796,-1,0,0,0.0029675313271582127,1
mqtt_preprocessed_v2.csv,797,-1,0,0,0.0032508238218724728,1
mqtt_preprocessed_v2.csv,798,-1,0,0,0.0005063249845989048,1
mqtt_preprocessed_v2.csv,799,-1,0,0,0.0036670032422989607,1
mqtt_preprocessed_v2.csv,800,-1,0,0,0.0016214208444580436,1
mqtt_preprocessed_v2.csv,801,-1,0,0,0.0021048334892839193,1
mqtt_preprocessed_v2.csv,802,-1,0,0,0.0017639145953580737,1
mqtt_preprocessed_v2.csv,803,-1,0,0,0.0015993645647540689,1
mqtt_preprocessed_v2.csv,804,-1,0,0,0.001627479214221239,1
mqtt_preprocessed_v2.csv,805,-1,0,0,0.0007127895951271057,1
mqtt_preprocessed_v2.csv,806,-1,0,0,0.003199358470737934,1
mqtt_preprocessed_v2.csv,807,-1,0,0,0.03560471534729004,1
mqtt_preprocessed_v2.csv,808,-1,0,0,0.004805543925613165,1
mqtt_preprocessed_v2.csv,809,-1,0,0,0.0016733125085011125,1
mqtt_preprocessed_v2.csv,810,-1,0,0,0.0032892816234380007,1
mqtt_preprocessed_v2.csv,811,-1,0,0,0.07084455341100693,1
mqtt_preprocessed_v2.csv,812,-1,0,0,0.0008202352910302579,1
mqtt_preprocessed_v2.csv,813,-1,0,0,0.0016930551500990987,1
mqtt_preprocessed_v2.csv,814,-1,0,0,0.0015951230889186263,1
mqtt_preprocessed_v2.csv,815,-1,0,0,0.0016374236438423395,1
mqtt_preprocessed_v2.csv,816,-1,0,0,0.0034788420889526606,1
mqtt_preprocessed_v2.csv,817,-1,0,0,0.0029727055225521326,1
mqtt_preprocessed_v2.csv,818,-1,0,0,0.005310839973390102,1
mqtt_preprocessed_v2.csv,819,-1,0,0,0.0011094475630670786,1
mqtt_preprocessed_v2.csv,820,-1,0,0,0.004204928874969482,1
mqtt_preprocessed_v2.csv,821,-1,0,0,0.09910591691732407,1
mqtt_preprocessed_v2.csv,822,-1,0,0,0.0016192164039239287,1
mqtt_preprocessed_v2.csv,823,-1,0,0,0.006585702300071716,1
mqtt_preprocessed_v2.csv,824,-1,0,0,0.0007280337158590555,1
mqtt_preprocessed_v2.csv,825,-1,0,0,0.003347251797094941,1
mqtt_preprocessed_v2.csv,826,-1,0,0,0.0018117573345080018,1
mqtt_preprocessed_v2.csv,827,-1,0,0,0.0009171111742034554,1
mqtt_preprocessed_v2.csv,828,-1,0,0,0.004613836295902729,1
mqtt_preprocessed_v2.csv,829,-1,0,0,0.0008787609403952956,1
mqtt_preprocessed_v2.csv,830,-1,0,0,0.0034763962030410767,1
mqtt_preprocessed_v2.csv,831,-1,0,0,0.0016338246641680598,1
mqtt_preprocessed_v2.csv,832,-1,0,0,0.001716537051834166,1
mqtt_preprocessed_v2.csv,833,-1,0,0,0.0031012638937681913,1
mqtt_preprocessed_v2.csv,834,-1,0,0,0.0017332505667582154,1
mqtt_preprocessed_v2.csv,835,-1,0,0,0.00210397457703948,1
mqtt_preprocessed_v2.csv,836,-1,0,0,0.0015445947647094727,1
mqtt_preprocessed_v2.csv,837,-1,0,0,0.0014027274446561933,1
mqtt_preprocessed_v2.csv,838,-1,0,0,0.0031787147745490074,1
mqtt_preprocessed_v2.csv,839,-1,0,0,0.0013551609590649605,1
mqtt_preprocessed_v2.csv,840,-1,0,0,0.002469137078151107,1
mqtt_preprocessed_v2.csv,841,-1,0,0,0.0034745337907224894,1
mqtt_preprocessed_v2.csv,842,-1,0,0,0.0008485831785947084,1
mqtt_preprocessed_v2.csv,843,-1,0,0,0.003449532901868224,1
mqtt_preprocessed_v2.csv,844,-1,0,0,0.0013042843202129006,1
mqtt_preprocessed_v2.csv,845,-1,0,0,0.0007903926307335496,1
mqtt_preprocessed_v2.csv,846,-1,0,0,0.0014483318664133549,1
mqtt_preprocessed_v2.csv,847,-1,0,0,0.021618185564875603,1
mqtt_preprocessed_v2.csv,848,-1,0,0,0.00704879080876708,1
mqtt_preprocessed_v2.csv,849,-1,0,0,0.0016340393340215087,1
mqtt_preprocessed_v2.csv,850,-1,0,0,0.004585054237395525,1
mqtt_preprocessed_v2.csv,851,-1,0,0,0.0009980254108086228,1
mqtt_preprocessed_v2.csv,852,-1,0,0,0.001000343356281519,1
mqtt_preprocessed_v2.csv,853,-1,0,0,0.0027597423177212477,1
mqtt_preprocessed_v2.csv,854,-1,0,0,0.002085984218865633,1
mqtt_preprocessed_v2.csv,855,-1,0,0,0.0005842579994350672,1
mqtt_preprocessed_v2.csv,856,-1,0,0,0.0030630005057901144,1
mqtt_preprocessed_v2.csv,857,-1,0,0,0.004270653240382671,1
mqtt_preprocessed_v2.csv,858,-1,0,0,0.0010197217343375087,1
mqtt_preprocessed_v2.csv,859,-1,0,0,0.0009252256713807583,1
mqtt_preprocessed_v2.csv,860,-1,0,0,0.0033069157507270575,1
mqtt_preprocessed_v2.csv,861,-1,0,0,0.001842074329033494,1
mqtt_preprocessed_v2.csv,862,-1,0,0,0.002333430340513587,1
mqtt_preprocessed_v2.csv,863,-1,0,0,0.07632938027381897,1
mqtt_preprocessed_v2.csv,864,-1,0,0,0.0029423313681036234,1
mqtt_preprocessed_v2.csv,865,-1,0,0,0.0005997973494231701,1
mqtt_preprocessed_v2.csv,866,-1,0,0,0.05586590617895126,1
mqtt_preprocessed_v2.csv,867,-1,0,0,0.0043762908317148685,1
mqtt_preprocessed_v2.csv,868,-1,0,0,0.058542415499687195,1
mqtt_preprocessed_v2.csv,869,-1,0,0,0.002016054932028055,1
mqtt_preprocessed_v2.csv,870,-1,0,0,0.0013757398119196296,1
mqtt_preprocessed_v2.csv,871,-1,0,0,0.0006927542854100466,1
mqtt_preprocessed_v2.csv,872,-1,0,0,0.0016201401595026255,1
mqtt_preprocessed_v2.csv,873,-1,0,0,0.0044193388894200325,1
mqtt_preprocessed_v2.csv,874,-1,0,0,0.0037164685782045126,1
mqtt_preprocessed_v2.csv,875,-1,0,0,0.00298670562915504,1
mqtt_preprocessed_v2.csv,876,-1,0,0,0.04631299898028374,1
mqtt_preprocessed_v2.csv,877,-1,0,0,0.0013115254696458578,1
mqtt_preprocessed_v2.csv,878,-1,0,0,0.0191908311098814,1
mqtt_preprocessed_v2.csv,879,-1,0,0,0.0009060545708052814,1
mqtt_preprocessed_v2.csv,880,-1,0,0,0.0017309733666479588,1
mqtt_preprocessed_v2.csv,881,-1,0,0,0.0017030921299010515,1
mqtt_preprocessed_v2.csv,882,-1,0,0,0.0017443614779040217,1
mqtt_preprocessed_v2.csv,883,-1,0,0,0.09502576291561127,1
mqtt_preprocessed_v2.csv,884,-1,0,0,0.001982796238735318,1
mqtt_preprocessed_v2.csv,885,-1,0,0,0.0035924857947975397,1
mqtt_preprocessed_v2.csv,886,-1,0,0,0.0034344689920544624,1
mqtt_preprocessed_v2.csv,887,-1,0,0,0.0015634833835065365,1
mqtt_preprocessed_v2.csv,888,-1,0,0,0.003473311895504594,1
mqtt_preprocessed_v2.csv,889,-1,0,0,0.0005761519423685968,1
mqtt_preprocessed_v2.csv,890,-1,0,0,0.0022140424698591232,1
mqtt_preprocessed_v2.csv,891,-1,0,0,0.004555179737508297,1
mqtt_preprocessed_v2.csv,892,-1,0,0,0.0018699370557442307,1
mqtt_preprocessed_v2.csv,893,-1,0,0,0.0019564770627766848,1
mqtt_preprocessed_v2.csv,894,-1,0,0,0.06054982542991638,1
mqtt_preprocessed_v2.csv,895,-1,0,0,0.00484190508723259,1
mqtt_preprocessed_v2.csv,896,-1,0,0,0.003130578203126788,1
mqtt_preprocessed_v2.csv,897,-1,0,0,0.0012586519587785006,1
mqtt_preprocessed_v2.csv,898,-1,0,0,0.0016713031800463796,1
mqtt_preprocessed_v2.csv,899,-1,0,0,0.002842421643435955,1
mqtt_preprocessed_v2.csv,900,-1,0,0,0.000763053772971034,1
mqtt_preprocessed_v2.csv,901,-1,0,0,0.05477184057235718,1
mqtt_preprocessed_v2.csv,902,-1,0,0,0.00083769834600389,1
mqtt_preprocessed_v2.csv,903,-1,0,0,0.0007227703463286161,1
mqtt_preprocessed_v2.csv,904,-1,0,0,0.0027696534525603056,1
mqtt_preprocessed_v2.csv,905,-1,0,0,0.0022817847784608603,1
mqtt_preprocessed_v2.csv,906,-1,0,0,0.04363994672894478,1
mqtt_preprocessed_v2.csv,907,-1,0,0,0.008422140032052994,1
mqtt_preprocessed_v2.csv,908,-1,0,0,0.0033082973677664995,1
mqtt_preprocessed_v2.csv,909,-1,0,0,0.004634466953575611,1
mqtt_preprocessed_v2.csv,910,-1,0,0,0.03179007023572922,1
mqtt_preprocessed_v2.csv,911,-1,0,0,0.0008211048552766442,1
mqtt_preprocessed_v2.csv,912,-1,0,0,0.0007881866185925901,1
mqtt_preprocessed_v2.csv,913,-1,0,0,0.0009917874122038484,1
mqtt_preprocessed_v2.csv,914,-1,0,0,0.0023995782248675823,1
mqtt_preprocessed_v2.csv,915,-1,0,0,0.005071075167506933,1
mqtt_preprocessed_v2.csv,916,-1,0,0,0.0076497928239405155,1
mqtt_preprocessed_v2.csv,917,-1,0,0,0.004074814263731241,1
mqtt_preprocessed_v2.csv,918,-1,0,0,0.001561483833938837,1
mqtt_preprocessed_v2.csv,919,-1,0,0,0.0015794520732015371,1
mqtt_preprocessed_v2.csv,920,-1,0,0,0.002934245625510812,1
mqtt_preprocessed_v2.csv,921,-1,0,0,0.004306027200073004,1
mqtt_preprocessed_v2.csv,922,-1,0,0,0.0013424224453046918,1
mqtt_preprocessed_v2.csv,923,-1,0,0,0.0011703483760356903,1
mqtt_preprocessed_v2.csv,924,-1,0,0,0.002726928098127246,1
mqtt_preprocessed_v2.csv,925,-1,0,0,0.0017126341117545962,1
mqtt_preprocessed_v2.csv,926,-1,0,0,0.003697529900819063,1
mqtt_preprocessed_v2.csv,927,-1,0,0,0.004321970511227846,1
mqtt_preprocessed_v2.csv,928,-1,0,0,0.004205808974802494,1
mqtt_preprocessed_v2.csv,929,-1,0,0,0.0038637821562588215,1
mqtt_preprocessed_v2.csv,930,-1,0,0,0.0008759537595324218,1
mqtt_preprocessed_v2.csv,931,-1,0,0,0.0017102642450481653,1
mqtt_preprocessed_v2.csv,932,-1,0,0,0.003465543733909726,1
mqtt_preprocessed_v2.csv,933,-1,0,0,0.001982485642656684,1
mqtt_preprocessed_v2.csv,934,-1,0,0,0.0034571471624076366,1
mqtt_preprocessed_v2.csv,935,-1,0,0,0.0036226697266101837,1
mqtt_preprocessed_v2.csv,936,-1,0,0,0.0016553158638998866,1
mqtt_preprocessed_v2.csv,937,-1,0,0,0.005177887622267008,1
mqtt_preprocessed_v2.csv,938,-1,0,0,0.03244784101843834,1
mqtt_preprocessed_v2.csv,939,-1,0,0,0.003972241654992104,1
mqtt_preprocessed_v2.csv,940,-1,0,0,0.04232899472117424,1
mqtt_preprocessed_v2.csv,941,-1,0,0,0.0018180496990680695,1
mqtt_preprocessed_v2.csv,942,-1,0,0,0.0016832695109769702,1
mqtt_preprocessed_v2.csv,943,-1,0,0,0.0008270035032182932,1
mqtt_preprocessed_v2.csv,944,-1,0,0,0.0330074280500412,1
mqtt_preprocessed_v2.csv,945,-1,0,0,0.004169638734310865,1
mqtt_preprocessed_v2.csv,946,-1,0,0,0.004178679082542658,1
mqtt_preprocessed_v2.csv,947,-1,0,0,0.00352489179931581,1
mqtt_preprocessed_v2.csv,948,-1,0,0,0.0006186328828334808,1
mqtt_preprocessed_v2.csv,949,-1,0,0,0.003980744164437056,1
mqtt_preprocessed_v2.csv,950,-1,0,0,0.0029453516472131014,1
mqtt_preprocessed_v2.csv,951,-1,0,0,0.05565261468291283,1
mqtt_preprocessed_v2.csv,952,-1,0,0,0.0017707051010802388,1
mqtt_preprocessed_v2.csv,953,-1,0,0,0.005879736039787531,1
mqtt_preprocessed_v2.csv,954,-1,0,0,0.0007086910773068666,1
mqtt_preprocessed_v2.csv,955,-1,0,0,0.003336507361382246,1
mqtt_preprocessed_v2.csv,956,-1,0,0,0.004362997133284807,1
mqtt_preprocessed_v2.csv,957,-1,0,0,0.0036452766507864,1
mqtt_preprocessed_v2.csv,958,-1,0,0,0.0014164714375510812,1
mqtt_preprocessed_v2.csv,959,-1,0,0,0.0036355014890432358,1
mqtt_preprocessed_v2.csv,960,-1,0,0,0.0047966670244932175,1
mqtt_preprocessed_v2.csv,961,-1,0,0,0.0019532975275069475,1
mqtt_preprocessed_v2.csv,962,-1,0,0,0.004604402929544449,1
mqtt_preprocessed_v2.csv,963,-1,0,0,0.005143381655216217,1
mqtt_preprocessed_v2.csv,964,-1,0,0,0.04972111061215401,1
mqtt_preprocessed_v2.csv,965,-1,0,0,0.002196274697780609,1
mqtt_preprocessed_v2.csv,966,-1,0,0,0.0015055385883897543,1
mqtt_preprocessed_v2.csv,967,-1,0,0,0.0013448852114379406,1
mqtt_preprocessed_v2.csv,968,-1,0,0,0.003957402892410755,1
mqtt_preprocessed_v2.csv,969,-1,0,0,0.003861902980133891,1
mqtt_preprocessed_v2.csv,970,-1,0,0,0.0036372498143464327,1
mqtt_preprocessed_v2.csv,971,-1,0,0,0.002686823718249798,1
mqtt_preprocessed_v2.csv,972,-1,0,0,0.0014952075434848666,1
mqtt_preprocessed_v2.csv,973,-1,0,0,0.0006671894225291908,1
mqtt_preprocessed_v2.csv,974,-1,0,0,0.000666736566927284,1
mqtt_preprocessed_v2.csv,975,-1,0,0,0.003594662994146347,1
mqtt_preprocessed_v2.csv,976,-1,0,0,0.0036851121112704277,1
mqtt_preprocessed_v2.csv,977,-1,0,0,0.0023126043379306793,1
mqtt_preprocessed_v2.csv,978,-1,0,0,0.005256761331111193,1
mqtt_preprocessed_v2.csv,979,-1,0,0,0.0547526516020298,1
mqtt_preprocessed_v2.csv,980,-1,0,0,0.0012831807835027575,1
mqtt_preprocessed_v2.csv,981,-1,0,0,0.0015626730164512992,1
mqtt_preprocessed_v2.csv,982,-1,0,0,0.0036725387908518314,1
mqtt_preprocessed_v2.csv,983,-1,0,0,0.000712697277776897,1
mqtt_preprocessed_v2.csv,984,-1,0,0,0.0005529079935513437,1
mqtt_preprocessed_v2.csv,985,-1,0,0,0.0008809682913124561,1
mqtt_preprocessed_v2.csv,986,-1,0,0,0.0033271571155637503,1
mqtt_preprocessed_v2.csv,987,-1,0,0,0.0035502042155712843,1
mqtt_preprocessed_v2.csv,988,-1,0,0,0.0041252984665334225,1
mqtt_preprocessed_v2.csv,989,-1,0,0,0.0007922982331365347,1
mqtt_preprocessed_v2.csv,990,-1,0,0,0.0010843694908544421,1
mqtt_preprocessed_v2.csv,991,-1,0,0,0.031421270221471786,1
mqtt_preprocessed_v2.csv,992,-1,0,0,0.0007024819497019053,1
mqtt_preprocessed_v2.csv,993,-1,0,0,0.0353870652616024,1
mqtt_preprocessed_v2.csv,994,-1,0,0,0.004101866856217384,1
mqtt_preprocessed_v2.csv,995,-1,0,0,0.003729983000084758,1
mqtt_preprocessed_v2.csv,996,-1,0,0,0.0006780156982131302,1
mqtt_preprocessed_v2.csv,997,-1,0,0,0.0016302414005622268,1
mqtt_preprocessed_v2.csv,998,-1,0,0,0.003655371954664588,1
mqtt_preprocessed_v2.csv,999,-1,0,0,0.001811122871004045,1
mqtt_preprocessed_v2.csv,1000,-1,0,0,0.0018422654829919338,1
mqtt_preprocessed_v2.csv,1001,-1,0,0,0.0014977289829403162,1
mqtt_preprocessed_v2.csv,1002,-1,0,0,0.04043252393603325,1
mqtt_preprocessed_v2.csv,1003,-1,0,0,0.0008522181888110936,1
mqtt_preprocessed_v2.csv,1004,-1,0,0,0.0061966185458004475,1
mqtt_preprocessed_v2.csv,1005,-1,0,0,0.0016882463824003935,1
mqtt_preprocessed_v2.csv,1006,-1,0,0,0.001706268871203065,1
mqtt_preprocessed_v2.csv,1007,-1,0,0,0.005358556285500526,1
mqtt_preprocessed_v2.csv,1008,-1,0,0,0.004948138725012541,1
mqtt_preprocessed_v2.csv,1009,-1,0,0,0.0009648849372752011,1
mqtt_preprocessed_v2.csv,1010,-1,0,0,0.0017863715765997767,1
mqtt_preprocessed_v2.csv,1011,-1,0,0,0.001567317172884941,1
mqtt_preprocessed_v2.csv,1012,-1,0,0,0.0006583557114936411,1
mqtt_preprocessed_v2.csv,1013,-1,0,0,0.004874911159276962,1
mqtt_preprocessed_v2.csv,1014,-1,0,0,0.0006452007801271975,1
mqtt_preprocessed_v2.csv,1015,-1,0,0,0.0009716914501041174,1
mqtt_preprocessed_v2.csv,1016,-1,0,0,0.001977125881239772,1
mqtt_preprocessed_v2.csv,1017,-1,0,0,0.0007629592437297106,1
mqtt_preprocessed_v2.csv,1018,-1,0,0,0.0015591600676998496,1
mqtt_preprocessed_v2.csv,1019,-1,0,0,0.043832194060087204,1
mqtt_preprocessed_v2.csv,1020,-1,0,0,0.0017010219162330031,1
mqtt_preprocessed_v2.csv,1021,-1,0,0,0.005381991621106863,1
mqtt_preprocessed_v2.csv,1022,-1,0,0,0.0008286170195788145,1
mqtt_preprocessed_v2.csv,1023,-1,0,0,0.003650288563221693,1
mqtt_preprocessed_v2.csv,1024,-1,0,0,0.0032578120008111,1
mqtt_preprocessed_v2.csv,1025,-1,0,0,0.01029226928949356,1
mqtt_preprocessed_v2.csv,1026,-1,0,0,0.0034734674263745546,1
mqtt_preprocessed_v2.csv,1027,-1,0,0,0.0014913638588041067,1
mqtt_preprocessed_v2.csv,1028,-1,0,0,0.0007839380414225161,1
mqtt_preprocessed_v2.csv,1029,-1,0,0,0.0007749888463877141,1
mqtt_preprocessed_v2.csv,1030,-1,0,0,0.003667710814625025,1
mqtt_preprocessed_v2.csv,1031,-1,0,0,0.004487315192818642,1
mqtt_preprocessed_v2.csv,1032,-1,0,0,0.003620845964178443,1
mqtt_preprocessed_v2.csv,1033,-1,0,0,0.0029022330418229103,1
mqtt_preprocessed_v2.csv,1034,-1,0,0,0.004114983603358269,1
mqtt_preprocessed_v2.csv,1035,-1,0,0,0.002929277718067169,1
mqtt_preprocessed_v2.csv,1036,-1,0,0,0.0016677934909239411,1
mqtt_preprocessed_v2.csv,1037,-1,0,0,0.0023330263793468475,1
mqtt_preprocessed_v2.csv,1038,-1,0,0,0.0015291922027245164,1
mqtt_preprocessed_v2.csv,1039,-1,0,0,0.0044717369601130486,1
mqtt_preprocessed_v2.csv,1040,-1,0,0,0.0006113685085438192,1
mqtt_preprocessed_v2.csv,1041,-1,0,0,0.0014713695272803307,1
mqtt_preprocessed_v2.csv,1042,-1,0,0,0.10519152134656906,1
mqtt_preprocessed_v2.csv,1043,-1,0,0,0.00366409495472908,1
mqtt_preprocessed_v2.csv,1044,-1,0,0,0.0007802292238920927,1
mqtt_preprocessed_v2.csv,1045,-1,0,0,0.0025495903100818396,1
mqtt_preprocessed_v2.csv,1046,-1,0,0,0.0013090133434161544,1
mqtt_preprocessed_v2.csv,1047,-1,0,0,0.004579395521432161,1
mqtt_preprocessed_v2.csv,1048,-1,0,0,0.0036948169581592083,1
mqtt_preprocessed_v2.csv,1049,-1,0,0,0.005567439831793308,1
mqtt_preprocessed_v2.csv,1050,-1,0,0,0.037126246839761734,1
mqtt_preprocessed_v2.csv,1051,-1,0,0,0.0019159209914505482,1
mqtt_preprocessed_v2.csv,1052,-1,0,0,0.001473391312174499,1
mqtt_preprocessed_v2.csv,1053,-1,0,0,0.004488951526582241,1
mqtt_preprocessed_v2.csv,1054,-1,0,0,0.0008485544822178781,1
mqtt_preprocessed_v2.csv,1055,-1,0,0,0.0006729294545948505,1
mqtt_preprocessed_v2.csv,1056,-1,0,0,0.0008071758202277124,1
mqtt_preprocessed_v2.csv,1057,-1,0,0,0.0023045614361763,1
mqtt_preprocessed_v2.csv,1058,-1,0,0,0.0007052025757730007,1
mqtt_preprocessed_v2.csv,1059,-1,0,0,0.0006441022851504385,1
mqtt_preprocessed_v2.csv,1060,-1,0,0,0.0009112791158258915,1
mqtt_preprocessed_v2.csv,1061,-1,0,0,0.0006432624068111181,1
mqtt_preprocessed_v2.csv,1062,-1,0,0,0.0016671773046255112,1
mqtt_preprocessed_v2.csv,1063,-1,0,0,0.0005784000968560576,1
mqtt_preprocessed_v2.csv,1064,-1,0,0,0.002730737905949354,1
mqtt_preprocessed_v2.csv,1065,-1,0,0,0.0007828018278814852,1
mqtt_preprocessed_v2.csv,1066,-1,0,0,0.002857954939827323,1
mqtt_preprocessed_v2.csv,1067,-1,0,0,0.003111646044999361,1
mqtt_preprocessed_v2.csv,1068,-1,0,0,0.0013974913163110614,1
mqtt_preprocessed_v2.csv,1069,-1,0,0,0.0016625189455226064,1
mqtt_preprocessed_v2.csv,1070,-1,0,0,0.03858766332268715,1
mqtt_preprocessed_v2.csv,1071,-1,0,0,0.0032294210977852345,1
mqtt_preprocessed_v2.csv,1072,-1,0,0,0.005689120851457119,1
mqtt_preprocessed_v2.csv,1073,-1,0,0,0.0006270975572988391,1
mqtt_preprocessed_v2.csv,1074,-1,0,0,0.0006688992725685239,1
mqtt_preprocessed_v2.csv,1075,-1,0,0,0.0006963199120946229,1
mqtt_preprocessed_v2.csv,1076,-1,0,0,0.0031146041583269835,1
mqtt_preprocessed_v2.csv,1077,-1,0,0,0.0018718730425462127,1
mqtt_preprocessed_v2.csv,1078,-1,0,0,0.0006539806490764022,1
mqtt_preprocessed_v2.csv,1079,-1,0,0,0.0019523953087627888,1
mqtt_preprocessed_v2.csv,1080,-1,0,0,0.050553616136312485,1
mqtt_preprocessed_v2.csv,1081,-1,0,0,0.003307267790660262,1
mqtt_preprocessed_v2.csv,1082,-1,0,0,0.0018845346057787538,1
mqtt_preprocessed_v2.csv,1083,-1,0,0,0.0017745137447491288,1
mqtt_preprocessed_v2.csv,1084,-1,0,0,0.01015996653586626,1
mqtt_preprocessed_v2.csv,1085,-1,0,0,0.004250076599419117,1
mqtt_preprocessed_v2.csv,1086,-1,0,0,0.001567911938764155,1
mqtt_preprocessed_v2.csv,1087,-1,0,0,0.001691178185865283,1
mqtt_preprocessed_v2.csv,1088,-1,0,0,0.00368521548807621,1
mqtt_preprocessed_v2.csv,1089,-1,0,0,0.003963636700063944,1
mqtt_preprocessed_v2.csv,1090,-1,0,0,0.2552848160266876,1
mqtt_preprocessed_v2.csv,1091,-1,0,0,0.0006722109392285347,1
mqtt_preprocessed_v2.csv,1092,-1,0,0,0.003407941199839115,1
mqtt_preprocessed_v2.csv,1093,-1,0,0,0.0034686478320509195,1
mqtt_preprocessed_v2.csv,1094,-1,0,0,0.0032710616942495108,1
mqtt_preprocessed_v2.csv,1095,-1,0,0,0.0009170059347525239,1
mqtt_preprocessed_v2.csv,1096,-1,0,0,0.00688638910651207,1
mqtt_preprocessed_v2.csv,1097,-1,0,0,0.004387191031128168,1
mqtt_preprocessed_v2.csv,1098,-1,0,0,0.0016449348768219352,1
mqtt_preprocessed_v2.csv,1099,-1,0,0,0.003090276848524809,1
mqtt_preprocessed_v2.csv,1100,-1,0,0,0.0004553243634290993,1
mqtt_preprocessed_v2.csv,1101,-1,0,0,0.0017086617881432176,1
mqtt_preprocessed_v2.csv,1102,-1,0,0,0.003495594719424844,1
mqtt_preprocessed_v2.csv,1103,-1,0,0,0.12426482141017914,1
mqtt_preprocessed_v2.csv,1104,-1,0,0,0.0005619348376058042,1
mqtt_preprocessed_v2.csv,1105,-1,0,0,0.0030819440726190805,1
mqtt_preprocessed_v2.csv,1106,-1,0,0,0.002084660343825817,1
mqtt_preprocessed_v2.csv,1107,-1,0,0,0.0017425307305529714,1
mqtt_preprocessed_v2.csv,1108,-1,0,0,0.0010782635072246194,1
mqtt_preprocessed_v2.csv,1109,-1,0,0,0.18762682378292084,1
mqtt_preprocessed_v2.csv,1110,-1,0,0,0.004512017592787743,1
mqtt_preprocessed_v2.csv,1111,-1,0,0,0.0012536072172224522,1
mqtt_preprocessed_v2.csv,1112,-1,0,0,0.00365392561070621,1
mqtt_preprocessed_v2.csv,1113,-1,0,0,0.004360470920801163,1
mqtt_preprocessed_v2.csv,1114,-1,0,0,0.0006416422547772527,1
mqtt_preprocessed_v2.csv,1115,-1,0,0,0.004070580471307039,1
mqtt_preprocessed_v2.csv,1116,-1,0,0,0.003476056270301342,1
mqtt_preprocessed_v2.csv,1117,-1,0,0,0.0036821633111685514,1
mqtt_preprocessed_v2.csv,1118,-1,0,0,0.04300963133573532,1
mqtt_preprocessed_v2.csv,1119,-1,0,0,0.0022157225757837296,1
mqtt_preprocessed_v2.csv,1120,-1,0,0,0.0608280748128891,1
mqtt_preprocessed_v2.csv,1121,-1,0,0,0.004810006357729435,1
mqtt_preprocessed_v2.csv,1122,-1,0,0,0.005232908297330141,1
mqtt_preprocessed_v2.csv,1123,-1,0,0,0.08550626039505005,1
mqtt_preprocessed_v2.csv,1124,-1,0,0,0.0010016646701842546,1
mqtt_preprocessed_v2.csv,1125,-1,0,0,0.001248358516022563,1
mqtt_preprocessed_v2.csv,1126,-1,0,0,0.004603004548698664,1
mqtt_preprocessed_v2.csv,1127,-1,0,0,0.0036495323292911053,1
mqtt_preprocessed_v2.csv,1128,-1,0,0,0.00351057224906981,1
mqtt_preprocessed_v2.csv,1129,-1,0,0,0.0007705288589932024,1
mqtt_preprocessed_v2.csv,1130,-1,0,0,0.0005993244703859091,1
mqtt_preprocessed_v2.csv,1131,-1,0,0,0.002884086687117815,1
mqtt_preprocessed_v2.csv,1132,-1,0,0,0.004415910225361586,1
mqtt_preprocessed_v2.csv,1133,-1,0,0,0.00069942616391927,1
mqtt_preprocessed_v2.csv,1134,-1,0,0,0.002967346692457795,1
mqtt_preprocessed_v2.csv,1135,-1,0,0,0.0006735447677783668,1
mqtt_preprocessed_v2.csv,1136,-1,0,0,0.001468494301661849,1
mqtt_preprocessed_v2.csv,1137,-1,0,0,0.00167516537476331,1
mqtt_preprocessed_v2.csv,1138,-1,0,0,0.0018215351738035679,1
mqtt_preprocessed_v2.csv,1139,-1,0,0,0.05342919006943703,1
mqtt_preprocessed_v2.csv,1140,-1,0,0,0.0038051374722272158,1
mqtt_preprocessed_v2.csv,1141,-1,0,0,0.0008959480910561979,1
mqtt_preprocessed_v2.csv,1142,-1,0,0,0.0077013736590743065,1
mqtt_preprocessed_v2.csv,1143,-1,0,0,0.005365873221307993,1
mqtt_preprocessed_v2.csv,1144,-1,0,0,0.0033237559255212545,1
mqtt_preprocessed_v2.csv,1145,-1,0,0,0.0008580249268561602,1
mqtt_preprocessed_v2.csv,1146,-1,0,0,0.10796257853507996,1
mqtt_preprocessed_v2.csv,1147,-1,0,0,0.0021429555490612984,1
mqtt_preprocessed_v2.csv,1148,-1,0,0,0.06164458766579628,1
mqtt_preprocessed_v2.csv,1149,-1,0,0,0.0014883865369483829,1
mqtt_preprocessed_v2.csv,1150,-1,0,0,0.0015206396346911788,1
mqtt_preprocessed_v2.csv,1151,-1,0,0,0.0035475329495966434,1
mqtt_preprocessed_v2.csv,1152,-1,0,0,0.001446131500415504,1
mqtt_preprocessed_v2.csv,1153,-1,0,0,0.0007918831543065608,1
mqtt_preprocessed_v2.csv,1154,-1,0,0,0.0026870062574744225,1
mqtt_preprocessed_v2.csv,1155,-1,0,0,0.005234487354755402,1
mqtt_preprocessed_v2.csv,1156,-1,0,0,0.011473954655230045,1
mqtt_preprocessed_v2.csv,1157,-1,0,0,0.003859599819406867,1
mqtt_preprocessed_v2.csv,1158,-1,0,0,0.001652617589570582,1
mqtt_preprocessed_v2.csv,1159,-1,0,0,0.001685391878709197,1
mqtt_preprocessed_v2.csv,1160,-1,0,0,0.0006180648342706263,1
mqtt_preprocessed_v2.csv,1161,-1,0,0,0.005196950398385525,1
mqtt_preprocessed_v2.csv,1162,-1,0,0,0.0039312466979026794,1
mqtt_preprocessed_v2.csv,1163,-1,0,0,0.003474034834653139,1
mqtt_preprocessed_v2.csv,1164,-1,0,0,0.001639629597775638,1
mqtt_preprocessed_v2.csv,1165,-1,0,0,0.002590316580608487,1
mqtt_preprocessed_v2.csv,1166,-1,0,0,0.0018711044685915112,1
mqtt_preprocessed_v2.csv,1167,-1,0,0,0.002197054447606206,1
mqtt_preprocessed_v2.csv,1168,-1,0,0,0.003477212507277727,1
mqtt_preprocessed_v2.csv,1169,-1,0,0,0.004411797039210796,1
mqtt_preprocessed_v2.csv,1170,-1,0,0,0.004585533402860165,1
mqtt_preprocessed_v2.csv,1171,-1,0,0,0.0038001197390258312,1
mqtt_preprocessed_v2.csv,1172,-1,0,0,0.0017425589030608535,1
mqtt_preprocessed_v2.csv,1173,-1,0,0,0.000723468023352325,1
mqtt_preprocessed_v2.csv,1174,-1,0,0,0.0017709883395582438,1
mqtt_preprocessed_v2.csv,1175,-1,0,0,0.003513407427817583,1
mqtt_preprocessed_v2.csv,1176,-1,0,0,0.0006953092524781823,1
mqtt_preprocessed_v2.csv,1177,-1,0,0,0.0016191746108233929,1
mqtt_preprocessed_v2.csv,1178,-1,0,0,0.0031640504021197557,1
mqtt_preprocessed_v2.csv,1179,-1,0,0,0.003626227378845215,1
mqtt_preprocessed_v2.csv,1180,-1,0,0,0.0033393041230738163,1
mqtt_preprocessed_v2.csv,1181,-1,0,0,0.0013452566927298903,1
mqtt_preprocessed_v2.csv,1182,-1,0,0,0.003303304547443986,1
mqtt_preprocessed_v2.csv,1183,-1,0,0,0.0017465989803895354,1
mqtt_preprocessed_v2.csv,1184,-1,0,0,0.0020193003583699465,1
mqtt_preprocessed_v2.csv,1185,-1,0,0,0.0043769036419689655,1
mqtt_preprocessed_v2.csv,1186,-1,0,0,0.0016406195936724544,1
mqtt_preprocessed_v2.csv,1187,-1,0,0,0.00399236474186182,1
mqtt_preprocessed_v2.csv,1188,-1,0,0,0.004591884557157755,1
mqtt_preprocessed_v2.csv,1189,-1,0,0,0.025262894108891487,1
mqtt_preprocessed_v2.csv,1190,-1,0,0,0.007063698023557663,1
mqtt_preprocessed_v2.csv,1191,-1,0,0,0.003106403863057494,1
mqtt_preprocessed_v2.csv,1192,-1,0,0,0.038818951696157455,1
mqtt_preprocessed_v2.csv,1193,-1,0,0,0.008834543637931347,1
mqtt_preprocessed_v2.csv,1194,-1,0,0,0.0006166208768263459,1
mqtt_preprocessed_v2.csv,1195,-1,0,0,0.0038247162010520697,1
mqtt_preprocessed_v2.csv,1196,-1,0,0,0.0006547340308316052,1
mqtt_preprocessed_v2.csv,1197,-1,0,0,0.003587392857298255,1
mqtt_preprocessed_v2.csv,1198,-1,0,0,0.0018531485693529248,1
mqtt_preprocessed_v2.csv,1199,-1,0,0,0.07714137434959412,1
mqtt_preprocessed_v2.csv,1200,-1,0,0,0.0032854650635272264,1
mqtt_preprocessed_v2.csv,1201,-1,0,0,0.0009215604513883591,1
mqtt_preprocessed_v2.csv,1202,-1,0,0,0.008540453389286995,1
mqtt_preprocessed_v2.csv,1203,-1,0,0,0.02516229636967182,1
mqtt_preprocessed_v2.csv,1204,-1,0,0,0.0034713929053395987,1
mqtt_preprocessed_v2.csv,1205,-1,0,0,0.003347991732880473,1
mqtt_preprocessed_v2.csv,1206,-1,0,0,0.0026306877844035625,1
mqtt_preprocessed_v2.csv,1207,-1,0,0,0.042195457965135574,1
mqtt_preprocessed_v2.csv,1208,-1,0,0,0.0015976544236764312,1
mqtt_preprocessed_v2.csv,1209,-1,0,0,0.0010569546138867736,1
mqtt_preprocessed_v2.csv,1210,-1,0,0,0.0006241871160455048,1
mqtt_preprocessed_v2.csv,1211,-1,0,0,0.002106156200170517,1
mqtt_preprocessed_v2.csv,1212,-1,0,0,0.03130198270082474,1
mqtt_preprocessed_v2.csv,1213,-1,0,0,0.0026350729167461395,1
mqtt_preprocessed_v2.csv,1214,-1,0,0,0.0037918826565146446,1
mqtt_preprocessed_v2.csv,1215,-1,0,0,0.0014458782970905304,1
mqtt_preprocessed_v2.csv,1216,-1,0,0,0.0015915017575025558,1
mqtt_preprocessed_v2.csv,1217,-1,0,0,0.003189441980794072,1
mqtt_preprocessed_v2.csv,1218,-1,0,0,0.0017197259003296494,1
mqtt_preprocessed_v2.csv,1219,-1,0,0,0.0017059181118384004,1
mqtt_preprocessed_v2.csv,1220,-1,0,0,0.0028997366316616535,1
mqtt_preprocessed_v2.csv,1221,-1,0,0,0.0008432129980064929,1
mqtt_preprocessed_v2.csv,1222,-1,0,0,0.0038863776717334986,1
mqtt_preprocessed_v2.csv,1223,-1,0,0,0.03420650586485863,1
mqtt_preprocessed_v2.csv,1224,-1,0,0,0.05262865498661995,1
mqtt_preprocessed_v2.csv,1225,-1,0,0,0.0015347779262810946,1
mqtt_preprocessed_v2.csv,1226,-1,0,0,0.003533738199621439,1
mqtt_preprocessed_v2.csv,1227,-1,0,0,0.0016034982400014997,1
mqtt_preprocessed_v2.csv,1228,-1,0,0,0.002724431687965989,1
mqtt_preprocessed_v2.csv,1229,-1,0,0,0.0007384761120192707,1
mqtt_preprocessed_v2.csv,1230,-1,0,0,0.0033786988351494074,1
mqtt_preprocessed_v2.csv,1231,-1,0,0,0.0020162600558251143,1
mqtt_preprocessed_v2.csv,1232,-1,0,0,0.0021265309769660234,1
mqtt_preprocessed_v2.csv,1233,-1,0,0,0.24109837412834167,1
mqtt_preprocessed_v2.csv,1234,-1,0,0,0.0015917291166260839,1
mqtt_preprocessed_v2.csv,1235,-1,0,0,0.003110041841864586,1
mqtt_preprocessed_v2.csv,1236,-1,0,0,0.0006560932379215956,1
mqtt_preprocessed_v2.csv,1237,-1,0,0,0.0023911951575428247,1
mqtt_preprocessed_v2.csv,1238,-1,0,0,0.0020055253989994526,1
mqtt_preprocessed_v2.csv,1239,-1,0,0,0.0015260842628777027,1
mqtt_preprocessed_v2.csv,1240,-1,0,0,0.003586472710594535,1
mqtt_preprocessed_v2.csv,1241,-1,0,0,0.0007402269402518868,1
mqtt_preprocessed_v2.csv,1242,-1,0,0,0.00443199323490262,1
mqtt_preprocessed_v2.csv,1243,-1,0,0,0.0008827304118312895,1
mqtt_preprocessed_v2.csv,1244,-1,0,0,0.0014360682107508183,1
mqtt_preprocessed_v2.csv,1245,-1,0,0,0.0050308359786868095,1
mqtt_preprocessed_v2.csv,1246,-1,0,0,0.00916335079818964,1
mqtt_preprocessed_v2.csv,1247,-1,0,0,0.0016176130156964064,1
mqtt_preprocessed_v2.csv,1248,-1,0,0,0.004154982510954142,1
mqtt_preprocessed_v2.csv,1249,-1,0,0,0.004117409233003855,1
mqtt_preprocessed_v2.csv,1250,-1,0,0,0.0036381033714860678,1
mqtt_preprocessed_v2.csv,1251,-1,0,0,0.0035327610094100237,1
mqtt_preprocessed_v2.csv,1252,-1,0,0,0.000602931366302073,1
mqtt_preprocessed_v2.csv,1253,-1,0,0,0.0007332020904868841,1
mqtt_preprocessed_v2.csv,1254,-1,0,0,0.0006814185180701315,1
mqtt_preprocessed_v2.csv,1255,-1,0,0,0.0013536839978769422,1
mqtt_preprocessed_v2.csv,1256,-1,0,0,0.0037157232873141766,1
mqtt_preprocessed_v2.csv,1257,-1,0,0,0.0006258591893129051,1
mqtt_preprocessed_v2.csv,1258,-1,0,0,0.0016818606527522206,1
mqtt_preprocessed_v2.csv,1259,-1,0,0,0.0017047321889549494,1
mqtt_preprocessed_v2.csv,1260,-1,0,0,0.0037486301735043526,1
mqtt_preprocessed_v2.csv,1261,-1,0,0,0.0008737388998270035,1
mqtt_preprocessed_v2.csv,1262,-1,0,0,0.0007009779801592231,1
mqtt_preprocessed_v2.csv,1263,-1,0,0,0.003555001225322485,1
mqtt_preprocessed_v2.csv,1264,-1,0,0,0.0007901162607595325,1
mqtt_preprocessed_v2.csv,1265,-1,0,0,0.0007990021258592606,1
mqtt_preprocessed_v2.csv,1266,-1,0,0,0.0032886203844100237,1
mqtt_preprocessed_v2.csv,1267,-1,0,0,0.0038238223642110825,1
mqtt_preprocessed_v2.csv,1268,-1,0,0,0.0010776632698252797,1
mqtt_preprocessed_v2.csv,1269,-1,0,0,0.03425069898366928,1
mqtt_preprocessed_v2.csv,1270,-1,0,0,0.33028745651245117,1
mqtt_preprocessed_v2.csv,1271,-1,0,0,0.000624430482275784,1
mqtt_preprocessed_v2.csv,1272,-1,0,0,0.0008920106338337064,1
mqtt_preprocessed_v2.csv,1273,-1,0,0,0.0036892390344291925,1
mqtt_preprocessed_v2.csv,1274,-1,0,0,0.0025766335893422365,1
mqtt_preprocessed_v2.csv,1275,-1,0,0,0.001971772639080882,1
mqtt_preprocessed_v2.csv,1276,-1,0,0,0.0016714042285457253,1
mqtt_preprocessed_v2.csv,1277,-1,0,0,0.0033100240398198366,1
mqtt_preprocessed_v2.csv,1278,-1,0,0,0.004172050394117832,1
mqtt_preprocessed_v2.csv,1279,-1,0,0,0.0020063540432602167,1
mqtt_preprocessed_v2.csv,1280,-1,0,0,0.004157228861004114,1
mqtt_preprocessed_v2.csv,1281,-1,0,0,0.0014490049798041582,1
mqtt_preprocessed_v2.csv,1282,-1,0,0,0.0025764741003513336,1
mqtt_preprocessed_v2.csv,1283,-1,0,0,0.003480760147795081,1
mqtt_preprocessed_v2.csv,1284,-1,0,0,0.029116453602910042,1
mqtt_preprocessed_v2.csv,1285,-1,0,0,0.003211099887266755,1
mqtt_preprocessed_v2.csv,1286,-1,0,0,0.0038660489954054356,1
mqtt_preprocessed_v2.csv,1287,-1,0,0,0.001132553443312645,1
mqtt_preprocessed_v2.csv,1288,-1,0,0,0.003117694053798914,1
mqtt_preprocessed_v2.csv,1289,-1,0,0,0.0010644716676324606,1
mqtt_preprocessed_v2.csv,1290,-1,0,0,0.054941724985837936,1
mqtt_preprocessed_v2.csv,1291,-1,0,0,0.0016229408793151379,1
mqtt_preprocessed_v2.csv,1292,-1,0,0,0.003511423245072365,1
mqtt_preprocessed_v2.csv,1293,-1,0,0,0.02379373088479042,1
mqtt_preprocessed_v2.csv,1294,-1,0,0,0.0036522960290312767,1
mqtt_preprocessed_v2.csv,1295,-1,0,0,0.0012775053037330508,1
mqtt_preprocessed_v2.csv,1296,-1,0,0,0.0009512092801742256,1
mqtt_preprocessed_v2.csv,1297,-1,0,0,0.0028144079260528088,1
mqtt_preprocessed_v2.csv,1298,-1,0,0,0.001479218597523868,1
mqtt_preprocessed_v2.csv,1299,-1,0,0,0.0036960195284336805,1
mqtt_preprocessed_v2.csv,1300,-1,0,0,0.0009341394761577249,1
mqtt_preprocessed_v2.csv,1301,-1,0,0,0.0017113107023760676,1
mqtt_preprocessed_v2.csv,1302,-1,0,0,0.00043758086394518614,1
mqtt_preprocessed_v2.csv,1303,-1,0,0,0.0044403704814612865,1
mqtt_preprocessed_v2.csv,1304,-1,0,0,0.001010165666230023,1
mqtt_preprocessed_v2.csv,1305,-1,0,0,0.0037606372497975826,1
mqtt_preprocessed_v2.csv,1306,-1,0,0,0.004234240856021643,1
mqtt_preprocessed_v2.csv,1307,-1,0,0,0.0036270476412028074,1
mqtt_preprocessed_v2.csv,1308,-1,0,0,0.0006135727744549513,1
mqtt_preprocessed_v2.csv,1309,-1,0,0,0.0023055176716297865,1
mqtt_preprocessed_v2.csv,1310,-1,0,0,0.003065287135541439,1
mqtt_preprocessed_v2.csv,1311,-1,0,0,0.002486076671630144,1
mqtt_preprocessed_v2.csv,1312,-1,0,0,0.0016099466010928154,1
mqtt_preprocessed_v2.csv,1313,-1,0,0,0.004516592249274254,1
mqtt_preprocessed_v2.csv,1314,-1,0,0,0.003708627074956894,1
mqtt_preprocessed_v2.csv,1315,-1,0,0,0.00149209750816226,1
mqtt_preprocessed_v2.csv,1316,-1,0,0,0.0006621178472414613,1
mqtt_preprocessed_v2.csv,1317,-1,0,0,0.001665628980845213,1
mqtt_preprocessed_v2.csv,1318,-1,0,0,0.004388028290122747,1
mqtt_preprocessed_v2.csv,1319,-1,0,0,0.001516199903562665,1
mqtt_preprocessed_v2.csv,1320,-1,0,0,0.0015796157531440258,1
mqtt_preprocessed_v2.csv,1321,-1,0,0,0.004659110680222511,1
mqtt_preprocessed_v2.csv,1322,-1,0,0,0.0015956804854795337,1
mqtt_preprocessed_v2.csv,1323,-1,0,0,0.001057304092682898,1
mqtt_preprocessed_v2.csv,1324,-1,0,0,0.0006912634125910699,1
mqtt_preprocessed_v2.csv,1325,-1,0,0,0.0026293746195733547,1
mqtt_preprocessed_v2.csv,1326,-1,0,0,0.0014073619386181235,1
mqtt_preprocessed_v2.csv,1327,-1,0,0,0.0034162786323577166,1
mqtt_preprocessed_v2.csv,1328,-1,0,0,0.05957468971610069,1
mqtt_preprocessed_v2.csv,1329,-1,0,0,0.000790213409345597,1
mqtt_preprocessed_v2.csv,1330,-1,0,0,0.0022141276858747005,1
mqtt_preprocessed_v2.csv,1331,-1,0,0,0.03121216595172882,1
mqtt_preprocessed_v2.csv,1332,-1,0,0,0.0009319165255874395,1
mqtt_preprocessed_v2.csv,1333,-1,0,0,0.006815712433308363,1
mqtt_preprocessed_v2.csv,1334,-1,0,0,0.0035187385510653257,1
mqtt_preprocessed_v2.csv,1335,-1,0,0,0.0005981728318147361,1
mqtt_preprocessed_v2.csv,1336,-1,0,0,0.0036124468315392733,1
mqtt_preprocessed_v2.csv,1337,-1,0,0,0.002086199587211013,1
mqtt_preprocessed_v2.csv,1338,-1,0,0,0.0007753807585686445,1
mqtt_preprocessed_v2.csv,1339,-1,0,0,0.002711112378165126,1
mqtt_preprocessed_v2.csv,1340,-1,0,0,0.0016545556718483567,1
mqtt_preprocessed_v2.csv,1341,-1,0,0,0.06697727739810944,1
mqtt_preprocessed_v2.csv,1342,-1,0,0,0.0007271323702298105,1
mqtt_preprocessed_v2.csv,1343,-1,0,0,0.005303064361214638,1
mqtt_preprocessed_v2.csv,1344,-1,0,0,0.001563312136568129,1
mqtt_preprocessed_v2.csv,1345,-1,0,0,0.004447589628398418,1
mqtt_preprocessed_v2.csv,1346,-1,0,0,0.0016558320494368672,1
mqtt_preprocessed_v2.csv,1347,-1,0,0,0.0005963554722256958,1
mqtt_preprocessed_v2.csv,1348,-1,0,0,0.0034623737446963787,1
mqtt_preprocessed_v2.csv,1349,-1,0,0,0.0010146999265998602,1
mqtt_preprocessed_v2.csv,1350,-1,0,0,0.001637308276258409,1
mqtt_preprocessed_v2.csv,1351,-1,0,0,0.0034599527716636658,1
mqtt_preprocessed_v2.csv,1352,-1,0,0,0.00593720143660903,1
mqtt_preprocessed_v2.csv,1353,-1,0,0,0.0019085620297119021,1
mqtt_preprocessed_v2.csv,1354,-1,0,0,0.033940840512514114,1
mqtt_preprocessed_v2.csv,1355,-1,0,0,0.0034552570432424545,1
mqtt_preprocessed_v2.csv,1356,-1,0,0,0.005845380946993828,1
mqtt_preprocessed_v2.csv,1357,-1,0,0,0.004910326562821865,1
mqtt_preprocessed_v2.csv,1358,-1,0,0,0.0016190106980502605,1
mqtt_preprocessed_v2.csv,1359,-1,0,0,0.0016536255134269595,1
mqtt_preprocessed_v2.csv,1360,-1,0,0,0.04699248820543289,1
mqtt_preprocessed_v2.csv,1361,-1,0,0,0.001776820165105164,1
mqtt_preprocessed_v2.csv,1362,-1,0,0,0.008768977597355843,1
mqtt_preprocessed_v2.csv,1363,-1,0,0,0.18489970266819,1
mqtt_preprocessed_v2.csv,1364,-1,0,0,0.0016077873297035694,1
mqtt_preprocessed_v2.csv,1365,-1,0,0,0.0006516090361401439,1
mqtt_preprocessed_v2.csv,1366,-1,0,0,0.002573263132944703,1
mqtt_preprocessed_v2.csv,1367,-1,0,0,0.003109392710030079,1
mqtt_preprocessed_v2.csv,1368,-1,0,0,0.002999731805175543,1
mqtt_preprocessed_v2.csv,1369,-1,0,0,0.0036564539186656475,1
mqtt_preprocessed_v2.csv,1370,-1,0,0,0.004145365674048662,1
mqtt_preprocessed_v2.csv,1371,-1,0,0,0.0015642904909327626,1
mqtt_preprocessed_v2.csv,1372,-1,0,0,0.0015457042027264833,1
mqtt_preprocessed_v2.csv,1373,-1,0,0,0.001421791617758572,1
mqtt_preprocessed_v2.csv,1374,-1,0,0,0.0033514935057610273,1
mqtt_preprocessed_v2.csv,1375,-1,0,0,0.0033716834150254726,1
mqtt_preprocessed_v2.csv,1376,-1,0,0,0.0036982642486691475,1
mqtt_preprocessed_v2.csv,1377,-1,0,0,0.08969663828611374,1
mqtt_preprocessed_v2.csv,1378,-1,0,0,0.0006518910522572696,1
mqtt_preprocessed_v2.csv,1379,-1,0,0,0.007591209374368191,1
mqtt_preprocessed_v2.csv,1380,-1,0,0,0.0006165389204397798,1
mqtt_preprocessed_v2.csv,1381,-1,0,0,0.0054069566540420055,1
mqtt_preprocessed_v2.csv,1382,-1,0,0,0.0007798117585480213,1
mqtt_preprocessed_v2.csv,1383,-1,0,0,0.021218862384557724,1
mqtt_preprocessed_v2.csv,1384,-1,0,0,0.0016351763624697924,1
mqtt_preprocessed_v2.csv,1385,-1,0,0,0.00371610838919878,1
mqtt_preprocessed_v2.csv,1386,-1,0,0,0.0007715255487710238,1
mqtt_preprocessed_v2.csv,1387,-1,0,0,0.0012328301090747118,1
mqtt_preprocessed_v2.csv,1388,-1,0,0,0.0018059099093079567,1
mqtt_preprocessed_v2.csv,1389,-1,0,0,0.0016954181483015418,1
mqtt_preprocessed_v2.csv,1390,-1,0,0,0.0036408668383955956,1
mqtt_preprocessed_v2.csv,1391,-1,0,0,0.0006247620331123471,1
mqtt_preprocessed_v2.csv,1392,-1,0,0,0.0019024525536224246,1
mqtt_preprocessed_v2.csv,1393,-1,0,0,0.004835105966776609,1
mqtt_preprocessed_v2.csv,1394,-1,0,0,0.0011636774288490415,1
mqtt_preprocessed_v2.csv,1395,-1,0,0,0.0038432686123996973,1
mqtt_preprocessed_v2.csv,1396,-1,0,0,0.000668032153043896,1
mqtt_preprocessed_v2.csv,1397,-1,0,0,0.0017644931795075536,1
mqtt_preprocessed_v2.csv,1398,-1,0,0,0.0007875484297983348,1
mqtt_preprocessed_v2.csv,1399,-1,0,0,0.0035637719556689262,1
mqtt_preprocessed_v2.csv,1400,-1,0,0,0.0010713398223742843,1
mqtt_preprocessed_v2.csv,1401,-1,0,0,0.054081641137599945,1
mqtt_preprocessed_v2.csv,1402,-1,0,0,0.005182116758078337,1
mqtt_preprocessed_v2.csv,1403,-1,0,0,0.0037571375723928213,1
mqtt_preprocessed_v2.csv,1404,-1,0,0,0.0029217281844466925,1
mqtt_preprocessed_v2.csv,1405,-1,0,0,0.003164710709825158,1
mqtt_preprocessed_v2.csv,1406,-1,0,0,0.0037055660504847765,1
mqtt_preprocessed_v2.csv,1407,-1,0,0,0.0006294078775681555,1
mqtt_preprocessed_v2.csv,1408,-1,0,0,0.003296453971415758,1
mqtt_preprocessed_v2.csv,1409,-1,0,0,0.0014564110897481441,1
mqtt_preprocessed_v2.csv,1410,-1,0,0,0.03544571250677109,1
mqtt_preprocessed_v2.csv,1411,-1,0,0,0.003667410695925355,1
mqtt_preprocessed_v2.csv,1412,-1,0,0,0.006430262234061956,1
mqtt_preprocessed_v2.csv,1413,-1,0,0,0.0033261498901993036,1
mqtt_preprocessed_v2.csv,1414,-1,0,0,0.003551766276359558,1
mqtt_preprocessed_v2.csv,1415,-1,0,0,0.003544426057487726,1
mqtt_preprocessed_v2.csv,1416,-1,0,0,0.0010406089713796973,1
mqtt_preprocessed_v2.csv,1417,-1,0,0,0.003005368635058403,1
mqtt_preprocessed_v2.csv,1418,-1,0,0,0.0019162491662427783,1
mqtt_preprocessed_v2.csv,1419,-1,0,0,0.0389922596514225,1
mqtt_preprocessed_v2.csv,1420,-1,0,0,0.0011399199720472097,1
mqtt_preprocessed_v2.csv,1421,-1,0,0,0.003452686592936516,1
mqtt_preprocessed_v2.csv,1422,-1,0,0,0.0018923897296190262,1
mqtt_preprocessed_v2.csv,1423,-1,0,0,0.09397727251052856,1
mqtt_preprocessed_v2.csv,1424,-1,0,0,0.0009266778943128884,1
mqtt_preprocessed_v2.csv,1425,-1,0,0,0.0037480550818145275,1
mqtt_preprocessed_v2.csv,1426,-1,0,0,0.06534714251756668,1
mqtt_preprocessed_v2.csv,1427,-1,0,0,0.0036499002017080784,1
mqtt_preprocessed_v2.csv,1428,-1,0,0,0.001546591753140092,1
mqtt_preprocessed_v2.csv,1429,-1,0,0,0.003065957687795162,1
mqtt_preprocessed_v2.csv,1430,-1,0,0,0.0037736776284873486,1
mqtt_preprocessed_v2.csv,1431,-1,0,0,0.05122623220086098,1
mqtt_preprocessed_v2.csv,1432,-1,0,0,0.0014427044661715627,1
mqtt_preprocessed_v2.csv,1433,-1,0,0,0.004028628580272198,1
mqtt_preprocessed_v2.csv,1434,-1,0,0,0.0008758965414017439,1
mqtt_preprocessed_v2.csv,1435,-1,0,0,0.00336208613589406,1
mqtt_preprocessed_v2.csv,1436,-1,0,0,0.0024760172236710787,1
mqtt_preprocessed_v2.csv,1437,-1,0,0,0.0016987514682114124,1
mqtt_preprocessed_v2.csv,1438,-1,0,0,0.0034419172443449497,1
mqtt_preprocessed_v2.csv,1439,-1,0,0,0.003452151780948043,1
mqtt_preprocessed_v2.csv,1440,-1,0,0,0.002359038917347789,1
mqtt_preprocessed_v2.csv,1441,-1,0,0,0.0024084935430437326,1
mqtt_preprocessed_v2.csv,1442,-1,0,0,0.001564733567647636,1
mqtt_preprocessed_v2.csv,1443,-1,0,0,0.0017098060343414545,1
mqtt_preprocessed_v2.csv,1444,-1,0,0,0.001614083768799901,1
mqtt_preprocessed_v2.csv,1445,-1,0,0,0.0056418925523757935,1
mqtt_preprocessed_v2.csv,1446,-1,0,0,0.13879677653312683,1
mqtt_preprocessed_v2.csv,1447,-1,0,0,0.0036776841152459383,1
mqtt_preprocessed_v2.csv,1448,-1,0,0,0.004013730678707361,1
mqtt_preprocessed_v2.csv,1449,-1,0,0,0.002123418031260371,1
mqtt_preprocessed_v2.csv,1450,-1,0,0,0.03078150749206543,1
mqtt_preprocessed_v2.csv,1451,-1,0,0,0.0014608051860705018,1
mqtt_preprocessed_v2.csv,1452,-1,0,0,0.0006299165543168783,1
mqtt_preprocessed_v2.csv,1453,-1,0,0,0.0007319921860471368,1
mqtt_preprocessed_v2.csv,1454,-1,0,0,0.0049093239940702915,1
mqtt_preprocessed_v2.csv,1455,-1,0,0,0.003490462666377425,1
mqtt_preprocessed_v2.csv,1456,-1,0,0,0.0029010369908064604,1
mqtt_preprocessed_v2.csv,1457,-1,0,0,0.001591009204275906,1
mqtt_preprocessed_v2.csv,1458,-1,0,0,0.0032685876358300447,1
mqtt_preprocessed_v2.csv,1459,-1,0,0,0.0006764673162251711,1
mqtt_preprocessed_v2.csv,1460,-1,0,0,0.001583287725225091,1
mqtt_preprocessed_v2.csv,1461,-1,0,0,0.027385467663407326,1
mqtt_preprocessed_v2.csv,1462,-1,0,0,0.0029198976699262857,1
mqtt_preprocessed_v2.csv,1463,-1,0,0,0.006150674074888229,1
mqtt_preprocessed_v2.csv,1464,-1,0,0,0.004374892450869083,1
mqtt_preprocessed_v2.csv,1465,-1,0,0,0.0016487850807607174,1
mqtt_preprocessed_v2.csv,1466,-1,0,0,0.005191441625356674,1
mqtt_preprocessed_v2.csv,1467,-1,0,0,0.0007006452651694417,1
mqtt_preprocessed_v2.csv,1468,-1,0,0,0.0038966252468526363,1
mqtt_preprocessed_v2.csv,1469,-1,0,0,0.0016221036203205585,1
mqtt_preprocessed_v2.csv,1470,-1,0,0,0.02189924754202366,1
mqtt_preprocessed_v2.csv,1471,-1,0,0,0.0009359518880955875,1
mqtt_preprocessed_v2.csv,1472,-1,0,0,0.005507508758455515,1
mqtt_preprocessed_v2.csv,1473,-1,0,0,0.0019671255722641945,1
mqtt_preprocessed_v2.csv,1474,-1,0,0,0.001718953368254006,1
mqtt_preprocessed_v2.csv,1475,-1,0,0,0.027381014078855515,1
mqtt_preprocessed_v2.csv,1476,-1,0,0,0.002618492813780904,1
mqtt_preprocessed_v2.csv,1477,-1,0,0,0.001141963293775916,1
mqtt_preprocessed_v2.csv,1478,-1,0,0,0.0008510897168889642,1
mqtt_preprocessed_v2.csv,1479,-1,0,0,0.0018597416346892715,1
mqtt_preprocessed_v2.csv,1480,-1,0,0,0.0029585694428533316,1
mqtt_preprocessed_v2.csv,1481,-1,0,0,0.0051839821971952915,1
mqtt_preprocessed_v2.csv,1482,-1,0,0,0.005289261229336262,1
mqtt_preprocessed_v2.csv,1483,-1,0,0,0.0016944160452112556,1
mqtt_preprocessed_v2.csv,1484,-1,0,0,0.0034316026140004396,1
mqtt_preprocessed_v2.csv,1485,-1,0,0,0.010585581883788109,1
mqtt_preprocessed_v2.csv,1486,-1,0,0,0.00308972573839128,1
mqtt_preprocessed_v2.csv,1487,-1,0,0,0.0021352567709982395,1
mqtt_preprocessed_v2.csv,1488,-1,0,0,0.0016198947560042143,1
mqtt_preprocessed_v2.csv,1489,-1,0,0,0.0006974798161536455,1
mqtt_preprocessed_v2.csv,1490,-1,0,0,0.006070371717214584,1
mqtt_preprocessed_v2.csv,1491,-1,0,0,0.0018594736466184258,1
mqtt_preprocessed_v2.csv,1492,-1,0,0,0.0014448865549638867,1
mqtt_preprocessed_v2.csv,1493,-1,0,0,0.004679476376622915,1
mqtt_preprocessed_v2.csv,1494,-1,0,0,0.002073200885206461,1
mqtt_preprocessed_v2.csv,1495,-1,0,0,0.0036587268114089966,1
mqtt_preprocessed_v2.csv,1496,-1,0,0,0.003955869469791651,1
mqtt_preprocessed_v2.csv,1497,-1,0,0,0.001403570524416864,1
mqtt_preprocessed_v2.csv,1498,-1,0,0,0.0824338048696518,1
mqtt_preprocessed_v2.csv,1499,-1,0,0,0.0028672784101217985,1
mqtt_preprocessed_v2.csv,1500,-1,0,0,0.032663654536008835,1
mqtt_preprocessed_v2.csv,1501,-1,0,0,0.036955200135707855,1
mqtt_preprocessed_v2.csv,1502,-1,0,0,0.0006117593729868531,1
mqtt_preprocessed_v2.csv,1503,-1,0,0,0.03159799799323082,1
mqtt_preprocessed_v2.csv,1504,-1,0,0,0.03511552885174751,1
mqtt_preprocessed_v2.csv,1505,-1,0,0,0.0015897068660706282,1
mqtt_preprocessed_v2.csv,1506,-1,0,0,0.0036334050819277763,1
mqtt_preprocessed_v2.csv,1507,-1,0,0,0.000654175819363445,1
mqtt_preprocessed_v2.csv,1508,-1,0,0,0.004470680374652147,1
mqtt_preprocessed_v2.csv,1509,-1,0,0,0.32893106341362,1
mqtt_preprocessed_v2.csv,1510,-1,0,0,0.04574664309620857,1
mqtt_preprocessed_v2.csv,1511,-1,0,0,0.0008067713933996856,1
mqtt_preprocessed_v2.csv,1512,-1,0,0,0.003584932303056121,1
mqtt_preprocessed_v2.csv,1513,-1,0,0,0.0013380921445786953,1
mqtt_preprocessed_v2.csv,1514,-1,0,0,0.0021086118649691343,1
mqtt_preprocessed_v2.csv,1515,-1,0,0,0.0038415403105318546,1
mqtt_preprocessed_v2.csv,1516,-1,0,0,0.0014039247762411833,1
mqtt_preprocessed_v2.csv,1517,-1,0,0,0.033353231847286224,1
mqtt_preprocessed_v2.csv,1518,-1,0,0,0.023529037833213806,1
mqtt_preprocessed_v2.csv,1519,-1,0,0,0.005373156629502773,1
mqtt_preprocessed_v2.csv,1520,-1,0,0,0.0885094553232193,1
mqtt_preprocessed_v2.csv,1521,-1,0,0,0.0033170541282743216,1
mqtt_preprocessed_v2.csv,1522,-1,0,0,0.0016372334212064743,1
mqtt_preprocessed_v2.csv,1523,-1,0,0,0.0014163169544190168,1
mqtt_preprocessed_v2.csv,1524,-1,0,0,0.005425373092293739,1
mqtt_preprocessed_v2.csv,1525,-1,0,0,0.000558388652279973,1
mqtt_preprocessed_v2.csv,1526,-1,0,0,0.04583273082971573,1
mqtt_preprocessed_v2.csv,1527,-1,0,0,0.004106142558157444,1
mqtt_preprocessed_v2.csv,1528,-1,0,0,0.003973799757659435,1
mqtt_preprocessed_v2.csv,1529,-1,0,0,0.0014686776557937264,1
mqtt_preprocessed_v2.csv,1530,-1,0,0,0.0036935617681592703,1
mqtt_preprocessed_v2.csv,1531,-1,0,0,0.024105120450258255,1
mqtt_preprocessed_v2.csv,1532,-1,0,0,0.003041739808395505,1
mqtt_preprocessed_v2.csv,1533,-1,0,0,0.003579030279070139,1
mqtt_preprocessed_v2.csv,1534,-1,0,0,0.000730514177121222,1
mqtt_preprocessed_v2.csv,1535,-1,0,0,0.0014876093482598662,1
mqtt_preprocessed_v2.csv,1536,-1,0,0,0.00093313108664006,1
mqtt_preprocessed_v2.csv,1537,-1,0,0,0.24515201151371002,1
mqtt_preprocessed_v2.csv,1538,-1,0,0,0.0015726344427093863,1
mqtt_preprocessed_v2.csv,1539,-1,0,0,0.001458282582461834,1
mqtt_preprocessed_v2.csv,1540,-1,0,0,0.001876010443083942,1
mqtt_preprocessed_v2.csv,1541,-1,0,0,0.002775775035843253,1
mqtt_preprocessed_v2.csv,1542,-1,0,0,0.003974751103669405,1
mqtt_preprocessed_v2.csv,1543,-1,0,0,0.054258789867162704,1
mqtt_preprocessed_v2.csv,1544,-1,0,0,0.003192407311871648,1
mqtt_preprocessed_v2.csv,1545,-1,0,0,0.0036358314100652933,1
mqtt_preprocessed_v2.csv,1546,-1,0,0,0.0007758936262689531,1
mqtt_preprocessed_v2.csv,1547,-1,0,0,0.019227037206292152,1
mqtt_preprocessed_v2.csv,1548,-1,0,0,0.002571991877630353,1
mqtt_preprocessed_v2.csv,1549,-1,0,0,0.0016063511138781905,1
mqtt_preprocessed_v2.csv,1550,-1,0,0,0.003635898930951953,1
mqtt_preprocessed_v2.csv,1551,-1,0,0,0.000814093160443008,1
mqtt_preprocessed_v2.csv,1552,-1,0,0,0.003573474008589983,1
mqtt_preprocessed_v2.csv,1553,-1,0,0,0.002881461987271905,1
mqtt_preprocessed_v2.csv,1554,-1,0,0,0.0028562690131366253,1
mqtt_preprocessed_v2.csv,1555,-1,0,0,0.0034601399675011635,1
mqtt_preprocessed_v2.csv,1556,-1,0,0,0.004417038522660732,1
mqtt_preprocessed_v2.csv,1557,-1,0,0,0.004008701536804438,1
mqtt_preprocessed_v2.csv,1558,-1,0,0,0.0035592825151979923,1
mqtt_preprocessed_v2.csv,1559,-1,0,0,0.002647652290761471,1
mqtt_preprocessed_v2.csv,1560,-1,0,0,0.001654628082178533,1
mqtt_preprocessed_v2.csv,1561,-1,0,0,0.0010098702041432261,1
mqtt_preprocessed_v2.csv,1562,-1,0,0,0.0006278397049754858,1
mqtt_preprocessed_v2.csv,1563,-1,0,0,0.00411346135661006,1
mqtt_preprocessed_v2.csv,1564,-1,0,0,0.0006995658040978014,1
mqtt_preprocessed_v2.csv,1565,-1,0,0,0.002143349265679717,1
mqtt_preprocessed_v2.csv,1566,-1,0,0,0.0032975354697555304,1
mqtt_preprocessed_v2.csv,1567,-1,0,0,0.04270502179861069,1
mqtt_preprocessed_v2.csv,1568,-1,0,0,0.0006328023737296462,1
mqtt_preprocessed_v2.csv,1569,-1,0,0,0.002044876106083393,1
mqtt_preprocessed_v2.csv,1570,-1,0,0,0.0036843647249042988,1
mqtt_preprocessed_v2.csv,1571,-1,0,0,0.003464730456471443,1
mqtt_preprocessed_v2.csv,1572,-1,0,0,0.0016948396805673838,1
mqtt_preprocessed_v2.csv,1573,-1,0,0,0.004135652910917997,1
mqtt_preprocessed_v2.csv,1574,-1,0,0,0.0040435162372887135,1
mqtt_preprocessed_v2.csv,1575,-1,0,0,0.0008422405808232725,1
mqtt_preprocessed_v2.csv,1576,-1,0,0,0.024730296805500984,1
mqtt_preprocessed_v2.csv,1577,-1,0,0,0.0031929672695696354,1
mqtt_preprocessed_v2.csv,1578,-1,0,0,0.0008080909610725939,1
mqtt_preprocessed_v2.csv,1579,-1,0,0,0.0016412328695878386,1
mqtt_preprocessed_v2.csv,1580,-1,0,0,0.00410187803208828,1
mqtt_preprocessed_v2.csv,1581,-1,0,0,0.0015734198968857527,1
mqtt_preprocessed_v2.csv,1582,-1,0,0,0.0034820938017219305,1
mqtt_preprocessed_v2.csv,1583,-1,0,0,0.002744870726019144,1
mqtt_preprocessed_v2.csv,1584,-1,0,0,0.0013938016491010785,1
mqtt_preprocessed_v2.csv,1585,-1,0,0,0.001474907505325973,1
mqtt_preprocessed_v2.csv,1586,-1,0,0,0.0009214169112965465,1
mqtt_preprocessed_v2.csv,1587,-1,0,0,0.003749328199774027,1
mqtt_preprocessed_v2.csv,1588,-1,0,0,0.00363171030767262,1
mqtt_preprocessed_v2.csv,1589,-1,0,0,0.007576430682092905,1
mqtt_preprocessed_v2.csv,1590,-1,0,0,0.0034764129668474197,1
mqtt_preprocessed_v2.csv,1591,-1,0,0,0.002124521415680647,1
mqtt_preprocessed_v2.csv,1592,-1,0,0,0.10393919050693512,1
mqtt_preprocessed_v2.csv,1593,-1,0,0,0.0030394315253943205,1
mqtt_preprocessed_v2.csv,1594,-1,0,0,0.0006813541403971612,1
mqtt_preprocessed_v2.csv,1595,-1,0,0,0.0006159929325804114,1
mqtt_preprocessed_v2.csv,1596,-1,0,0,0.0006137681193649769,1
mqtt_preprocessed_v2.csv,1597,-1,0,0,0.001882700133137405,1
mqtt_preprocessed_v2.csv,1598,-1,0,0,0.0007027966203168035,1
mqtt_preprocessed_v2.csv,1599,-1,0,0,0.043351124972105026,1
mqtt_preprocessed_v2.csv,1600,-1,0,0,0.0028135862667113543,1
mqtt_preprocessed_v2.csv,1601,-1,0,0,0.005393771454691887,1
mqtt_preprocessed_v2.csv,1602,-1,0,0,0.0007545016705989838,1
mqtt_preprocessed_v2.csv,1603,-1,0,0,0.004611029755324125,1
mqtt_preprocessed_v2.csv,1604,-1,0,0,0.0007524333777837455,1
mqtt_preprocessed_v2.csv,1605,-1,0,0,0.0014792665606364608,1
mqtt_preprocessed_v2.csv,1606,-1,0,0,0.005058901384472847,1
mqtt_preprocessed_v2.csv,1607,-1,0,0,0.0009545415523461998,1
mqtt_preprocessed_v2.csv,1608,-1,0,0,0.000977564719505608,1
mqtt_preprocessed_v2.csv,1609,-1,0,0,0.0016723760636523366,1
mqtt_preprocessed_v2.csv,1610,-1,0,0,0.0020032168831676245,1
mqtt_preprocessed_v2.csv,1611,-1,0,0,0.0036808655131608248,1
mqtt_preprocessed_v2.csv,1612,-1,0,0,0.0028100009076297283,1
mqtt_preprocessed_v2.csv,1613,-1,0,0,0.0022505661472678185,1
mqtt_preprocessed_v2.csv,1614,-1,0,0,0.05868397653102875,1
mqtt_preprocessed_v2.csv,1615,-1,0,0,0.0007475764723494649,1
mqtt_preprocessed_v2.csv,1616,-1,0,0,0.0029044016264379025,1
mqtt_preprocessed_v2.csv,1617,-1,0,0,0.0016861245967447758,1
mqtt_preprocessed_v2.csv,1618,-1,0,0,0.0019045895896852016,1
mqtt_preprocessed_v2.csv,1619,-1,0,0,0.05220596119761467,1
mqtt_preprocessed_v2.csv,1620,-1,0,0,0.0015671999426558614,1
mqtt_preprocessed_v2.csv,1621,-1,0,0,0.03133512660861015,1
mqtt_preprocessed_v2.csv,1622,-1,0,0,0.0017049262532964349,1
mqtt_preprocessed_v2.csv,1623,-1,0,0,0.00388995255343616,1
mqtt_preprocessed_v2.csv,1624,-1,0,0,0.0013677236856892705,1
mqtt_preprocessed_v2.csv,1625,-1,0,0,0.02845097705721855,1
mqtt_preprocessed_v2.csv,1626,-1,0,0,0.0034878395963460207,1
mqtt_preprocessed_v2.csv,1627,-1,0,0,0.0006648266571573913,1
mqtt_preprocessed_v2.csv,1628,-1,0,0,0.000981197110377252,1
mqtt_preprocessed_v2.csv,1629,-1,0,0,0.00416837353259325,1
mqtt_preprocessed_v2.csv,1630,-1,0,0,0.0007029577391222119,1
mqtt_preprocessed_v2.csv,1631,-1,0,0,0.002340325154364109,1
mqtt_preprocessed_v2.csv,1632,-1,0,0,0.0026586258318275213,1
mqtt_preprocessed_v2.csv,1633,-1,0,0,0.0037331159692257643,1
mqtt_preprocessed_v2.csv,1634,-1,0,0,0.004183195065706968,1
mqtt_preprocessed_v2.csv,1635,-1,0,0,0.01307861227542162,1
mqtt_preprocessed_v2.csv,1636,-1,0,0,0.0021832792554050684,1
mqtt_preprocessed_v2.csv,1637,-1,0,0,0.001457321923226118,1
mqtt_preprocessed_v2.csv,1638,-1,0,0,0.0007055884343571961,1
mqtt_preprocessed_v2.csv,1639,-1,0,0,0.0034715235233306885,1
mqtt_preprocessed_v2.csv,1640,-1,0,0,0.003439520485699177,1
mqtt_preprocessed_v2.csv,1641,-1,0,0,0.0018223883816972375,1
mqtt_preprocessed_v2.csv,1642,-1,0,0,0.002963544335216284,1
mqtt_preprocessed_v2.csv,1643,-1,0,0,0.0032514079939574003,1
mqtt_preprocessed_v2.csv,1644,-1,0,0,0.0037537210155278444,1
mqtt_preprocessed_v2.csv,1645,-1,0,0,0.004125569015741348,1
mqtt_preprocessed_v2.csv,1646,-1,0,0,0.0036682402715086937,1
mqtt_preprocessed_v2.csv,1647,-1,0,0,0.10001002997159958,1
mqtt_preprocessed_v2.csv,1648,-1,0,0,0.001492391573265195,1
mqtt_preprocessed_v2.csv,1649,-1,0,0,0.001579524832777679,1
mqtt_preprocessed_v2.csv,1650,-1,0,0,0.0032868501730263233,1
mqtt_preprocessed_v2.csv,1651,-1,0,0,0.003535767085850239,1
mqtt_preprocessed_v2.csv,1652,-1,0,0,0.0018667626427486539,1
mqtt_preprocessed_v2.csv,1653,-1,0,0,0.0007698587724007666,1
mqtt_preprocessed_v2.csv,1654,-1,0,0,0.00448705954477191,1
mqtt_preprocessed_v2.csv,1655,-1,0,0,0.0034726255107671022,1
mqtt_preprocessed_v2.csv,1656,-1,0,0,0.000768844794947654,1
mqtt_preprocessed_v2.csv,1657,-1,0,0,0.0023830952122807503,1
mqtt_preprocessed_v2.csv,1658,-1,0,0,0.007118243258446455,1
mqtt_preprocessed_v2.csv,1659,-1,0,0,0.0019134195754304528,1
mqtt_preprocessed_v2.csv,1660,-1,0,0,0.001522041973657906,1
mqtt_preprocessed_v2.csv,1661,-1,0,0,0.003126302734017372,1
mqtt_preprocessed_v2.csv,1662,-1,0,0,0.0026711304672062397,1
mqtt_preprocessed_v2.csv,1663,-1,0,0,0.001416967366822064,1
mqtt_preprocessed_v2.csv,1664,-1,0,0,0.003071038518100977,1
mqtt_preprocessed_v2.csv,1665,-1,0,0,0.0036927408073097467,1
mqtt_preprocessed_v2.csv,1666,-1,0,0,0.001630527200177312,1
mqtt_preprocessed_v2.csv,1667,-1,0,0,0.0008652147953398526,1
mqtt_preprocessed_v2.csv,1668,-1,0,0,0.0007889313856139779,1
mqtt_preprocessed_v2.csv,1669,-1,0,0,0.0006664132815785706,1
mqtt_preprocessed_v2.csv,1670,-1,0,0,0.002327342750504613,1
mqtt_preprocessed_v2.csv,1671,-1,0,0,0.00443630013614893,1
mqtt_preprocessed_v2.csv,1672,-1,0,0,0.013042262755334377,1
mqtt_preprocessed_v2.csv,1673,-1,0,0,0.0009274834301322699,1
mqtt_preprocessed_v2.csv,1674,-1,0,0,0.003610480111092329,1
mqtt_preprocessed_v2.csv,1675,-1,0,0,0.0030685500241816044,1
mqtt_preprocessed_v2.csv,1676,-1,0,0,0.0027925248723477125,1
mqtt_preprocessed_v2.csv,1677,-1,0,0,0.0030388750601559877,1
mqtt_preprocessed_v2.csv,1678,-1,0,0,0.005688878241926432,1
mqtt_preprocessed_v2.csv,1679,-1,0,0,0.0008351245196536183,1
mqtt_preprocessed_v2.csv,1680,-1,0,0,0.0006505883065983653,1
mqtt_preprocessed_v2.csv,1681,-1,0,0,0.0016710158670321107,1
mqtt_preprocessed_v2.csv,1682,-1,0,0,0.0023896952625364065,1
mqtt_preprocessed_v2.csv,1683,-1,0,0,0.03507980704307556,1
mqtt_preprocessed_v2.csv,1684,-1,0,0,0.02431059256196022,1
mqtt_preprocessed_v2.csv,1685,-1,0,0,0.004071345552802086,1
mqtt_preprocessed_v2.csv,1686,-1,0,0,0.0006469766376540065,1
mqtt_preprocessed_v2.csv,1687,-1,0,0,0.002684695878997445,1
mqtt_preprocessed_v2.csv,1688,-1,0,0,0.002126901177689433,1
mqtt_preprocessed_v2.csv,1689,-1,0,0,0.003145635360851884,1
mqtt_preprocessed_v2.csv,1690,-1,0,0,0.0007431116537190974,1
mqtt_preprocessed_v2.csv,1691,-1,0,0,0.00438373489305377,1
mqtt_preprocessed_v2.csv,1692,-1,0,0,0.0035763359628617764,1
mqtt_preprocessed_v2.csv,1693,-1,0,0,0.002769265091046691,1
mqtt_preprocessed_v2.csv,1694,-1,0,0,0.0034292354248464108,1
mqtt_preprocessed_v2.csv,1695,-1,0,0,0.0015999280149117112,1
mqtt_preprocessed_v2.csv,1696,-1,0,0,0.003740759799256921,1
mqtt_preprocessed_v2.csv,1697,-1,0,0,0.0407889150083065,1
mqtt_preprocessed_v2.csv,1698,-1,0,0,0.004829785320907831,1
mqtt_preprocessed_v2.csv,1699,-1,0,0,0.0005985250463709235,1
mqtt_preprocessed_v2.csv,1700,-1,0,0,0.0015947624342516065,1
mqtt_preprocessed_v2.csv,1701,-1,0,0,0.003679526038467884,1
mqtt_preprocessed_v2.csv,1702,-1,0,0,0.0052565219812095165,1
mqtt_preprocessed_v2.csv,1703,-1,0,0,0.003054284956306219,1
mqtt_preprocessed_v2.csv,1704,-1,0,0,0.004906332585960627,1
mqtt_preprocessed_v2.csv,1705,-1,0,0,0.004727482795715332,1
mqtt_preprocessed_v2.csv,1706,-1,0,0,0.0038820416666567326,1
mqtt_preprocessed_v2.csv,1707,-1,0,0,0.0031312110368162394,1
mqtt_preprocessed_v2.csv,1708,-1,0,0,0.0017173330998048186,1
mqtt_preprocessed_v2.csv,1709,-1,0,0,0.001211983966641128,1
mqtt_preprocessed_v2.csv,1710,-1,0,0,0.0036272958386689425,1
mqtt_preprocessed_v2.csv,1711,-1,0,0,0.0014486241852864623,1
mqtt_preprocessed_v2.csv,1712,-1,0,0,0.003728132229298353,1
mqtt_preprocessed_v2.csv,1713,-1,0,0,0.0006579704931937158,1
mqtt_preprocessed_v2.csv,1714,-1,0,0,0.005098492372781038,1
mqtt_preprocessed_v2.csv,1715,-1,0,0,0.001593410037457943,1
mqtt_preprocessed_v2.csv,1716,-1,0,0,0.003661916358396411,1
mqtt_preprocessed_v2.csv,1717,-1,0,0,0.05291687324643135,1
mqtt_preprocessed_v2.csv,1718,-1,0,0,0.004777226131409407,1
mqtt_preprocessed_v2.csv,1719,-1,0,0,0.003917430993169546,1
mqtt_preprocessed_v2.csv,1720,-1,0,0,0.003720149863511324,1
mqtt_preprocessed_v2.csv,1721,-1,0,0,0.0027150423265993595,1
mqtt_preprocessed_v2.csv,1722,-1,0,0,0.0016034875297918916,1
mqtt_preprocessed_v2.csv,1723,-1,0,0,0.004012707155197859,1
mqtt_preprocessed_v2.csv,1724,-1,0,0,0.0024346993304789066,1
mqtt_preprocessed_v2.csv,1725,-1,0,0,0.0036928183399140835,1
mqtt_preprocessed_v2.csv,1726,-1,0,0,0.000649097200948745,1
mqtt_preprocessed_v2.csv,1727,-1,0,0,0.026725899428129196,1
mqtt_preprocessed_v2.csv,1728,-1,0,0,0.001085801632143557,1
mqtt_preprocessed_v2.csv,1729,-1,0,0,0.003327186917886138,1
mqtt_preprocessed_v2.csv,1730,-1,0,0,0.001298193004913628,1
mqtt_preprocessed_v2.csv,1731,-1,0,0,0.0006473504472523928,1
mqtt_preprocessed_v2.csv,1732,-1,0,0,0.4146817922592163,1
mqtt_preprocessed_v2.csv,1733,-1,0,0,0.003689731704071164,1
mqtt_preprocessed_v2.csv,1734,-1,0,0,0.0009131847764365375,1
mqtt_preprocessed_v2.csv,1735,-1,0,0,0.0016005298821255565,1
mqtt_preprocessed_v2.csv,1736,-1,0,0,0.0020447177812457085,1
mqtt_preprocessed_v2.csv,1737,-1,0,0,0.001281969016417861,1
mqtt_preprocessed_v2.csv,1738,-1,0,0,0.07890403270721436,1
mqtt_preprocessed_v2.csv,1739,-1,0,0,0.001947806216776371,1
mqtt_preprocessed_v2.csv,1740,-1,0,0,0.0015935093397274613,1
mqtt_preprocessed_v2.csv,1741,-1,0,0,0.006438468117266893,1
mqtt_preprocessed_v2.csv,1742,-1,0,0,0.001177609316073358,1
mqtt_preprocessed_v2.csv,1743,-1,0,0,0.002919257851317525,1
mqtt_preprocessed_v2.csv,1744,-1,0,0,0.001518860226497054,1
mqtt_preprocessed_v2.csv,1745,-1,0,0,0.000588586088269949,1
mqtt_preprocessed_v2.csv,1746,-1,0,0,0.0046968585811555386,1
mqtt_preprocessed_v2.csv,1747,-1,0,0,0.004126699175685644,1
mqtt_preprocessed_v2.csv,1748,-1,0,0,0.0039022646378725767,1
mqtt_preprocessed_v2.csv,1749,-1,0,0,0.00364732276648283,1
mqtt_preprocessed_v2.csv,1750,-1,0,0,0.0036401506513357162,1
mqtt_preprocessed_v2.csv,1751,-1,0,0,0.003218106459826231,1
mqtt_preprocessed_v2.csv,1752,-1,0,0,0.006204987410455942,1
mqtt_preprocessed_v2.csv,1753,-1,0,0,0.006001741159707308,1
mqtt_preprocessed_v2.csv,1754,-1,0,0,0.0016600987873971462,1
mqtt_preprocessed_v2.csv,1755,-1,0,0,0.0027811152394860983,1
mqtt_preprocessed_v2.csv,1756,-1,0,0,0.001521433237940073,1
mqtt_preprocessed_v2.csv,1757,-1,0,0,0.004175334703177214,1
mqtt_preprocessed_v2.csv,1758,-1,0,0,0.004376575350761414,1
mqtt_preprocessed_v2.csv,1759,-1,0,0,0.001303359167650342,1
mqtt_preprocessed_v2.csv,1760,-1,0,0,0.0006573377759195864,1
mqtt_preprocessed_v2.csv,1761,-1,0,0,0.0014901827089488506,1
mqtt_preprocessed_v2.csv,1762,-1,0,0,0.003033050335943699,1
mqtt_preprocessed_v2.csv,1763,-1,0,0,0.004235028754919767,1
mqtt_preprocessed_v2.csv,1764,-1,0,0,0.0028956900350749493,1
mqtt_preprocessed_v2.csv,1765,-1,0,0,0.0036359643563628197,1
mqtt_preprocessed_v2.csv,1766,-1,0,0,0.003236612305045128,1
mqtt_preprocessed_v2.csv,1767,-1,0,0,0.0006131393020041287,1
mqtt_preprocessed_v2.csv,1768,-1,0,0,0.007487052120268345,1
mqtt_preprocessed_v2.csv,1769,-1,0,0,0.00900187622755766,1
mqtt_preprocessed_v2.csv,1770,-1,0,0,0.0040625291876494884,1
mqtt_preprocessed_v2.csv,1771,-1,0,0,0.000764972937759012,1
mqtt_preprocessed_v2.csv,1772,-1,0,0,0.0017103643622249365,1
mqtt_preprocessed_v2.csv,1773,-1,0,0,0.0016270524356514215,1
mqtt_preprocessed_v2.csv,1774,-1,0,0,0.0030023599974811077,1
mqtt_preprocessed_v2.csv,1775,-1,0,0,0.0035709012299776077,1
mqtt_preprocessed_v2.csv,1776,-1,0,0,0.004835105966776609,1
mqtt_preprocessed_v2.csv,1777,-1,0,0,0.004142091143876314,1
mqtt_preprocessed_v2.csv,1778,-1,0,0,0.005089990794658661,1
mqtt_preprocessed_v2.csv,1779,-1,0,0,0.0014191349036991596,1
mqtt_preprocessed_v2.csv,1780,-1,0,0,0.0008168906206265092,1
mqtt_preprocessed_v2.csv,1781,-1,0,0,0.005056559108197689,1
mqtt_preprocessed_v2.csv,1782,-1,0,0,0.004140565637499094,1
mqtt_preprocessed_v2.csv,1783,-1,0,0,0.04048317298293114,1
mqtt_preprocessed_v2.csv,1784,-1,0,0,0.0006876997067593038,1
mqtt_preprocessed_v2.csv,1785,-1,0,0,0.028923925012350082,1
mqtt_preprocessed_v2.csv,1786,-1,0,0,0.0005811132723465562,1
mqtt_preprocessed_v2.csv,1787,-1,0,0,0.0025667801965028048,1
mqtt_preprocessed_v2.csv,1788,-1,0,0,0.0015762083930894732,1
mqtt_preprocessed_v2.csv,1789,-1,0,0,0.0016624049749225378,1
mqtt_preprocessed_v2.csv,1790,-1,0,0,0.001638200948946178,1
mqtt_preprocessed_v2.csv,1791,-1,0,0,0.0006531394901685417,1
mqtt_preprocessed_v2.csv,1792,-1,0,0,0.04883108660578728,1
mqtt_preprocessed_v2.csv,1793,-1,0,0,0.0036412267945706844,1
mqtt_preprocessed_v2.csv,1794,-1,0,0,0.000708956562448293,1
mqtt_preprocessed_v2.csv,1795,-1,0,0,0.13771021366119385,1
mqtt_preprocessed_v2.csv,1796,-1,0,0,0.0008727150852791965,1
mqtt_preprocessed_v2.csv,1797,-1,0,0,0.03604011610150337,1
mqtt_preprocessed_v2.csv,1798,-1,0,0,0.03312312811613083,1
mqtt_preprocessed_v2.csv,1799,-1,0,0,0.06490752100944519,1
mqtt_preprocessed_v2.csv,1800,-1,0,0,0.0014898449881002307,1
mqtt_preprocessed_v2.csv,1801,-1,0,0,0.0014258906012400985,1
mqtt_preprocessed_v2.csv,1802,-1,0,0,0.0016351061640307307,1
mqtt_preprocessed_v2.csv,1803,-1,0,0,0.0042100511491298676,1
mqtt_preprocessed_v2.csv,1804,-1,0,0,0.003874709829688072,1
mqtt_preprocessed_v2.csv,1805,-1,0,0,0.0007432394777424634,1
mqtt_preprocessed_v2.csv,1806,-1,0,0,0.003881016978994012,1
mqtt_preprocessed_v2.csv,1807,-1,0,0,0.000664764957036823,1
mqtt_preprocessed_v2.csv,1808,-1,0,0,0.004432313609868288,1
mqtt_preprocessed_v2.csv,1809,-1,0,0,0.0010539236245676875,1
mqtt_preprocessed_v2.csv,1810,-1,0,0,0.0006204515811987221,1
mqtt_preprocessed_v2.csv,1811,-1,0,0,0.0016672131605446339,1
mqtt_preprocessed_v2.csv,1812,-1,0,0,0.0009673619060777128,1
mqtt_preprocessed_v2.csv,1813,-1,0,0,0.03292045742273331,1
mqtt_preprocessed_v2.csv,1814,-1,0,0,0.0048898677341639996,1
mqtt_preprocessed_v2.csv,1815,-1,0,0,0.0017310574185103178,1
mqtt_preprocessed_v2.csv,1816,-1,0,0,0.0010158828226849437,1
mqtt_preprocessed_v2.csv,1817,-1,0,0,0.003689018078148365,1
mqtt_preprocessed_v2.csv,1818,-1,0,0,0.0016938402550294995,1
mqtt_preprocessed_v2.csv,1819,-1,0,0,0.033281952142715454,1
mqtt_preprocessed_v2.csv,1820,-1,0,0,0.0035246091429144144,1
mqtt_preprocessed_v2.csv,1821,-1,0,0,0.0009553804993629456,1
mqtt_preprocessed_v2.csv,1822,-1,0,0,0.027467161417007446,1
mqtt_preprocessed_v2.csv,1823,-1,0,0,0.0016596295172348619,1
mqtt_preprocessed_v2.csv,1824,-1,0,0,0.011240484192967415,1
mqtt_preprocessed_v2.csv,1825,-1,0,0,0.002970437752082944,1
mqtt_preprocessed_v2.csv,1826,-1,0,0,0.0010210819309577346,1
mqtt_preprocessed_v2.csv,1827,-1,0,0,0.0008907917654141784,1
mqtt_preprocessed_v2.csv,1828,-1,0,0,0.07181533426046371,1
mqtt_preprocessed_v2.csv,1829,-1,0,0,0.001976581057533622,1
mqtt_preprocessed_v2.csv,1830,-1,0,0,0.0015085134655237198,1
mqtt_preprocessed_v2.csv,1831,-1,0,0,0.008093480952084064,1
mqtt_preprocessed_v2.csv,1832,-1,0,0,0.0032988989260047674,1
mqtt_preprocessed_v2.csv,1833,-1,0,0,0.00160780712030828,1
mqtt_preprocessed_v2.csv,1834,-1,0,0,0.0028591020964086056,1
mqtt_preprocessed_v2.csv,1835,-1,0,0,0.0026976277586072683,1
mqtt_preprocessed_v2.csv,1836,-1,0,0,0.0038236554246395826,1
mqtt_preprocessed_v2.csv,1837,-1,0,0,0.0033129185903817415,1
mqtt_preprocessed_v2.csv,1838,-1,0,0,0.03601999208331108,1
mqtt_preprocessed_v2.csv,1839,-1,0,0,0.000690101005602628,1
mqtt_preprocessed_v2.csv,1840,-1,0,0,0.0899510309100151,1
mqtt_preprocessed_v2.csv,1841,-1,0,0,0.0007907082908786833,1
mqtt_preprocessed_v2.csv,1842,-1,0,0,0.004759236704558134,1
mqtt_preprocessed_v2.csv,1843,-1,0,0,0.007278024218976498,1
mqtt_preprocessed_v2.csv,1844,-1,0,0,0.0029901734087616205,1
mqtt_preprocessed_v2.csv,1845,-1,0,0,0.003022853285074234,1
mqtt_preprocessed_v2.csv,1846,-1,0,0,0.0016904763178899884,1
mqtt_preprocessed_v2.csv,1847,-1,0,0,0.0008447534637525678,1
mqtt_preprocessed_v2.csv,1848,-1,0,0,0.0006450385553762317,1
mqtt_preprocessed_v2.csv,1849,-1,0,0,0.0010627112351357937,1
mqtt_preprocessed_v2.csv,1850,-1,0,0,0.18170730769634247,1
mqtt_preprocessed_v2.csv,1851,-1,0,0,0.00424059247598052,1
mqtt_preprocessed_v2.csv,1852,-1,0,0,0.03709539771080017,1
mqtt_preprocessed_v2.csv,1853,-1,0,0,0.00554144661873579,1
mqtt_preprocessed_v2.csv,1854,-1,0,0,0.0017248457297682762,1
mqtt_preprocessed_v2.csv,1855,-1,0,0,0.003344155615195632,1
mqtt_preprocessed_v2.csv,1856,-1,0,0,0.0038403526414185762,1
mqtt_preprocessed_v2.csv,1857,-1,0,0,0.0036878110840916634,1
mqtt_preprocessed_v2.csv,1858,-1,0,0,0.0016906245145946741,1
mqtt_preprocessed_v2.csv,1859,-1,0,0,0.005612606648355722,1
mqtt_preprocessed_v2.csv,1860,-1,0,0,0.004797203931957483,1
mqtt_preprocessed_v2.csv,1861,-1,0,0,0.00106298818718642,1
mqtt_preprocessed_v2.csv,1862,-1,0,0,0.0014882810646668077,1
mqtt_preprocessed_v2.csv,1863,-1,0,0,0.0031709549948573112,1
mqtt_preprocessed_v2.csv,1864,-1,0,0,0.034597743302583694,1
mqtt_preprocessed_v2.csv,1865,-1,0,0,0.0006510830135084689,1
mqtt_preprocessed_v2.csv,1866,-1,0,0,0.0034203561954200268,1
mqtt_preprocessed_v2.csv,1867,-1,0,0,0.0006068170769140124,1
mqtt_preprocessed_v2.csv,1868,-1,0,0,0.0037079909816384315,1
mqtt_preprocessed_v2.csv,1869,-1,0,0,0.0036391164176166058,1
mqtt_preprocessed_v2.csv,1870,-1,0,0,0.0027544929180294275,1
mqtt_preprocessed_v2.csv,1871,-1,0,0,0.004036662634462118,1
mqtt_preprocessed_v2.csv,1872,-1,0,0,0.00392354279756546,1
mqtt_preprocessed_v2.csv,1873,-1,0,0,0.001601711381226778,1
mqtt_preprocessed_v2.csv,1874,-1,0,0,0.0044168997555971146,1
mqtt_preprocessed_v2.csv,1875,-1,0,0,0.003193454584106803,1
mqtt_preprocessed_v2.csv,1876,-1,0,0,0.0016493588918820024,1
mqtt_preprocessed_v2.csv,1877,-1,0,0,0.0014272327534854412,1
mqtt_preprocessed_v2.csv,1878,-1,0,0,0.0006824047304689884,1
mqtt_preprocessed_v2.csv,1879,-1,0,0,0.004071417730301619,1
mqtt_preprocessed_v2.csv,1880,-1,0,0,0.0018465811153873801,1
mqtt_preprocessed_v2.csv,1881,-1,0,0,0.004316417034715414,1
mqtt_preprocessed_v2.csv,1882,-1,0,0,0.001797111239284277,1
mqtt_preprocessed_v2.csv,1883,-1,0,0,0.0007883564685471356,1
mqtt_preprocessed_v2.csv,1884,-1,0,0,0.0017839514184743166,1
mqtt_preprocessed_v2.csv,1885,-1,0,0,0.00263152364641428,1
mqtt_preprocessed_v2.csv,1886,-1,0,0,0.005987148266285658,1
mqtt_preprocessed_v2.csv,1887,-1,0,0,0.0014984386507421732,1
mqtt_preprocessed_v2.csv,1888,-1,0,0,0.032875943928956985,1
mqtt_preprocessed_v2.csv,1889,-1,0,0,0.0013269501505419612,1
mqtt_preprocessed_v2.csv,1890,-1,0,0,0.0016398263396695256,1
mqtt_preprocessed_v2.csv,1891,-1,0,0,0.043171364814043045,1
mqtt_preprocessed_v2.csv,1892,-1,0,0,0.002645250875502825,1
mqtt_preprocessed_v2.csv,1893,-1,0,0,0.002631573937833309,1
mqtt_preprocessed_v2.csv,1894,-1,0,0,0.004380961414426565,1
mqtt_preprocessed_v2.csv,1895,-1,0,0,0.0006355505902320147,1
mqtt_preprocessed_v2.csv,1896,-1,0,0,0.0008466048166155815,1
mqtt_preprocessed_v2.csv,1897,-1,0,0,0.0009292609756812453,1
mqtt_preprocessed_v2.csv,1898,-1,0,0,0.003456813981756568,1
mqtt_preprocessed_v2.csv,1899,-1,0,0,0.001666143536567688,1
mqtt_preprocessed_v2.csv,1900,-1,0,0,0.0037115314044058323,1
mqtt_preprocessed_v2.csv,1901,-1,0,0,0.0005761503125540912,1
mqtt_preprocessed_v2.csv,1902,-1,0,0,0.004333064891397953,1
mqtt_preprocessed_v2.csv,1903,-1,0,0,0.004142759833484888,1
mqtt_preprocessed_v2.csv,1904,-1,0,0,0.0010162227554246783,1
mqtt_preprocessed_v2.csv,1905,-1,0,0,0.000601799285504967,1
mqtt_preprocessed_v2.csv,1906,-1,0,0,0.004145222250372171,1
mqtt_preprocessed_v2.csv,1907,-1,0,0,0.0007303084130398929,1
mqtt_preprocessed_v2.csv,1908,-1,0,0,0.001597526133991778,1
mqtt_preprocessed_v2.csv,1909,-1,0,0,0.005332204978913069,1
mqtt_preprocessed_v2.csv,1910,-1,0,0,0.038563311100006104,1
mqtt_preprocessed_v2.csv,1911,-1,0,0,0.0018846062012016773,1
mqtt_preprocessed_v2.csv,1912,-1,0,0,0.0016559218056499958,1
mqtt_preprocessed_v2.csv,1913,-1,0,0,0.000800972746219486,1
mqtt_preprocessed_v2.csv,1914,-1,0,0,0.003269260749220848,1
mqtt_preprocessed_v2.csv,1915,-1,0,0,0.0029960761312395334,1
mqtt_preprocessed_v2.csv,1916,-1,0,0,0.0031153298914432526,1
mqtt_preprocessed_v2.csv,1917,-1,0,0,0.001410032040439546,1
mqtt_preprocessed_v2.csv,1918,-1,0,0,0.0036406333092600107,1
mqtt_preprocessed_v2.csv,1919,-1,0,0,0.001600245013833046,1
mqtt_preprocessed_v2.csv,1920,-1,0,0,0.004388007335364819,1
mqtt_preprocessed_v2.csv,1921,-1,0,0,0.004177966620773077,1
mqtt_preprocessed_v2.csv,1922,-1,0,0,0.0029098724480718374,1
mqtt_preprocessed_v2.csv,1923,-1,0,0,0.004483512137085199,1
mqtt_preprocessed_v2.csv,1924,-1,0,0,0.0019037919119000435,1
mqtt_preprocessed_v2.csv,1925,-1,0,0,0.0018490226939320564,1
mqtt_preprocessed_v2.csv,1926,-1,0,0,0.09592299163341522,1
mqtt_preprocessed_v2.csv,1927,-1,0,0,0.0016381393652409315,1
mqtt_preprocessed_v2.csv,1928,-1,0,0,0.003246747422963381,1
mqtt_preprocessed_v2.csv,1929,-1,0,0,0.0008432134054601192,1
mqtt_preprocessed_v2.csv,1930,-1,0,0,0.004768243059515953,1
mqtt_preprocessed_v2.csv,1931,-1,0,0,0.0016427955124527216,1
mqtt_preprocessed_v2.csv,1932,-1,0,0,0.003799101570621133,1
mqtt_preprocessed_v2.csv,1933,-1,0,0,0.0009099940652959049,1
mqtt_preprocessed_v2.csv,1934,-1,0,0,0.0034984329249709845,1
mqtt_preprocessed_v2.csv,1935,-1,0,0,0.003310584230348468,1
mqtt_preprocessed_v2.csv,1936,-1,0,0,0.0009317753138020635,1
mqtt_preprocessed_v2.csv,1937,-1,0,0,0.003148741088807583,1
mqtt_preprocessed_v2.csv,1938,-1,0,0,0.046277593821287155,1
mqtt_preprocessed_v2.csv,1939,-1,0,0,0.002126357052475214,1
mqtt_preprocessed_v2.csv,1940,-1,0,0,0.002253137528896332,1
mqtt_preprocessed_v2.csv,1941,-1,0,0,0.0006139661418274045,1
mqtt_preprocessed_v2.csv,1942,-1,0,0,0.0007843793136999011,1
mqtt_preprocessed_v2.csv,1943,-1,0,0,0.05000113695859909,1
mqtt_preprocessed_v2.csv,1944,-1,0,0,0.0006695639458484948,1
mqtt_preprocessed_v2.csv,1945,-1,0,0,0.01145416684448719,1
mqtt_preprocessed_v2.csv,1946,-1,0,0,0.004879381973296404,1
mqtt_preprocessed_v2.csv,1947,-1,0,0,0.0034982964862138033,1
mqtt_preprocessed_v2.csv,1948,-1,0,0,0.001502549508586526,1
mqtt_preprocessed_v2.csv,1949,-1,0,0,0.0037181407678872347,1
mqtt_preprocessed_v2.csv,1950,-1,0,0,0.15978854894638062,1
mqtt_preprocessed_v2.csv,1951,-1,0,0,0.0034831028897315264,1
mqtt_preprocessed_v2.csv,1952,-1,0,0,0.002679547993466258,1
mqtt_preprocessed_v2.csv,1953,-1,0,0,0.0027178116142749786,1
mqtt_preprocessed_v2.csv,1954,-1,0,0,0.0035327239893376827,1
mqtt_preprocessed_v2.csv,1955,-1,0,0,0.002116505056619644,1
mqtt_preprocessed_v2.csv,1956,-1,0,0,0.001065725926309824,1
mqtt_preprocessed_v2.csv,1957,-1,0,0,0.003114204853773117,1
mqtt_preprocessed_v2.csv,1958,-1,0,0,0.0007581858080811799,1
mqtt_preprocessed_v2.csv,1959,-1,0,0,0.0032686530612409115,1
mqtt_preprocessed_v2.csv,1960,-1,0,0,0.001175484387204051,1
mqtt_preprocessed_v2.csv,1961,-1,0,0,0.003784263739362359,1
mqtt_preprocessed_v2.csv,1962,-1,0,0,0.002834285143762827,1
mqtt_preprocessed_v2.csv,1963,-1,0,0,0.0008987606852315366,1
mqtt_preprocessed_v2.csv,1964,-1,0,0,0.005935389082878828,1
mqtt_preprocessed_v2.csv,1965,-1,0,0,0.0016734813107177615,1
mqtt_preprocessed_v2.csv,1966,-1,0,0,0.0029931035824120045,1
mqtt_preprocessed_v2.csv,1967,-1,0,0,0.0032119089737534523,1
mqtt_preprocessed_v2.csv,1968,-1,0,0,0.06383289396762848,1
mqtt_preprocessed_v2.csv,1969,-1,0,0,0.0038002782966941595,1
mqtt_preprocessed_v2.csv,1970,-1,0,0,0.000838570122141391,1
mqtt_preprocessed_v2.csv,1971,-1,0,0,0.040095362812280655,1
mqtt_preprocessed_v2.csv,1972,-1,0,0,0.003123789792880416,1
mqtt_preprocessed_v2.csv,1973,-1,0,0,0.0019395641284063458,1
mqtt_preprocessed_v2.csv,1974,-1,0,0,0.0016459383768960834,1
mqtt_preprocessed_v2.csv,1975,-1,0,0,0.044223908334970474,1
mqtt_preprocessed_v2.csv,1976,-1,0,0,0.0015325740678235888,1
mqtt_preprocessed_v2.csv,1977,-1,0,0,0.003412530990317464,1
mqtt_preprocessed_v2.csv,1978,-1,0,0,0.0017077039228752255,1
mqtt_preprocessed_v2.csv,1979,-1,0,0,0.003856381867080927,1
mqtt_preprocessed_v2.csv,1980,-1,0,0,0.0008738254546187818,1
mqtt_preprocessed_v2.csv,1981,-1,0,0,0.0006706757703796029,1
mqtt_preprocessed_v2.csv,1982,-1,0,0,0.004589402582496405,1
mqtt_preprocessed_v2.csv,1983,-1,0,0,0.00319787603802979,1
mqtt_preprocessed_v2.csv,1984,-1,0,0,0.0016921316273510456,1
mqtt_preprocessed_v2.csv,1985,-1,0,0,0.003627134021371603,1
mqtt_preprocessed_v2.csv,1986,-1,0,0,0.0016016336157917976,1
mqtt_preprocessed_v2.csv,1987,-1,0,0,0.003868108382448554,1
mqtt_preprocessed_v2.csv,1988,-1,0,0,0.0016290482599288225,1
mqtt_preprocessed_v2.csv,1989,-1,0,0,0.005453403573483229,1
mqtt_preprocessed_v2.csv,1990,-1,0,0,0.05377636477351189,1
mqtt_preprocessed_v2.csv,1991,-1,0,0,0.0016370993107557297,1
mqtt_preprocessed_v2.csv,1992,-1,0,0,0.0016238883836194873,1
mqtt_preprocessed_v2.csv,1993,-1,0,0,0.0037452762480825186,1
mqtt_preprocessed_v2.csv,1994,-1,0,0,0.002996857976540923,1
mqtt_preprocessed_v2.csv,1995,-1,0,0,0.005164829082787037,1
mqtt_preprocessed_v2.csv,1996,-1,0,0,0.03277868777513504,1
mqtt_preprocessed_v2.csv,1997,-1,0,0,0.00147039326839149,1
mqtt_preprocessed_v2.csv,1998,-1,0,0,0.0364411398768425,1
mqtt_preprocessed_v2.csv,1999,-1,0,0,0.0006782732089050114,1
mqtt_preprocessed_v2.csv,2000,-1,0,0,0.002755008637905121,1
mqtt_preprocessed_v2.csv,2001,-1,0,0,0.0015823586145415902,1
mqtt_preprocessed_v2.csv,2002,-1,0,0,0.0014651260571554303,1
mqtt_preprocessed_v2.csv,2003,-1,0,0,0.004842343274503946,1
mqtt_preprocessed_v2.csv,2004,-1,0,0,0.000709389103576541,1
mqtt_preprocessed_v2.csv,2005,-1,0,0,0.0006950985989533365,1
mqtt_preprocessed_v2.csv,2006,-1,0,0,0.00288941222243011,1
mqtt_preprocessed_v2.csv,2007,-1,0,0,0.03601967915892601,1
mqtt_preprocessed_v2.csv,2008,-1,0,0,0.0016708830371499062,1
mqtt_preprocessed_v2.csv,2009,-1,0,0,0.1632814258337021,1
mqtt_preprocessed_v2.csv,2010,-1,0,0,0.0025641617830842733,1
mqtt_preprocessed_v2.csv,2011,-1,0,0,0.0034821401350200176,1
mqtt_preprocessed_v2.csv,2012,-1,0,0,0.0030032664071768522,1
mqtt_preprocessed_v2.csv,2013,-1,0,0,0.0006205710233189166,1
mqtt_preprocessed_v2.csv,2014,-1,0,0,0.0007686660974286497,1
mqtt_preprocessed_v2.csv,2015,-1,0,0,0.0009793982608243823,1
mqtt_preprocessed_v2.csv,2016,-1,0,0,0.0016686621820554137,1
mqtt_preprocessed_v2.csv,2017,-1,0,0,0.002451379783451557,1
mqtt_preprocessed_v2.csv,2018,-1,0,0,0.004477508366107941,1
mqtt_preprocessed_v2.csv,2019,-1,0,0,0.0076497639529407024,1
mqtt_preprocessed_v2.csv,2020,-1,0,0,0.001574336551129818,1
mqtt_preprocessed_v2.csv,2021,-1,0,0,0.0008120562415570021,1
mqtt_preprocessed_v2.csv,2022,-1,0,0,0.0036399811506271362,1
mqtt_preprocessed_v2.csv,2023,-1,0,0,0.0036460005212575197,1
mqtt_preprocessed_v2.csv,2024,-1,0,0,0.004867431242018938,1
mqtt_preprocessed_v2.csv,2025,-1,0,0,0.024682022631168365,1
mqtt_preprocessed_v2.csv,2026,-1,0,0,0.0482102632522583,1
mqtt_preprocessed_v2.csv,2027,-1,0,0,0.005103850271552801,1
mqtt_preprocessed_v2.csv,2028,-1,0,0,0.0010978124337270856,1
mqtt_preprocessed_v2.csv,2029,-1,0,0,0.0025490419939160347,1
mqtt_preprocessed_v2.csv,2030,-1,0,0,0.004141367506235838,1
mqtt_preprocessed_v2.csv,2031,-1,0,0,0.001728396280668676,1
mqtt_preprocessed_v2.csv,2032,-1,0,0,0.0025577826891094446,1
mqtt_preprocessed_v2.csv,2033,-1,0,0,0.004590929951518774,1
mqtt_preprocessed_v2.csv,2034,-1,0,0,0.08713134378194809,1
mqtt_preprocessed_v2.csv,2035,-1,0,0,0.00833586510270834,1
mqtt_preprocessed_v2.csv,2036,-1,0,0,0.0013083801604807377,1
mqtt_preprocessed_v2.csv,2037,-1,0,0,0.000665948202367872,1
mqtt_preprocessed_v2.csv,2038,-1,0,0,0.0007935522007755935,1
mqtt_preprocessed_v2.csv,2039,-1,0,0,0.03004375658929348,1
mqtt_preprocessed_v2.csv,2040,-1,0,0,0.0005923419957980514,1
mqtt_preprocessed_v2.csv,2041,-1,0,0,0.004008747171610594,1
mqtt_preprocessed_v2.csv,2042,-1,0,0,0.0077982996590435505,1
mqtt_preprocessed_v2.csv,2043,-1,0,0,0.0010673698270693421,1
mqtt_preprocessed_v2.csv,2044,-1,0,0,0.00488248560577631,1
mqtt_preprocessed_v2.csv,2045,-1,0,0,0.0043083298951387405,1
mqtt_preprocessed_v2.csv,2046,-1,0,0,0.0018315485212951899,1
mqtt_preprocessed_v2.csv,2047,-1,0,0,0.03983914479613304,1
mqtt_preprocessed_v2.csv,2048,-1,0,0,0.0031620715744793415,1
mqtt_preprocessed_v2.csv,2049,-1,0,0,0.0007714546518400311,1
mqtt_preprocessed_v2.csv,2050,-1,0,0,0.00147011480294168,1
mqtt_preprocessed_v2.csv,2051,-1,0,0,0.001450171461328864,1
mqtt_preprocessed_v2.csv,2052,-1,0,0,0.0019060304621234536,1
mqtt_preprocessed_v2.csv,2053,-1,0,0,0.0647842139005661,1
mqtt_preprocessed_v2.csv,2054,-1,0,0,0.001963794929906726,1
mqtt_preprocessed_v2.csv,2055,-1,0,0,0.0032170270569622517,1
mqtt_preprocessed_v2.csv,2056,-1,0,0,0.053169697523117065,1
mqtt_preprocessed_v2.csv,2057,-1,0,0,0.05894938111305237,1
mqtt_preprocessed_v2.csv,2058,-1,0,0,0.0050998227670788765,1
mqtt_preprocessed_v2.csv,2059,-1,0,0,0.0030397071968764067,1
mqtt_preprocessed_v2.csv,2060,-1,0,0,0.0006568928947672248,1
mqtt_preprocessed_v2.csv,2061,-1,0,0,0.0033845696598291397,1
mqtt_preprocessed_v2.csv,2062,-1,0,0,0.001474699703976512,1
mqtt_preprocessed_v2.csv,2063,-1,0,0,0.0019562961533665657,1
mqtt_preprocessed_v2.csv,2064,-1,0,0,0.04478471726179123,1
mqtt_preprocessed_v2.csv,2065,-1,0,0,0.14450907707214355,1
mqtt_preprocessed_v2.csv,2066,-1,0,0,0.0007179962703958154,1
mqtt_preprocessed_v2.csv,2067,-1,0,0,0.0013683215947821736,1
mqtt_preprocessed_v2.csv,2068,-1,0,0,0.0009002343285828829,1
mqtt_preprocessed_v2.csv,2069,-1,0,0,0.0009077498689293861,1
mqtt_preprocessed_v2.csv,2070,-1,0,0,0.0659983828663826,1
mqtt_preprocessed_v2.csv,2071,-1,0,0,0.0010721769649535418,1
mqtt_preprocessed_v2.csv,2072,-1,0,0,0.0015639360062777996,1
mqtt_preprocessed_v2.csv,2073,-1,0,0,0.0007167424191720784,1
mqtt_preprocessed_v2.csv,2074,-1,0,0,0.000837401021271944,1
mqtt_preprocessed_v2.csv,2075,-1,0,0,0.047278013080358505,1
mqtt_preprocessed_v2.csv,2076,-1,0,0,0.0016183240804821253,1
mqtt_preprocessed_v2.csv,2077,-1,0,0,0.003772410796955228,1
mqtt_preprocessed_v2.csv,2078,-1,0,0,0.004330523312091827,1
mqtt_preprocessed_v2.csv,2079,-1,0,0,0.10415958613157272,1
mqtt_preprocessed_v2.csv,2080,-1,0,0,0.0021568245720118284,1
mqtt_preprocessed_v2.csv,2081,-1,0,0,0.04132607951760292,1
mqtt_preprocessed_v2.csv,2082,-1,0,0,0.0014418145874515176,1
mqtt_preprocessed_v2.csv,2083,-1,0,0,0.0021172845736145973,1
mqtt_preprocessed_v2.csv,2084,-1,0,0,0.0006750092725269496,1
mqtt_preprocessed_v2.csv,2085,-1,0,0,0.0006335718207992613,1
mqtt_preprocessed_v2.csv,2086,-1,0,0,0.0005924126598984003,1
mqtt_preprocessed_v2.csv,2087,-1,0,0,0.0006220709765329957,1
mqtt_preprocessed_v2.csv,2088,-1,0,0,0.0023933472111821175,1
mqtt_preprocessed_v2.csv,2089,-1,0,0,0.0030851364135742188,1
mqtt_preprocessed_v2.csv,2090,-1,0,0,0.0015015725512057543,1
mqtt_preprocessed_v2.csv,2091,-1,0,0,0.0036593524273484945,1
mqtt_preprocessed_v2.csv,2092,-1,0,0,0.22799023985862732,1
mqtt_preprocessed_v2.csv,2093,-1,0,0,0.0029886048287153244,1
mqtt_preprocessed_v2.csv,2094,-1,0,0,0.005049563944339752,1
mqtt_preprocessed_v2.csv,2095,-1,0,1,0.6382598876953125,0
mqtt_preprocessed_v2.csv,2096,-1,0,0,0.002832922851666808,1
mqtt_preprocessed_v2.csv,2097,-1,0,0,0.0005839504883624613,1
mqtt_preprocessed_v2.csv,2098,-1,0,0,0.001479383441619575,1
mqtt_preprocessed_v2.csv,2099,-1,0,0,0.0037476010620594025,1
mqtt_preprocessed_v2.csv,2100,-1,0,0,0.004053729586303234,1
mqtt_preprocessed_v2.csv,2101,-1,0,0,0.000737358583137393,1
mqtt_preprocessed_v2.csv,2102,-1,0,0,0.0006920666783116758,1
mqtt_preprocessed_v2.csv,2103,-1,0,0,0.0015210660640150309,1
mqtt_preprocessed_v2.csv,2104,-1,0,0,0.0027652953285723925,1
mqtt_preprocessed_v2.csv,2105,-1,0,0,0.0033256772439926863,1
mqtt_preprocessed_v2.csv,2106,-1,0,0,0.00463462108746171,1
mqtt_preprocessed_v2.csv,2107,-1,0,0,0.004139566328376532,1
mqtt_preprocessed_v2.csv,2108,-1,0,0,0.000917674507945776,1
mqtt_preprocessed_v2.csv,2109,-1,0,0,0.0026184876915067434,1
mqtt_preprocessed_v2.csv,2110,-1,0,0,0.005500147584825754,1
mqtt_preprocessed_v2.csv,2111,-1,0,0,0.002092093462124467,1
mqtt_preprocessed_v2.csv,2112,-1,0,0,0.0018861909629777074,1
mqtt_preprocessed_v2.csv,2113,-1,0,0,0.0019414258422330022,1
mqtt_preprocessed_v2.csv,2114,-1,0,0,0.0035553628113120794,1
mqtt_preprocessed_v2.csv,2115,-1,0,0,0.00661397073417902,1
mqtt_preprocessed_v2.csv,2116,-1,0,0,0.0034356326796114445,1
mqtt_preprocessed_v2.csv,2117,-1,0,0,0.000825883646029979,1
mqtt_preprocessed_v2.csv,2118,-1,0,0,0.001406865194439888,1
mqtt_preprocessed_v2.csv,2119,-1,0,0,0.0007332810200750828,1
mqtt_preprocessed_v2.csv,2120,-1,0,0,0.0009918611031025648,1
mqtt_preprocessed_v2.csv,2121,-1,0,0,0.004726361483335495,1
mqtt_preprocessed_v2.csv,2122,-1,0,0,0.001793485484085977,1
mqtt_preprocessed_v2.csv,2123,-1,0,0,0.0016029082471504807,1
mqtt_preprocessed_v2.csv,2124,-1,0,0,0.0018616768065840006,1
mqtt_preprocessed_v2.csv,2125,-1,0,0,0.0006735132774338126,1
mqtt_preprocessed_v2.csv,2126,-1,0,0,0.0007881768979132175,1
mqtt_preprocessed_v2.csv,2127,-1,0,0,0.0059284609742462635,1
mqtt_preprocessed_v2.csv,2128,-1,0,0,0.001598403905518353,1
mqtt_preprocessed_v2.csv,2129,-1,0,0,0.0017192200757563114,1
mqtt_preprocessed_v2.csv,2130,-1,0,0,0.0014566545141860843,1
mqtt_preprocessed_v2.csv,2131,-1,0,0,0.001668740063905716,1
mqtt_preprocessed_v2.csv,2132,-1,0,0,0.002178145805373788,1
mqtt_preprocessed_v2.csv,2133,-1,0,0,0.038029883056879044,1
mqtt_preprocessed_v2.csv,2134,-1,0,0,0.06608489900827408,1
mqtt_preprocessed_v2.csv,2135,-1,0,0,0.0020320687908679247,1
mqtt_preprocessed_v2.csv,2136,-1,0,0,0.0017039135564118624,1
mqtt_preprocessed_v2.csv,2137,-1,0,0,0.0014249321538954973,1
mqtt_preprocessed_v2.csv,2138,-1,0,0,0.0014375615864992142,1
mqtt_preprocessed_v2.csv,2139,-1,0,0,0.0016137033235281706,1
mqtt_preprocessed_v2.csv,2140,-1,0,0,0.0015887520276010036,1
mqtt_preprocessed_v2.csv,2141,-1,0,0,0.003456756006926298,1
mqtt_preprocessed_v2.csv,2142,-1,0,0,0.0013665035367012024,1
mqtt_preprocessed_v2.csv,2143,-1,0,0,0.0073524778708815575,1
mqtt_preprocessed_v2.csv,2144,-1,0,0,0.0036043599247932434,1
mqtt_preprocessed_v2.csv,2145,-1,0,0,0.0006962993065826595,1
mqtt_preprocessed_v2.csv,2146,-1,0,0,0.0011470764875411987,1
mqtt_preprocessed_v2.csv,2147,-1,0,0,0.003073563566431403,1
mqtt_preprocessed_v2.csv,2148,-1,0,0,0.001228769076988101,1
mqtt_preprocessed_v2.csv,2149,-1,0,0,0.004572123289108276,1
mqtt_preprocessed_v2.csv,2150,-1,0,0,0.05297139286994934,1
mqtt_preprocessed_v2.csv,2151,-1,0,0,0.0030247389804571867,1
mqtt_preprocessed_v2.csv,2152,-1,0,0,0.000689141103066504,1
mqtt_preprocessed_v2.csv,2153,-1,0,0,0.0017954586073756218,1
mqtt_preprocessed_v2.csv,2154,-1,0,0,0.0009569127578288317,1
mqtt_preprocessed_v2.csv,2155,-1,0,0,0.0021854452788829803,1
mqtt_preprocessed_v2.csv,2156,-1,0,0,0.022172214463353157,1
mqtt_preprocessed_v2.csv,2157,-1,0,0,0.0014058086089789867,1
mqtt_preprocessed_v2.csv,2158,-1,0,0,0.0006613402510993183,1
mqtt_preprocessed_v2.csv,2159,-1,0,0,0.0019456504378467798,1
mqtt_preprocessed_v2.csv,2160,-1,0,0,0.0032810643315315247,1
mqtt_preprocessed_v2.csv,2161,-1,0,0,0.0006794704240746796,1
mqtt_preprocessed_v2.csv,2162,-1,0,0,0.000823505746666342,1
mqtt_preprocessed_v2.csv,2163,-1,0,0,0.003110168967396021,1
mqtt_preprocessed_v2.csv,2164,-1,0,0,0.0021460556890815496,1
mqtt_preprocessed_v2.csv,2165,-1,0,0,0.0006749674212187529,1
mqtt_preprocessed_v2.csv,2166,-1,0,0,0.0024496011901646852,1
mqtt_preprocessed_v2.csv,2167,-1,0,0,0.0017582094296813011,1
mqtt_preprocessed_v2.csv,2168,-1,0,0,0.0021908071357756853,1
mqtt_preprocessed_v2.csv,2169,-1,0,0,0.0016689958283677697,1
mqtt_preprocessed_v2.csv,2170,-1,0,0,0.002037494909018278,1
mqtt_preprocessed_v2.csv,2171,-1,0,0,0.0034545869566500187,1
mqtt_preprocessed_v2.csv,2172,-1,0,0,0.0008269231766462326,1
mqtt_preprocessed_v2.csv,2173,-1,0,0,0.0006796213565394282,1
mqtt_preprocessed_v2.csv,2174,-1,0,0,0.004639062099158764,1
mqtt_preprocessed_v2.csv,2175,-1,0,0,0.003551885951310396,1
mqtt_preprocessed_v2.csv,2176,-1,0,0,0.0007101892260834575,1
mqtt_preprocessed_v2.csv,2177,-1,0,0,0.04000722989439964,1
mqtt_preprocessed_v2.csv,2178,-1,0,0,0.0015691134613007307,1
mqtt_preprocessed_v2.csv,2179,-1,0,0,0.0014476452488452196,1
mqtt_preprocessed_v2.csv,2180,-1,0,0,0.00371158798225224,1
mqtt_preprocessed_v2.csv,2181,-1,0,0,0.007867932319641113,1
mqtt_preprocessed_v2.csv,2182,-1,0,0,0.0013575900811702013,1
mqtt_preprocessed_v2.csv,2183,-1,0,0,0.001658872002735734,1
mqtt_preprocessed_v2.csv,2184,-1,0,0,0.0016545257531106472,1
mqtt_preprocessed_v2.csv,2185,-1,0,0,0.0006555838044732809,1
mqtt_preprocessed_v2.csv,2186,-1,0,0,0.003164233872666955,1
mqtt_preprocessed_v2.csv,2187,-1,0,0,0.0014066742733120918,1
mqtt_preprocessed_v2.csv,2188,-1,0,0,0.004494945053011179,1
mqtt_preprocessed_v2.csv,2189,-1,0,0,0.0007195168873295188,1
mqtt_preprocessed_v2.csv,2190,-1,0,0,0.0036876078229397535,1
mqtt_preprocessed_v2.csv,2191,-1,0,0,0.0033797333016991615,1
mqtt_preprocessed_v2.csv,2192,-1,0,0,0.0014489995082840323,1
mqtt_preprocessed_v2.csv,2193,-1,0,0,0.0014547636965289712,1
mqtt_preprocessed_v2.csv,2194,-1,0,0,0.0015717855421826243,1
mqtt_preprocessed_v2.csv,2195,-1,0,0,0.003247583983466029,1
mqtt_preprocessed_v2.csv,2196,-1,0,0,0.003883506404235959,1
mqtt_preprocessed_v2.csv,2197,-1,0,0,0.0032980055548250675,1
mqtt_preprocessed_v2.csv,2198,-1,0,0,0.003504762426018715,1
mqtt_preprocessed_v2.csv,2199,-1,0,0,0.003642790485173464,1
mqtt_preprocessed_v2.csv,2200,-1,0,0,0.003361357608810067,1
mqtt_preprocessed_v2.csv,2201,-1,0,0,0.0021407969761639833,1
mqtt_preprocessed_v2.csv,2202,-1,0,0,0.0006438141572289169,1
mqtt_preprocessed_v2.csv,2203,-1,0,0,0.0016895061125978827,1
mqtt_preprocessed_v2.csv,2204,-1,0,0,0.0006584256771020591,1
mqtt_preprocessed_v2.csv,2205,-1,0,0,0.003562889527529478,1
mqtt_preprocessed_v2.csv,2206,-1,0,0,0.0032233574893325567,1
mqtt_preprocessed_v2.csv,2207,-1,0,0,0.0036111974623054266,1
mqtt_preprocessed_v2.csv,2208,-1,0,0,0.0019011100521311164,1
mqtt_preprocessed_v2.csv,2209,-1,0,0,0.0034763538278639317,1
mqtt_preprocessed_v2.csv,2210,-1,0,0,0.004275063518434763,1
mqtt_preprocessed_v2.csv,2211,-1,0,0,0.0018864547600969672,1
mqtt_preprocessed_v2.csv,2212,-1,0,0,0.002936456585302949,1
mqtt_preprocessed_v2.csv,2213,-1,0,0,0.004881626460701227,1
mqtt_preprocessed_v2.csv,2214,-1,0,0,0.004010018892586231,1
mqtt_preprocessed_v2.csv,2215,-1,0,0,0.0037269634194672108,1
mqtt_preprocessed_v2.csv,2216,-1,0,0,0.003307805396616459,1
mqtt_preprocessed_v2.csv,2217,-1,0,0,0.005046862177550793,1
mqtt_preprocessed_v2.csv,2218,-1,0,0,0.03460168093442917,1
mqtt_preprocessed_v2.csv,2219,-1,0,0,0.004331975243985653,1
mqtt_preprocessed_v2.csv,2220,-1,0,0,0.005215462762862444,1
mqtt_preprocessed_v2.csv,2221,-1,0,0,0.004283946473151445,1
mqtt_preprocessed_v2.csv,2222,-1,0,0,0.0017058613011613488,1
mqtt_preprocessed_v2.csv,2223,-1,0,0,0.003570809494704008,1
mqtt_preprocessed_v2.csv,2224,-1,0,0,0.001948693417944014,1
mqtt_preprocessed_v2.csv,2225,-1,0,0,0.036069002002477646,1
mqtt_preprocessed_v2.csv,2226,-1,0,0,0.0032153057400137186,1
mqtt_preprocessed_v2.csv,2227,-1,0,0,0.002002172404900193,1
mqtt_preprocessed_v2.csv,2228,-1,0,0,0.0034651535097509623,1
mqtt_preprocessed_v2.csv,2229,-1,0,0,0.003597793634980917,1
mqtt_preprocessed_v2.csv,2230,-1,0,0,0.0029633755329996347,1
mqtt_preprocessed_v2.csv,2231,-1,0,0,0.0019041707273572683,1
mqtt_preprocessed_v2.csv,2232,-1,0,0,0.0030641157645732164,1
mqtt_preprocessed_v2.csv,2233,-1,0,0,0.0033979828003793955,1
mqtt_preprocessed_v2.csv,2234,-1,0,0,0.002552236430346966,1
mqtt_preprocessed_v2.csv,2235,-1,0,0,0.0014940901892259717,1
mqtt_preprocessed_v2.csv,2236,-1,0,0,0.037183914333581924,1
mqtt_preprocessed_v2.csv,2237,-1,0,0,0.0035307640209794044,1
mqtt_preprocessed_v2.csv,2238,-1,0,0,0.0018514619441702962,1
mqtt_preprocessed_v2.csv,2239,-1,0,0,0.001145913265645504,1
mqtt_preprocessed_v2.csv,2240,-1,0,0,0.006178222596645355,1
mqtt_preprocessed_v2.csv,2241,-1,0,0,0.0016471234848722816,1
mqtt_preprocessed_v2.csv,2242,-1,0,0,0.06302304565906525,1
mqtt_preprocessed_v2.csv,2243,-1,0,0,0.0029225393664091825,1
mqtt_preprocessed_v2.csv,2244,-1,0,0,0.001497482880949974,1
mqtt_preprocessed_v2.csv,2245,-1,0,0,0.0036965461913496256,1
mqtt_preprocessed_v2.csv,2246,-1,0,0,0.001720429165288806,1
mqtt_preprocessed_v2.csv,2247,-1,0,0,0.0014910117024555802,1
mqtt_preprocessed_v2.csv,2248,-1,0,0,0.0036815335042774677,1
mqtt_preprocessed_v2.csv,2249,-1,0,0,0.05722902715206146,1
mqtt_preprocessed_v2.csv,2250,-1,0,0,0.0014259387971833348,1
mqtt_preprocessed_v2.csv,2251,-1,0,0,0.0029581517446786165,1
mqtt_preprocessed_v2.csv,2252,-1,0,0,0.0036826040595769882,1
mqtt_preprocessed_v2.csv,2253,-1,0,0,0.004298420622944832,1
mqtt_preprocessed_v2.csv,2254,-1,0,0,0.0461236946284771,1
mqtt_preprocessed_v2.csv,2255,-1,0,0,0.04751589149236679,1
mqtt_preprocessed_v2.csv,2256,-1,0,0,0.003138921456411481,1
mqtt_preprocessed_v2.csv,2257,-1,0,0,0.004025050438940525,1
mqtt_preprocessed_v2.csv,2258,-1,0,0,0.0038783263880759478,1
mqtt_preprocessed_v2.csv,2259,-1,0,0,0.0036332530435174704,1
mqtt_preprocessed_v2.csv,2260,-1,0,0,0.003163048764690757,1
mqtt_preprocessed_v2.csv,2261,-1,0,0,0.15807649493217468,1
mqtt_preprocessed_v2.csv,2262,-1,0,0,0.033852145075798035,1
mqtt_preprocessed_v2.csv,2263,-1,0,0,0.04137272760272026,1
mqtt_preprocessed_v2.csv,2264,-1,0,0,0.0036646085791289806,1
mqtt_preprocessed_v2.csv,2265,-1,0,0,0.0025532112922519445,1
mqtt_preprocessed_v2.csv,2266,-1,0,0,0.0027572631370276213,1
mqtt_preprocessed_v2.csv,2267,-1,0,0,0.04898101091384888,1
mqtt_preprocessed_v2.csv,2268,-1,0,0,0.0010794639820232987,1
mqtt_preprocessed_v2.csv,2269,-1,0,0,0.003524431260302663,1
mqtt_preprocessed_v2.csv,2270,-1,0,0,0.0036304991226643324,1
mqtt_preprocessed_v2.csv,2271,-1,0,0,0.003214717609807849,1
mqtt_preprocessed_v2.csv,2272,-1,0,0,0.11448536813259125,1
mqtt_preprocessed_v2.csv,2273,-1,0,0,0.0022561701480299234,1
mqtt_preprocessed_v2.csv,2274,-1,0,0,0.0014980006963014603,1
mqtt_preprocessed_v2.csv,2275,-1,0,0,0.0032003498636186123,1
mqtt_preprocessed_v2.csv,2276,-1,0,0,0.0016790024237707257,1
mqtt_preprocessed_v2.csv,2277,-1,0,0,0.003035865956917405,1
mqtt_preprocessed_v2.csv,2278,-1,0,0,0.04552324861288071,1
mqtt_preprocessed_v2.csv,2279,-1,0,0,0.004639496095478535,1
mqtt_preprocessed_v2.csv,2280,-1,0,0,0.005806588102132082,1
mqtt_preprocessed_v2.csv,2281,-1,0,0,0.0015660565113648772,1
mqtt_preprocessed_v2.csv,2282,-1,0,0,0.001488011796027422,1
mqtt_preprocessed_v2.csv,2283,-1,0,0,0.0537334606051445,1
mqtt_preprocessed_v2.csv,2284,-1,0,0,0.003159549320116639,1
mqtt_preprocessed_v2.csv,2285,-1,0,0,0.0049554831348359585,1
mqtt_preprocessed_v2.csv,2286,-1,0,0,0.0036964863538742065,1
mqtt_preprocessed_v2.csv,2287,-1,0,0,0.032016292214393616,1
mqtt_preprocessed_v2.csv,2288,-1,0,0,0.0014213081449270248,1
mqtt_preprocessed_v2.csv,2289,-1,0,0,0.004125014413148165,1
mqtt_preprocessed_v2.csv,2290,-1,0,0,0.0036079769488424063,1
mqtt_preprocessed_v2.csv,2291,-1,0,0,0.03593893721699715,1
mqtt_preprocessed_v2.csv,2292,-1,0,0,0.04121984913945198,1
mqtt_preprocessed_v2.csv,2293,-1,0,0,0.0036428875755518675,1
mqtt_preprocessed_v2.csv,2294,-1,0,0,0.0549098402261734,1
mqtt_preprocessed_v2.csv,2295,-1,0,0,0.0034304028376936913,1
mqtt_preprocessed_v2.csv,2296,-1,0,0,0.00107766583096236,1
mqtt_preprocessed_v2.csv,2297,-1,0,0,0.23462527990341187,1
mqtt_preprocessed_v2.csv,2298,-1,0,0,0.0027231236454099417,1
mqtt_preprocessed_v2.csv,2299,-1,0,0,0.0036589873488992453,1
mqtt_preprocessed_v2.csv,2300,-1,0,0,0.004303370136767626,1
mqtt_preprocessed_v2.csv,2301,-1,0,0,0.02362862229347229,1
mqtt_preprocessed_v2.csv,2302,-1,0,0,0.00408162223175168,1
mqtt_preprocessed_v2.csv,2303,-1,0,0,0.0014869557926431298,1
mqtt_preprocessed_v2.csv,2304,-1,0,0,0.003333668690174818,1
mqtt_preprocessed_v2.csv,2305,-1,0,0,0.004141589626669884,1
mqtt_preprocessed_v2.csv,2306,-1,0,0,0.11224082857370377,1
mqtt_preprocessed_v2.csv,2307,-1,0,0,0.0014909789897501469,1
mqtt_preprocessed_v2.csv,2308,-1,0,0,0.1124015748500824,1
mqtt_preprocessed_v2.csv,2309,-1,0,0,0.11387521773576736,1
mqtt_preprocessed_v2.csv,2310,-1,0,0,0.07200770825147629,1
mqtt_preprocessed_v2.csv,2311,-1,0,0,0.05168586224317551,1
mqtt_preprocessed_v2.csv,2312,-1,0,0,0.05389559268951416,1
mqtt_preprocessed_v2.csv,2313,-1,0,0,0.03753724321722984,1
mqtt_preprocessed_v2.csv,2314,-1,0,0,0.004186853300780058,1
mqtt_preprocessed_v2.csv,2315,-1,0,0,0.17670361697673798,1
mqtt_preprocessed_v2.csv,2316,-1,0,0,0.0015789413591846824,1
mqtt_preprocessed_v2.csv,2317,-1,0,0,0.0043106828816235065,1
mqtt_preprocessed_v2.csv,2318,-1,0,0,0.01263037696480751,1
mqtt_preprocessed_v2.csv,2319,-1,0,0,0.20427872240543365,1
mqtt_preprocessed_v2.csv,2320,-1,0,0,0.0027939232531934977,1
mqtt_preprocessed_v2.csv,2321,-1,0,0,0.003427186282351613,1
mqtt_preprocessed_v2.csv,2322,-1,0,0,0.03851941227912903,1
mqtt_preprocessed_v2.csv,2323,-1,0,0,0.00426167156547308,1
mqtt_preprocessed_v2.csv,2324,-1,0,0,0.0025505339726805687,1
mqtt_preprocessed_v2.csv,2325,-1,0,0,0.004264302551746368,1
mqtt_preprocessed_v2.csv,2326,-1,0,0,0.0029899573419243097,1
mqtt_preprocessed_v2.csv,2327,-1,0,0,0.0037001518066972494,1
mqtt_preprocessed_v2.csv,2328,-1,0,0,0.00445267278701067,1
mqtt_preprocessed_v2.csv,2329,-1,0,0,0.0026836849283427,1
mqtt_preprocessed_v2.csv,2330,-1,0,0,0.044421177357435226,1
mqtt_preprocessed_v2.csv,2331,-1,0,0,0.003687323769554496,1
mqtt_preprocessed_v2.csv,2332,-1,0,0,0.003247287357226014,1
mqtt_preprocessed_v2.csv,2333,-1,0,0,0.054231297224760056,1
mqtt_preprocessed_v2.csv,2334,-1,0,0,0.05268845707178116,1
mqtt_preprocessed_v2.csv,2335,-1,0,0,0.003658718429505825,1
mqtt_preprocessed_v2.csv,2336,-1,0,0,0.05224884673953056,1
mqtt_preprocessed_v2.csv,2337,-1,0,0,0.0038585313595831394,1
mqtt_preprocessed_v2.csv,2338,-1,0,0,0.0037157803308218718,1
mqtt_preprocessed_v2.csv,2339,-1,0,0,0.0015769829042255878,1
mqtt_preprocessed_v2.csv,2340,-1,0,0,0.07270769029855728,1
mqtt_preprocessed_v2.csv,2341,-1,0,0,0.0012785772560164332,1
mqtt_preprocessed_v2.csv,2342,-1,0,0,0.026073656976222992,1
mqtt_preprocessed_v2.csv,2343,-1,0,0,0.0035190447233617306,1
mqtt_preprocessed_v2.csv,2344,-1,0,0,0.04553108289837837,1
mqtt_preprocessed_v2.csv,2345,-1,0,0,0.0018778865924105048,1
mqtt_preprocessed_v2.csv,2346,-1,0,0,0.001591962412931025,1
mqtt_preprocessed_v2.csv,2347,-1,0,0,0.0035332392435520887,1
mqtt_preprocessed_v2.csv,2348,-1,0,0,0.0033377050422132015,1
mqtt_preprocessed_v2.csv,2349,-1,0,0,0.11919564008712769,1
mqtt_preprocessed_v2.csv,2350,-1,0,0,0.0012789041502401233,1
mqtt_preprocessed_v2.csv,2351,-1,0,0,0.11608561873435974,1
mqtt_preprocessed_v2.csv,2352,-1,0,0,0.0037339082919061184,1
mqtt_preprocessed_v2.csv,2353,-1,0,0,0.004031413234770298,1
mqtt_preprocessed_v2.csv,2354,-1,0,0,0.0025501102209091187,1
mqtt_preprocessed_v2.csv,2355,-1,0,0,0.004262057598680258,1
mqtt_preprocessed_v2.csv,2356,-1,0,0,0.003832547226920724,1
mqtt_preprocessed_v2.csv,2357,-1,0,0,0.004602095577865839,1
mqtt_preprocessed_v2.csv,2358,-1,0,0,0.004487685859203339,1
mqtt_preprocessed_v2.csv,2359,-1,0,0,0.004395955707877874,1
mqtt_preprocessed_v2.csv,2360,-1,0,0,0.0034857341088354588,1
mqtt_preprocessed_v2.csv,2361,-1,0,0,0.003664652118459344,1
mqtt_preprocessed_v2.csv,2362,-1,0,0,0.003688652068376541,1
mqtt_preprocessed_v2.csv,2363,-1,0,0,0.0038456846959888935,1
mqtt_preprocessed_v2.csv,2364,-1,0,0,0.003008253173902631,1
mqtt_preprocessed_v2.csv,2365,-1,0,0,0.004430461674928665,1
mqtt_preprocessed_v2.csv,2366,-1,0,0,0.0410105437040329,1
mqtt_preprocessed_v2.csv,2367,-1,0,0,0.00470275804400444,1
mqtt_preprocessed_v2.csv,2368,-1,0,1,0.996738612651825,0
mqtt_preprocessed_v2.csv,2369,-1,0,0,0.0013996076304465532,1
mqtt_preprocessed_v2.csv,2370,-1,0,0,0.04887070134282112,1
mqtt_preprocessed_v2.csv,2371,-1,0,0,0.0034962096251547337,1
mqtt_preprocessed_v2.csv,2372,-1,0,0,0.10434228181838989,1
mqtt_preprocessed_v2.csv,2373,-1,0,0,0.001419410458765924,1
mqtt_preprocessed_v2.csv,2374,-1,0,0,0.0033052614890038967,1
mqtt_preprocessed_v2.csv,2375,-1,0,0,0.003780573373660445,1
mqtt_preprocessed_v2.csv,2376,-1,0,0,0.00640419777482748,1
mqtt_preprocessed_v2.csv,2377,-1,0,0,0.03266146406531334,1
mqtt_preprocessed_v2.csv,2378,-1,0,0,0.21502776443958282,1
mqtt_preprocessed_v2.csv,2379,-1,0,0,0.0446014404296875,1
mqtt_preprocessed_v2.csv,2380,-1,0,0,0.003661206690594554,1
mqtt_preprocessed_v2.csv,2381,-1,0,0,0.002571078483015299,1
mqtt_preprocessed_v2.csv,2382,-1,0,0,0.04479936510324478,1
mqtt_preprocessed_v2.csv,2383,-1,0,0,0.00735649187117815,1
mqtt_preprocessed_v2.csv,2384,-1,0,0,0.0038769706152379513,1
mqtt_preprocessed_v2.csv,2385,-1,0,0,0.0035771774128079414,1
mqtt_preprocessed_v2.csv,2386,-1,0,0,0.05576443672180176,1
mqtt_preprocessed_v2.csv,2387,-1,0,0,0.003229517722502351,1
mqtt_preprocessed_v2.csv,2388,-1,0,0,0.0578632652759552,1
mqtt_preprocessed_v2.csv,2389,-1,0,0,0.002695259405300021,1
mqtt_preprocessed_v2.csv,2390,-1,0,0,0.002989363158121705,1
mqtt_preprocessed_v2.csv,2391,-1,0,0,0.003440780797973275,1
mqtt_preprocessed_v2.csv,2392,-1,0,0,0.0029158578254282475,1
mqtt_preprocessed_v2.csv,2393,-1,0,0,0.002550281584262848,1
mqtt_preprocessed_v2.csv,2394,-1,0,0,0.0027422024868428707,1
mqtt_preprocessed_v2.csv,2395,-1,0,0,0.004020325839519501,1
mqtt_preprocessed_v2.csv,2396,-1,0,0,0.004292167257517576,1
mqtt_preprocessed_v2.csv,2397,-1,0,0,0.002568295458331704,1
mqtt_preprocessed_v2.csv,2398,-1,0,0,0.0036534483078867197,1
mqtt_preprocessed_v2.csv,2399,-1,0,0,0.0035587195307016373,1
mqtt_preprocessed_v2.csv,2400,-1,0,0,0.0015713322209194303,1
mqtt_preprocessed_v2.csv,2401,-1,0,0,0.004102771170437336,1
mqtt_preprocessed_v2.csv,2402,-1,0,0,0.003257895354181528,1
mqtt_preprocessed_v2.csv,2403,-1,0,0,0.2841331958770752,1
mqtt_preprocessed_v2.csv,2404,-1,0,0,0.0033811854664236307,1
mqtt_preprocessed_v2.csv,2405,-1,0,0,0.003661436028778553,1
mqtt_preprocessed_v2.csv,2406,-1,0,0,0.005533782299607992,1
mqtt_preprocessed_v2.csv,2407,-1,0,0,0.3306368589401245,1
mqtt_preprocessed_v2.csv,2408,-1,0,0,0.0036204743664711714,1
mqtt_preprocessed_v2.csv,2409,-1,0,0,0.0032361354678869247,1
mqtt_preprocessed_v2.csv,2410,-1,0,0,0.0014934464124962687,1
mqtt_preprocessed_v2.csv,2411,-1,0,0,0.0015014753444120288,1
mqtt_preprocessed_v2.csv,2412,-1,0,0,0.04792161285877228,1
mqtt_preprocessed_v2.csv,2413,-1,0,0,0.00362766464240849,1
mqtt_preprocessed_v2.csv,2414,-1,0,0,0.0015741685638204217,1
mqtt_preprocessed_v2.csv,2415,-1,0,0,0.0030779847875237465,1
mqtt_preprocessed_v2.csv,2416,-1,0,0,0.03304404020309448,1
mqtt_preprocessed_v2.csv,2417,-1,0,0,0.0043980455957353115,1
mqtt_preprocessed_v2.csv,2418,-1,0,0,0.0015641163336113095,1
mqtt_preprocessed_v2.csv,2419,-1,0,0,0.23407626152038574,1
mqtt_preprocessed_v2.csv,2420,-1,0,0,0.003554045455530286,1
mqtt_preprocessed_v2.csv,2421,-1,0,0,0.20138181746006012,1
mqtt_preprocessed_v2.csv,2422,-1,0,0,0.004065297078341246,1
mqtt_preprocessed_v2.csv,2423,-1,0,0,0.0017365252133458853,1
mqtt_preprocessed_v2.csv,2424,-1,0,0,0.003563720965757966,1
mqtt_preprocessed_v2.csv,2425,-1,0,0,0.004187676589936018,1
mqtt_preprocessed_v2.csv,2426,-1,0,0,0.0301890280097723,1
mqtt_preprocessed_v2.csv,2427,-1,0,0,0.03783348575234413,1
mqtt_preprocessed_v2.csv,2428,-1,0,0,0.07797326147556305,1
mqtt_preprocessed_v2.csv,2429,-1,0,0,0.003119800705462694,1
mqtt_preprocessed_v2.csv,2430,-1,0,0,0.0012789851753041148,1
mqtt_preprocessed_v2.csv,2431,-1,0,0,0.003663162002339959,1
mqtt_preprocessed_v2.csv,2432,-1,0,0,0.0036761402152478695,1
mqtt_preprocessed_v2.csv,2433,-1,0,0,0.0035978169180452824,1
mqtt_preprocessed_v2.csv,2434,-1,0,0,0.001443958026356995,1
mqtt_preprocessed_v2.csv,2435,-1,0,0,0.049673158675432205,1
mqtt_preprocessed_v2.csv,2436,-1,0,0,0.003650732571259141,1
mqtt_preprocessed_v2.csv,2437,-1,0,0,0.06839492172002792,1
mqtt_preprocessed_v2.csv,2438,-1,0,0,0.002571222372353077,1
mqtt_preprocessed_v2.csv,2439,-1,0,0,0.003564090235158801,1
mqtt_preprocessed_v2.csv,2440,-1,0,0,0.002916262950748205,1
mqtt_preprocessed_v2.csv,2441,-1,0,0,0.001708660158328712,1
mqtt_preprocessed_v2.csv,2442,-1,0,0,0.00363662070594728,1
mqtt_preprocessed_v2.csv,2443,-1,0,0,0.0037041911855340004,1
mqtt_preprocessed_v2.csv,2444,-1,0,0,0.0015709386207163334,1
mqtt_preprocessed_v2.csv,2445,-1,0,0,0.0018097319407388568,1
mqtt_preprocessed_v2.csv,2446,-1,0,0,0.0035310506355017424,1
mqtt_preprocessed_v2.csv,2447,-1,0,0,0.001607079291716218,1
mqtt_preprocessed_v2.csv,2448,-1,0,0,0.04135851189494133,1
mqtt_preprocessed_v2.csv,2449,-1,0,0,0.04880167916417122,1
mqtt_preprocessed_v2.csv,2450,-1,0,0,0.002988857217133045,1
mqtt_preprocessed_v2.csv,2451,-1,0,0,0.0039651766419410706,1
mqtt_preprocessed_v2.csv,2452,-1,0,0,0.03754580765962601,1
mqtt_preprocessed_v2.csv,2453,-1,0,0,0.0042107789777219296,1
mqtt_preprocessed_v2.csv,2454,-1,0,0,0.029352718964219093,1
mqtt_preprocessed_v2.csv,2455,-1,0,0,0.003101534675806761,1
mqtt_preprocessed_v2.csv,2456,-1,0,0,0.025277351960539818,1
mqtt_preprocessed_v2.csv,2457,-1,0,0,0.022235289216041565,1
mqtt_preprocessed_v2.csv,2458,-1,0,0,0.004470387008041143,1
mqtt_preprocessed_v2.csv,2459,-1,0,0,0.0015942621976137161,1
mqtt_preprocessed_v2.csv,2460,-1,0,0,0.09989722073078156,1
mqtt_preprocessed_v2.csv,2461,-1,0,0,0.038968998938798904,1
mqtt_preprocessed_v2.csv,2462,-1,0,0,0.0038558742962777615,1
mqtt_preprocessed_v2.csv,2463,-1,0,0,0.004828869365155697,1
mqtt_preprocessed_v2.csv,2464,-1,0,0,0.00379455485381186,1
mqtt_preprocessed_v2.csv,2465,-1,0,0,0.002549574477598071,1
mqtt_preprocessed_v2.csv,2466,-1,0,0,0.005395605694502592,1
mqtt_preprocessed_v2.csv,2467,-1,0,0,0.003478255355730653,1
mqtt_preprocessed_v2.csv,2468,-1,0,0,0.036982376128435135,1
mqtt_preprocessed_v2.csv,2469,-1,0,0,0.0038537466898560524,1
mqtt_preprocessed_v2.csv,2470,-1,0,0,0.03356310725212097,1
mqtt_preprocessed_v2.csv,2471,-1,0,0,0.0029959280509501696,1
mqtt_preprocessed_v2.csv,2472,-1,0,0,0.0018999819876626134,1
mqtt_preprocessed_v2.csv,2473,-1,0,0,0.0037312910426408052,1
mqtt_preprocessed_v2.csv,2474,-1,0,0,0.03705379739403725,1
mqtt_preprocessed_v2.csv,2475,-1,0,0,0.0036921300925314426,1
mqtt_preprocessed_v2.csv,2476,-1,0,0,0.0015766061842441559,1
mqtt_preprocessed_v2.csv,2477,-1,0,0,0.031345415860414505,1
mqtt_preprocessed_v2.csv,2478,-1,0,0,0.003811230417340994,1
mqtt_preprocessed_v2.csv,2479,-1,0,0,0.0071950857527554035,1
mqtt_preprocessed_v2.csv,2480,-1,0,0,0.0033874965738505125,1
mqtt_preprocessed_v2.csv,2481,-1,0,0,0.004564941395074129,1
mqtt_preprocessed_v2.csv,2482,-1,0,0,0.004532859195023775,1
mqtt_preprocessed_v2.csv,2483,-1,0,0,0.0036401022225618362,1
mqtt_preprocessed_v2.csv,2484,-1,0,0,0.039634618908166885,1
mqtt_preprocessed_v2.csv,2485,-1,0,0,0.03411868214607239,1
mqtt_preprocessed_v2.csv,2486,-1,0,0,0.003435388207435608,1
mqtt_preprocessed_v2.csv,2487,-1,0,0,0.0034873855765908957,1
mqtt_preprocessed_v2.csv,2488,-1,0,0,0.0014994392404332757,1
mqtt_preprocessed_v2.csv,2489,-1,0,0,0.05293220281600952,1
mqtt_preprocessed_v2.csv,2490,-1,0,0,0.0036764543037861586,1
mqtt_preprocessed_v2.csv,2491,-1,0,0,0.0016766326734796166,1
mqtt_preprocessed_v2.csv,2492,-1,0,0,0.005624808836728334,1
mqtt_preprocessed_v2.csv,2493,-1,0,0,0.0055446564219892025,1
mqtt_preprocessed_v2.csv,2494,-1,0,0,0.004782930947840214,1
mqtt_preprocessed_v2.csv,2495,-1,0,0,0.0029888858553022146,1
mqtt_preprocessed_v2.csv,2496,-1,0,0,0.028341781347990036,1
mqtt_preprocessed_v2.csv,2497,-1,0,0,0.00345531920902431,1
mqtt_preprocessed_v2.csv,2498,-1,0,0,0.0036654251161962748,1
mqtt_preprocessed_v2.csv,2499,-1,0,0,0.0033468555193394423,1
mqtt_preprocessed_v2.csv,2500,-1,0,0,0.004032081458717585,1
mqtt_preprocessed_v2.csv,2501,-1,0,0,0.0025461185723543167,1
mqtt_preprocessed_v2.csv,2502,-1,0,0,0.0034409496001899242,1
mqtt_preprocessed_v2.csv,2503,-1,0,0,0.0018904147436842322,1
mqtt_preprocessed_v2.csv,2504,-1,0,0,0.0014183924067765474,1
mqtt_preprocessed_v2.csv,2505,-1,0,0,0.0034534349106252193,1
mqtt_preprocessed_v2.csv,2506,-1,0,0,0.04356470704078674,1
mqtt_preprocessed_v2.csv,2507,-1,0,0,0.0036052491050213575,1
mqtt_preprocessed_v2.csv,2508,-1,0,0,0.034459274262189865,1
mqtt_preprocessed_v2.csv,2509,-1,0,0,0.1393231600522995,1
mqtt_preprocessed_v2.csv,2510,-1,0,0,0.004547493532299995,1
mqtt_preprocessed_v2.csv,2511,-1,0,0,0.0014521351549774408,1
mqtt_preprocessed_v2.csv,2512,-1,0,0,0.003275377443060279,1
mqtt_preprocessed_v2.csv,2513,-1,0,0,0.003425076138228178,1
mqtt_preprocessed_v2.csv,2514,-1,0,0,0.002902198815718293,1
mqtt_preprocessed_v2.csv,2515,-1,0,0,0.00511430948972702,1
mqtt_preprocessed_v2.csv,2516,-1,0,0,0.003468957729637623,1
mqtt_preprocessed_v2.csv,2517,-1,0,0,0.0420253686606884,1
mqtt_preprocessed_v2.csv,2518,-1,0,0,0.05599035695195198,1
mqtt_preprocessed_v2.csv,2519,-1,0,0,0.004553514998406172,1
mqtt_preprocessed_v2.csv,2520,-1,0,0,0.02556931972503662,1
mqtt_preprocessed_v2.csv,2521,-1,0,0,0.0033262937795370817,1
mqtt_preprocessed_v2.csv,2522,-1,0,0,0.0033645955845713615,1
mqtt_preprocessed_v2.csv,2523,-1,0,0,0.003228423185646534,1
mqtt_preprocessed_v2.csv,2524,-1,0,0,0.03766379877924919,1
mqtt_preprocessed_v2.csv,2525,-1,0,0,0.0032822294160723686,1
mqtt_preprocessed_v2.csv,2526,-1,0,0,0.0046718185767531395,1
mqtt_preprocessed_v2.csv,2527,-1,0,0,0.0016693486832082272,1
mqtt_preprocessed_v2.csv,2528,-1,0,0,0.09543068706989288,1
mqtt_preprocessed_v2.csv,2529,-1,0,0,0.0033921650610864162,1
mqtt_preprocessed_v2.csv,2530,-1,0,0,0.0033117802813649178,1
mqtt_preprocessed_v2.csv,2531,-1,0,0,0.005120268557220697,1
mqtt_preprocessed_v2.csv,2532,-1,0,0,0.03165392205119133,1
mqtt_preprocessed_v2.csv,2533,-1,0,0,0.003427723655477166,1
mqtt_preprocessed_v2.csv,2534,-1,0,0,0.028713485226035118,1
mqtt_preprocessed_v2.csv,2535,-1,0,0,0.0032896785996854305,1
mqtt_preprocessed_v2.csv,2536,-1,0,0,0.004541722591966391,1
mqtt_preprocessed_v2.csv,2537,-1,0,0,0.00421867985278368,1
mqtt_preprocessed_v2.csv,2538,-1,0,0,0.035048957914114,1
mqtt_preprocessed_v2.csv,2539,-1,0,0,0.04673256725072861,1
mqtt_preprocessed_v2.csv,2540,-1,0,0,0.0032306122593581676,1
mqtt_preprocessed_v2.csv,2541,-1,0,0,0.10441160947084427,1
mqtt_preprocessed_v2.csv,2542,-1,0,0,0.001444640220142901,1
mqtt_preprocessed_v2.csv,2543,-1,0,0,0.0028183399699628353,1
mqtt_preprocessed_v2.csv,2544,-1,0,0,0.0024846664164215326,1
mqtt_preprocessed_v2.csv,2545,-1,0,0,0.0963962972164154,1
mqtt_preprocessed_v2.csv,2546,-1,0,0,0.004521749448031187,1
mqtt_preprocessed_v2.csv,2547,-1,0,0,0.003034512512385845,1
mqtt_preprocessed_v2.csv,2548,-1,0,0,0.09811706095933914,1
mqtt_preprocessed_v2.csv,2549,-1,0,0,0.003622769843786955,1
mqtt_preprocessed_v2.csv,2550,-1,0,0,0.003461118321865797,1
mqtt_preprocessed_v2.csv,2551,-1,0,0,0.003434000536799431,1
mqtt_preprocessed_v2.csv,2552,-1,0,0,0.004223156720399857,1
mqtt_preprocessed_v2.csv,2553,-1,0,0,0.03074820339679718,1
mqtt_preprocessed_v2.csv,2554,-1,0,0,0.04276806488633156,1
mqtt_preprocessed_v2.csv,2555,-1,0,0,0.05377132445573807,1
mqtt_preprocessed_v2.csv,2556,-1,0,0,0.05219970643520355,1
mqtt_preprocessed_v2.csv,2557,-1,0,0,0.04048418998718262,1
mqtt_preprocessed_v2.csv,2558,-1,0,0,0.025428278371691704,1
mqtt_preprocessed_v2.csv,2559,-1,0,0,0.0036465346347540617,1
mqtt_preprocessed_v2.csv,2560,-1,0,0,0.038374025374650955,1
mqtt_preprocessed_v2.csv,2561,-1,0,0,0.003173593897372484,1
mqtt_preprocessed_v2.csv,2562,-1,0,0,0.0049529350362718105,1
mqtt_preprocessed_v2.csv,2563,-1,0,0,0.0030266002286225557,1
mqtt_preprocessed_v2.csv,2564,-1,0,0,0.003468166571110487,1
mqtt_preprocessed_v2.csv,2565,-1,0,0,0.03245827555656433,1
mqtt_preprocessed_v2.csv,2566,-1,0,0,0.0025631007738411427,1
mqtt_preprocessed_v2.csv,2567,-1,0,0,0.0025863749906420708,1
mqtt_preprocessed_v2.csv,2568,-1,0,0,0.002900115679949522,1
mqtt_preprocessed_v2.csv,2569,-1,0,0,0.003086887998506427,1
mqtt_preprocessed_v2.csv,2570,-1,0,0,0.0034759638365358114,1
mqtt_preprocessed_v2.csv,2571,-1,0,0,0.00332896807231009,1
mqtt_preprocessed_v2.csv,2572,-1,0,0,0.030443742871284485,1
mqtt_preprocessed_v2.csv,2573,-1,0,0,0.22296586632728577,1
mqtt_preprocessed_v2.csv,2574,-1,0,0,0.034480731934309006,1
mqtt_preprocessed_v2.csv,2575,-1,0,0,0.0014581229770556092,1
mqtt_preprocessed_v2.csv,2576,-1,0,0,0.003039210569113493,1
mqtt_preprocessed_v2.csv,2577,-1,0,0,0.005599389784038067,1
mqtt_preprocessed_v2.csv,2578,-1,0,0,0.20690147578716278,1
mqtt_preprocessed_v2.csv,2579,-1,0,0,0.0014187239576131105,1
mqtt_preprocessed_v2.csv,2580,-1,0,0,0.003475514706224203,1
mqtt_preprocessed_v2.csv,2581,-1,0,0,0.0034523194190114737,1
mqtt_preprocessed_v2.csv,2582,-1,0,0,0.05198358744382858,1
mqtt_preprocessed_v2.csv,2583,-1,0,0,0.030486080795526505,1
mqtt_preprocessed_v2.csv,2584,-1,0,0,0.0015187712851911783,1
mqtt_preprocessed_v2.csv,2585,-1,0,0,0.0034483906347304583,1
mqtt_preprocessed_v2.csv,2586,-1,0,0,0.0032593265641480684,1
mqtt_preprocessed_v2.csv,2587,-1,0,0,0.09683971107006073,1
mqtt_preprocessed_v2.csv,2588,-1,0,0,0.0038212002255022526,1
mqtt_preprocessed_v2.csv,2589,-1,0,0,0.0032297633588314056,1
mqtt_preprocessed_v2.csv,2590,-1,0,0,0.0014562509022653103,1
mqtt_preprocessed_v2.csv,2591,-1,0,0,0.004060744773596525,1
mqtt_preprocessed_v2.csv,2592,-1,0,0,0.0035934557672590017,1
mqtt_preprocessed_v2.csv,2593,-1,0,0,0.0025574711617082357,1
mqtt_preprocessed_v2.csv,2594,-1,0,0,0.007644625846296549,1
mqtt_preprocessed_v2.csv,2595,-1,0,0,0.0016357805579900742,1
mqtt_preprocessed_v2.csv,2596,-1,0,0,0.005356780253350735,1
mqtt_preprocessed_v2.csv,2597,-1,0,0,0.11977732181549072,1
mqtt_preprocessed_v2.csv,2598,-1,0,0,0.0016397449653595686,1
mqtt_preprocessed_v2.csv,2599,-1,0,0,0.0028728980105370283,1
mqtt_preprocessed_v2.csv,2600,-1,0,0,0.0033337874338030815,1
mqtt_preprocessed_v2.csv,2601,-1,0,0,0.002881719497963786,1
mqtt_preprocessed_v2.csv,2602,-1,0,0,0.00330421794205904,1
mqtt_preprocessed_v2.csv,2603,-1,0,0,0.10543742775917053,1
mqtt_preprocessed_v2.csv,2604,-1,0,0,0.005176087375730276,1
mqtt_preprocessed_v2.csv,2605,-1,0,0,0.05712967365980148,1
mqtt_preprocessed_v2.csv,2606,-1,0,0,0.026506472378969193,1
mqtt_preprocessed_v2.csv,2607,-1,0,0,0.0034508495591580868,1
mqtt_preprocessed_v2.csv,2608,-1,0,0,0.08981471508741379,1
mqtt_preprocessed_v2.csv,2609,-1,0,0,0.03898635879158974,1
mqtt_preprocessed_v2.csv,2610,-1,0,0,0.03995298966765404,1
mqtt_preprocessed_v2.csv,2611,-1,0,0,0.001651911181397736,1
mqtt_preprocessed_v2.csv,2612,-1,0,0,0.001622601761482656,1
mqtt_preprocessed_v2.csv,2613,-1,0,0,0.026223275810480118,1
mqtt_preprocessed_v2.csv,2614,-1,0,0,0.0034749694168567657,1
mqtt_preprocessed_v2.csv,2615,-1,0,0,0.037843190133571625,1
mqtt_preprocessed_v2.csv,2616,-1,0,0,0.2088279128074646,1
mqtt_preprocessed_v2.csv,2617,-1,0,0,0.0025460519827902317,1
mqtt_preprocessed_v2.csv,2618,-1,0,0,0.0037444084882736206,1
mqtt_preprocessed_v2.csv,2619,-1,0,0,0.00335136940702796,1
mqtt_preprocessed_v2.csv,2620,-1,0,0,0.03549947217106819,1
mqtt_preprocessed_v2.csv,2621,-1,0,0,0.007539900951087475,1
mqtt_preprocessed_v2.csv,2622,-1,0,0,0.11368150264024734,1
mqtt_preprocessed_v2.csv,2623,-1,0,0,0.004006322007626295,1
mqtt_preprocessed_v2.csv,2624,-1,0,0,0.0018540580058470368,1
mqtt_preprocessed_v2.csv,2625,-1,0,0,0.0032485350966453552,1
mqtt_preprocessed_v2.csv,2626,-1,0,0,0.005076950415968895,1
mqtt_preprocessed_v2.csv,2627,-1,0,0,0.19891346991062164,1
mqtt_preprocessed_v2.csv,2628,-1,0,0,0.003831178415566683,1
mqtt_preprocessed_v2.csv,2629,-1,0,0,0.0013938904739916325,1
mqtt_preprocessed_v2.csv,2630,-1,0,0,0.003616336267441511,1
mqtt_preprocessed_v2.csv,2631,-1,0,0,0.0025602837558835745,1
mqtt_preprocessed_v2.csv,2632,-1,0,0,0.0032195723615586758,1
mqtt_preprocessed_v2.csv,2633,-1,0,0,0.07646235823631287,1
mqtt_preprocessed_v2.csv,2634,-1,0,0,0.09018247574567795,1
mqtt_preprocessed_v2.csv,2635,-1,0,0,0.0034701977856457233,1
mqtt_preprocessed_v2.csv,2636,-1,0,0,0.006459406111389399,1
mqtt_preprocessed_v2.csv,2637,-1,0,0,0.003445589682087302,1
mqtt_preprocessed_v2.csv,2638,-1,0,0,0.005013437010347843,1
mqtt_preprocessed_v2.csv,2639,-1,0,0,0.004451113287359476,1
mqtt_preprocessed_v2.csv,2640,-1,0,0,0.03686317801475525,1
mqtt_preprocessed_v2.csv,2641,-1,0,0,0.08800610899925232,1
mqtt_preprocessed_v2.csv,2642,-1,0,0,0.003446197137236595,1
mqtt_preprocessed_v2.csv,2643,-1,0,0,0.008455031551420689,1
mqtt_preprocessed_v2.csv,2644,-1,0,0,0.003251902526244521,1
mqtt_preprocessed_v2.csv,2645,-1,0,0,0.0011323215439915657,1
mqtt_preprocessed_v2.csv,2646,-1,0,0,0.003415356855839491,1
mqtt_preprocessed_v2.csv,2647,-1,0,0,0.0037932193372398615,1
mqtt_preprocessed_v2.csv,2648,-1,0,0,0.004108198452740908,1
mqtt_preprocessed_v2.csv,2649,-1,0,0,0.0015475264517590404,1
mqtt_preprocessed_v2.csv,2650,-1,0,0,0.0033129106741398573,1
mqtt_preprocessed_v2.csv,2651,-1,0,0,0.0012563655618578196,1
mqtt_preprocessed_v2.csv,2652,-1,0,0,0.041638169437646866,1
mqtt_preprocessed_v2.csv,2653,-1,0,0,0.004224605392664671,1
mqtt_preprocessed_v2.csv,2654,-1,0,0,0.0034451279789209366,1
mqtt_preprocessed_v2.csv,2655,-1,0,0,0.0028773434460163116,1
mqtt_preprocessed_v2.csv,2656,-1,0,0,0.003700499888509512,1
mqtt_preprocessed_v2.csv,2657,-1,0,0,0.0016107576666399837,1
mqtt_preprocessed_v2.csv,2658,-1,0,0,0.004800752270966768,1
mqtt_preprocessed_v2.csv,2659,-1,0,0,0.003051594365388155,1
mqtt_preprocessed_v2.csv,2660,-1,0,0,0.003398903412744403,1
mqtt_preprocessed_v2.csv,2661,-1,0,0,0.003432127647101879,1
mqtt_preprocessed_v2.csv,2662,-1,0,0,0.002845780923962593,1
mqtt_preprocessed_v2.csv,2663,-1,0,0,0.0010274823289364576,1
mqtt_preprocessed_v2.csv,2664,-1,0,0,0.07507061958312988,1
mqtt_preprocessed_v2.csv,2665,-1,0,0,0.003014523768797517,1
mqtt_preprocessed_v2.csv,2666,-1,0,0,0.0018898769048973918,1
mqtt_preprocessed_v2.csv,2667,-1,0,0,0.003164584282785654,1
mqtt_preprocessed_v2.csv,2668,-1,0,0,0.054907094687223434,1
mqtt_preprocessed_v2.csv,2669,-1,0,0,0.04792952537536621,1
mqtt_preprocessed_v2.csv,2670,-1,0,0,0.029918411746621132,1
mqtt_preprocessed_v2.csv,2671,-1,0,0,0.07848436385393143,1
mqtt_preprocessed_v2.csv,2672,-1,0,0,0.002691335277631879,1
mqtt_preprocessed_v2.csv,2673,-1,0,0,0.005062358919531107,1
mqtt_preprocessed_v2.csv,2674,-1,0,0,0.0034293723292648792,1
mqtt_preprocessed_v2.csv,2675,-1,0,0,0.003230366623029113,1
mqtt_preprocessed_v2.csv,2676,-1,0,0,0.002585840644314885,1
mqtt_preprocessed_v2.csv,2677,-1,0,0,0.005316185299307108,1
mqtt_preprocessed_v2.csv,2678,-1,0,0,0.05203881114721298,1
mqtt_preprocessed_v2.csv,2679,-1,0,0,0.0014527167659252882,1
mqtt_preprocessed_v2.csv,2680,-1,0,0,0.03826339170336723,1
mqtt_preprocessed_v2.csv,2681,-1,0,0,0.0059084524400532246,1
mqtt_preprocessed_v2.csv,2682,-1,0,0,0.06985578685998917,1
mqtt_preprocessed_v2.csv,2683,-1,0,0,0.001526939682662487,1
mqtt_preprocessed_v2.csv,2684,-1,0,0,0.0036219502799212933,1
mqtt_preprocessed_v2.csv,2685,-1,0,0,0.003418317064642906,1
mqtt_preprocessed_v2.csv,2686,-1,0,0,0.003285633400082588,1
mqtt_preprocessed_v2.csv,2687,-1,0,0,0.03426075726747513,1
mqtt_preprocessed_v2.csv,2688,-1,0,0,0.007060073781758547,1
mqtt_preprocessed_v2.csv,2689,-1,0,0,0.003034351160749793,1
mqtt_preprocessed_v2.csv,2690,-1,0,0,0.0031266610603779554,1
mqtt_preprocessed_v2.csv,2691,-1,0,0,0.0034617683850228786,1
mqtt_preprocessed_v2.csv,2692,-1,0,0,0.18916009366512299,1
mqtt_preprocessed_v2.csv,2693,-1,0,0,0.0032590385526418686,1
mqtt_preprocessed_v2.csv,2694,-1,0,0,0.003032360691577196,1
mqtt_preprocessed_v2.csv,2695,-1,0,0,0.003626840887591243,1
mqtt_preprocessed_v2.csv,2696,-1,0,0,0.0033586560748517513,1
mqtt_preprocessed_v2.csv,2697,-1,0,0,0.003444121452048421,1
mqtt_preprocessed_v2.csv,2698,-1,0,0,0.003510579001158476,1
mqtt_preprocessed_v2.csv,2699,-1,0,0,0.015783056616783142,1
mqtt_preprocessed_v2.csv,2700,-1,0,0,0.0027042634319514036,1
mqtt_preprocessed_v2.csv,2701,-1,0,0,0.0032649049535393715,1
mqtt_preprocessed_v2.csv,2702,-1,0,0,0.0034249783493578434,1
mqtt_preprocessed_v2.csv,2703,-1,0,0,0.0015098885633051395,1
mqtt_preprocessed_v2.csv,2704,-1,0,0,0.0013964767567813396,1
mqtt_preprocessed_v2.csv,2705,-1,0,0,0.0032650118228048086,1
mqtt_preprocessed_v2.csv,2706,-1,0,0,0.0016399541636928916,1
mqtt_preprocessed_v2.csv,2707,-1,0,0,0.027822062373161316,1
mqtt_preprocessed_v2.csv,2708,-1,0,0,0.02981102466583252,1
mqtt_preprocessed_v2.csv,2709,-1,0,0,0.007353640161454678,1
mqtt_preprocessed_v2.csv,2710,-1,0,0,0.0014373431913554668,1
mqtt_preprocessed_v2.csv,2711,-1,0,0,0.006099062040448189,1
mqtt_preprocessed_v2.csv,2712,-1,0,0,0.0034533727448433638,1
mqtt_preprocessed_v2.csv,2713,-1,0,0,0.0035625023301690817,1
mqtt_preprocessed_v2.csv,2714,-1,0,0,0.0034351886715739965,1
mqtt_preprocessed_v2.csv,2715,-1,0,0,0.0016342594753950834,1
mqtt_preprocessed_v2.csv,2716,-1,0,0,0.001449431525543332,1
mqtt_preprocessed_v2.csv,2717,-1,0,0,0.11009427905082703,1
mqtt_preprocessed_v2.csv,2718,-1,0,0,0.027449602261185646,1
mqtt_preprocessed_v2.csv,2719,-1,0,0,0.029246527701616287,1
mqtt_preprocessed_v2.csv,2720,-1,0,0,0.06914934515953064,1
mqtt_preprocessed_v2.csv,2721,-1,0,0,0.003006323240697384,1
mqtt_preprocessed_v2.csv,2722,-1,0,0,0.0018851550994440913,1
mqtt_preprocessed_v2.csv,2723,-1,0,0,0.0802113339304924,1
mqtt_preprocessed_v2.csv,2724,-1,0,0,0.005386917386204004,1
mqtt_preprocessed_v2.csv,2725,-1,0,0,0.002982963575050235,1
mqtt_preprocessed_v2.csv,2726,-1,0,0,0.0035631877835839987,1
mqtt_preprocessed_v2.csv,2727,-1,0,0,0.03808365762233734,1
mqtt_preprocessed_v2.csv,2728,-1,0,0,0.002903918270021677,1
mqtt_preprocessed_v2.csv,2729,-1,0,0,0.004451518878340721,1
mqtt_preprocessed_v2.csv,2730,-1,0,0,0.0036224031355232,1
mqtt_preprocessed_v2.csv,2731,-1,0,0,0.0363236665725708,1
mqtt_preprocessed_v2.csv,2732,-1,0,0,0.003436282742768526,1
mqtt_preprocessed_v2.csv,2733,-1,0,0,0.22315356135368347,1
mqtt_preprocessed_v2.csv,2734,-1,0,0,0.0014144792221486568,1
mqtt_preprocessed_v2.csv,2735,-1,0,0,0.05778517201542854,1
mqtt_preprocessed_v2.csv,2736,-1,0,0,0.32911279797554016,1
mqtt_preprocessed_v2.csv,2737,-1,0,0,0.2322331815958023,1
mqtt_preprocessed_v2.csv,2738,-1,0,0,0.0033996079582720995,1
mqtt_preprocessed_v2.csv,2739,-1,0,0,0.003414967330172658,1
mqtt_preprocessed_v2.csv,2740,-1,0,0,0.045987457036972046,1
mqtt_preprocessed_v2.csv,2741,-1,0,0,0.0035592808853834867,1
mqtt_preprocessed_v2.csv,2742,-1,0,0,0.001456094323657453,1
mqtt_preprocessed_v2.csv,2743,-1,0,0,0.004990699235349894,1
mqtt_preprocessed_v2.csv,2744,-1,0,0,0.05364307388663292,1
mqtt_preprocessed_v2.csv,2745,-1,0,0,0.001522231730632484,1
mqtt_preprocessed_v2.csv,2746,-1,0,0,0.005300343967974186,1
mqtt_preprocessed_v2.csv,2747,-1,0,0,0.03581063076853752,1
mqtt_preprocessed_v2.csv,2748,-1,0,0,0.001418800326064229,1
mqtt_preprocessed_v2.csv,2749,-1,0,0,0.001871682470664382,1
mqtt_preprocessed_v2.csv,2750,-1,0,0,0.0033897736575454473,1
mqtt_preprocessed_v2.csv,2751,-1,0,0,0.24115796387195587,1
mqtt_preprocessed_v2.csv,2752,-1,0,0,0.03529725223779678,1
mqtt_preprocessed_v2.csv,2753,-1,0,0,0.0014401355292648077,1
mqtt_preprocessed_v2.csv,2754,-1,0,0,0.01280401274561882,1
mqtt_preprocessed_v2.csv,2755,-1,0,0,0.0016026678495109081,1
mqtt_preprocessed_v2.csv,2756,-1,0,0,0.0394011028110981,1
mqtt_preprocessed_v2.csv,2757,-1,0,0,0.003636852605268359,1
mqtt_preprocessed_v2.csv,2758,-1,0,0,0.0034764029551297426,1
mqtt_preprocessed_v2.csv,2759,-1,0,0,0.003661584109067917,1
mqtt_preprocessed_v2.csv,2760,-1,0,0,0.0016176009085029364,1
mqtt_preprocessed_v2.csv,2761,-1,0,0,0.042725611478090286,1
mqtt_preprocessed_v2.csv,2762,-1,0,0,0.003175817895680666,1
mqtt_preprocessed_v2.csv,2763,-1,0,0,0.0014454313786700368,1
mqtt_preprocessed_v2.csv,2764,-1,0,0,0.004015436861664057,1
mqtt_preprocessed_v2.csv,2765,-1,0,0,0.0016478364123031497,1
mqtt_preprocessed_v2.csv,2766,-1,0,0,0.0033885815646499395,1
mqtt_preprocessed_v2.csv,2767,-1,0,0,0.0016189257148653269,1
mqtt_preprocessed_v2.csv,2768,-1,0,0,0.005208742804825306,1
mqtt_preprocessed_v2.csv,2769,-1,0,0,0.11298693716526031,1
mqtt_preprocessed_v2.csv,2770,-1,0,0,0.005080306902527809,1
mqtt_preprocessed_v2.csv,2771,-1,0,0,0.039498597383499146,1
mqtt_preprocessed_v2.csv,2772,-1,0,0,0.07657578587532043,1
mqtt_preprocessed_v2.csv,2773,-1,0,0,0.0014559098053723574,1
mqtt_preprocessed_v2.csv,2774,-1,0,0,0.03422845900058746,1
mqtt_preprocessed_v2.csv,2775,-1,0,0,0.004254195373505354,1
mqtt_preprocessed_v2.csv,2776,-1,0,0,0.004832044243812561,1
mqtt_preprocessed_v2.csv,2777,-1,0,0,0.041540201753377914,1
mqtt_preprocessed_v2.csv,2778,-1,0,0,0.0014505154686048627,1
mqtt_preprocessed_v2.csv,2779,-1,0,0,0.0014386051334440708,1
mqtt_preprocessed_v2.csv,2780,-1,0,0,0.002545337425544858,1
mqtt_preprocessed_v2.csv,2781,-1,0,0,0.001413813792169094,1
mqtt_preprocessed_v2.csv,2782,-1,0,0,0.003264456521719694,1
mqtt_preprocessed_v2.csv,2783,-1,0,0,0.008989701978862286,1
mqtt_preprocessed_v2.csv,2784,-1,0,0,0.0034450297243893147,1
mqtt_preprocessed_v2.csv,2785,-1,0,0,0.003434010548517108,1
mqtt_preprocessed_v2.csv,2786,-1,0,0,0.10113924741744995,1
mqtt_preprocessed_v2.csv,2787,-1,0,0,0.0016246676677837968,1
mqtt_preprocessed_v2.csv,2788,-1,0,0,0.0030550663359463215,1
mqtt_preprocessed_v2.csv,2789,-1,0,0,0.0034481596667319536,1
mqtt_preprocessed_v2.csv,2790,-1,0,0,0.05406387522816658,1
mqtt_preprocessed_v2.csv,2791,-1,0,0,0.037404753267765045,1
mqtt_preprocessed_v2.csv,2792,-1,0,0,0.0029646125622093678,1
mqtt_preprocessed_v2.csv,2793,-1,0,0,0.0010418846504762769,1
mqtt_preprocessed_v2.csv,2794,-1,0,0,0.0034295322839170694,1
mqtt_preprocessed_v2.csv,2795,-1,0,0,0.0010413818527013063,1
mqtt_preprocessed_v2.csv,2796,-1,0,0,0.0029856592882424593,1
mqtt_preprocessed_v2.csv,2797,-1,0,0,0.029483214020729065,1
mqtt_preprocessed_v2.csv,2798,-1,0,0,0.08741750568151474,1
mqtt_preprocessed_v2.csv,2799,-1,0,0,0.0047591328620910645,1
mqtt_preprocessed_v2.csv,2800,-1,0,0,0.0017795871244743466,1
mqtt_preprocessed_v2.csv,2801,-1,0,0,0.0047181276604533195,1
mqtt_preprocessed_v2.csv,2802,-1,0,0,0.003994315396994352,1
mqtt_preprocessed_v2.csv,2803,-1,0,0,0.004827659111469984,1
mqtt_preprocessed_v2.csv,2804,-1,0,0,0.03684462234377861,1
mqtt_preprocessed_v2.csv,2805,-1,0,0,0.002806565025821328,1
mqtt_preprocessed_v2.csv,2806,-1,0,0,0.029392454773187637,1
mqtt_preprocessed_v2.csv,2807,-1,0,0,0.003477837424725294,1
mqtt_preprocessed_v2.csv,2808,-1,0,0,0.0010417635785415769,1
mqtt_preprocessed_v2.csv,2809,-1,0,0,0.0034675318747758865,1
mqtt_preprocessed_v2.csv,2810,-1,0,0,0.029851321130990982,1
mqtt_preprocessed_v2.csv,2811,-1,0,0,0.0574486181139946,1
mqtt_preprocessed_v2.csv,2812,-1,0,0,0.0072775487788021564,1
mqtt_preprocessed_v2.csv,2813,-1,0,0,0.03268721327185631,1
mqtt_preprocessed_v2.csv,2814,-1,0,0,0.003434140933677554,1
mqtt_preprocessed_v2.csv,2815,-1,0,0,0.0045442841947078705,1
mqtt_preprocessed_v2.csv,2816,-1,0,0,0.0014399744104593992,1
mqtt_preprocessed_v2.csv,2817,-1,0,0,0.004594478290528059,1
mqtt_preprocessed_v2.csv,2818,-1,0,0,0.0031364052556455135,1
mqtt_preprocessed_v2.csv,2819,-1,0,0,0.0014390943106263876,1
mqtt_preprocessed_v2.csv,2820,-1,0,0,0.0017263998743146658,1
mqtt_preprocessed_v2.csv,2821,-1,0,0,0.003455869620665908,1
mqtt_preprocessed_v2.csv,2822,-1,0,0,0.00368883041664958,1
mqtt_preprocessed_v2.csv,2823,-1,0,0,0.0034609935246407986,1
mqtt_preprocessed_v2.csv,2824,-1,0,0,0.001549808424897492,1
mqtt_preprocessed_v2.csv,2825,-1,0,0,0.031690564006567,1
mqtt_preprocessed_v2.csv,2826,-1,0,0,0.0012554466957226396,1
mqtt_preprocessed_v2.csv,2827,-1,0,0,0.12291556596755981,1
mqtt_preprocessed_v2.csv,2828,-1,0,0,0.003091169986873865,1
mqtt_preprocessed_v2.csv,2829,-1,0,0,0.0016300521092489362,1
mqtt_preprocessed_v2.csv,2830,-1,0,0,0.05115358158946037,1
mqtt_preprocessed_v2.csv,2831,-1,0,0,0.001451611751690507,1
mqtt_preprocessed_v2.csv,2832,-1,0,0,0.0033833812922239304,1
mqtt_preprocessed_v2.csv,2833,-1,0,0,0.04118012636899948,1
mqtt_preprocessed_v2.csv,2834,-1,0,0,0.043400056660175323,1
mqtt_preprocessed_v2.csv,2835,-1,0,0,0.053079187870025635,1
mqtt_preprocessed_v2.csv,2836,-1,0,0,0.0034576153848320246,1
mqtt_preprocessed_v2.csv,2837,-1,0,0,0.10000519454479218,1
mqtt_preprocessed_v2.csv,2838,-1,0,0,0.0318172425031662,1
mqtt_preprocessed_v2.csv,2839,-1,0,0,0.0014478802913799882,1
mqtt_preprocessed_v2.csv,2840,-1,0,0,0.22026079893112183,1
mqtt_preprocessed_v2.csv,2841,-1,0,0,0.003269659820944071,1
mqtt_preprocessed_v2.csv,2842,-1,0,0,0.0034327376633882523,1
mqtt_preprocessed_v2.csv,2843,-1,0,0,0.003887553932145238,1
mqtt_preprocessed_v2.csv,2844,-1,0,0,0.0033851666375994682,1
mqtt_preprocessed_v2.csv,2845,-1,0,0,0.08003685623407364,1
mqtt_preprocessed_v2.csv,2846,-1,0,0,0.042682092636823654,1
mqtt_preprocessed_v2.csv,2847,-1,0,0,0.0420263297855854,1
mqtt_preprocessed_v2.csv,2848,-1,0,0,0.3281601667404175,1
mqtt_preprocessed_v2.csv,2849,-1,0,0,0.002585918642580509,1
mqtt_preprocessed_v2.csv,2850,-1,0,0,0.047645870596170425,1
mqtt_preprocessed_v2.csv,2851,-1,0,0,0.003191106952726841,1
mqtt_preprocessed_v2.csv,2852,-1,0,0,0.004680991172790527,1
mqtt_preprocessed_v2.csv,2853,-1,0,0,0.002465467434376478,1
mqtt_preprocessed_v2.csv,2854,-1,0,0,0.03592335805296898,1
mqtt_preprocessed_v2.csv,2855,-1,0,0,0.00382543564774096,1
mqtt_preprocessed_v2.csv,2856,-1,0,0,0.033556580543518066,1
mqtt_preprocessed_v2.csv,2857,-1,0,0,0.0026350966654717922,1
mqtt_preprocessed_v2.csv,2858,-1,0,0,0.004854435566812754,1
mqtt_preprocessed_v2.csv,2859,-1,0,0,0.001640694448724389,1
mqtt_preprocessed_v2.csv,2860,-1,0,0,0.07013975083827972,1
mqtt_preprocessed_v2.csv,2861,-1,0,0,0.0032807912211865187,1
mqtt_preprocessed_v2.csv,2862,-1,0,0,0.05083091929554939,1
mqtt_preprocessed_v2.csv,2863,-1,0,0,0.0025609119329601526,1
mqtt_preprocessed_v2.csv,2864,-1,0,0,0.003427386749535799,1
mqtt_preprocessed_v2.csv,2865,-1,0,0,0.003436996368691325,1
mqtt_preprocessed_v2.csv,2866,-1,0,0,0.0029073499608784914,1
mqtt_preprocessed_v2.csv,2867,-1,0,0,0.16804620623588562,1
mqtt_preprocessed_v2.csv,2868,-1,0,0,0.004511835053563118,1
mqtt_preprocessed_v2.csv,2869,-1,0,0,0.032652489840984344,1
mqtt_preprocessed_v2.csv,2870,-1,0,0,0.001640549162402749,1
mqtt_preprocessed_v2.csv,2871,-1,0,0,0.0028729226905852556,1
mqtt_preprocessed_v2.csv,2872,-1,0,0,0.0014043889241293073,1
mqtt_preprocessed_v2.csv,2873,-1,0,0,0.0547405369579792,1
mqtt_preprocessed_v2.csv,2874,-1,0,0,0.0032355987932533026,1
mqtt_preprocessed_v2.csv,2875,-1,0,0,0.0017296562436968088,1
mqtt_preprocessed_v2.csv,2876,-1,0,0,0.003297265851870179,1
mqtt_preprocessed_v2.csv,2877,-1,0,0,0.003261914709582925,1
mqtt_preprocessed_v2.csv,2878,-1,0,0,0.0025202720426023006,1
mqtt_preprocessed_v2.csv,2879,-1,0,0,0.004662973340600729,1
mqtt_preprocessed_v2.csv,2880,-1,0,0,0.11171459406614304,1
mqtt_preprocessed_v2.csv,2881,-1,0,0,0.0036304008681327105,1
mqtt_preprocessed_v2.csv,2882,-1,0,0,0.003592083230614662,1
mqtt_preprocessed_v2.csv,2883,-1,0,0,0.2070561647415161,1
mqtt_preprocessed_v2.csv,2884,-1,0,0,0.001040728995576501,1
mqtt_preprocessed_v2.csv,2885,-1,0,0,0.0043409145437181,1
mqtt_preprocessed_v2.csv,2886,-1,0,0,0.0034723812714219093,1
mqtt_preprocessed_v2.csv,2887,-1,0,0,0.027371548116207123,1
mqtt_preprocessed_v2.csv,2888,-1,0,0,0.0049224733375012875,1
mqtt_preprocessed_v2.csv,2889,-1,0,0,0.0033960214350372553,1
mqtt_preprocessed_v2.csv,2890,-1,0,0,0.0031687733717262745,1
mqtt_preprocessed_v2.csv,2891,-1,0,0,0.03555329889059067,1
mqtt_preprocessed_v2.csv,2892,-1,0,0,0.003991476260125637,1
mqtt_preprocessed_v2.csv,2893,-1,0,0,0.002884459448978305,1
mqtt_preprocessed_v2.csv,2894,-1,0,0,0.05206101015210152,1
mqtt_preprocessed_v2.csv,2895,-1,0,0,0.0029276376590132713,1
mqtt_preprocessed_v2.csv,2896,-1,0,0,0.03026677295565605,1
mqtt_preprocessed_v2.csv,2897,-1,0,0,0.04577368497848511,1
mqtt_preprocessed_v2.csv,2898,-1,0,0,0.0031747918110340834,1
mqtt_preprocessed_v2.csv,2899,-1,0,0,0.024996468797326088,1
mqtt_preprocessed_v2.csv,2900,-1,0,0,0.0018427962204441428,1
mqtt_preprocessed_v2.csv,2901,-1,0,0,0.08990854769945145,1
mqtt_preprocessed_v2.csv,2902,-1,0,0,0.03610239550471306,1
mqtt_preprocessed_v2.csv,2903,-1,0,0,0.0016249384498223662,1
mqtt_preprocessed_v2.csv,2904,-1,0,0,0.0020490374881774187,1
mqtt_preprocessed_v2.csv,2905,-1,0,0,0.03485781326889992,1
mqtt_preprocessed_v2.csv,2906,-1,0,0,0.0010417794110253453,1
mqtt_preprocessed_v2.csv,2907,-1,0,0,0.0039314632304012775,1
mqtt_preprocessed_v2.csv,2908,-1,0,0,0.0015303967520594597,1
mqtt_preprocessed_v2.csv,2909,-1,0,0,0.006940800230950117,1
mqtt_preprocessed_v2.csv,2910,-1,0,0,0.00590787548571825,1
mqtt_preprocessed_v2.csv,2911,-1,0,0,0.0024408267345279455,1
mqtt_preprocessed_v2.csv,2912,-1,0,0,0.0031951472628861666,1
mqtt_preprocessed_v2.csv,2913,-1,0,0,0.0330437608063221,1
mqtt_preprocessed_v2.csv,2914,-1,0,0,0.011398489587008953,1
mqtt_preprocessed_v2.csv,2915,-1,0,0,0.004259183537214994,1
mqtt_preprocessed_v2.csv,2916,-1,0,0,0.003305295715108514,1
mqtt_preprocessed_v2.csv,2917,-1,0,0,0.003449180396273732,1
mqtt_preprocessed_v2.csv,2918,-1,0,0,0.0034553587902337313,1
mqtt_preprocessed_v2.csv,2919,-1,0,0,0.0016404009656980634,1
mqtt_preprocessed_v2.csv,2920,-1,0,0,0.002960406942293048,1
mqtt_preprocessed_v2.csv,2921,-1,0,0,0.0034698445815593004,1
mqtt_preprocessed_v2.csv,2922,-1,0,0,0.003991834353655577,1
mqtt_preprocessed_v2.csv,2923,-1,0,0,0.003302475670352578,1
mqtt_preprocessed_v2.csv,2924,-1,0,0,0.0016501538921147585,1
mqtt_preprocessed_v2.csv,2925,-1,0,0,0.04164901748299599,1
mqtt_preprocessed_v2.csv,2926,-1,0,0,0.0015218316111713648,1
mqtt_preprocessed_v2.csv,2927,-1,0,0,0.0014484766870737076,1
mqtt_preprocessed_v2.csv,2928,-1,0,0,0.004330325871706009,1
mqtt_preprocessed_v2.csv,2929,-1,0,0,0.003767771879211068,1
mqtt_preprocessed_v2.csv,2930,-1,0,0,0.00342801702208817,1
mqtt_preprocessed_v2.csv,2931,-1,0,0,0.003145387163385749,1
mqtt_preprocessed_v2.csv,2932,-1,0,0,0.0015159494942054152,1
mqtt_preprocessed_v2.csv,2933,-1,0,0,0.17245444655418396,1
mqtt_preprocessed_v2.csv,2934,-1,0,0,0.0030154353007674217,1
mqtt_preprocessed_v2.csv,2935,-1,0,0,0.0034542225766927004,1
mqtt_preprocessed_v2.csv,2936,-1,0,0,0.329440176486969,1
mqtt_preprocessed_v2.csv,2937,-1,0,0,0.00923344399780035,1
mqtt_preprocessed_v2.csv,2938,-1,0,0,0.0033892709761857986,1
mqtt_preprocessed_v2.csv,2939,-1,0,0,0.002612505806609988,1
mqtt_preprocessed_v2.csv,2940,-1,0,0,0.0031314119696617126,1
mqtt_preprocessed_v2.csv,2941,-1,0,0,0.0052826497703790665,1
mqtt_preprocessed_v2.csv,2942,-1,0,0,0.0036495120730251074,1
mqtt_preprocessed_v2.csv,2943,-1,0,0,0.0038983190897852182,1
mqtt_preprocessed_v2.csv,2944,-1,0,0,0.17776720225811005,1
mqtt_preprocessed_v2.csv,2945,-1,0,0,0.0030357446521520615,1
mqtt_preprocessed_v2.csv,2946,-1,0,0,0.003280464094132185,1
mqtt_preprocessed_v2.csv,2947,-1,0,0,0.03241034224629402,1
mqtt_preprocessed_v2.csv,2948,-1,0,0,0.001549526583403349,1
mqtt_preprocessed_v2.csv,2949,-1,0,0,0.0032510245218873024,1
mqtt_preprocessed_v2.csv,2950,-1,0,0,0.0015248002018779516,1
mqtt_preprocessed_v2.csv,2951,-1,0,0,0.0032769874669611454,1
mqtt_preprocessed_v2.csv,2952,-1,0,0,0.04715288057923317,1
mqtt_preprocessed_v2.csv,2953,-1,0,0,0.005723968613892794,1
mqtt_preprocessed_v2.csv,2954,-1,0,0,0.00863062683492899,1
mqtt_preprocessed_v2.csv,2955,-1,0,0,0.005850862246006727,1
mqtt_preprocessed_v2.csv,2956,-1,0,0,0.0031171978916972876,1
mqtt_preprocessed_v2.csv,2957,-1,0,0,0.0034338294062763453,1
mqtt_preprocessed_v2.csv,2958,-1,0,0,0.00336289475671947,1
mqtt_preprocessed_v2.csv,2959,-1,0,0,0.0030639120377600193,1
mqtt_preprocessed_v2.csv,2960,-1,0,0,0.00344879855401814,1
mqtt_preprocessed_v2.csv,2961,-1,0,0,0.0034364883322268724,1
mqtt_preprocessed_v2.csv,2962,-1,0,0,0.001420562737621367,1
mqtt_preprocessed_v2.csv,2963,-1,0,0,0.003188276430591941,1
mqtt_preprocessed_v2.csv,2964,-1,0,0,0.03546527028083801,1
mqtt_preprocessed_v2.csv,2965,-1,0,0,0.001588030718266964,1
mqtt_preprocessed_v2.csv,2966,-1,0,0,0.0028648842126131058,1
mqtt_preprocessed_v2.csv,2967,-1,0,0,0.0032284678891301155,1
mqtt_preprocessed_v2.csv,2968,-1,0,0,0.0036297712940722704,1
mqtt_preprocessed_v2.csv,2969,-1,0,0,0.0018105196068063378,1
mqtt_preprocessed_v2.csv,2970,-1,0,0,0.0026712447870522738,1
mqtt_preprocessed_v2.csv,2971,-1,0,0,0.0016261811833828688,1
mqtt_preprocessed_v2.csv,2972,-1,0,0,0.028345931321382523,1
mqtt_preprocessed_v2.csv,2973,-1,0,0,0.0031885355710983276,1
mqtt_preprocessed_v2.csv,2974,-1,0,0,0.05417737364768982,1
mqtt_preprocessed_v2.csv,2975,-1,0,0,0.0028672905173152685,1
mqtt_preprocessed_v2.csv,2976,-1,0,0,0.0016150283627212048,1
mqtt_preprocessed_v2.csv,2977,-1,0,0,0.005303150042891502,1
mqtt_preprocessed_v2.csv,2978,-1,0,0,0.002924592699855566,1
mqtt_preprocessed_v2.csv,2979,-1,0,0,0.0016406375216320157,1
mqtt_preprocessed_v2.csv,2980,-1,0,0,0.0032346039079129696,1
mqtt_preprocessed_v2.csv,2981,-1,0,0,0.002560792723670602,1
mqtt_preprocessed_v2.csv,2982,-1,0,0,0.003295371774584055,1
mqtt_preprocessed_v2.csv,2983,-1,0,0,0.003361911978572607,1
mqtt_preprocessed_v2.csv,2984,-1,0,0,0.003230790374800563,1
mqtt_preprocessed_v2.csv,2985,-1,0,0,0.0034097882453352213,1
mqtt_preprocessed_v2.csv,2986,-1,0,0,0.007411210332065821,1
mqtt_preprocessed_v2.csv,2987,-1,0,0,0.0014575086534023285,1
mqtt_preprocessed_v2.csv,2988,-1,0,0,0.00327479699626565,1
mqtt_preprocessed_v2.csv,2989,-1,0,0,0.0014481552643701434,1
mqtt_preprocessed_v2.csv,2990,-1,0,0,0.03947838023304939,1
mqtt_preprocessed_v2.csv,2991,-1,0,0,0.0034288899041712284,1
mqtt_preprocessed_v2.csv,2992,-1,0,0,0.1086445078253746,1
mqtt_preprocessed_v2.csv,2993,-1,0,0,0.0030691775027662516,1
mqtt_preprocessed_v2.csv,2994,-1,0,0,0.003306096652522683,1
mqtt_preprocessed_v2.csv,2995,-1,0,0,0.05841377004981041,1
mqtt_preprocessed_v2.csv,2996,-1,0,0,0.07188968360424042,1
mqtt_preprocessed_v2.csv,2997,-1,0,0,0.0011323493672534823,1
mqtt_preprocessed_v2.csv,2998,-1,0,0,0.003264670493081212,1
mqtt_preprocessed_v2.csv,2999,-1,0,0,0.0031549930572509766,1
mqtt_preprocessed_v2.csv,3000,-1,0,0,0.0010943750385195017,1
mqtt_preprocessed_v2.csv,3001,-1,0,0,0.0018724610563367605,1
mqtt_preprocessed_v2.csv,3002,-1,0,0,0.00037601240910589695,1
mqtt_preprocessed_v2.csv,3003,-1,0,0,0.0006998191820457578,1
mqtt_preprocessed_v2.csv,3004,-1,0,0,0.0017717285081744194,1
mqtt_preprocessed_v2.csv,3005,-1,0,0,0.0005054192151874304,1
mqtt_preprocessed_v2.csv,3006,-1,0,0,0.00031406618654727936,1
mqtt_preprocessed_v2.csv,3007,-1,0,0,0.0009932275861501694,1
mqtt_preprocessed_v2.csv,3008,-1,0,0,0.0007725125178694725,1
mqtt_preprocessed_v2.csv,3009,-1,0,0,0.0003953224222641438,1
mqtt_preprocessed_v2.csv,3010,-1,0,0,0.0008834851323626935,1
mqtt_preprocessed_v2.csv,3011,-1,0,0,0.003318981034681201,1
mqtt_preprocessed_v2.csv,3012,-1,0,0,0.0006153381546027958,1
mqtt_preprocessed_v2.csv,3013,-1,0,0,0.0008136914111673832,1
mqtt_preprocessed_v2.csv,3014,-1,0,0,0.00031398230930790305,1
mqtt_preprocessed_v2.csv,3015,-1,0,0,0.000547860108781606,1
mqtt_preprocessed_v2.csv,3016,-1,0,0,0.0005174415418878198,1
mqtt_preprocessed_v2.csv,3017,-1,0,0,0.004301417153328657,1
mqtt_preprocessed_v2.csv,3018,-1,0,0,0.0005113831721246243,1
mqtt_preprocessed_v2.csv,3019,-1,0,0,0.0022270658519119024,1
mqtt_preprocessed_v2.csv,3020,-1,0,0,0.0002894493518397212,1
mqtt_preprocessed_v2.csv,3021,-1,0,0,0.0009565973887220025,1
mqtt_preprocessed_v2.csv,3022,-1,0,0,0.0018907891353592277,1
mqtt_preprocessed_v2.csv,3023,-1,0,0,0.0038727689534425735,1
mqtt_preprocessed_v2.csv,3024,-1,0,0,0.0010011165868490934,1
mqtt_preprocessed_v2.csv,3025,-1,0,0,0.0005086088203825057,1
mqtt_preprocessed_v2.csv,3026,-1,0,0,0.00041726583731360734,1
mqtt_preprocessed_v2.csv,3027,-1,0,0,0.004965917207300663,1
mqtt_preprocessed_v2.csv,3028,-1,0,0,0.0011329849949106574,1
mqtt_preprocessed_v2.csv,3029,-1,0,0,0.0029258425347507,1
mqtt_preprocessed_v2.csv,3030,-1,0,0,0.0005980639834888279,1
mqtt_preprocessed_v2.csv,3031,-1,0,0,0.001283316407352686,1
mqtt_preprocessed_v2.csv,3032,-1,0,0,0.001177811180241406,1
mqtt_preprocessed_v2.csv,3033,-1,0,0,0.007534034084528685,1
mqtt_preprocessed_v2.csv,3034,-1,0,0,0.0004226307210046798,1
mqtt_preprocessed_v2.csv,3035,-1,0,0,0.0013316541444510221,1
mqtt_preprocessed_v2.csv,3036,-1,0,0,0.00377711933106184,1
mqtt_preprocessed_v2.csv,3037,-1,0,0,0.008064157329499722,1
mqtt_preprocessed_v2.csv,3038,-1,0,0,0.0002298987383255735,1
mqtt_preprocessed_v2.csv,3039,-1,0,0,0.0002905453438870609,1
mqtt_preprocessed_v2.csv,3040,-1,0,0,0.000654025818221271,1
mqtt_preprocessed_v2.csv,3041,-1,0,0,0.00039819939411245286,1
mqtt_preprocessed_v2.csv,3042,-1,0,0,0.0007464190130122006,1
mqtt_preprocessed_v2.csv,3043,-1,0,0,0.0019395891577005386,1
mqtt_preprocessed_v2.csv,3044,-1,0,0,0.0004110162262804806,1
mqtt_preprocessed_v2.csv,3045,-1,0,0,0.0005702849593944848,1
mqtt_preprocessed_v2.csv,3046,-1,0,0,0.000807488220743835,1
mqtt_preprocessed_v2.csv,3047,-1,0,0,0.006360176485031843,1
mqtt_preprocessed_v2.csv,3048,-1,0,0,0.0006324662244878709,1
mqtt_preprocessed_v2.csv,3049,-1,0,0,0.0010879894252866507,1
mqtt_preprocessed_v2.csv,3050,-1,0,0,0.0007190672331489623,1
mqtt_preprocessed_v2.csv,3051,-1,0,0,0.0013721635332331061,1
mqtt_preprocessed_v2.csv,3052,-1,0,0,0.0004541271482594311,1
mqtt_preprocessed_v2.csv,3053,-1,0,0,0.0003862042212858796,1
mqtt_preprocessed_v2.csv,3054,-1,0,0,0.007190741132944822,1
mqtt_preprocessed_v2.csv,3055,-1,0,0,0.0005483684362843633,1
mqtt_preprocessed_v2.csv,3056,-1,0,0,0.0031596890185028315,1
mqtt_preprocessed_v2.csv,3057,-1,0,0,0.0002858728403225541,1
mqtt_preprocessed_v2.csv,3058,-1,0,0,0.00038928104913793504,1
mqtt_preprocessed_v2.csv,3059,-1,0,0,0.004338169936090708,1
mqtt_preprocessed_v2.csv,3060,-1,0,0,0.0005177924176678061,1
mqtt_preprocessed_v2.csv,3061,-1,0,0,0.0024503772146999836,1
mqtt_preprocessed_v2.csv,3062,-1,0,0,0.0005655429558828473,1
mqtt_preprocessed_v2.csv,3063,-1,0,0,0.0017111037159338593,1
mqtt_preprocessed_v2.csv,3064,-1,0,0,0.0002928416070062667,1
mqtt_preprocessed_v2.csv,3065,-1,0,0,0.002969557885080576,1
mqtt_preprocessed_v2.csv,3066,-1,0,0,0.00029209654894657433,1
mqtt_preprocessed_v2.csv,3067,-1,0,0,0.0006638614577241242,1
mqtt_preprocessed_v2.csv,3068,-1,0,0,0.0017508917953819036,1
mqtt_preprocessed_v2.csv,3069,-1,0,0,0.0029389411211013794,1
mqtt_preprocessed_v2.csv,3070,-1,0,0,0.00032347350497730076,1
mqtt_preprocessed_v2.csv,3071,-1,0,0,0.00445989053696394,1
mqtt_preprocessed_v2.csv,3072,-1,0,0,0.00496757822111249,1
mqtt_preprocessed_v2.csv,3073,-1,0,0,0.0015703403623774648,1
mqtt_preprocessed_v2.csv,3074,-1,0,0,0.00044623666326515377,1
mqtt_preprocessed_v2.csv,3075,-1,0,0,0.0013328304048627615,1
mqtt_preprocessed_v2.csv,3076,-1,0,0,0.002597167855128646,1
mqtt_preprocessed_v2.csv,3077,-1,0,0,0.0003438971471041441,1
mqtt_preprocessed_v2.csv,3078,-1,0,0,0.0006125633371993899,1
mqtt_preprocessed_v2.csv,3079,-1,0,0,0.004195929504930973,1
mqtt_preprocessed_v2.csv,3080,-1,0,0,0.0035010138526558876,1
mqtt_preprocessed_v2.csv,3081,-1,0,0,0.0002991987275891006,1
mqtt_preprocessed_v2.csv,3082,-1,0,0,0.01643030345439911,1
mqtt_preprocessed_v2.csv,3083,-1,0,0,0.0006719488883391023,1
mqtt_preprocessed_v2.csv,3084,-1,0,0,0.0007229582988657057,1
mqtt_preprocessed_v2.csv,3085,-1,0,0,0.0011504989815875888,1
mqtt_preprocessed_v2.csv,3086,-1,0,0,0.000908327812794596,1
mqtt_preprocessed_v2.csv,3087,-1,0,0,0.0003248865541536361,1
mqtt_preprocessed_v2.csv,3088,-1,0,0,0.006884465925395489,1
mqtt_preprocessed_v2.csv,3089,-1,0,0,0.0030066503677517176,1
mqtt_preprocessed_v2.csv,3090,-1,0,0,0.002234706887975335,1
mqtt_preprocessed_v2.csv,3091,-1,0,0,0.0016729030758142471,1
mqtt_preprocessed_v2.csv,3092,-1,0,0,0.0015263305976986885,1
mqtt_preprocessed_v2.csv,3093,-1,0,0,0.0032939170487225056,1
mqtt_preprocessed_v2.csv,3094,-1,0,0,0.0008651266107335687,1
mqtt_preprocessed_v2.csv,3095,-1,0,0,0.0003380952693987638,1
mqtt_preprocessed_v2.csv,3096,-1,0,0,0.0008989842608571053,1
mqtt_preprocessed_v2.csv,3097,-1,0,0,0.0013937525218352675,1
mqtt_preprocessed_v2.csv,3098,-1,0,0,0.000841895118355751,1
mqtt_preprocessed_v2.csv,3099,-1,0,0,0.0006839337875135243,1
mqtt_preprocessed_v2.csv,3100,-1,0,0,0.0002764239616226405,1
mqtt_preprocessed_v2.csv,3101,-1,0,0,0.0020744837820529938,1
mqtt_preprocessed_v2.csv,3102,-1,0,0,0.0009781292174011469,1
mqtt_preprocessed_v2.csv,3103,-1,0,0,0.0006113877752795815,1
mqtt_preprocessed_v2.csv,3104,-1,0,0,0.0006281475652940571,1
mqtt_preprocessed_v2.csv,3105,-1,0,0,0.0007053390145301819,1
mqtt_preprocessed_v2.csv,3106,-1,0,0,0.0006006617331877351,1
mqtt_preprocessed_v2.csv,3107,-1,0,0,0.0016794523689895868,1
mqtt_preprocessed_v2.csv,3108,-1,0,0,0.0011612748494371772,1
mqtt_preprocessed_v2.csv,3109,-1,0,0,0.00045705772936344147,1
mqtt_preprocessed_v2.csv,3110,-1,0,0,0.0037457034923136234,1
mqtt_preprocessed_v2.csv,3111,-1,0,0,0.0004644781874958426,1
mqtt_preprocessed_v2.csv,3112,-1,0,0,0.001787820947356522,1
mqtt_preprocessed_v2.csv,3113,-1,0,0,0.00197029416449368,1
mqtt_preprocessed_v2.csv,3114,-1,0,0,0.0009556153672747314,1
mqtt_preprocessed_v2.csv,3115,-1,0,0,0.0004411145346239209,1
mqtt_preprocessed_v2.csv,3116,-1,0,0,0.0006086009670980275,1
mqtt_preprocessed_v2.csv,3117,-1,0,0,0.0010177540825679898,1
mqtt_preprocessed_v2.csv,3118,-1,0,0,0.0012482443125918508,1
mqtt_preprocessed_v2.csv,3119,-1,0,0,0.0023714741691946983,1
mqtt_preprocessed_v2.csv,3120,-1,0,0,0.000612896285019815,1
mqtt_preprocessed_v2.csv,3121,-1,0,0,0.0006174533627927303,1
mqtt_preprocessed_v2.csv,3122,-1,0,0,0.001878082286566496,1
mqtt_preprocessed_v2.csv,3123,-1,0,0,0.0008973650401458144,1
mqtt_preprocessed_v2.csv,3124,-1,0,0,0.004562515299767256,1
mqtt_preprocessed_v2.csv,3125,-1,0,0,0.0002851332537829876,1
mqtt_preprocessed_v2.csv,3126,-1,0,0,0.0015582652995362878,1
mqtt_preprocessed_v2.csv,3127,-1,0,0,0.00033643763163127005,1
mqtt_preprocessed_v2.csv,3128,-1,0,0,0.0007224558503367007,1
mqtt_preprocessed_v2.csv,3129,-1,0,0,0.0005314109148457646,1
mqtt_preprocessed_v2.csv,3130,-1,0,0,0.002427314640954137,1
mqtt_preprocessed_v2.csv,3131,-1,0,0,0.00056844501523301,1
mqtt_preprocessed_v2.csv,3132,-1,0,0,0.0032614492811262608,1
mqtt_preprocessed_v2.csv,3133,-1,0,0,0.0010072517907246947,1
mqtt_preprocessed_v2.csv,3134,-1,0,0,0.01632119156420231,1
mqtt_preprocessed_v2.csv,3135,-1,0,0,0.0014484359417110682,1
mqtt_preprocessed_v2.csv,3136,-1,0,0,0.0006649052957072854,1
mqtt_preprocessed_v2.csv,3137,-1,0,0,0.0010485246311873198,1
mqtt_preprocessed_v2.csv,3138,-1,0,0,0.000293803313979879,1
mqtt_preprocessed_v2.csv,3139,-1,0,0,0.0006979236495681107,1
mqtt_preprocessed_v2.csv,3140,-1,0,0,0.007406883407384157,1
mqtt_preprocessed_v2.csv,3141,-1,0,0,0.0003245262196287513,1
mqtt_preprocessed_v2.csv,3142,-1,0,0,0.00029406059184111655,1
mqtt_preprocessed_v2.csv,3143,-1,0,0,0.001111540012061596,1
mqtt_preprocessed_v2.csv,3144,-1,0,0,0.0009960794122889638,1
mqtt_preprocessed_v2.csv,3145,-1,0,0,0.0002942961873486638,1
mqtt_preprocessed_v2.csv,3146,-1,0,0,0.0006516702705994248,1
mqtt_preprocessed_v2.csv,3147,-1,0,0,0.000932699185796082,1
mqtt_preprocessed_v2.csv,3148,-1,0,0,0.0006902972818352282,1
mqtt_preprocessed_v2.csv,3149,-1,0,0,0.0007328493520617485,1
mqtt_preprocessed_v2.csv,3150,-1,0,0,0.0002848973963409662,1
mqtt_preprocessed_v2.csv,3151,-1,0,0,0.0011198490392416716,1
mqtt_preprocessed_v2.csv,3152,-1,0,0,0.006191933993250132,1
mqtt_preprocessed_v2.csv,3153,-1,0,0,0.003006541868671775,1
mqtt_preprocessed_v2.csv,3154,-1,0,0,0.0017149802297353745,1
mqtt_preprocessed_v2.csv,3155,-1,0,0,0.00031790617504157126,1
mqtt_preprocessed_v2.csv,3156,-1,0,0,0.00039753891178406775,1
mqtt_preprocessed_v2.csv,3157,-1,0,0,0.0010767955100163817,1
mqtt_preprocessed_v2.csv,3158,-1,0,0,0.0010331774828955531,1
mqtt_preprocessed_v2.csv,3159,-1,0,0,0.00027343424153514206,1
mqtt_preprocessed_v2.csv,3160,-1,0,0,0.0007237503305077553,1
mqtt_preprocessed_v2.csv,3161,-1,0,0,0.000849351636134088,1
mqtt_preprocessed_v2.csv,3162,-1,0,0,0.0002544242888689041,1
mqtt_preprocessed_v2.csv,3163,-1,0,0,0.0014253597473725677,1
mqtt_preprocessed_v2.csv,3164,-1,0,0,0.007032762747257948,1
mqtt_preprocessed_v2.csv,3165,-1,0,0,0.0008446415886282921,1
mqtt_preprocessed_v2.csv,3166,-1,0,0,0.0025547442492097616,1
mqtt_preprocessed_v2.csv,3167,-1,0,0,0.0006523379124701023,1
mqtt_preprocessed_v2.csv,3168,-1,0,0,0.0007852411945350468,1
mqtt_preprocessed_v2.csv,3169,-1,0,0,0.0006650662398897111,1
mqtt_preprocessed_v2.csv,3170,-1,0,0,0.0022512529976665974,1
mqtt_preprocessed_v2.csv,3171,-1,0,0,0.0005483187851496041,1
mqtt_preprocessed_v2.csv,3172,-1,0,0,0.0005177181446924806,1
mqtt_preprocessed_v2.csv,3173,-1,0,0,0.001069741789251566,1
mqtt_preprocessed_v2.csv,3174,-1,0,0,0.0008755773887969553,1
mqtt_preprocessed_v2.csv,3175,-1,0,0,0.0014367185067385435,1
mqtt_preprocessed_v2.csv,3176,-1,0,0,0.0003032306267414242,1
mqtt_preprocessed_v2.csv,3177,-1,0,0,0.0003420344437472522,1
mqtt_preprocessed_v2.csv,3178,-1,0,0,0.00030845627770759165,1
mqtt_preprocessed_v2.csv,3179,-1,0,0,0.0007277870899997652,1
mqtt_preprocessed_v2.csv,3180,-1,0,0,0.0015530437231063843,1
mqtt_preprocessed_v2.csv,3181,-1,0,0,0.003585804719477892,1
mqtt_preprocessed_v2.csv,3182,-1,0,0,0.0010637945961207151,1
mqtt_preprocessed_v2.csv,3183,-1,0,0,0.0005483885179273784,1
mqtt_preprocessed_v2.csv,3184,-1,0,0,0.0010080342181026936,1
mqtt_preprocessed_v2.csv,3185,-1,0,0,0.0003299497766420245,1
mqtt_preprocessed_v2.csv,3186,-1,0,0,0.0011684963246807456,1
mqtt_preprocessed_v2.csv,3187,-1,0,0,0.0017987063620239496,1
mqtt_preprocessed_v2.csv,3188,-1,0,0,0.0006210337160155177,1
mqtt_preprocessed_v2.csv,3189,-1,0,0,0.00039277313044294715,1
mqtt_preprocessed_v2.csv,3190,-1,0,0,0.0006790646002627909,1
mqtt_preprocessed_v2.csv,3191,-1,0,0,0.0005410373560152948,1
mqtt_preprocessed_v2.csv,3192,-1,0,0,0.00034630874870344996,1
mqtt_preprocessed_v2.csv,3193,-1,0,0,0.000647950335405767,1
mqtt_preprocessed_v2.csv,3194,-1,0,0,0.00039203561027534306,1
mqtt_preprocessed_v2.csv,3195,-1,0,0,0.0009173646685667336,1
mqtt_preprocessed_v2.csv,3196,-1,0,0,0.0003310471947770566,1
mqtt_preprocessed_v2.csv,3197,-1,0,0,0.0008496955852024257,1
mqtt_preprocessed_v2.csv,3198,-1,0,0,0.0006142538622952998,1
mqtt_preprocessed_v2.csv,3199,-1,0,0,0.0009281186503358185,1
mqtt_preprocessed_v2.csv,3200,-1,0,0,0.0008709609392099082,1
mqtt_preprocessed_v2.csv,3201,-1,0,0,0.0005319483461789787,1
mqtt_preprocessed_v2.csv,3202,-1,0,0,0.0009854254312813282,1
mqtt_preprocessed_v2.csv,3203,-1,0,0,0.0018472967203706503,1
mqtt_preprocessed_v2.csv,3204,-1,0,0,0.0014035338535904884,1
mqtt_preprocessed_v2.csv,3205,-1,0,0,0.0010454016737639904,1
mqtt_preprocessed_v2.csv,3206,-1,0,0,0.0008032075711525977,1
mqtt_preprocessed_v2.csv,3207,-1,0,0,0.0005447514122352004,1
mqtt_preprocessed_v2.csv,3208,-1,0,0,0.0007261954015120864,1
mqtt_preprocessed_v2.csv,3209,-1,0,0,0.001232894603163004,1
mqtt_preprocessed_v2.csv,3210,-1,0,0,0.0011444978881627321,1
mqtt_preprocessed_v2.csv,3211,-1,0,0,0.0004428219108376652,1
mqtt_preprocessed_v2.csv,3212,-1,0,0,0.0030264505185186863,1
mqtt_preprocessed_v2.csv,3213,-1,0,0,0.0015226522227749228,1
mqtt_preprocessed_v2.csv,3214,-1,0,0,0.0005146712064743042,1
mqtt_preprocessed_v2.csv,3215,-1,0,0,0.0006476737326011062,1
mqtt_preprocessed_v2.csv,3216,-1,0,0,0.0019347555935382843,1
mqtt_preprocessed_v2.csv,3217,-1,0,0,0.0016283729346469045,1
mqtt_preprocessed_v2.csv,3218,-1,0,0,0.0011269287206232548,1
mqtt_preprocessed_v2.csv,3219,-1,0,0,0.000750324281398207,1
mqtt_preprocessed_v2.csv,3220,-1,0,0,0.0007898614858277142,1
mqtt_preprocessed_v2.csv,3221,-1,0,0,0.0009761159890331328,1
mqtt_preprocessed_v2.csv,3222,-1,0,0,0.0003176138561684638,1
mqtt_preprocessed_v2.csv,3223,-1,0,0,0.00026995487860403955,1
mqtt_preprocessed_v2.csv,3224,-1,0,0,0.0008429060690104961,1
mqtt_preprocessed_v2.csv,3225,-1,0,0,0.000562629196792841,1
mqtt_preprocessed_v2.csv,3226,-1,0,0,0.0010267631150782108,1
mqtt_preprocessed_v2.csv,3227,-1,0,0,0.0016654005739837885,1
mqtt_preprocessed_v2.csv,3228,-1,0,0,0.0006265186239033937,1
mqtt_preprocessed_v2.csv,3229,-1,0,0,0.002082567662000656,1
mqtt_preprocessed_v2.csv,3230,-1,0,0,0.0005725717055611312,1
mqtt_preprocessed_v2.csv,3231,-1,0,0,0.0010831898543983698,1
mqtt_preprocessed_v2.csv,3232,-1,0,0,0.0011714736465364695,1
mqtt_preprocessed_v2.csv,3233,-1,0,0,0.001007983461022377,1
mqtt_preprocessed_v2.csv,3234,-1,0,0,0.001732657547108829,1
mqtt_preprocessed_v2.csv,3235,-1,0,0,0.0027643798384815454,1
mqtt_preprocessed_v2.csv,3236,-1,0,0,0.0003078848239965737,1
mqtt_preprocessed_v2.csv,3237,-1,0,0,0.0008064751164056361,1
mqtt_preprocessed_v2.csv,3238,-1,0,0,0.0002894816570915282,1
mqtt_preprocessed_v2.csv,3239,-1,0,0,0.0006742396508343518,1
mqtt_preprocessed_v2.csv,3240,-1,0,0,0.0029934165067970753,1
mqtt_preprocessed_v2.csv,3241,-1,0,0,0.00041089399019256234,1
mqtt_preprocessed_v2.csv,3242,-1,0,0,0.0009986330987885594,1
mqtt_preprocessed_v2.csv,3243,-1,0,0,0.0025122354272753,1
mqtt_preprocessed_v2.csv,3244,-1,0,0,0.0010124241234734654,1
mqtt_preprocessed_v2.csv,3245,-1,0,0,0.0008209249936044216,1
mqtt_preprocessed_v2.csv,3246,-1,0,0,0.004114401061087847,1
mqtt_preprocessed_v2.csv,3247,-1,0,0,0.006124420557171106,1
mqtt_preprocessed_v2.csv,3248,-1,0,0,0.0007904759258963168,1
mqtt_preprocessed_v2.csv,3249,-1,0,0,0.0002714590518735349,1
mqtt_preprocessed_v2.csv,3250,-1,0,0,0.004361150320619345,1
mqtt_preprocessed_v2.csv,3251,-1,0,0,0.0003329761093482375,1
mqtt_preprocessed_v2.csv,3252,-1,0,0,0.000872936740051955,1
mqtt_preprocessed_v2.csv,3253,-1,0,0,0.0005470872274599969,1
mqtt_preprocessed_v2.csv,3254,-1,0,0,0.0003108546370640397,1
mqtt_preprocessed_v2.csv,3255,-1,0,0,0.0007256074459291995,1
mqtt_preprocessed_v2.csv,3256,-1,0,0,0.001013163011521101,1
mqtt_preprocessed_v2.csv,3257,-1,0,0,0.00028892196132801473,1
mqtt_preprocessed_v2.csv,3258,-1,0,0,0.0007979445508681238,1
mqtt_preprocessed_v2.csv,3259,-1,0,0,0.0002680084144230932,1
mqtt_preprocessed_v2.csv,3260,-1,0,0,0.003543961327522993,1
mqtt_preprocessed_v2.csv,3261,-1,0,0,0.0006231097504496574,1
mqtt_preprocessed_v2.csv,3262,-1,0,0,0.0002849783923011273,1
mqtt_preprocessed_v2.csv,3263,-1,0,0,0.0006466277409344912,1
mqtt_preprocessed_v2.csv,3264,-1,0,0,0.0002954220399260521,1
mqtt_preprocessed_v2.csv,3265,-1,0,0,0.005155909340828657,1
mqtt_preprocessed_v2.csv,3266,-1,0,0,0.0007207040907815099,1
mqtt_preprocessed_v2.csv,3267,-1,0,0,0.0008933153585530818,1
mqtt_preprocessed_v2.csv,3268,-1,0,0,0.0030466008465737104,1
mqtt_preprocessed_v2.csv,3269,-1,0,0,0.0038246926851570606,1
mqtt_preprocessed_v2.csv,3270,-1,0,0,0.0014369867276400328,1
mqtt_preprocessed_v2.csv,3271,-1,0,0,0.0015815874794498086,1
mqtt_preprocessed_v2.csv,3272,-1,0,0,0.0006380979903042316,1
mqtt_preprocessed_v2.csv,3273,-1,0,0,0.0005249344394542277,1
mqtt_preprocessed_v2.csv,3274,-1,0,0,0.0011017894139513373,1
mqtt_preprocessed_v2.csv,3275,-1,0,0,0.0006110819522291422,1
mqtt_preprocessed_v2.csv,3276,-1,0,0,0.0027295565232634544,1
mqtt_preprocessed_v2.csv,3277,-1,0,0,0.000812009850051254,1
mqtt_preprocessed_v2.csv,3278,-1,0,0,0.0010059697087854147,1
mqtt_preprocessed_v2.csv,3279,-1,0,0,0.0036090773064643145,1
mqtt_preprocessed_v2.csv,3280,-1,0,0,0.002097511198371649,1
mqtt_preprocessed_v2.csv,3281,-1,0,0,0.0002525794552639127,1
mqtt_preprocessed_v2.csv,3282,-1,0,0,0.004298487678170204,1
mqtt_preprocessed_v2.csv,3283,-1,0,0,0.0015860178973525763,1
mqtt_preprocessed_v2.csv,3284,-1,0,0,0.000832666817586869,1
mqtt_preprocessed_v2.csv,3285,-1,0,0,0.0010135425254702568,1
mqtt_preprocessed_v2.csv,3286,-1,0,0,0.0013048347318544984,1
mqtt_preprocessed_v2.csv,3287,-1,0,0,0.0002894245262723416,1
mqtt_preprocessed_v2.csv,3288,-1,0,0,0.004247518256306648,1
mqtt_preprocessed_v2.csv,3289,-1,0,0,0.00029889593133702874,1
mqtt_preprocessed_v2.csv,3290,-1,0,0,0.0009842371800914407,1
mqtt_preprocessed_v2.csv,3291,-1,0,0,0.006762133911252022,1
mqtt_preprocessed_v2.csv,3292,-1,0,0,0.0006698466022498906,1
mqtt_preprocessed_v2.csv,3293,-1,0,0,0.0006715020863339305,1
mqtt_preprocessed_v2.csv,3294,-1,0,0,0.004457841627299786,1
mqtt_preprocessed_v2.csv,3295,-1,0,0,0.00026219632127322257,1
mqtt_preprocessed_v2.csv,3296,-1,0,0,0.0017972865607589483,1
mqtt_preprocessed_v2.csv,3297,-1,0,0,0.0023148397449404,1
mqtt_preprocessed_v2.csv,3298,-1,0,0,0.00033363228430971503,1
mqtt_preprocessed_v2.csv,3299,-1,0,0,0.0023075337521731853,1
mqtt_preprocessed_v2.csv,3300,-1,0,0,0.00032380735501646996,1
mqtt_preprocessed_v2.csv,3301,-1,0,0,0.0010308811906725168,1
mqtt_preprocessed_v2.csv,3302,-1,0,0,0.0003527447988744825,1
mqtt_preprocessed_v2.csv,3303,-1,0,0,0.0022252725902944803,1
mqtt_preprocessed_v2.csv,3304,-1,0,0,0.001436484046280384,1
mqtt_preprocessed_v2.csv,3305,-1,0,0,0.00019247914315201342,1
mqtt_preprocessed_v2.csv,3306,-1,0,0,0.0034052019473165274,1
mqtt_preprocessed_v2.csv,3307,-1,0,0,0.0007499994244426489,1
mqtt_preprocessed_v2.csv,3308,-1,0,0,0.0027195040602236986,1
mqtt_preprocessed_v2.csv,3309,-1,0,0,0.000401135825086385,1
mqtt_preprocessed_v2.csv,3310,-1,0,0,0.004411233589053154,1
mqtt_preprocessed_v2.csv,3311,-1,0,0,0.00043580459896475077,1
mqtt_preprocessed_v2.csv,3312,-1,0,0,0.0036690058186650276,1
mqtt_preprocessed_v2.csv,3313,-1,0,0,0.00024756192578934133,1
mqtt_preprocessed_v2.csv,3314,-1,0,0,0.0011828464921563864,1
mqtt_preprocessed_v2.csv,3315,-1,0,0,0.0022232113406062126,1
mqtt_preprocessed_v2.csv,3316,-1,0,0,0.0007184476125985384,1
mqtt_preprocessed_v2.csv,3317,-1,0,0,0.0006052245735190809,1
mqtt_preprocessed_v2.csv,3318,-1,0,0,0.0006277631036937237,1
mqtt_preprocessed_v2.csv,3319,-1,0,0,0.0021805644501000643,1
mqtt_preprocessed_v2.csv,3320,-1,0,0,0.000533565238583833,1
mqtt_preprocessed_v2.csv,3321,-1,0,0,0.0006322230328805745,1
mqtt_preprocessed_v2.csv,3322,-1,0,0,0.00042566703632473946,1
mqtt_preprocessed_v2.csv,3323,-1,0,0,0.0003460788575466722,1
mqtt_preprocessed_v2.csv,3324,-1,0,0,0.0011563748121261597,1
mqtt_preprocessed_v2.csv,3325,-1,0,0,0.0008088975446298718,1
mqtt_preprocessed_v2.csv,3326,-1,0,0,0.0006474165129475296,1
mqtt_preprocessed_v2.csv,3327,-1,0,0,0.0010106461122632027,1
mqtt_preprocessed_v2.csv,3328,-1,0,0,0.0005470080068334937,1
mqtt_preprocessed_v2.csv,3329,-1,0,0,0.0017644520848989487,1
mqtt_preprocessed_v2.csv,3330,-1,0,0,0.0014574939850717783,1
mqtt_preprocessed_v2.csv,3331,-1,0,0,0.0008708336390554905,1
mqtt_preprocessed_v2.csv,3332,-1,0,0,0.0009025321924127638,1
mqtt_preprocessed_v2.csv,3333,-1,0,0,0.0002918095560744405,1
mqtt_preprocessed_v2.csv,3334,-1,0,0,0.0006849226192571223,1
mqtt_preprocessed_v2.csv,3335,-1,0,0,0.0011616533156484365,1
mqtt_preprocessed_v2.csv,3336,-1,0,0,0.004210266750305891,1
mqtt_preprocessed_v2.csv,3337,-1,0,0,0.000467832840513438,1
mqtt_preprocessed_v2.csv,3338,-1,0,0,0.003685940522700548,1
mqtt_preprocessed_v2.csv,3339,-1,0,0,0.0020687563810497522,1
mqtt_preprocessed_v2.csv,3340,-1,0,0,0.0005848968867212534,1
mqtt_preprocessed_v2.csv,3341,-1,0,0,0.0010164502309635282,1
mqtt_preprocessed_v2.csv,3342,-1,0,0,0.001528229215182364,1
mqtt_preprocessed_v2.csv,3343,-1,0,0,0.0005442936671897769,1
mqtt_preprocessed_v2.csv,3344,-1,0,0,0.0007255313685163856,1
mqtt_preprocessed_v2.csv,3345,-1,0,0,0.0012366181472316384,1
mqtt_preprocessed_v2.csv,3346,-1,0,0,0.00024758154177106917,1
mqtt_preprocessed_v2.csv,3347,-1,0,0,0.0035056949127465487,1
mqtt_preprocessed_v2.csv,3348,-1,0,0,0.006999843288213015,1
mqtt_preprocessed_v2.csv,3349,-1,0,0,0.000553365855012089,1
mqtt_preprocessed_v2.csv,3350,-1,0,0,0.0003537546144798398,1
mqtt_preprocessed_v2.csv,3351,-1,0,0,0.0007004259969107807,1
mqtt_preprocessed_v2.csv,3352,-1,0,0,0.0012821259442716837,1
mqtt_preprocessed_v2.csv,3353,-1,0,0,0.0003335193614475429,1
mqtt_preprocessed_v2.csv,3354,-1,0,0,0.0008704690262675285,1
mqtt_preprocessed_v2.csv,3355,-1,0,0,0.0006020465516485274,1
mqtt_preprocessed_v2.csv,3356,-1,0,0,0.0011253940174356103,1
mqtt_preprocessed_v2.csv,3357,-1,0,0,0.0010432010749354959,1
mqtt_preprocessed_v2.csv,3358,-1,0,0,0.0005071632913313806,1
mqtt_preprocessed_v2.csv,3359,-1,0,0,0.0005205586785450578,1
mqtt_preprocessed_v2.csv,3360,-1,0,0,0.005716987885534763,1
mqtt_preprocessed_v2.csv,3361,-1,0,0,0.006977195851504803,1
mqtt_preprocessed_v2.csv,3362,-1,0,0,0.005317756440490484,1
mqtt_preprocessed_v2.csv,3363,-1,0,0,0.0010431577684357762,1
mqtt_preprocessed_v2.csv,3364,-1,0,0,0.0015422989381477237,1
mqtt_preprocessed_v2.csv,3365,-1,0,0,0.0010929758427664638,1
mqtt_preprocessed_v2.csv,3366,-1,0,0,0.0008961721905507147,1
mqtt_preprocessed_v2.csv,3367,-1,0,0,0.0015374677022919059,1
mqtt_preprocessed_v2.csv,3368,-1,0,0,0.0021415508817881346,1
mqtt_preprocessed_v2.csv,3369,-1,0,0,0.000322735751979053,1
mqtt_preprocessed_v2.csv,3370,-1,0,0,0.0006313848425634205,1
mqtt_preprocessed_v2.csv,3371,-1,0,0,0.0003536450385581702,1
mqtt_preprocessed_v2.csv,3372,-1,0,0,0.00033668853575363755,1
mqtt_preprocessed_v2.csv,3373,-1,0,0,0.0011568316258490086,1
mqtt_preprocessed_v2.csv,3374,-1,0,0,0.0005762222572229803,1
mqtt_preprocessed_v2.csv,3375,-1,0,0,0.0008828855352476239,1
mqtt_preprocessed_v2.csv,3376,-1,0,0,0.0009115473949350417,1
mqtt_preprocessed_v2.csv,3377,-1,0,0,0.0008865715353749692,1
mqtt_preprocessed_v2.csv,3378,-1,0,0,0.00047307717613875866,1
mqtt_preprocessed_v2.csv,3379,-1,0,0,0.0006539865862578154,1
mqtt_preprocessed_v2.csv,3380,-1,0,0,0.006672309245914221,1
mqtt_preprocessed_v2.csv,3381,-1,0,0,0.00029026350239291787,1
mqtt_preprocessed_v2.csv,3382,-1,0,0,0.0021517619024962187,1
mqtt_preprocessed_v2.csv,3383,-1,0,0,0.0003461740561760962,1
mqtt_preprocessed_v2.csv,3384,-1,0,0,0.0003772489435505122,1
mqtt_preprocessed_v2.csv,3385,-1,0,0,0.000429138308390975,1
mqtt_preprocessed_v2.csv,3386,-1,0,0,0.007304769475013018,1
mqtt_preprocessed_v2.csv,3387,-1,0,0,0.0010623594280332327,1
mqtt_preprocessed_v2.csv,3388,-1,0,0,0.002186042256653309,1
mqtt_preprocessed_v2.csv,3389,-1,0,0,0.00048419160884805024,1
mqtt_preprocessed_v2.csv,3390,-1,0,0,0.0002909536997321993,1
mqtt_preprocessed_v2.csv,3391,-1,0,0,0.000524739851243794,1
mqtt_preprocessed_v2.csv,3392,-1,0,0,0.0019923371728509665,1
mqtt_preprocessed_v2.csv,3393,-1,0,0,0.0011673076078295708,1
mqtt_preprocessed_v2.csv,3394,-1,0,0,0.0010975567856803536,1
mqtt_preprocessed_v2.csv,3395,-1,0,0,0.0011251614196226,1
mqtt_preprocessed_v2.csv,3396,-1,0,0,0.0013202569680288434,1
mqtt_preprocessed_v2.csv,3397,-1,0,0,0.001115444116294384,1
mqtt_preprocessed_v2.csv,3398,-1,0,0,0.001783810555934906,1
mqtt_preprocessed_v2.csv,3399,-1,0,0,0.0021689950954169035,1
mqtt_preprocessed_v2.csv,3400,-1,0,0,0.0008310168632306159,1
mqtt_preprocessed_v2.csv,3401,-1,0,0,0.0003213749441783875,1
mqtt_preprocessed_v2.csv,3402,-1,0,0,0.0002826928102876991,1
mqtt_preprocessed_v2.csv,3403,-1,0,0,0.00018063995230477303,1
mqtt_preprocessed_v2.csv,3404,-1,0,0,0.0011870695743709803,1
mqtt_preprocessed_v2.csv,3405,-1,0,0,0.0009891950758174062,1
mqtt_preprocessed_v2.csv,3406,-1,0,0,0.0016371359815821052,1
mqtt_preprocessed_v2.csv,3407,-1,0,0,0.004018596839159727,1
mqtt_preprocessed_v2.csv,3408,-1,0,0,0.0011568790068849921,1
mqtt_preprocessed_v2.csv,3409,-1,0,0,0.0009951030369848013,1
mqtt_preprocessed_v2.csv,3410,-1,0,0,0.0008867320721037686,1
mqtt_preprocessed_v2.csv,3411,-1,0,0,0.0006391460192389786,1
mqtt_preprocessed_v2.csv,3412,-1,0,0,0.0008315567392855883,1
mqtt_preprocessed_v2.csv,3413,-1,0,0,0.0013494117883965373,1
mqtt_preprocessed_v2.csv,3414,-1,0,0,0.0004976762575097382,1
mqtt_preprocessed_v2.csv,3415,-1,0,0,0.0013602542458102107,1
mqtt_preprocessed_v2.csv,3416,-1,0,0,0.0005333350854925811,1
mqtt_preprocessed_v2.csv,3417,-1,0,0,0.002007056726142764,1
mqtt_preprocessed_v2.csv,3418,-1,0,0,0.001839255215600133,1
mqtt_preprocessed_v2.csv,3419,-1,0,0,0.0024025102611631155,1
mqtt_preprocessed_v2.csv,3420,-1,0,0,0.0008618559804745018,1
mqtt_preprocessed_v2.csv,3421,-1,0,0,0.0007252105860970914,1
mqtt_preprocessed_v2.csv,3422,-1,0,0,0.003603186924010515,1
mqtt_preprocessed_v2.csv,3423,-1,0,0,0.0011448224540799856,1
mqtt_preprocessed_v2.csv,3424,-1,0,0,0.003195520956069231,1
mqtt_preprocessed_v2.csv,3425,-1,0,0,0.0006417878321371973,1
mqtt_preprocessed_v2.csv,3426,-1,0,0,0.0014561261050403118,1
mqtt_preprocessed_v2.csv,3427,-1,0,0,0.0017405662219971418,1
mqtt_preprocessed_v2.csv,3428,-1,0,0,0.0002816830819938332,1
mqtt_preprocessed_v2.csv,3429,-1,0,0,0.0013383969198912382,1
mqtt_preprocessed_v2.csv,3430,-1,0,0,0.001363342278636992,1
mqtt_preprocessed_v2.csv,3431,-1,0,0,0.0017326155211776495,1
mqtt_preprocessed_v2.csv,3432,-1,0,0,0.0067024435847997665,1
mqtt_preprocessed_v2.csv,3433,-1,0,0,0.001389417564496398,1
mqtt_preprocessed_v2.csv,3434,-1,0,0,0.001732219592668116,1
mqtt_preprocessed_v2.csv,3435,-1,0,0,0.0003961869515478611,1
mqtt_preprocessed_v2.csv,3436,-1,0,0,0.001549784792587161,1
mqtt_preprocessed_v2.csv,3437,-1,0,0,0.0021196999587118626,1
mqtt_preprocessed_v2.csv,3438,-1,0,0,0.0017430733423680067,1
mqtt_preprocessed_v2.csv,3439,-1,0,0,0.004578744992613792,1
mqtt_preprocessed_v2.csv,3440,-1,0,0,0.0015097333816811442,1
mqtt_preprocessed_v2.csv,3441,-1,0,0,0.000254511134698987,1
mqtt_preprocessed_v2.csv,3442,-1,0,0,0.0025959128979593515,1
mqtt_preprocessed_v2.csv,3443,-1,0,0,0.000888937443960458,1
mqtt_preprocessed_v2.csv,3444,-1,0,0,0.0005048010498285294,1
mqtt_preprocessed_v2.csv,3445,-1,0,0,0.009134744293987751,1
mqtt_preprocessed_v2.csv,3446,-1,0,0,0.000992921064607799,1
mqtt_preprocessed_v2.csv,3447,-1,0,0,0.004625578410923481,1
mqtt_preprocessed_v2.csv,3448,-1,0,0,0.001133957295678556,1
mqtt_preprocessed_v2.csv,3449,-1,0,0,0.0010979569051414728,1
mqtt_preprocessed_v2.csv,3450,-1,0,0,0.0011040132958441973,1
mqtt_preprocessed_v2.csv,3451,-1,0,0,0.001949092373251915,1
mqtt_preprocessed_v2.csv,3452,-1,0,0,0.0019657034426927567,1
mqtt_preprocessed_v2.csv,3453,-1,0,0,0.0003176205209456384,1
mqtt_preprocessed_v2.csv,3454,-1,0,0,0.0007695957901887596,1
mqtt_preprocessed_v2.csv,3455,-1,0,0,0.001201940467581153,1
mqtt_preprocessed_v2.csv,3456,-1,0,0,0.002022629836574197,1
mqtt_preprocessed_v2.csv,3457,-1,0,0,0.002574727637693286,1
mqtt_preprocessed_v2.csv,3458,-1,0,0,0.001162411062978208,1
mqtt_preprocessed_v2.csv,3459,-1,0,0,0.0005823069368489087,1
mqtt_preprocessed_v2.csv,3460,-1,0,0,0.0014242518227547407,1
mqtt_preprocessed_v2.csv,3461,-1,0,0,0.0016637413064017892,1
mqtt_preprocessed_v2.csv,3462,-1,0,0,0.0011775800958275795,1
mqtt_preprocessed_v2.csv,3463,-1,0,0,0.0013780554290860891,1
mqtt_preprocessed_v2.csv,3464,-1,0,0,0.00036992927198298275,1
mqtt_preprocessed_v2.csv,3465,-1,0,0,0.0006306733703240752,1
mqtt_preprocessed_v2.csv,3466,-1,0,0,0.0010652270866557956,1
mqtt_preprocessed_v2.csv,3467,-1,0,0,0.0017908400623127818,1
mqtt_preprocessed_v2.csv,3468,-1,0,0,0.0008870042511262,1
mqtt_preprocessed_v2.csv,3469,-1,0,0,0.00029230688232928514,1
mqtt_preprocessed_v2.csv,3470,-1,0,0,0.019137682393193245,1
mqtt_preprocessed_v2.csv,3471,-1,0,0,0.007667797617614269,1
mqtt_preprocessed_v2.csv,3472,-1,0,0,0.001272528781555593,1
mqtt_preprocessed_v2.csv,3473,-1,0,0,0.0009071218082681298,1
mqtt_preprocessed_v2.csv,3474,-1,0,0,0.00033184917992912233,1
mqtt_preprocessed_v2.csv,3475,-1,0,0,0.0032207570038735867,1
mqtt_preprocessed_v2.csv,3476,-1,0,0,0.0005904275458306074,1
mqtt_preprocessed_v2.csv,3477,-1,0,0,0.0010821379255503416,1
mqtt_preprocessed_v2.csv,3478,-1,0,0,0.0007418681052513421,1
mqtt_preprocessed_v2.csv,3479,-1,0,0,0.0003066144126933068,1
mqtt_preprocessed_v2.csv,3480,-1,0,0,0.0017390057910233736,1
mqtt_preprocessed_v2.csv,3481,-1,0,0,0.0010282931616529822,1
mqtt_preprocessed_v2.csv,3482,-1,0,0,0.0011002366663888097,1
mqtt_preprocessed_v2.csv,3483,-1,0,0,0.004977102391421795,1
mqtt_preprocessed_v2.csv,3484,-1,0,0,0.00027356253121979535,1
mqtt_preprocessed_v2.csv,3485,-1,0,0,0.00033189536770805717,1
mqtt_preprocessed_v2.csv,3486,-1,0,0,0.012052224017679691,1
mqtt_preprocessed_v2.csv,3487,-1,0,0,0.002933673793449998,1
mqtt_preprocessed_v2.csv,3488,-1,0,0,0.0004654137883335352,1
mqtt_preprocessed_v2.csv,3489,-1,0,0,0.004046787973493338,1
mqtt_preprocessed_v2.csv,3490,-1,0,0,0.001070686848834157,1
mqtt_preprocessed_v2.csv,3491,-1,0,0,0.0006609720294363797,1
mqtt_preprocessed_v2.csv,3492,-1,0,0,0.0013440350303426385,1
mqtt_preprocessed_v2.csv,3493,-1,0,0,0.001023644465021789,1
mqtt_preprocessed_v2.csv,3494,-1,0,0,0.0012276553316041827,1
mqtt_preprocessed_v2.csv,3495,-1,0,0,0.000665451108943671,1
mqtt_preprocessed_v2.csv,3496,-1,0,0,0.0012000947026535869,1
mqtt_preprocessed_v2.csv,3497,-1,0,0,0.0006408008048310876,1
mqtt_preprocessed_v2.csv,3498,-1,0,0,0.0011718146270141006,1
mqtt_preprocessed_v2.csv,3499,-1,0,0,0.0018266261322423816,1
mqtt_preprocessed_v2.csv,3500,-1,0,0,0.0008921652333810925,1
mqtt_preprocessed_v2.csv,3501,-1,0,0,0.00949815846979618,1
mqtt_preprocessed_v2.csv,3502,-1,0,0,0.001244863960891962,1
mqtt_preprocessed_v2.csv,3503,-1,0,0,0.00030376127688214183,1
mqtt_preprocessed_v2.csv,3504,-1,0,0,0.0007743181777186692,1
mqtt_preprocessed_v2.csv,3505,-1,0,0,0.0003373803338035941,1
mqtt_preprocessed_v2.csv,3506,-1,0,0,0.000790813472121954,1
mqtt_preprocessed_v2.csv,3507,-1,0,0,0.0028132882434874773,1
mqtt_preprocessed_v2.csv,3508,-1,0,0,0.00045105282333679497,1
mqtt_preprocessed_v2.csv,3509,-1,0,0,0.00031036484870128334,1
mqtt_preprocessed_v2.csv,3510,-1,0,0,0.0010646862210705876,1
mqtt_preprocessed_v2.csv,3511,-1,0,0,0.0008972026407718658,1
mqtt_preprocessed_v2.csv,3512,-1,0,0,0.00325792352668941,1
mqtt_preprocessed_v2.csv,3513,-1,0,0,0.0012736466014757752,1
mqtt_preprocessed_v2.csv,3514,-1,0,0,0.0013945220271125436,1
mqtt_preprocessed_v2.csv,3515,-1,0,0,0.0011588407214730978,1
mqtt_preprocessed_v2.csv,3516,-1,0,0,0.00026166587485931814,1
mqtt_preprocessed_v2.csv,3517,-1,0,0,0.001528194872662425,1
mqtt_preprocessed_v2.csv,3518,-1,0,0,0.0006650412688031793,1
mqtt_preprocessed_v2.csv,3519,-1,0,0,0.0010441860649734735,1
mqtt_preprocessed_v2.csv,3520,-1,0,0,0.00018311987514607608,1
mqtt_preprocessed_v2.csv,3521,-1,0,0,0.0006089560920372605,1
mqtt_preprocessed_v2.csv,3522,-1,0,0,0.0017911787144839764,1
mqtt_preprocessed_v2.csv,3523,-1,0,0,0.0015141534386202693,1
mqtt_preprocessed_v2.csv,3524,-1,0,0,0.0014770216075703502,1
mqtt_preprocessed_v2.csv,3525,-1,0,0,0.0010341174202039838,1
mqtt_preprocessed_v2.csv,3526,-1,0,0,0.0011738842586055398,1
mqtt_preprocessed_v2.csv,3527,-1,0,0,0.0009069821680895984,1
mqtt_preprocessed_v2.csv,3528,-1,0,0,0.0006665784167125821,1
mqtt_preprocessed_v2.csv,3529,-1,0,0,0.0006581273628398776,1
mqtt_preprocessed_v2.csv,3530,-1,0,0,0.0018361624097451568,1
mqtt_preprocessed_v2.csv,3531,-1,0,0,0.0005980391870252788,1
mqtt_preprocessed_v2.csv,3532,-1,0,0,0.0026477528735995293,1
mqtt_preprocessed_v2.csv,3533,-1,0,0,0.0007539981743320823,1
mqtt_preprocessed_v2.csv,3534,-1,0,0,0.0003179771301802248,1
mqtt_preprocessed_v2.csv,3535,-1,0,0,0.0005815610056743026,1
mqtt_preprocessed_v2.csv,3536,-1,0,0,0.0009374557994306087,1
mqtt_preprocessed_v2.csv,3537,-1,0,0,0.00028616978670470417,1
mqtt_preprocessed_v2.csv,3538,-1,0,0,0.0005697495653294027,1
mqtt_preprocessed_v2.csv,3539,-1,0,0,0.001177834696136415,1
mqtt_preprocessed_v2.csv,3540,-1,0,0,0.004450056701898575,1
mqtt_preprocessed_v2.csv,3541,-1,0,0,0.0007043865043669939,1
mqtt_preprocessed_v2.csv,3542,-1,0,0,0.0010124711552634835,1
mqtt_preprocessed_v2.csv,3543,-1,0,0,0.0008486672304570675,1
mqtt_preprocessed_v2.csv,3544,-1,0,0,0.0005575818940997124,1
mqtt_preprocessed_v2.csv,3545,-1,0,0,0.0003300837997812778,1
mqtt_preprocessed_v2.csv,3546,-1,0,0,0.0006593107245862484,1
mqtt_preprocessed_v2.csv,3547,-1,0,0,0.0021079739090055227,1
mqtt_preprocessed_v2.csv,3548,-1,0,0,0.0005038419621996582,1
mqtt_preprocessed_v2.csv,3549,-1,0,0,0.00022342188458424062,1
mqtt_preprocessed_v2.csv,3550,-1,0,0,0.0009078727453015745,1
mqtt_preprocessed_v2.csv,3551,-1,0,0,0.0008771840366534889,1
mqtt_preprocessed_v2.csv,3552,-1,0,0,0.0004771462990902364,1
mqtt_preprocessed_v2.csv,3553,-1,0,0,0.0008231585961766541,1
mqtt_preprocessed_v2.csv,3554,-1,0,0,0.002268865006044507,1
mqtt_preprocessed_v2.csv,3555,-1,0,0,0.00027238563052378595,1
mqtt_preprocessed_v2.csv,3556,-1,0,0,0.00026324583450332284,1
mqtt_preprocessed_v2.csv,3557,-1,0,0,0.0006909769726917148,1
mqtt_preprocessed_v2.csv,3558,-1,0,0,0.0004779766604769975,1
mqtt_preprocessed_v2.csv,3559,-1,0,0,0.0011988418409600854,1
mqtt_preprocessed_v2.csv,3560,-1,0,0,0.0006128156092017889,1
mqtt_preprocessed_v2.csv,3561,-1,0,0,0.0024109329096972942,1
mqtt_preprocessed_v2.csv,3562,-1,0,0,0.001654835999943316,1
mqtt_preprocessed_v2.csv,3563,-1,0,0,0.010504156351089478,1
mqtt_preprocessed_v2.csv,3564,-1,0,0,0.001453226781450212,1
mqtt_preprocessed_v2.csv,3565,-1,0,0,0.0005154331447556615,1
mqtt_preprocessed_v2.csv,3566,-1,0,0,0.0010829030070453882,1
mqtt_preprocessed_v2.csv,3567,-1,0,0,0.0011286544613540173,1
mqtt_preprocessed_v2.csv,3568,-1,0,0,0.001215364201925695,1
mqtt_preprocessed_v2.csv,3569,-1,0,0,0.0006971708498895168,1
mqtt_preprocessed_v2.csv,3570,-1,0,0,0.0011380153009667993,1
mqtt_preprocessed_v2.csv,3571,-1,0,0,0.0013804789632558823,1
mqtt_preprocessed_v2.csv,3572,-1,0,0,0.0010834411950781941,1
mqtt_preprocessed_v2.csv,3573,-1,0,0,0.00030449542100541294,1
mqtt_preprocessed_v2.csv,3574,-1,0,0,0.000987067585811019,1
mqtt_preprocessed_v2.csv,3575,-1,0,0,0.0010655832011252642,1
mqtt_preprocessed_v2.csv,3576,-1,0,0,0.0003422500449232757,1
mqtt_preprocessed_v2.csv,3577,-1,0,0,0.0012776902876794338,1
mqtt_preprocessed_v2.csv,3578,-1,0,0,0.00027013561339117587,1
mqtt_preprocessed_v2.csv,3579,-1,0,0,0.0008772241417318583,1
mqtt_preprocessed_v2.csv,3580,-1,0,0,0.0002892413758672774,1
mqtt_preprocessed_v2.csv,3581,-1,0,0,0.0004888654220849276,1
mqtt_preprocessed_v2.csv,3582,-1,0,0,0.000234103252296336,1
mqtt_preprocessed_v2.csv,3583,-1,0,0,0.00033396450453437865,1
mqtt_preprocessed_v2.csv,3584,-1,0,0,0.00035574217326939106,1
mqtt_preprocessed_v2.csv,3585,-1,0,0,0.0008047851151786745,1
mqtt_preprocessed_v2.csv,3586,-1,0,0,0.004159783944487572,1
mqtt_preprocessed_v2.csv,3587,-1,0,0,0.0006423888262361288,1
mqtt_preprocessed_v2.csv,3588,-1,0,0,0.0002784187672659755,1
mqtt_preprocessed_v2.csv,3589,-1,0,0,0.0010643125278875232,1
mqtt_preprocessed_v2.csv,3590,-1,0,0,0.0033765113912522793,1
mqtt_preprocessed_v2.csv,3591,-1,0,0,0.001190570998005569,1
mqtt_preprocessed_v2.csv,3592,-1,0,0,0.0012411628849804401,1
mqtt_preprocessed_v2.csv,3593,-1,0,0,0.0009776242077350616,1
mqtt_preprocessed_v2.csv,3594,-1,0,0,0.00114630744792521,1
mqtt_preprocessed_v2.csv,3595,-1,0,0,0.0006873491802252829,1
mqtt_preprocessed_v2.csv,3596,-1,0,0,0.00119484041351825,1
mqtt_preprocessed_v2.csv,3597,-1,0,0,0.000422199082095176,1
mqtt_preprocessed_v2.csv,3598,-1,0,0,0.0017373445443809032,1
mqtt_preprocessed_v2.csv,3599,-1,0,0,0.004187120124697685,1
mqtt_preprocessed_v2.csv,3600,-1,0,0,0.001397272921167314,1
mqtt_preprocessed_v2.csv,3601,-1,0,0,0.0031846400815993547,1
mqtt_preprocessed_v2.csv,3602,-1,0,0,0.0031550440471619368,1
mqtt_preprocessed_v2.csv,3603,-1,0,0,0.001086931093595922,1
mqtt_preprocessed_v2.csv,3604,-1,0,0,0.0010862610070034862,1
mqtt_preprocessed_v2.csv,3605,-1,0,0,0.0014692069962620735,1
mqtt_preprocessed_v2.csv,3606,-1,0,0,0.0029673324897885323,1
mqtt_preprocessed_v2.csv,3607,-1,0,0,0.0004673004150390625,1
mqtt_preprocessed_v2.csv,3608,-1,0,0,0.0006911067175678909,1
mqtt_preprocessed_v2.csv,3609,-1,0,0,0.014105315320193768,1
mqtt_preprocessed_v2.csv,3610,-1,0,0,0.0003116659354418516,1
mqtt_preprocessed_v2.csv,3611,-1,0,0,0.003306758590042591,1
mqtt_preprocessed_v2.csv,3612,-1,0,0,0.0003015794500242919,1
mqtt_preprocessed_v2.csv,3613,-1,0,0,0.0007790026138536632,1
mqtt_preprocessed_v2.csv,3614,-1,0,0,0.0006721436511725187,1
mqtt_preprocessed_v2.csv,3615,-1,0,0,0.0007926842081360519,1
mqtt_preprocessed_v2.csv,3616,-1,0,0,0.0015239380300045013,1
mqtt_preprocessed_v2.csv,3617,-1,0,0,0.0008822586387395859,1
mqtt_preprocessed_v2.csv,3618,-1,0,0,0.000965956540312618,1
mqtt_preprocessed_v2.csv,3619,-1,0,0,0.0010061392094939947,1
mqtt_preprocessed_v2.csv,3620,-1,0,0,0.0010980069637298584,1
mqtt_preprocessed_v2.csv,3621,-1,0,0,0.0011571358190849423,1
mqtt_preprocessed_v2.csv,3622,-1,0,0,0.00046546594239771366,1
mqtt_preprocessed_v2.csv,3623,-1,0,0,0.0018789494642987847,1
mqtt_preprocessed_v2.csv,3624,-1,0,0,0.002265435177832842,1
mqtt_preprocessed_v2.csv,3625,-1,0,0,0.00029593848739750683,1
mqtt_preprocessed_v2.csv,3626,-1,0,0,0.0004795684653799981,1
mqtt_preprocessed_v2.csv,3627,-1,0,0,0.004445225931704044,1
mqtt_preprocessed_v2.csv,3628,-1,0,0,0.00041976271313615143,1
mqtt_preprocessed_v2.csv,3629,-1,0,0,0.0010614549973979592,1
mqtt_preprocessed_v2.csv,3630,-1,0,0,0.0005110885249450803,1
mqtt_preprocessed_v2.csv,3631,-1,0,0,0.0008254415006376803,1
mqtt_preprocessed_v2.csv,3632,-1,0,0,0.0004651232738979161,1
mqtt_preprocessed_v2.csv,3633,-1,0,0,0.001585655496455729,1
mqtt_preprocessed_v2.csv,3634,-1,0,0,0.0008848347351886332,1
mqtt_preprocessed_v2.csv,3635,-1,0,0,0.0023478541988879442,1
mqtt_preprocessed_v2.csv,3636,-1,0,0,0.00037706486182287335,1
mqtt_preprocessed_v2.csv,3637,-1,0,0,0.0017563618021085858,1
mqtt_preprocessed_v2.csv,3638,-1,0,0,0.0017862064996734262,1
mqtt_preprocessed_v2.csv,3639,-1,0,0,0.0014818685594946146,1
mqtt_preprocessed_v2.csv,3640,-1,0,0,0.0007318052812479436,1
mqtt_preprocessed_v2.csv,3641,-1,0,0,0.0005848471773788333,1
mqtt_preprocessed_v2.csv,3642,-1,0,0,0.0009250093135051429,1
mqtt_preprocessed_v2.csv,3643,-1,0,0,0.0010057258186861873,1
mqtt_preprocessed_v2.csv,3644,-1,0,0,0.0006105780485086143,1
mqtt_preprocessed_v2.csv,3645,-1,0,0,0.0016796537674963474,1
mqtt_preprocessed_v2.csv,3646,-1,0,0,0.0008064969442784786,1
mqtt_preprocessed_v2.csv,3647,-1,0,0,0.0010176992509514093,1
mqtt_preprocessed_v2.csv,3648,-1,0,0,0.0005560334539040923,1
mqtt_preprocessed_v2.csv,3649,-1,0,0,0.0009245154215022922,1
mqtt_preprocessed_v2.csv,3650,-1,0,0,0.0016088346019387245,1
mqtt_preprocessed_v2.csv,3651,-1,0,0,0.0037253915797919035,1
mqtt_preprocessed_v2.csv,3652,-1,0,0,0.0009127698140218854,1
mqtt_preprocessed_v2.csv,3653,-1,0,0,0.003666661912575364,1
mqtt_preprocessed_v2.csv,3654,-1,0,0,0.00027297655469737947,1
mqtt_preprocessed_v2.csv,3655,-1,0,0,0.00039897876558825374,1
mqtt_preprocessed_v2.csv,3656,-1,0,0,0.0006624158122576773,1
mqtt_preprocessed_v2.csv,3657,-1,0,0,0.000338266632752493,1
mqtt_preprocessed_v2.csv,3658,-1,0,0,0.0025189260486513376,1
mqtt_preprocessed_v2.csv,3659,-1,0,0,0.0009815262164920568,1
mqtt_preprocessed_v2.csv,3660,-1,0,0,0.0006181540084071457,1
mqtt_preprocessed_v2.csv,3661,-1,0,0,0.00379385007545352,1
mqtt_preprocessed_v2.csv,3662,-1,0,0,0.00033306467230431736,1
mqtt_preprocessed_v2.csv,3663,-1,0,0,0.0011917203664779663,1
mqtt_preprocessed_v2.csv,3664,-1,0,0,0.0003191053110640496,1
mqtt_preprocessed_v2.csv,3665,-1,0,0,0.004282018635421991,1
mqtt_preprocessed_v2.csv,3666,-1,0,0,0.0006985727814026177,1
mqtt_preprocessed_v2.csv,3667,-1,0,0,0.0017333908472210169,1
mqtt_preprocessed_v2.csv,3668,-1,0,0,0.005468443967401981,1
mqtt_preprocessed_v2.csv,3669,-1,0,0,0.0004883088986389339,1
mqtt_preprocessed_v2.csv,3670,-1,0,0,0.0012798493262380362,1
mqtt_preprocessed_v2.csv,3671,-1,0,0,0.0006126899970695376,1
mqtt_preprocessed_v2.csv,3672,-1,0,0,0.002462826669216156,1
mqtt_preprocessed_v2.csv,3673,-1,0,0,0.000520691683050245,1
mqtt_preprocessed_v2.csv,3674,-1,0,0,0.00030011008493602276,1
mqtt_preprocessed_v2.csv,3675,-1,0,0,0.001102353329770267,1
mqtt_preprocessed_v2.csv,3676,-1,0,0,0.0006128445966169238,1
mqtt_preprocessed_v2.csv,3677,-1,0,0,0.0008360504871234298,1
mqtt_preprocessed_v2.csv,3678,-1,0,0,0.0011772605357691646,1
mqtt_preprocessed_v2.csv,3679,-1,0,0,0.0030737989582121372,1
mqtt_preprocessed_v2.csv,3680,-1,0,0,0.00043106958037242293,1
mqtt_preprocessed_v2.csv,3681,-1,0,0,0.000643937208224088,1
mqtt_preprocessed_v2.csv,3682,-1,0,0,0.00028469946119003,1
mqtt_preprocessed_v2.csv,3683,-1,0,0,0.0013347173808142543,1
mqtt_preprocessed_v2.csv,3684,-1,0,0,0.0008915433427318931,1
mqtt_preprocessed_v2.csv,3685,-1,0,0,0.0008661848842166364,1
mqtt_preprocessed_v2.csv,3686,-1,0,0,0.0003073252737522125,1
mqtt_preprocessed_v2.csv,3687,-1,0,0,0.00047143897973001003,1
mqtt_preprocessed_v2.csv,3688,-1,0,0,0.0008822149247862399,1
mqtt_preprocessed_v2.csv,3689,-1,0,0,0.0003267639549449086,1
mqtt_preprocessed_v2.csv,3690,-1,0,0,0.0007195058860816061,1
mqtt_preprocessed_v2.csv,3691,-1,0,0,0.00029870931757614017,1
mqtt_preprocessed_v2.csv,3692,-1,0,0,0.004394716117531061,1
mqtt_preprocessed_v2.csv,3693,-1,0,0,0.0005235373391769826,1
mqtt_preprocessed_v2.csv,3694,-1,0,0,0.0004222226270940155,1
mqtt_preprocessed_v2.csv,3695,-1,0,0,0.0022259990219026804,1
mqtt_preprocessed_v2.csv,3696,-1,0,0,0.0005394361796788871,1
mqtt_preprocessed_v2.csv,3697,-1,0,0,0.0005018949159421027,1
mqtt_preprocessed_v2.csv,3698,-1,0,0,0.0022074906155467033,1
mqtt_preprocessed_v2.csv,3699,-1,0,0,0.0008092297939583659,1
mqtt_preprocessed_v2.csv,3700,-1,0,0,0.0013021827908232808,1
mqtt_preprocessed_v2.csv,3701,-1,0,0,0.00048734727897681296,1
mqtt_preprocessed_v2.csv,3702,-1,0,0,0.002143602119758725,1
mqtt_preprocessed_v2.csv,3703,-1,0,0,0.0035684264730662107,1
mqtt_preprocessed_v2.csv,3704,-1,0,0,0.0024249949492514133,1
mqtt_preprocessed_v2.csv,3705,-1,0,0,0.00046948331873863935,1
mqtt_preprocessed_v2.csv,3706,-1,0,0,0.0003481174062471837,1
mqtt_preprocessed_v2.csv,3707,-1,0,0,0.0002301305503351614,1
mqtt_preprocessed_v2.csv,3708,-1,0,0,0.0016157326754182577,1
mqtt_preprocessed_v2.csv,3709,-1,0,0,0.000658325559925288,1
mqtt_preprocessed_v2.csv,3710,-1,0,0,0.0014913055347278714,1
mqtt_preprocessed_v2.csv,3711,-1,0,0,0.0005343634984456003,1
mqtt_preprocessed_v2.csv,3712,-1,0,0,0.0002886857255361974,1
mqtt_preprocessed_v2.csv,3713,-1,0,0,0.0005972246872261167,1
mqtt_preprocessed_v2.csv,3714,-1,0,0,0.0004985990235581994,1
mqtt_preprocessed_v2.csv,3715,-1,0,0,0.0002787611447274685,1
mqtt_preprocessed_v2.csv,3716,-1,0,0,0.0033788594882935286,1
mqtt_preprocessed_v2.csv,3717,-1,0,0,0.00041098642395809293,1
mqtt_preprocessed_v2.csv,3718,-1,0,0,0.006535195745527744,1
mqtt_preprocessed_v2.csv,3719,-1,0,0,0.00031492338166572154,1
mqtt_preprocessed_v2.csv,3720,-1,0,0,0.0010018559405580163,1
mqtt_preprocessed_v2.csv,3721,-1,0,0,0.003511209739372134,1
mqtt_preprocessed_v2.csv,3722,-1,0,0,0.0006036846316419542,1
mqtt_preprocessed_v2.csv,3723,-1,0,0,0.0018476643599569798,1
mqtt_preprocessed_v2.csv,3724,-1,0,0,0.0008820246439427137,1
mqtt_preprocessed_v2.csv,3725,-1,0,0,0.000291218952042982,1
mqtt_preprocessed_v2.csv,3726,-1,0,0,0.0020215867552906275,1
mqtt_preprocessed_v2.csv,3727,-1,0,0,0.00044292426900938153,1
mqtt_preprocessed_v2.csv,3728,-1,0,0,0.0010767175117507577,1
mqtt_preprocessed_v2.csv,3729,-1,0,0,0.0009252579184249043,1
mqtt_preprocessed_v2.csv,3730,-1,0,0,0.002113940427079797,1
mqtt_preprocessed_v2.csv,3731,-1,0,0,0.0002659458841662854,1
mqtt_preprocessed_v2.csv,3732,-1,0,0,0.0006822131690569222,1
mqtt_preprocessed_v2.csv,3733,-1,0,0,0.0015266940463334322,1
mqtt_preprocessed_v2.csv,3734,-1,0,0,0.0036254951264709234,1
mqtt_preprocessed_v2.csv,3735,-1,0,0,0.008963135071098804,1
mqtt_preprocessed_v2.csv,3736,-1,0,0,0.002390508307144046,1
mqtt_preprocessed_v2.csv,3737,-1,0,0,0.0012601915514096618,1
mqtt_preprocessed_v2.csv,3738,-1,0,0,0.006029535084962845,1
mqtt_preprocessed_v2.csv,3739,-1,0,0,0.0012188560795038939,1
mqtt_preprocessed_v2.csv,3740,-1,0,0,0.003454824909567833,1
mqtt_preprocessed_v2.csv,3741,-1,0,0,0.00048696831800043583,1
mqtt_preprocessed_v2.csv,3742,-1,0,0,0.0015723634278401732,1
mqtt_preprocessed_v2.csv,3743,-1,0,0,0.0004782710748258978,1
mqtt_preprocessed_v2.csv,3744,-1,0,0,0.0006012390367686749,1
mqtt_preprocessed_v2.csv,3745,-1,0,0,0.002417800948023796,1
mqtt_preprocessed_v2.csv,3746,-1,0,0,0.0015921860467642546,1
mqtt_preprocessed_v2.csv,3747,-1,0,0,0.002216760069131851,1
mqtt_preprocessed_v2.csv,3748,-1,0,0,0.0018706991104409099,1
mqtt_preprocessed_v2.csv,3749,-1,0,0,0.0027842670679092407,1
mqtt_preprocessed_v2.csv,3750,-1,0,0,0.0010290856007486582,1
mqtt_preprocessed_v2.csv,3751,-1,0,0,0.0010761915473267436,1
mqtt_preprocessed_v2.csv,3752,-1,0,0,0.006651438307017088,1
mqtt_preprocessed_v2.csv,3753,-1,0,0,0.0007215926889330149,1
mqtt_preprocessed_v2.csv,3754,-1,0,0,0.0012568419333547354,1
mqtt_preprocessed_v2.csv,3755,-1,0,0,0.0003839337732642889,1
mqtt_preprocessed_v2.csv,3756,-1,0,0,0.001746275695040822,1
mqtt_preprocessed_v2.csv,3757,-1,0,0,0.00035097403451800346,1
mqtt_preprocessed_v2.csv,3758,-1,0,0,0.001034106477163732,1
mqtt_preprocessed_v2.csv,3759,-1,0,0,0.0021951175294816494,1
mqtt_preprocessed_v2.csv,3760,-1,0,0,0.0002900208637584001,1
mqtt_preprocessed_v2.csv,3761,-1,0,0,0.0002862486580852419,1
mqtt_preprocessed_v2.csv,3762,-1,0,0,0.0008522698190063238,1
mqtt_preprocessed_v2.csv,3763,-1,0,0,0.003973826300352812,1
mqtt_preprocessed_v2.csv,3764,-1,0,0,0.0002558666164986789,1
mqtt_preprocessed_v2.csv,3765,-1,0,0,0.006557424087077379,1
mqtt_preprocessed_v2.csv,3766,-1,0,0,0.0008390132570639253,1
mqtt_preprocessed_v2.csv,3767,-1,0,0,0.0002363153180340305,1
mqtt_preprocessed_v2.csv,3768,-1,0,0,0.001752235577441752,1
mqtt_preprocessed_v2.csv,3769,-1,0,0,0.0002760349598247558,1
mqtt_preprocessed_v2.csv,3770,-1,0,0,0.0009458280983380973,1
mqtt_preprocessed_v2.csv,3771,-1,0,0,0.0008198078139685094,1
mqtt_preprocessed_v2.csv,3772,-1,0,0,0.0003339826362207532,1
mqtt_preprocessed_v2.csv,3773,-1,0,0,0.0002863531990442425,1
mqtt_preprocessed_v2.csv,3774,-1,0,0,0.0002874245692510158,1
mqtt_preprocessed_v2.csv,3775,-1,0,0,0.0027093414682894945,1
mqtt_preprocessed_v2.csv,3776,-1,0,0,0.0002107978070853278,1
mqtt_preprocessed_v2.csv,3777,-1,0,0,0.000575979589484632,1
mqtt_preprocessed_v2.csv,3778,-1,0,0,0.0002795393520500511,1
mqtt_preprocessed_v2.csv,3779,-1,0,0,0.0005678886082023382,1
mqtt_preprocessed_v2.csv,3780,-1,0,0,0.000949006003793329,1
mqtt_preprocessed_v2.csv,3781,-1,0,0,0.0002938997058663517,1
mqtt_preprocessed_v2.csv,3782,-1,0,0,0.00025686805020086467,1
mqtt_preprocessed_v2.csv,3783,-1,0,0,0.002089480636641383,1
mqtt_preprocessed_v2.csv,3784,-1,0,0,0.00031147492700256407,1
mqtt_preprocessed_v2.csv,3785,-1,0,0,0.001740516279824078,1
mqtt_preprocessed_v2.csv,3786,-1,0,0,0.0006980380858294666,1
mqtt_preprocessed_v2.csv,3787,-1,0,0,0.00026698343572206795,1
mqtt_preprocessed_v2.csv,3788,-1,0,0,0.0012922640889883041,1
mqtt_preprocessed_v2.csv,3789,-1,0,0,0.0006524610216729343,1
mqtt_preprocessed_v2.csv,3790,-1,0,0,0.0007753193494863808,1
mqtt_preprocessed_v2.csv,3791,-1,0,0,0.0004301134031265974,1
mqtt_preprocessed_v2.csv,3792,-1,0,0,0.0003476232523098588,1
mqtt_preprocessed_v2.csv,3793,-1,0,0,0.0005908050225116313,1
mqtt_preprocessed_v2.csv,3794,-1,0,0,0.00493346294388175,1
mqtt_preprocessed_v2.csv,3795,-1,0,0,0.0010559039656072855,1
mqtt_preprocessed_v2.csv,3796,-1,0,0,0.0005544080631807446,1
mqtt_preprocessed_v2.csv,3797,-1,0,0,0.000700081349350512,1
mqtt_preprocessed_v2.csv,3798,-1,0,0,0.0022332186345010996,1
mqtt_preprocessed_v2.csv,3799,-1,0,0,0.0005367225385271013,1
mqtt_preprocessed_v2.csv,3800,-1,0,0,0.0012368042953312397,1
mqtt_preprocessed_v2.csv,3801,-1,0,0,0.0007822157349437475,1
mqtt_preprocessed_v2.csv,3802,-1,0,0,0.0004846658557653427,1
mqtt_preprocessed_v2.csv,3803,-1,0,0,0.000444030825747177,1
mqtt_preprocessed_v2.csv,3804,-1,0,0,0.002019180217757821,1
mqtt_preprocessed_v2.csv,3805,-1,0,0,0.003748026443645358,1
mqtt_preprocessed_v2.csv,3806,-1,0,0,0.00032671287772245705,1
mqtt_preprocessed_v2.csv,3807,-1,0,0,0.0027503827586770058,1
mqtt_preprocessed_v2.csv,3808,-1,0,0,0.0005004226113669574,1
mqtt_preprocessed_v2.csv,3809,-1,0,0,0.0008043116540648043,1
mqtt_preprocessed_v2.csv,3810,-1,0,0,0.000817449705209583,1
mqtt_preprocessed_v2.csv,3811,-1,0,0,0.0004969081492163241,1
mqtt_preprocessed_v2.csv,3812,-1,0,0,0.0009011924848891795,1
mqtt_preprocessed_v2.csv,3813,-1,0,0,0.0008438918157480657,1
mqtt_preprocessed_v2.csv,3814,-1,0,0,0.0008249146630987525,1
mqtt_preprocessed_v2.csv,3815,-1,0,0,0.0012768764281645417,1
mqtt_preprocessed_v2.csv,3816,-1,0,0,0.001395004685036838,1
mqtt_preprocessed_v2.csv,3817,-1,0,0,0.000781381328124553,1
mqtt_preprocessed_v2.csv,3818,-1,0,0,0.000607298978138715,1
mqtt_preprocessed_v2.csv,3819,-1,0,0,0.0006195197347551584,1
mqtt_preprocessed_v2.csv,3820,-1,0,0,0.0003128424577880651,1
mqtt_preprocessed_v2.csv,3821,-1,0,0,0.0012630107812583447,1
mqtt_preprocessed_v2.csv,3822,-1,0,0,0.00038375266012735665,1
mqtt_preprocessed_v2.csv,3823,-1,0,0,0.0014685580972582102,1
mqtt_preprocessed_v2.csv,3824,-1,0,0,0.002697674324735999,1
mqtt_preprocessed_v2.csv,3825,-1,0,0,0.000891388684976846,1
mqtt_preprocessed_v2.csv,3826,-1,0,0,0.002365976572036743,1
mqtt_preprocessed_v2.csv,3827,-1,0,0,0.0008612977690063417,1
mqtt_preprocessed_v2.csv,3828,-1,0,0,0.0011108667822554708,1
mqtt_preprocessed_v2.csv,3829,-1,0,0,0.0006387292523868382,1
mqtt_preprocessed_v2.csv,3830,-1,0,0,0.0021958223078399897,1
mqtt_preprocessed_v2.csv,3831,-1,0,0,0.0008905817521736026,1
mqtt_preprocessed_v2.csv,3832,-1,0,0,0.0003015032852999866,1
mqtt_preprocessed_v2.csv,3833,-1,0,0,0.0009020451689139009,1
mqtt_preprocessed_v2.csv,3834,-1,0,0,0.00046163954539224505,1
mqtt_preprocessed_v2.csv,3835,-1,0,0,0.0014683572808280587,1
mqtt_preprocessed_v2.csv,3836,-1,0,0,0.001157629769295454,1
mqtt_preprocessed_v2.csv,3837,-1,0,0,0.0009564587962813675,1
mqtt_preprocessed_v2.csv,3838,-1,0,0,0.0013874644646421075,1
mqtt_preprocessed_v2.csv,3839,-1,0,0,0.00028894396382384,1
mqtt_preprocessed_v2.csv,3840,-1,0,0,0.0008177513373084366,1
mqtt_preprocessed_v2.csv,3841,-1,0,0,0.0036789318546652794,1
mqtt_preprocessed_v2.csv,3842,-1,0,0,0.0012262084055691957,1
mqtt_preprocessed_v2.csv,3843,-1,0,0,0.0010244805598631501,1
mqtt_preprocessed_v2.csv,3844,-1,0,0,0.0011715507134795189,1
mqtt_preprocessed_v2.csv,3845,-1,0,0,0.0005851014284417033,1
mqtt_preprocessed_v2.csv,3846,-1,0,0,0.0020453480537980795,1
mqtt_preprocessed_v2.csv,3847,-1,0,0,0.0002694647409953177,1
mqtt_preprocessed_v2.csv,3848,-1,0,0,0.0003229034482501447,1
mqtt_preprocessed_v2.csv,3849,-1,0,0,0.0007711234502494335,1
mqtt_preprocessed_v2.csv,3850,-1,0,0,0.0007005785591900349,1
mqtt_preprocessed_v2.csv,3851,-1,0,0,0.0007081644725985825,1
mqtt_preprocessed_v2.csv,3852,-1,0,0,0.0003213256422895938,1
mqtt_preprocessed_v2.csv,3853,-1,0,0,0.00046045557246543467,1
mqtt_preprocessed_v2.csv,3854,-1,0,0,0.0004351350071374327,1
mqtt_preprocessed_v2.csv,3855,-1,0,0,0.00030579493613913655,1
mqtt_preprocessed_v2.csv,3856,-1,0,0,0.0010677888058125973,1
mqtt_preprocessed_v2.csv,3857,-1,0,0,0.002386857522651553,1
mqtt_preprocessed_v2.csv,3858,-1,0,0,0.0005764979869127274,1
mqtt_preprocessed_v2.csv,3859,-1,0,0,0.0007816308061592281,1
mqtt_preprocessed_v2.csv,3860,-1,0,0,0.0004698432458098978,1
mqtt_preprocessed_v2.csv,3861,-1,0,0,0.0015741827664896846,1
mqtt_preprocessed_v2.csv,3862,-1,0,0,0.00020573024812620133,1
mqtt_preprocessed_v2.csv,3863,-1,0,0,0.0012795488582924008,1
mqtt_preprocessed_v2.csv,3864,-1,0,0,0.0033970142249017954,1
mqtt_preprocessed_v2.csv,3865,-1,0,0,0.00032773736165836453,1
mqtt_preprocessed_v2.csv,3866,-1,0,0,0.0010969009017571807,1
mqtt_preprocessed_v2.csv,3867,-1,0,0,0.0005702825146727264,1
mqtt_preprocessed_v2.csv,3868,-1,0,0,0.0021076789125800133,1
mqtt_preprocessed_v2.csv,3869,-1,0,0,0.00024630915140733123,1
mqtt_preprocessed_v2.csv,3870,-1,0,0,0.0002214588166680187,1
mqtt_preprocessed_v2.csv,3871,-1,0,0,0.0015221077483147383,1
mqtt_preprocessed_v2.csv,3872,-1,0,0,0.000584372493904084,1
mqtt_preprocessed_v2.csv,3873,-1,0,0,0.0010621207766234875,1
mqtt_preprocessed_v2.csv,3874,-1,0,0,0.001611695741303265,1
mqtt_preprocessed_v2.csv,3875,-1,0,0,0.001172049785964191,1
mqtt_preprocessed_v2.csv,3876,-1,0,0,0.0003503209736663848,1
mqtt_preprocessed_v2.csv,3877,-1,0,0,0.0021834331564605236,1
mqtt_preprocessed_v2.csv,3878,-1,0,0,0.0007457425235770643,1
mqtt_preprocessed_v2.csv,3879,-1,0,0,0.001209727954119444,1
mqtt_preprocessed_v2.csv,3880,-1,0,0,0.00039918458787724376,1
mqtt_preprocessed_v2.csv,3881,-1,0,0,0.0007543316460214555,1
mqtt_preprocessed_v2.csv,3882,-1,0,0,0.0018340540118515491,1
mqtt_preprocessed_v2.csv,3883,-1,0,0,0.0002590115473140031,1
mqtt_preprocessed_v2.csv,3884,-1,0,0,0.0002635037526488304,1
mqtt_preprocessed_v2.csv,3885,-1,0,0,0.0009977733716368675,1
mqtt_preprocessed_v2.csv,3886,-1,0,0,0.0017937296070158482,1
mqtt_preprocessed_v2.csv,3887,-1,0,0,0.001370508805848658,1
mqtt_preprocessed_v2.csv,3888,-1,0,0,0.0003029185172636062,1
mqtt_preprocessed_v2.csv,3889,-1,0,0,0.0006407775799743831,1
mqtt_preprocessed_v2.csv,3890,-1,0,0,0.0020207806956022978,1
mqtt_preprocessed_v2.csv,3891,-1,0,0,0.0003036529815290123,1
mqtt_preprocessed_v2.csv,3892,-1,0,0,0.0042182025499641895,1
mqtt_preprocessed_v2.csv,3893,-1,0,0,0.0006422841688618064,1
mqtt_preprocessed_v2.csv,3894,-1,0,0,0.0008587409392930567,1
mqtt_preprocessed_v2.csv,3895,-1,0,0,0.0007048666011542082,1
mqtt_preprocessed_v2.csv,3896,-1,0,0,0.0006133380229584873,1
mqtt_preprocessed_v2.csv,3897,-1,0,0,0.00030466358293779194,1
mqtt_preprocessed_v2.csv,3898,-1,0,0,0.001231473870575428,1
mqtt_preprocessed_v2.csv,3899,-1,0,0,0.00034136464819312096,1
mqtt_preprocessed_v2.csv,3900,-1,0,0,0.0003352609637659043,1
mqtt_preprocessed_v2.csv,3901,-1,0,0,0.0010729188797995448,1
mqtt_preprocessed_v2.csv,3902,-1,0,0,0.0005618432769551873,1
mqtt_preprocessed_v2.csv,3903,-1,0,0,0.0020440383814275265,1
mqtt_preprocessed_v2.csv,3904,-1,0,0,0.0006938332226127386,1
mqtt_preprocessed_v2.csv,3905,-1,0,0,0.0007064758101478219,1
mqtt_preprocessed_v2.csv,3906,-1,0,0,0.0002531399659346789,1
mqtt_preprocessed_v2.csv,3907,-1,0,0,0.0019360322039574385,1
mqtt_preprocessed_v2.csv,3908,-1,0,0,0.00033642753260210156,1
mqtt_preprocessed_v2.csv,3909,-1,0,0,0.0012813354842364788,1
mqtt_preprocessed_v2.csv,3910,-1,0,0,0.0004262608999852091,1
mqtt_preprocessed_v2.csv,3911,-1,0,0,0.0023394578602164984,1
mqtt_preprocessed_v2.csv,3912,-1,0,0,0.000512900878675282,1
mqtt_preprocessed_v2.csv,3913,-1,0,0,0.0014905439456924796,1
mqtt_preprocessed_v2.csv,3914,-1,0,0,0.00037553219590336084,1
mqtt_preprocessed_v2.csv,3915,-1,0,0,0.001265484606847167,1
mqtt_preprocessed_v2.csv,3916,-1,0,0,0.0020140353590250015,1
mqtt_preprocessed_v2.csv,3917,-1,0,0,0.0003256214258726686,1
mqtt_preprocessed_v2.csv,3918,-1,0,0,0.0014804439852014184,1
mqtt_preprocessed_v2.csv,3919,-1,0,0,0.009616689756512642,1
mqtt_preprocessed_v2.csv,3920,-1,0,0,0.0002743099757935852,1
mqtt_preprocessed_v2.csv,3921,-1,0,0,0.0012148895766586065,1
mqtt_preprocessed_v2.csv,3922,-1,0,0,0.0007692515500821173,1
mqtt_preprocessed_v2.csv,3923,-1,0,0,0.0006538055604323745,1
mqtt_preprocessed_v2.csv,3924,-1,0,0,0.0011440329253673553,1
mqtt_preprocessed_v2.csv,3925,-1,0,0,0.0018347734585404396,1
mqtt_preprocessed_v2.csv,3926,-1,0,0,0.001233352697454393,1
mqtt_preprocessed_v2.csv,3927,-1,0,0,0.0003526123473420739,1
mqtt_preprocessed_v2.csv,3928,-1,0,0,0.0003039481525775045,1
mqtt_preprocessed_v2.csv,3929,-1,0,0,0.004533660598099232,1
mqtt_preprocessed_v2.csv,3930,-1,0,0,0.0020381389185786247,1
mqtt_preprocessed_v2.csv,3931,-1,0,0,0.0006454184767790139,1
mqtt_preprocessed_v2.csv,3932,-1,0,0,0.0017155992100015283,1
mqtt_preprocessed_v2.csv,3933,-1,0,0,0.0011729039251804352,1
mqtt_preprocessed_v2.csv,3934,-1,0,0,0.0025499663315713406,1
mqtt_preprocessed_v2.csv,3935,-1,0,0,0.0018932130187749863,1
mqtt_preprocessed_v2.csv,3936,-1,0,0,0.0005829025176353753,1
mqtt_preprocessed_v2.csv,3937,-1,0,0,0.000555560109205544,1
mqtt_preprocessed_v2.csv,3938,-1,0,0,0.002525687450543046,1
mqtt_preprocessed_v2.csv,3939,-1,0,0,0.0007104784017428756,1
mqtt_preprocessed_v2.csv,3940,-1,0,0,0.0020722325425595045,1
mqtt_preprocessed_v2.csv,3941,-1,0,0,0.0007157810032367706,1
mqtt_preprocessed_v2.csv,3942,-1,0,0,0.0009195042075589299,1
mqtt_preprocessed_v2.csv,3943,-1,0,0,0.0012805735459551215,1
mqtt_preprocessed_v2.csv,3944,-1,0,0,0.0011392554733902216,1
mqtt_preprocessed_v2.csv,3945,-1,0,0,0.0024596869479864836,1
mqtt_preprocessed_v2.csv,3946,-1,0,0,0.0003525389183778316,1
mqtt_preprocessed_v2.csv,3947,-1,0,0,0.001850873464718461,1
mqtt_preprocessed_v2.csv,3948,-1,0,0,0.00048696345766074955,1
mqtt_preprocessed_v2.csv,3949,-1,0,0,0.0018998556770384312,1
mqtt_preprocessed_v2.csv,3950,-1,0,0,0.0007337997667491436,1
mqtt_preprocessed_v2.csv,3951,-1,0,0,0.0025895885191857815,1
mqtt_preprocessed_v2.csv,3952,-1,0,0,0.002212660852819681,1
mqtt_preprocessed_v2.csv,3953,-1,0,0,0.0007973702740855515,1
mqtt_preprocessed_v2.csv,3954,-1,0,0,0.0008886258001439273,1
mqtt_preprocessed_v2.csv,3955,-1,0,0,0.0007383311167359352,1
mqtt_preprocessed_v2.csv,3956,-1,0,0,0.0015656689647585154,1
mqtt_preprocessed_v2.csv,3957,-1,0,0,0.0008772542933002114,1
mqtt_preprocessed_v2.csv,3958,-1,0,0,0.0010116922203451395,1
mqtt_preprocessed_v2.csv,3959,-1,0,0,0.00033169929520227015,1
mqtt_preprocessed_v2.csv,3960,-1,0,0,0.0016824275953695178,1
mqtt_preprocessed_v2.csv,3961,-1,0,0,0.0013133954489603639,1
mqtt_preprocessed_v2.csv,3962,-1,0,0,0.0030258591286838055,1
mqtt_preprocessed_v2.csv,3963,-1,0,0,0.00037132541183382273,1
mqtt_preprocessed_v2.csv,3964,-1,0,0,0.0011056535877287388,1
mqtt_preprocessed_v2.csv,3965,-1,0,0,0.0016696967650204897,1
mqtt_preprocessed_v2.csv,3966,-1,0,0,0.0037521771155297756,1
mqtt_preprocessed_v2.csv,3967,-1,0,0,0.0005243801278993487,1
mqtt_preprocessed_v2.csv,3968,-1,0,0,0.010601873509585857,1
mqtt_preprocessed_v2.csv,3969,-1,0,0,0.0011620069853961468,1
mqtt_preprocessed_v2.csv,3970,-1,0,0,0.0011977365938946605,1
mqtt_preprocessed_v2.csv,3971,-1,0,0,0.0003376897075213492,1
mqtt_preprocessed_v2.csv,3972,-1,0,0,0.004333430901169777,1
mqtt_preprocessed_v2.csv,3973,-1,0,0,0.0004845935618504882,1
mqtt_preprocessed_v2.csv,3974,-1,0,0,0.0008979595149867237,1
mqtt_preprocessed_v2.csv,3975,-1,0,0,0.0025316192768514156,1
mqtt_preprocessed_v2.csv,3976,-1,0,0,0.0005769602721557021,1
mqtt_preprocessed_v2.csv,3977,-1,0,0,0.0010221948614344,1
mqtt_preprocessed_v2.csv,3978,-1,0,0,0.0012116492725908756,1
mqtt_preprocessed_v2.csv,3979,-1,0,0,0.0007939764764159918,1
mqtt_preprocessed_v2.csv,3980,-1,0,0,0.0012169552501291037,1
mqtt_preprocessed_v2.csv,3981,-1,0,0,0.0002814710314851254,1
mqtt_preprocessed_v2.csv,3982,-1,0,0,0.0008716035517863929,1
mqtt_preprocessed_v2.csv,3983,-1,0,0,0.002504398114979267,1
mqtt_preprocessed_v2.csv,3984,-1,0,0,0.0008545730961486697,1
mqtt_preprocessed_v2.csv,3985,-1,0,0,0.0036288404371589422,1
mqtt_preprocessed_v2.csv,3986,-1,0,0,0.0011491511249914765,1
mqtt_preprocessed_v2.csv,3987,-1,0,0,0.0011973355431109667,1
mqtt_preprocessed_v2.csv,3988,-1,0,0,0.0007311117369681597,1
mqtt_preprocessed_v2.csv,3989,-1,0,0,0.0011734124273061752,1
mqtt_preprocessed_v2.csv,3990,-1,0,0,0.0006569367251358926,1
mqtt_preprocessed_v2.csv,3991,-1,0,0,0.0002961219288408756,1
mqtt_preprocessed_v2.csv,3992,-1,0,0,0.0010919289197772741,1
mqtt_preprocessed_v2.csv,3993,-1,0,0,0.0014001255622133613,1
mqtt_preprocessed_v2.csv,3994,-1,0,0,0.0059651900082826614,1
mqtt_preprocessed_v2.csv,3995,-1,0,0,0.0050055417232215405,1
mqtt_preprocessed_v2.csv,3996,-1,0,0,0.0013948307605460286,1
mqtt_preprocessed_v2.csv,3997,-1,0,0,0.0005741258501075208,1
mqtt_preprocessed_v2.csv,3998,-1,0,0,0.0007613642374053597,1
mqtt_preprocessed_v2.csv,3999,-1,0,0,0.002416094532236457,1
mqtt_preprocessed_v2.csv,4000,-1,0,0,0.0035764568019658327,1
mqtt_preprocessed_v2.csv,4001,-1,0,0,0.0010369207011535764,1
mqtt_preprocessed_v2.csv,4002,-1,0,0,0.00027243889053352177,1
mqtt_preprocessed_v2.csv,4003,-1,0,0,0.0006065088091418147,1
mqtt_preprocessed_v2.csv,4004,-1,0,0,0.001001660362817347,1
mqtt_preprocessed_v2.csv,4005,-1,0,0,0.001451759017072618,1
mqtt_preprocessed_v2.csv,4006,-1,0,0,0.00042585350456647575,1
mqtt_preprocessed_v2.csv,4007,-1,0,0,0.001120557775720954,1
mqtt_preprocessed_v2.csv,4008,-1,0,0,0.002751624444499612,1
mqtt_preprocessed_v2.csv,4009,-1,0,0,0.00029266017372719944,1
mqtt_preprocessed_v2.csv,4010,-1,0,0,0.000373234273865819,1
mqtt_preprocessed_v2.csv,4011,-1,0,0,0.0004899860359728336,1
mqtt_preprocessed_v2.csv,4012,-1,0,0,0.00035430712159723043,1
mqtt_preprocessed_v2.csv,4013,-1,0,0,0.0005286255036480725,1
mqtt_preprocessed_v2.csv,4014,-1,0,0,0.0013913183938711882,1
mqtt_preprocessed_v2.csv,4015,-1,0,0,0.001244249870069325,1
mqtt_preprocessed_v2.csv,4016,-1,0,0,0.0005446751019917428,1
mqtt_preprocessed_v2.csv,4017,-1,0,0,0.0028492985293269157,1
mqtt_preprocessed_v2.csv,4018,-1,0,0,0.0003859660937450826,1
mqtt_preprocessed_v2.csv,4019,-1,0,0,0.0010896055027842522,1
mqtt_preprocessed_v2.csv,4020,-1,0,0,0.001486332155764103,1
mqtt_preprocessed_v2.csv,4021,-1,0,0,0.0006256498745642602,1
mqtt_preprocessed_v2.csv,4022,-1,0,0,0.0009500645101070404,1
mqtt_preprocessed_v2.csv,4023,-1,0,0,0.0018717038910835981,1
mqtt_preprocessed_v2.csv,4024,-1,0,0,0.0007669678307138383,1
mqtt_preprocessed_v2.csv,4025,-1,0,0,0.0005854233168065548,1
mqtt_preprocessed_v2.csv,4026,-1,0,0,0.0014119913103058934,1
mqtt_preprocessed_v2.csv,4027,-1,0,0,0.0010343987960368395,1
mqtt_preprocessed_v2.csv,4028,-1,0,0,0.0010189813328906894,1
mqtt_preprocessed_v2.csv,4029,-1,0,0,0.00034421173040755093,1
mqtt_preprocessed_v2.csv,4030,-1,0,0,0.0009553330601193011,1
mqtt_preprocessed_v2.csv,4031,-1,0,0,0.0010692169889807701,1
mqtt_preprocessed_v2.csv,4032,-1,0,0,0.000933826609980315,1
mqtt_preprocessed_v2.csv,4033,-1,0,0,0.0012150243856012821,1
mqtt_preprocessed_v2.csv,4034,-1,0,0,0.0006322929984889925,1
mqtt_preprocessed_v2.csv,4035,-1,0,0,0.0020547504536807537,1
mqtt_preprocessed_v2.csv,4036,-1,0,0,0.000301854481222108,1
mqtt_preprocessed_v2.csv,4037,-1,0,0,0.0008249257225543261,1
mqtt_preprocessed_v2.csv,4038,-1,0,0,0.0005886360304430127,1
mqtt_preprocessed_v2.csv,4039,-1,0,0,0.0002964185259770602,1
mqtt_preprocessed_v2.csv,4040,-1,0,0,0.002177150920033455,1
mqtt_preprocessed_v2.csv,4041,-1,0,0,0.002240900183096528,1
mqtt_preprocessed_v2.csv,4042,-1,0,0,0.0002929331676568836,1
mqtt_preprocessed_v2.csv,4043,-1,0,0,0.0006963885389268398,1
mqtt_preprocessed_v2.csv,4044,-1,0,0,0.0003080257447436452,1
mqtt_preprocessed_v2.csv,4045,-1,0,0,0.00015942167374305427,1
mqtt_preprocessed_v2.csv,4046,-1,0,0,0.0020533488132059574,1
mqtt_preprocessed_v2.csv,4047,-1,0,0,0.004529003519564867,1
mqtt_preprocessed_v2.csv,4048,-1,0,0,0.00032887852285057306,1
mqtt_preprocessed_v2.csv,4049,-1,0,0,0.0007569786976091564,1
mqtt_preprocessed_v2.csv,4050,-1,0,0,0.0018163492204621434,1
mqtt_preprocessed_v2.csv,4051,-1,0,0,0.0006038178689777851,1
mqtt_preprocessed_v2.csv,4052,-1,0,0,0.00032993307104334235,1
mqtt_preprocessed_v2.csv,4053,-1,0,0,0.00025883252965286374,1
mqtt_preprocessed_v2.csv,4054,-1,0,0,0.0009906570194289088,1
mqtt_preprocessed_v2.csv,4055,-1,0,0,0.0003732472250703722,1
mqtt_preprocessed_v2.csv,4056,-1,0,0,0.03495790809392929,1
mqtt_preprocessed_v2.csv,4057,-1,0,0,0.0008287192904390395,1
mqtt_preprocessed_v2.csv,4058,-1,0,0,0.0005921802367083728,1
mqtt_preprocessed_v2.csv,4059,-1,0,0,0.0015212781727313995,1
mqtt_preprocessed_v2.csv,4060,-1,0,0,0.0009199213236570358,1
mqtt_preprocessed_v2.csv,4061,-1,0,0,0.001030129729770124,1
mqtt_preprocessed_v2.csv,4062,-1,0,0,0.0009985535871237516,1
mqtt_preprocessed_v2.csv,4063,-1,0,0,0.001243467559106648,1
mqtt_preprocessed_v2.csv,4064,-1,0,0,0.0007371102110482752,1
mqtt_preprocessed_v2.csv,4065,-1,0,0,0.003093898296356201,1
mqtt_preprocessed_v2.csv,4066,-1,0,0,0.000522567133884877,1
mqtt_preprocessed_v2.csv,4067,-1,0,0,0.006453603971749544,1
mqtt_preprocessed_v2.csv,4068,-1,0,0,0.0025630565360188484,1
mqtt_preprocessed_v2.csv,4069,-1,0,0,0.00029939907835796475,1
mqtt_preprocessed_v2.csv,4070,-1,0,0,0.015044170431792736,1
mqtt_preprocessed_v2.csv,4071,-1,0,0,0.00031424767803400755,1
mqtt_preprocessed_v2.csv,4072,-1,0,0,0.00034390913788229227,1
mqtt_preprocessed_v2.csv,4073,-1,0,0,0.00035650128847919405,1
mqtt_preprocessed_v2.csv,4074,-1,0,0,0.0005388963036239147,1
mqtt_preprocessed_v2.csv,4075,-1,0,0,0.0006454357062466443,1
mqtt_preprocessed_v2.csv,4076,-1,0,0,0.0009250860312022269,1
mqtt_preprocessed_v2.csv,4077,-1,0,0,0.0010536530753597617,1
mqtt_preprocessed_v2.csv,4078,-1,0,0,0.0006212811567820609,1
mqtt_preprocessed_v2.csv,4079,-1,0,0,0.00028569684945978224,1
mqtt_preprocessed_v2.csv,4080,-1,0,0,0.0011871815659105778,1
mqtt_preprocessed_v2.csv,4081,-1,0,0,0.0021742458920925856,1
mqtt_preprocessed_v2.csv,4082,-1,0,0,0.007117956876754761,1
mqtt_preprocessed_v2.csv,4083,-1,0,0,0.008226238191127777,1
mqtt_preprocessed_v2.csv,4084,-1,0,0,0.00038357230369001627,1
mqtt_preprocessed_v2.csv,4085,-1,0,0,0.001679884037002921,1
mqtt_preprocessed_v2.csv,4086,-1,0,0,0.0017693014815449715,1
mqtt_preprocessed_v2.csv,4087,-1,0,0,0.0022640638053417206,1
mqtt_preprocessed_v2.csv,4088,-1,0,0,0.000980993383564055,1
mqtt_preprocessed_v2.csv,4089,-1,0,0,0.0003667851269710809,1
mqtt_preprocessed_v2.csv,4090,-1,0,0,0.000710799649823457,1
mqtt_preprocessed_v2.csv,4091,-1,0,0,0.0016794315306469798,1
mqtt_preprocessed_v2.csv,4092,-1,0,0,0.0016645969590172172,1
mqtt_preprocessed_v2.csv,4093,-1,0,0,0.0008746763924136758,1
mqtt_preprocessed_v2.csv,4094,-1,0,0,0.0005524454754777253,1
mqtt_preprocessed_v2.csv,4095,-1,0,0,0.0005454663769342005,1
mqtt_preprocessed_v2.csv,4096,-1,0,0,0.0041647604666650295,1
mqtt_preprocessed_v2.csv,4097,-1,0,0,0.0005248041707091033,1
mqtt_preprocessed_v2.csv,4098,-1,0,0,0.0002134277456207201,1
mqtt_preprocessed_v2.csv,4099,-1,0,0,0.001717634848318994,1
mqtt_preprocessed_v2.csv,4100,-1,0,0,0.00028536931495182216,1
mqtt_preprocessed_v2.csv,4101,-1,0,0,0.001763463020324707,1
mqtt_preprocessed_v2.csv,4102,-1,0,0,0.0009999346220865846,1
mqtt_preprocessed_v2.csv,4103,-1,0,0,0.0002791225560940802,1
mqtt_preprocessed_v2.csv,4104,-1,0,0,0.003059217007830739,1
mqtt_preprocessed_v2.csv,4105,-1,0,0,0.0003237403288949281,1
mqtt_preprocessed_v2.csv,4106,-1,0,0,0.0007778665749356151,1
mqtt_preprocessed_v2.csv,4107,-1,0,0,0.002325506880879402,1
mqtt_preprocessed_v2.csv,4108,-1,0,0,0.0005975110689178109,1
mqtt_preprocessed_v2.csv,4109,-1,0,0,0.005161674693226814,1
mqtt_preprocessed_v2.csv,4110,-1,0,0,0.0034341607242822647,1
mqtt_preprocessed_v2.csv,4111,-1,0,0,0.0015469011850655079,1
mqtt_preprocessed_v2.csv,4112,-1,0,0,0.004076693672686815,1
mqtt_preprocessed_v2.csv,4113,-1,0,0,0.003410792676731944,1
mqtt_preprocessed_v2.csv,4114,-1,0,0,0.005611525848507881,1
mqtt_preprocessed_v2.csv,4115,-1,0,0,0.0003250216250307858,1
mqtt_preprocessed_v2.csv,4116,-1,0,0,0.0007282301667146385,1
mqtt_preprocessed_v2.csv,4117,-1,0,0,0.0003299406380392611,1
mqtt_preprocessed_v2.csv,4118,-1,0,0,0.0008264434873126447,1
mqtt_preprocessed_v2.csv,4119,-1,0,0,0.00261077843606472,1
mqtt_preprocessed_v2.csv,4120,-1,0,0,0.0005608342471532524,1
mqtt_preprocessed_v2.csv,4121,-1,0,0,0.0008157708798535168,1
mqtt_preprocessed_v2.csv,4122,-1,0,0,0.00041200825944542885,1
mqtt_preprocessed_v2.csv,4123,-1,0,0,0.0005354451132006943,1
mqtt_preprocessed_v2.csv,4124,-1,0,0,0.0004751755332108587,1
mqtt_preprocessed_v2.csv,4125,-1,0,0,0.001779033336788416,1
mqtt_preprocessed_v2.csv,4126,-1,0,0,0.0005226712673902512,1
mqtt_preprocessed_v2.csv,4127,-1,0,0,0.0017445433186367154,1
mqtt_preprocessed_v2.csv,4128,-1,0,0,0.0021675527095794678,1
mqtt_preprocessed_v2.csv,4129,-1,0,0,0.0009150918340310454,1
mqtt_preprocessed_v2.csv,4130,-1,0,0,0.000342511513736099,1
mqtt_preprocessed_v2.csv,4131,-1,0,0,0.0032655505929142237,1
mqtt_preprocessed_v2.csv,4132,-1,0,0,0.0008305090013891459,1
mqtt_preprocessed_v2.csv,4133,-1,0,0,0.002010337309911847,1
mqtt_preprocessed_v2.csv,4134,-1,0,0,0.0006759556126780808,1
mqtt_preprocessed_v2.csv,4135,-1,0,0,0.0002677348966244608,1
mqtt_preprocessed_v2.csv,4136,-1,0,0,0.0007183384732343256,1
mqtt_preprocessed_v2.csv,4137,-1,0,0,0.0021872094366699457,1
mqtt_preprocessed_v2.csv,4138,-1,0,0,0.0046923598274588585,1
mqtt_preprocessed_v2.csv,4139,-1,0,0,0.0004973516333848238,1
mqtt_preprocessed_v2.csv,4140,-1,0,0,0.000588360067922622,1
mqtt_preprocessed_v2.csv,4141,-1,0,0,0.0006282874383032322,1
mqtt_preprocessed_v2.csv,4142,-1,0,0,0.002499919617548585,1
mqtt_preprocessed_v2.csv,4143,-1,0,0,0.0005190796800889075,1
mqtt_preprocessed_v2.csv,4144,-1,0,0,0.0007083605742082,1
mqtt_preprocessed_v2.csv,4145,-1,0,0,0.000265984155703336,1
mqtt_preprocessed_v2.csv,4146,-1,0,0,0.0017358878394588828,1
mqtt_preprocessed_v2.csv,4147,-1,0,0,0.004461025819182396,1
mqtt_preprocessed_v2.csv,4148,-1,0,0,0.0004527882265392691,1
mqtt_preprocessed_v2.csv,4149,-1,0,0,0.0003054304688703269,1
mqtt_preprocessed_v2.csv,4150,-1,0,0,0.0019908794201910496,1
mqtt_preprocessed_v2.csv,4151,-1,0,0,0.001054316177032888,1
mqtt_preprocessed_v2.csv,4152,-1,0,0,0.0018324045231565833,1
mqtt_preprocessed_v2.csv,4153,-1,0,0,0.0010831485269591212,1
mqtt_preprocessed_v2.csv,4154,-1,0,0,0.00108568265568465,1
mqtt_preprocessed_v2.csv,4155,-1,0,0,0.000846868206281215,1
mqtt_preprocessed_v2.csv,4156,-1,0,0,0.0026598626282066107,1
mqtt_preprocessed_v2.csv,4157,-1,0,0,0.00026321219047531486,1
mqtt_preprocessed_v2.csv,4158,-1,0,0,0.0034541799686849117,1
mqtt_preprocessed_v2.csv,4159,-1,0,0,0.0003070060920435935,1
mqtt_preprocessed_v2.csv,4160,-1,0,0,0.0002233130653621629,1
mqtt_preprocessed_v2.csv,4161,-1,0,0,0.000871776370331645,1
mqtt_preprocessed_v2.csv,4162,-1,0,0,0.0031404870096594095,1
mqtt_preprocessed_v2.csv,4163,-1,0,0,0.0001832505367929116,1
mqtt_preprocessed_v2.csv,4164,-1,0,0,0.001897355425171554,1
mqtt_preprocessed_v2.csv,4165,-1,0,0,0.00027781445533037186,1
mqtt_preprocessed_v2.csv,4166,-1,0,0,0.0008285495568998158,1
mqtt_preprocessed_v2.csv,4167,-1,0,0,0.0003161033964715898,1
mqtt_preprocessed_v2.csv,4168,-1,0,0,0.018787145614624023,1
mqtt_preprocessed_v2.csv,4169,-1,0,0,0.0002401100064162165,1
mqtt_preprocessed_v2.csv,4170,-1,0,0,0.0007116025080904365,1
mqtt_preprocessed_v2.csv,4171,-1,0,0,0.003927154466509819,1
mqtt_preprocessed_v2.csv,4172,-1,0,0,0.0013237243983894587,1
mqtt_preprocessed_v2.csv,4173,-1,0,0,0.0018805902218446136,1
mqtt_preprocessed_v2.csv,4174,-1,0,0,0.00048553565284237266,1
mqtt_preprocessed_v2.csv,4175,-1,0,0,0.0015149293467402458,1
mqtt_preprocessed_v2.csv,4176,-1,0,0,0.0014841886004433036,1
mqtt_preprocessed_v2.csv,4177,-1,0,0,0.0024924026802182198,1
mqtt_preprocessed_v2.csv,4178,-1,0,0,0.0008622469613328576,1
mqtt_preprocessed_v2.csv,4179,-1,0,0,0.0008161452715285122,1
mqtt_preprocessed_v2.csv,4180,-1,0,0,0.004692357499152422,1
mqtt_preprocessed_v2.csv,4181,-1,0,0,0.00026357281603850424,1
mqtt_preprocessed_v2.csv,4182,-1,0,0,0.0036031596828252077,1
mqtt_preprocessed_v2.csv,4183,-1,0,0,0.0006069552036933601,1
mqtt_preprocessed_v2.csv,4184,-1,0,0,0.0007532118470408022,1
mqtt_preprocessed_v2.csv,4185,-1,0,0,0.0033817128278315067,1
mqtt_preprocessed_v2.csv,4186,-1,0,0,0.0007039190386421978,1
mqtt_preprocessed_v2.csv,4187,-1,0,0,0.00403561582788825,1
mqtt_preprocessed_v2.csv,4188,-1,0,0,0.0014895598869770765,1
mqtt_preprocessed_v2.csv,4189,-1,0,0,0.002020596992224455,1
mqtt_preprocessed_v2.csv,4190,-1,0,0,0.00131935253739357,1
mqtt_preprocessed_v2.csv,4191,-1,0,0,0.0019987784326076508,1
mqtt_preprocessed_v2.csv,4192,-1,0,0,0.0016338558634743094,1
mqtt_preprocessed_v2.csv,4193,-1,0,0,0.001426840084604919,1
mqtt_preprocessed_v2.csv,4194,-1,0,0,0.0002695716393645853,1
mqtt_preprocessed_v2.csv,4195,-1,0,0,0.00043252919567748904,1
mqtt_preprocessed_v2.csv,4196,-1,0,0,0.00561032397672534,1
mqtt_preprocessed_v2.csv,4197,-1,0,0,0.0004324100445955992,1
mqtt_preprocessed_v2.csv,4198,-1,0,0,0.00344739924184978,1
mqtt_preprocessed_v2.csv,4199,-1,0,0,0.0009337153751403093,1
mqtt_preprocessed_v2.csv,4200,-1,0,0,0.0013724863529205322,1
mqtt_preprocessed_v2.csv,4201,-1,0,0,0.0011105516459792852,1
mqtt_preprocessed_v2.csv,4202,-1,0,0,0.0023081758990883827,1
mqtt_preprocessed_v2.csv,4203,-1,0,0,0.0016749916831031442,1
mqtt_preprocessed_v2.csv,4204,-1,0,0,0.0002974580565933138,1
mqtt_preprocessed_v2.csv,4205,-1,0,0,0.002483292482793331,1
mqtt_preprocessed_v2.csv,4206,-1,0,0,0.0009325400460511446,1
mqtt_preprocessed_v2.csv,4207,-1,0,0,0.0022959033958613873,1
mqtt_preprocessed_v2.csv,4208,-1,0,0,0.00034435218549333513,1
mqtt_preprocessed_v2.csv,4209,-1,0,0,0.0003164972586091608,1
mqtt_preprocessed_v2.csv,4210,-1,0,0,0.0005801431834697723,1
mqtt_preprocessed_v2.csv,4211,-1,0,0,0.0007359195151366293,1
mqtt_preprocessed_v2.csv,4212,-1,0,0,0.0045490991324186325,1
mqtt_preprocessed_v2.csv,4213,-1,0,0,0.0006774637149646878,1
mqtt_preprocessed_v2.csv,4214,-1,0,0,0.0005154626560397446,1
mqtt_preprocessed_v2.csv,4215,-1,0,0,0.000564840214792639,1
mqtt_preprocessed_v2.csv,4216,-1,0,0,0.00033877589157782495,1
mqtt_preprocessed_v2.csv,4217,-1,0,0,0.0005031211767345667,1
mqtt_preprocessed_v2.csv,4218,-1,0,0,0.0017775603337213397,1
mqtt_preprocessed_v2.csv,4219,-1,0,0,0.0006504444754682481,1
mqtt_preprocessed_v2.csv,4220,-1,0,0,0.0013321907026693225,1
mqtt_preprocessed_v2.csv,4221,-1,0,0,0.00047327380161732435,1
mqtt_preprocessed_v2.csv,4222,-1,0,0,0.0017794253071770072,1
mqtt_preprocessed_v2.csv,4223,-1,0,0,0.0013929231790825725,1
mqtt_preprocessed_v2.csv,4224,-1,0,0,0.0018507696222513914,1
mqtt_preprocessed_v2.csv,4225,-1,0,0,0.000716672744601965,1
mqtt_preprocessed_v2.csv,4226,-1,0,0,0.00031366103212349117,1
mqtt_preprocessed_v2.csv,4227,-1,0,0,0.003902181051671505,1
mqtt_preprocessed_v2.csv,4228,-1,0,0,0.0007117558852769434,1
mqtt_preprocessed_v2.csv,4229,-1,0,0,0.0016271313652396202,1
mqtt_preprocessed_v2.csv,4230,-1,0,0,0.003959647845476866,1
mqtt_preprocessed_v2.csv,4231,-1,0,0,0.00094952731160447,1
mqtt_preprocessed_v2.csv,4232,-1,0,0,0.0009313510963693261,1
mqtt_preprocessed_v2.csv,4233,-1,0,0,0.0035085061099380255,1
mqtt_preprocessed_v2.csv,4234,-1,0,0,0.0006634430610574782,1
mqtt_preprocessed_v2.csv,4235,-1,0,0,0.00030833808705210686,1
mqtt_preprocessed_v2.csv,4236,-1,0,0,0.0014319036854431033,1
mqtt_preprocessed_v2.csv,4237,-1,0,0,0.0006177397444844246,1
mqtt_preprocessed_v2.csv,4238,-1,0,0,0.0031137794721871614,1
mqtt_preprocessed_v2.csv,4239,-1,0,0,0.0015708885621279478,1
mqtt_preprocessed_v2.csv,4240,-1,0,0,0.0003874144749715924,1
mqtt_preprocessed_v2.csv,4241,-1,0,0,0.0009495866252109408,1
mqtt_preprocessed_v2.csv,4242,-1,0,0,0.0005644782795570791,1
mqtt_preprocessed_v2.csv,4243,-1,0,0,0.0013045469531789422,1
mqtt_preprocessed_v2.csv,4244,-1,0,0,0.001699716434814036,1
mqtt_preprocessed_v2.csv,4245,-1,0,0,0.0009765056311152875,1
mqtt_preprocessed_v2.csv,4246,-1,0,0,0.001071953447535634,1
mqtt_preprocessed_v2.csv,4247,-1,0,0,0.002062386367470026,1
mqtt_preprocessed_v2.csv,4248,-1,0,0,0.0003261626698076725,1
mqtt_preprocessed_v2.csv,4249,-1,0,0,0.0006444519385695457,1
mqtt_preprocessed_v2.csv,4250,-1,0,0,0.002194358967244625,1
mqtt_preprocessed_v2.csv,4251,-1,0,0,0.002108826534822583,1
mqtt_preprocessed_v2.csv,4252,-1,0,0,0.0005167500930838287,1
mqtt_preprocessed_v2.csv,4253,-1,0,0,0.0011919214157387614,1
mqtt_preprocessed_v2.csv,4254,-1,0,0,0.0004404779465403408,1
mqtt_preprocessed_v2.csv,4255,-1,0,0,0.002918139100074768,1
mqtt_preprocessed_v2.csv,4256,-1,0,0,0.0003315089561510831,1
mqtt_preprocessed_v2.csv,4257,-1,0,0,0.0006249889265745878,1
mqtt_preprocessed_v2.csv,4258,-1,0,0,0.0010493866866454482,1
mqtt_preprocessed_v2.csv,4259,-1,0,0,0.0006096416036598384,1
mqtt_preprocessed_v2.csv,4260,-1,0,0,0.0006683024694211781,1
mqtt_preprocessed_v2.csv,4261,-1,0,0,0.000974801427219063,1
mqtt_preprocessed_v2.csv,4262,-1,0,0,0.0007075491594150662,1
mqtt_preprocessed_v2.csv,4263,-1,0,0,0.0003267439897172153,1
mqtt_preprocessed_v2.csv,4264,-1,0,0,0.00026471546152606606,1
mqtt_preprocessed_v2.csv,4265,-1,0,0,0.0006913382676430047,1
mqtt_preprocessed_v2.csv,4266,-1,0,0,0.0003344319120515138,1
mqtt_preprocessed_v2.csv,4267,-1,0,0,0.0006554920691996813,1
mqtt_preprocessed_v2.csv,4268,-1,0,0,0.0005338396294973791,1
mqtt_preprocessed_v2.csv,4269,-1,0,0,0.0004976983182132244,1
mqtt_preprocessed_v2.csv,4270,-1,0,0,0.0004620027611963451,1
mqtt_preprocessed_v2.csv,4271,-1,0,0,0.0007019840413704515,1
mqtt_preprocessed_v2.csv,4272,-1,0,0,0.0006879012798890471,1
mqtt_preprocessed_v2.csv,4273,-1,0,0,0.00103637739084661,1
mqtt_preprocessed_v2.csv,4274,-1,0,0,0.0014481209218502045,1
mqtt_preprocessed_v2.csv,4275,-1,0,0,0.0008477849769406021,1
mqtt_preprocessed_v2.csv,4276,-1,0,0,0.002992394845932722,1
mqtt_preprocessed_v2.csv,4277,-1,0,0,0.0052320524118840694,1
mqtt_preprocessed_v2.csv,4278,-1,0,0,0.0038258482236415148,1
mqtt_preprocessed_v2.csv,4279,-1,0,0,0.0022523249499499798,1
mqtt_preprocessed_v2.csv,4280,-1,0,0,0.0015252220910042524,1
mqtt_preprocessed_v2.csv,4281,-1,0,0,0.001239881617948413,1
mqtt_preprocessed_v2.csv,4282,-1,0,0,0.0002724391524679959,1
mqtt_preprocessed_v2.csv,4283,-1,0,0,0.0005209359806030989,1
mqtt_preprocessed_v2.csv,4284,-1,0,0,0.0030728811398148537,1
mqtt_preprocessed_v2.csv,4285,-1,0,0,0.004654314368963242,1
mqtt_preprocessed_v2.csv,4286,-1,0,0,0.0010360219748690724,1
mqtt_preprocessed_v2.csv,4287,-1,0,0,0.0010088009294122458,1
mqtt_preprocessed_v2.csv,4288,-1,0,0,0.0003427355841267854,1
mqtt_preprocessed_v2.csv,4289,-1,0,0,0.002090793801471591,1
mqtt_preprocessed_v2.csv,4290,-1,0,0,0.0004583482805173844,1
mqtt_preprocessed_v2.csv,4291,-1,0,0,0.0006899507134221494,1
mqtt_preprocessed_v2.csv,4292,-1,0,0,0.0029995706863701344,1
mqtt_preprocessed_v2.csv,4293,-1,0,0,0.0008984370506368577,1
mqtt_preprocessed_v2.csv,4294,-1,0,0,0.00040682958206161857,1
mqtt_preprocessed_v2.csv,4295,-1,0,0,0.0010339160216972232,1
mqtt_preprocessed_v2.csv,4296,-1,0,0,0.00033009733306244016,1
mqtt_preprocessed_v2.csv,4297,-1,0,0,0.0006232733721844852,1
mqtt_preprocessed_v2.csv,4298,-1,0,0,0.000364255829481408,1
mqtt_preprocessed_v2.csv,4299,-1,0,0,0.0011551269562914968,1
mqtt_preprocessed_v2.csv,4300,-1,0,0,0.003212754847481847,1
mqtt_preprocessed_v2.csv,4301,-1,0,0,0.002227838383987546,1
mqtt_preprocessed_v2.csv,4302,-1,0,0,0.0035416583996266127,1
mqtt_preprocessed_v2.csv,4303,-1,0,0,0.0014600291615352035,1
mqtt_preprocessed_v2.csv,4304,-1,0,0,0.0016475400188937783,1
mqtt_preprocessed_v2.csv,4305,-1,0,0,0.0023564479779452085,1
mqtt_preprocessed_v2.csv,4306,-1,0,0,0.00036409287713468075,1
mqtt_preprocessed_v2.csv,4307,-1,0,0,0.004132066387683153,1
mqtt_preprocessed_v2.csv,4308,-1,0,0,0.0028062753845006227,1
mqtt_preprocessed_v2.csv,4309,-1,0,0,0.0005927470047026873,1
mqtt_preprocessed_v2.csv,4310,-1,0,0,0.0003044881741516292,1
mqtt_preprocessed_v2.csv,4311,-1,0,0,0.0003465518238954246,1
mqtt_preprocessed_v2.csv,4312,-1,0,0,0.0006582512869499624,1
mqtt_preprocessed_v2.csv,4313,-1,0,0,0.0006244929390959442,1
mqtt_preprocessed_v2.csv,4314,-1,0,0,0.0008029856253415346,1
mqtt_preprocessed_v2.csv,4315,-1,0,0,0.00028507865499705076,1
mqtt_preprocessed_v2.csv,4316,-1,0,0,0.000325117667671293,1
mqtt_preprocessed_v2.csv,4317,-1,0,0,0.0003225262917112559,1
mqtt_preprocessed_v2.csv,4318,-1,0,0,0.001300968462601304,1
mqtt_preprocessed_v2.csv,4319,-1,0,0,0.001851709559559822,1
mqtt_preprocessed_v2.csv,4320,-1,0,0,0.00025066285161301494,1
mqtt_preprocessed_v2.csv,4321,-1,0,0,0.00045088728074915707,1
mqtt_preprocessed_v2.csv,4322,-1,0,0,0.0006865701288916171,1
mqtt_preprocessed_v2.csv,4323,-1,0,0,0.0005372159648686647,1
mqtt_preprocessed_v2.csv,4324,-1,0,0,0.0012048588832840323,1
mqtt_preprocessed_v2.csv,4325,-1,0,0,0.0006067469948902726,1
mqtt_preprocessed_v2.csv,4326,-1,0,0,0.0017349470872431993,1
mqtt_preprocessed_v2.csv,4327,-1,0,0,0.0007246923632919788,1
mqtt_preprocessed_v2.csv,4328,-1,0,0,0.000984056619927287,1
mqtt_preprocessed_v2.csv,4329,-1,0,0,0.0010105621768161654,1
mqtt_preprocessed_v2.csv,4330,-1,0,0,0.0002978056436404586,1
mqtt_preprocessed_v2.csv,4331,-1,0,0,0.0008877271320670843,1
mqtt_preprocessed_v2.csv,4332,-1,0,0,0.0024430728517472744,1
mqtt_preprocessed_v2.csv,4333,-1,0,0,0.0005335703026503325,1
mqtt_preprocessed_v2.csv,4334,-1,0,0,0.0006136830197647214,1
mqtt_preprocessed_v2.csv,4335,-1,0,0,0.0007610640022903681,1
mqtt_preprocessed_v2.csv,4336,-1,0,0,0.0005526290624402463,1
mqtt_preprocessed_v2.csv,4337,-1,0,0,0.0007443302893079817,1
mqtt_preprocessed_v2.csv,4338,-1,0,0,0.0008637872524559498,1
mqtt_preprocessed_v2.csv,4339,-1,0,0,0.003956486005336046,1
mqtt_preprocessed_v2.csv,4340,-1,0,0,0.0028892774134874344,1
mqtt_preprocessed_v2.csv,4341,-1,0,0,0.0006978644523769617,1
mqtt_preprocessed_v2.csv,4342,-1,0,0,0.00042619992746040225,1
mqtt_preprocessed_v2.csv,4343,-1,0,0,0.0005039083189330995,1
mqtt_preprocessed_v2.csv,4344,-1,0,0,0.0008316898019984365,1
mqtt_preprocessed_v2.csv,4345,-1,0,0,0.0003261648234911263,1
mqtt_preprocessed_v2.csv,4346,-1,0,0,0.005587773397564888,1
mqtt_preprocessed_v2.csv,4347,-1,0,0,0.000215483145439066,1
mqtt_preprocessed_v2.csv,4348,-1,0,0,0.003227975219488144,1
mqtt_preprocessed_v2.csv,4349,-1,0,0,0.0017564109293743968,1
mqtt_preprocessed_v2.csv,4350,-1,0,0,0.0013023155042901635,1
mqtt_preprocessed_v2.csv,4351,-1,0,0,0.0008222829201258719,1
mqtt_preprocessed_v2.csv,4352,-1,0,0,0.001023726537823677,1
mqtt_preprocessed_v2.csv,4353,-1,0,0,0.0020329568069428205,1
mqtt_preprocessed_v2.csv,4354,-1,0,0,0.0005749195697717369,1
mqtt_preprocessed_v2.csv,4355,-1,0,0,0.0006170115084387362,1
mqtt_preprocessed_v2.csv,4356,-1,0,0,0.0017660686280578375,1
mqtt_preprocessed_v2.csv,4357,-1,0,0,0.0011964200530201197,1
mqtt_preprocessed_v2.csv,4358,-1,0,0,0.002127807354554534,1
mqtt_preprocessed_v2.csv,4359,-1,0,0,0.0003282548568677157,1
mqtt_preprocessed_v2.csv,4360,-1,0,0,0.001315453671850264,1
mqtt_preprocessed_v2.csv,4361,-1,0,0,0.0009802113054320216,1
mqtt_preprocessed_v2.csv,4362,-1,0,0,0.0002858303487300873,1
mqtt_preprocessed_v2.csv,4363,-1,0,0,0.0010605970164760947,1
mqtt_preprocessed_v2.csv,4364,-1,0,0,0.0006100673344917595,1
mqtt_preprocessed_v2.csv,4365,-1,0,0,0.0021245505195111036,1
mqtt_preprocessed_v2.csv,4366,-1,0,0,0.00021052906231489033,1
mqtt_preprocessed_v2.csv,4367,-1,0,0,0.0017164357705041766,1
mqtt_preprocessed_v2.csv,4368,-1,0,0,0.0010707337642088532,1
mqtt_preprocessed_v2.csv,4369,-1,0,0,0.0012155657168477774,1
mqtt_preprocessed_v2.csv,4370,-1,0,0,0.0036520580761134624,1
mqtt_preprocessed_v2.csv,4371,-1,0,0,0.00030206836527213454,1
mqtt_preprocessed_v2.csv,4372,-1,0,0,0.00034504756331443787,1
mqtt_preprocessed_v2.csv,4373,-1,0,0,0.0006616999744437635,1
mqtt_preprocessed_v2.csv,4374,-1,0,0,0.0020354618318378925,1
mqtt_preprocessed_v2.csv,4375,-1,0,0,0.0006846040487289429,1
mqtt_preprocessed_v2.csv,4376,-1,0,0,0.0019521808717399836,1
mqtt_preprocessed_v2.csv,4377,-1,0,0,0.0011294246651232243,1
mqtt_preprocessed_v2.csv,4378,-1,0,0,0.001486912602558732,1
mqtt_preprocessed_v2.csv,4379,-1,0,0,0.0003014052635990083,1
mqtt_preprocessed_v2.csv,4380,-1,0,0,0.0002547410549595952,1
mqtt_preprocessed_v2.csv,4381,-1,0,0,0.0008462156401947141,1
mqtt_preprocessed_v2.csv,4382,-1,0,0,0.0006418465636670589,1
mqtt_preprocessed_v2.csv,4383,-1,0,0,0.0011745789088308811,1
mqtt_preprocessed_v2.csv,4384,-1,0,0,0.0006365266162902117,1
mqtt_preprocessed_v2.csv,4385,-1,0,0,0.00028356039547361434,1
mqtt_preprocessed_v2.csv,4386,-1,0,0,0.0009883878519758582,1
mqtt_preprocessed_v2.csv,4387,-1,0,0,0.00047871805145405233,1
mqtt_preprocessed_v2.csv,4388,-1,0,0,0.000968507316429168,1
mqtt_preprocessed_v2.csv,4389,-1,0,0,0.0005739477928727865,1
mqtt_preprocessed_v2.csv,4390,-1,0,0,0.0013714944943785667,1
mqtt_preprocessed_v2.csv,4391,-1,0,0,0.0002586869813967496,1
mqtt_preprocessed_v2.csv,4392,-1,0,0,0.015371553599834442,1
mqtt_preprocessed_v2.csv,4393,-1,0,0,0.0006162214558571577,1
mqtt_preprocessed_v2.csv,4394,-1,0,0,0.0005140446592122316,1
mqtt_preprocessed_v2.csv,4395,-1,0,0,0.002292611403390765,1
mqtt_preprocessed_v2.csv,4396,-1,0,0,0.00025746383471414447,1
mqtt_preprocessed_v2.csv,4397,-1,0,0,0.00037625874392688274,1
mqtt_preprocessed_v2.csv,4398,-1,0,0,0.0015253033488988876,1
mqtt_preprocessed_v2.csv,4399,-1,0,0,0.0003153831057716161,1
mqtt_preprocessed_v2.csv,4400,-1,0,0,0.0007288876222446561,1
mqtt_preprocessed_v2.csv,4401,-1,0,0,0.002693014917895198,1
mqtt_preprocessed_v2.csv,4402,-1,0,0,0.00024818183737806976,1
mqtt_preprocessed_v2.csv,4403,-1,0,0,0.0023691875394433737,1
mqtt_preprocessed_v2.csv,4404,-1,0,0,0.0007530065486207604,1
mqtt_preprocessed_v2.csv,4405,-1,0,0,0.0004676150274462998,1
mqtt_preprocessed_v2.csv,4406,-1,0,0,0.00026002697995863855,1
mqtt_preprocessed_v2.csv,4407,-1,0,0,0.0036515207029879093,1
mqtt_preprocessed_v2.csv,4408,-1,0,0,0.0010697591351345181,1
mqtt_preprocessed_v2.csv,4409,-1,0,0,0.0003021985467057675,1
mqtt_preprocessed_v2.csv,4410,-1,0,0,0.0064577385783195496,1
mqtt_preprocessed_v2.csv,4411,-1,0,0,0.0004975569900125265,1
mqtt_preprocessed_v2.csv,4412,-1,0,0,0.0008426836575381458,1
mqtt_preprocessed_v2.csv,4413,-1,0,0,0.0009956889552995563,1
mqtt_preprocessed_v2.csv,4414,-1,0,0,0.0008461293764412403,1
mqtt_preprocessed_v2.csv,4415,-1,0,0,0.003311374457553029,1
mqtt_preprocessed_v2.csv,4416,-1,0,0,0.0005973727093078196,1
mqtt_preprocessed_v2.csv,4417,-1,0,0,0.0004965723492205143,1
mqtt_preprocessed_v2.csv,4418,-1,0,0,0.00040906120557338,1
mqtt_preprocessed_v2.csv,4419,-1,0,0,0.0005677081644535065,1
mqtt_preprocessed_v2.csv,4420,-1,0,0,0.0028165888506919146,1
mqtt_preprocessed_v2.csv,4421,-1,0,0,0.0014207818312570453,1
mqtt_preprocessed_v2.csv,4422,-1,0,0,0.009858929552137852,1
mqtt_preprocessed_v2.csv,4423,-1,0,0,0.0020096085499972105,1
mqtt_preprocessed_v2.csv,4424,-1,0,0,0.0009358895476907492,1
mqtt_preprocessed_v2.csv,4425,-1,0,0,0.0002847635478246957,1
mqtt_preprocessed_v2.csv,4426,-1,0,0,0.0008236147696152329,1
mqtt_preprocessed_v2.csv,4427,-1,0,0,0.00047020299825817347,1
mqtt_preprocessed_v2.csv,4428,-1,0,0,0.002273670630529523,1
mqtt_preprocessed_v2.csv,4429,-1,0,0,0.0005123877781443298,1
mqtt_preprocessed_v2.csv,4430,-1,0,0,0.0009966433281078935,1
mqtt_preprocessed_v2.csv,4431,-1,0,0,0.002146651968359947,1
mqtt_preprocessed_v2.csv,4432,-1,0,0,0.0008300272165797651,1
mqtt_preprocessed_v2.csv,4433,-1,0,0,0.002686064690351486,1
mqtt_preprocessed_v2.csv,4434,-1,0,0,0.005542016588151455,1
mqtt_preprocessed_v2.csv,4435,-1,0,0,0.0003211988660041243,1
mqtt_preprocessed_v2.csv,4436,-1,0,0,0.004776541143655777,1
mqtt_preprocessed_v2.csv,4437,-1,0,0,0.0006673309253528714,1
mqtt_preprocessed_v2.csv,4438,-1,0,0,0.0011856615310534835,1
mqtt_preprocessed_v2.csv,4439,-1,0,0,0.000455976725788787,1
mqtt_preprocessed_v2.csv,4440,-1,0,0,0.00036808784352615476,1
mqtt_preprocessed_v2.csv,4441,-1,0,0,0.0007146907155402005,1
mqtt_preprocessed_v2.csv,4442,-1,0,0,0.0003111451806034893,1
mqtt_preprocessed_v2.csv,4443,-1,0,0,0.0005374618340283632,1
mqtt_preprocessed_v2.csv,4444,-1,0,0,0.0007779054576531053,1
mqtt_preprocessed_v2.csv,4445,-1,0,0,0.0002928270841948688,1
mqtt_preprocessed_v2.csv,4446,-1,0,0,0.0023253674153238535,1
mqtt_preprocessed_v2.csv,4447,-1,0,0,0.0019471824634820223,1
mqtt_preprocessed_v2.csv,4448,-1,0,0,0.0012526421342045069,1
mqtt_preprocessed_v2.csv,4449,-1,0,0,0.00028377590933814645,1
mqtt_preprocessed_v2.csv,4450,-1,0,0,0.00039181855390779674,1
mqtt_preprocessed_v2.csv,4451,-1,0,0,0.0006574317812919617,1
mqtt_preprocessed_v2.csv,4452,-1,0,0,0.001902632531709969,1
mqtt_preprocessed_v2.csv,4453,-1,0,0,0.003019872587174177,1
mqtt_preprocessed_v2.csv,4454,-1,0,0,0.0010227232705801725,1
mqtt_preprocessed_v2.csv,4455,-1,0,0,0.0009403277654200792,1
mqtt_preprocessed_v2.csv,4456,-1,0,0,0.0006524952477775514,1
mqtt_preprocessed_v2.csv,4457,-1,0,0,0.0010599433444440365,1
mqtt_preprocessed_v2.csv,4458,-1,0,0,0.0007283324957825243,1
mqtt_preprocessed_v2.csv,4459,-1,0,0,0.0007037463365122676,1
mqtt_preprocessed_v2.csv,4460,-1,0,0,0.0031853821128606796,1
mqtt_preprocessed_v2.csv,4461,-1,0,0,0.0011251872638240457,1
mqtt_preprocessed_v2.csv,4462,-1,0,0,0.0012250469299033284,1
mqtt_preprocessed_v2.csv,4463,-1,0,0,0.0008112855139188468,1
mqtt_preprocessed_v2.csv,4464,-1,0,0,0.0002438140072626993,1
mqtt_preprocessed_v2.csv,4465,-1,0,0,0.00029863102827221155,1
mqtt_preprocessed_v2.csv,4466,-1,0,0,0.0008093047072179615,1
mqtt_preprocessed_v2.csv,4467,-1,0,0,0.0005769256968051195,1
mqtt_preprocessed_v2.csv,4468,-1,0,0,0.0004028994881082326,1
mqtt_preprocessed_v2.csv,4469,-1,0,0,0.00042706436943262815,1
mqtt_preprocessed_v2.csv,4470,-1,0,0,0.0003431321820244193,1
mqtt_preprocessed_v2.csv,4471,-1,0,0,0.00032455590553581715,1
mqtt_preprocessed_v2.csv,4472,-1,0,0,0.0016917145112529397,1
mqtt_preprocessed_v2.csv,4473,-1,0,0,0.0010591833852231503,1
mqtt_preprocessed_v2.csv,4474,-1,0,0,0.0002624719636514783,1
mqtt_preprocessed_v2.csv,4475,-1,0,0,0.0030796974897384644,1
mqtt_preprocessed_v2.csv,4476,-1,0,0,0.0017678475705906749,1
mqtt_preprocessed_v2.csv,4477,-1,0,0,0.0044977967627346516,1
mqtt_preprocessed_v2.csv,4478,-1,0,0,0.0006124150822870433,1
mqtt_preprocessed_v2.csv,4479,-1,0,0,0.0018085024785250425,1
mqtt_preprocessed_v2.csv,4480,-1,0,0,0.00035157398087903857,1
mqtt_preprocessed_v2.csv,4481,-1,0,0,0.0006609710399061441,1
mqtt_preprocessed_v2.csv,4482,-1,0,0,0.000735014327801764,1
mqtt_preprocessed_v2.csv,4483,-1,0,0,0.0008195127011276782,1
mqtt_preprocessed_v2.csv,4484,-1,0,0,0.0007285967003554106,1
mqtt_preprocessed_v2.csv,4485,-1,0,0,0.0016238930402323604,1
mqtt_preprocessed_v2.csv,4486,-1,0,0,0.0009128724341280758,1
mqtt_preprocessed_v2.csv,4487,-1,0,0,0.003047735197469592,1
mqtt_preprocessed_v2.csv,4488,-1,0,0,0.0010484273079782724,1
mqtt_preprocessed_v2.csv,4489,-1,0,0,0.0006830230704508722,1
mqtt_preprocessed_v2.csv,4490,-1,0,0,0.0006677922210656106,1
mqtt_preprocessed_v2.csv,4491,-1,0,0,0.00036534020910039544,1
mqtt_preprocessed_v2.csv,4492,-1,0,0,0.0003245954867452383,1
mqtt_preprocessed_v2.csv,4493,-1,0,0,0.00026353716384619474,1
mqtt_preprocessed_v2.csv,4494,-1,0,0,0.00024412339553236961,1
mqtt_preprocessed_v2.csv,4495,-1,0,0,0.0008803893579170108,1
mqtt_preprocessed_v2.csv,4496,-1,0,0,0.0006971824914216995,1
mqtt_preprocessed_v2.csv,4497,-1,0,0,0.0016600277740508318,1
mqtt_preprocessed_v2.csv,4498,-1,0,0,0.004776641260832548,1
mqtt_preprocessed_v2.csv,4499,-1,0,0,0.0008504709112457931,1
mqtt_preprocessed_v2.csv,4500,-1,0,0,1.1180639376107138e-05,1
mqtt_preprocessed_v2.csv,4501,-1,0,0,4.7471229436268914e-07,1
mqtt_preprocessed_v2.csv,4502,-1,0,0,0.0028291107155382633,1
mqtt_preprocessed_v2.csv,4503,-1,0,0,0.00017577572725713253,1
mqtt_preprocessed_v2.csv,4504,-1,0,0,5.542498001886997e-06,1
mqtt_preprocessed_v2.csv,4505,-1,0,0,4.619117680704221e-05,1
mqtt_preprocessed_v2.csv,4506,-1,0,0,0.000510036654304713,1
mqtt_preprocessed_v2.csv,4507,-1,0,0,3.98337851947872e-06,1
mqtt_preprocessed_v2.csv,4508,-1,0,0,4.6801088160464133e-07,1
mqtt_preprocessed_v2.csv,4509,-1,0,0,2.7775843136623735e-06,1
mqtt_preprocessed_v2.csv,4510,-1,0,0,1.0498953315618564e-06,1
mqtt_preprocessed_v2.csv,4511,-1,0,0,0.0001368239027215168,1
mqtt_preprocessed_v2.csv,4512,-1,0,0,1.6641565707686823e-06,1
mqtt_preprocessed_v2.csv,4513,-1,0,0,0.00010128376743523404,1
mqtt_preprocessed_v2.csv,4514,-1,0,0,6.199596828082576e-05,1
mqtt_preprocessed_v2.csv,4515,-1,0,0,2.548281599956681e-06,1
mqtt_preprocessed_v2.csv,4516,-1,0,0,1.440525011275895e-05,1
mqtt_preprocessed_v2.csv,4517,-1,0,0,7.786672284737506e-08,1
mqtt_preprocessed_v2.csv,4518,-1,0,0,2.1971502064843662e-05,1
mqtt_preprocessed_v2.csv,4519,-1,0,0,2.3031254841043847e-06,1
mqtt_preprocessed_v2.csv,4520,-1,0,0,0.0006683550891466439,1
mqtt_preprocessed_v2.csv,4521,-1,0,0,9.000465979625005e-06,1
mqtt_preprocessed_v2.csv,4522,-1,0,0,9.622692687116796e-07,1
mqtt_preprocessed_v2.csv,4523,-1,0,0,3.1510751341556897e-06,1
mqtt_preprocessed_v2.csv,4524,-1,0,0,9.89384034255636e-07,1
mqtt_preprocessed_v2.csv,4525,-1,0,0,5.8026158512802795e-05,1
mqtt_preprocessed_v2.csv,4526,-1,0,0,0.0001276245020562783,1
mqtt_preprocessed_v2.csv,4527,-1,0,0,2.0194095213810215e-06,1
mqtt_preprocessed_v2.csv,4528,-1,0,0,0.010345195420086384,1
mqtt_preprocessed_v2.csv,4529,-1,0,0,1.8951770471176133e-05,1
mqtt_preprocessed_v2.csv,4530,-1,0,0,6.495038542198017e-05,1
mqtt_preprocessed_v2.csv,4531,-1,0,0,1.1173140990194952e-07,1
mqtt_preprocessed_v2.csv,4532,-1,0,0,6.981604769862315e-07,1
mqtt_preprocessed_v2.csv,4533,-1,0,0,1.0810017556650564e-06,1
mqtt_preprocessed_v2.csv,4534,-1,0,0,1.5063623095556977e-06,1
mqtt_preprocessed_v2.csv,4535,-1,0,0,4.6047742330301844e-07,1
mqtt_preprocessed_v2.csv,4536,-1,0,0,1.7837146515375935e-06,1
mqtt_preprocessed_v2.csv,4537,-1,0,0,8.112902492030116e-07,1
mqtt_preprocessed_v2.csv,4538,-1,0,0,8.331411294193458e-08,1
mqtt_preprocessed_v2.csv,4539,-1,0,0,1.3964697700430406e-06,1
mqtt_preprocessed_v2.csv,4540,-1,0,0,0.0026707288343459368,1
mqtt_preprocessed_v2.csv,4541,-1,0,0,2.820189365593251e-06,1
mqtt_preprocessed_v2.csv,4542,-1,0,0,7.880365728851757e-07,1
mqtt_preprocessed_v2.csv,4543,-1,0,0,8.484065006086894e-07,1
mqtt_preprocessed_v2.csv,4544,-1,0,0,5.451527158584213e-07,1
mqtt_preprocessed_v2.csv,4545,-1,0,0,2.8132051738793962e-05,1
mqtt_preprocessed_v2.csv,4546,-1,0,0,7.812496392034518e-07,1
mqtt_preprocessed_v2.csv,4547,-1,0,0,1.6156131721345446e-07,1
mqtt_preprocessed_v2.csv,4548,-1,0,0,2.1150638076505857e-06,1
mqtt_preprocessed_v2.csv,4549,-1,0,0,5.053535460319836e-06,1
mqtt_preprocessed_v2.csv,4550,-1,0,0,1.232693193742307e-06,1
mqtt_preprocessed_v2.csv,4551,-1,0,0,4.807109507964924e-05,1
mqtt_preprocessed_v2.csv,4552,-1,0,0,1.2817691640520934e-05,1
mqtt_preprocessed_v2.csv,4553,-1,0,0,2.1734593246947043e-05,1
mqtt_preprocessed_v2.csv,4554,-1,0,0,2.396743425947534e-08,1
mqtt_preprocessed_v2.csv,4555,-1,0,0,6.115407813922502e-06,1
mqtt_preprocessed_v2.csv,4556,-1,0,0,1.215548877553374e-06,1
mqtt_preprocessed_v2.csv,4557,-1,0,0,5.025909558753483e-06,1
mqtt_preprocessed_v2.csv,4558,-1,0,0,1.0259227565256879e-06,1
mqtt_preprocessed_v2.csv,4559,-1,0,0,2.6560626338323345e-06,1
mqtt_preprocessed_v2.csv,4560,-1,0,0,6.59851252748922e-07,1
mqtt_preprocessed_v2.csv,4561,-1,0,0,5.209976805531369e-08,1
mqtt_preprocessed_v2.csv,4562,-1,0,0,0.001203224528580904,1
mqtt_preprocessed_v2.csv,4563,-1,0,0,5.200228088142467e-07,1
mqtt_preprocessed_v2.csv,4564,-1,0,0,2.3038187180191017e-07,1
mqtt_preprocessed_v2.csv,4565,-1,0,0,1.1545433835635777e-06,1
mqtt_preprocessed_v2.csv,4566,-1,0,0,0.0012492660898715258,1
mqtt_preprocessed_v2.csv,4567,-1,0,0,2.925800345110474e-06,1
mqtt_preprocessed_v2.csv,4568,-1,0,0,1.938489276653854e-06,1
mqtt_preprocessed_v2.csv,4569,-1,0,0,8.212449529310106e-07,1
mqtt_preprocessed_v2.csv,4570,-1,0,0,0.0011279952013865113,1
mqtt_preprocessed_v2.csv,4571,-1,0,0,3.779186101837695e-07,1
mqtt_preprocessed_v2.csv,4572,-1,0,0,2.3625936762528e-08,1
mqtt_preprocessed_v2.csv,4573,-1,0,0,1.2607682720044977e-06,1
mqtt_preprocessed_v2.csv,4574,-1,0,0,1.3358571777644102e-06,1
mqtt_preprocessed_v2.csv,4575,-1,0,0,5.772827762484667e-07,1
mqtt_preprocessed_v2.csv,4576,-1,0,0,3.4311543117837573e-07,1
mqtt_preprocessed_v2.csv,4577,-1,0,0,1.887497802499638e-07,1
mqtt_preprocessed_v2.csv,4578,-1,0,0,8.191586857719813e-06,1
mqtt_preprocessed_v2.csv,4579,-1,0,0,5.104889623908093e-06,1
mqtt_preprocessed_v2.csv,4580,-1,0,0,7.471971184713766e-05,1
mqtt_preprocessed_v2.csv,4581,-1,0,0,1.673660108281183e-07,1
mqtt_preprocessed_v2.csv,4582,-1,0,0,5.136628169566393e-05,1
mqtt_preprocessed_v2.csv,4583,-1,0,0,0.00044194518704898655,1
mqtt_preprocessed_v2.csv,4584,-1,0,0,1.0598103017400717e-06,1
mqtt_preprocessed_v2.csv,4585,-1,0,0,0.0008198696305043995,1
mqtt_preprocessed_v2.csv,4586,-1,0,0,6.753477646270767e-05,1
mqtt_preprocessed_v2.csv,4587,-1,0,0,1.9557268387870863e-05,1
mqtt_preprocessed_v2.csv,4588,-1,0,0,2.418658482383762e-07,1
mqtt_preprocessed_v2.csv,4589,-1,0,0,5.315399175742641e-05,1
mqtt_preprocessed_v2.csv,4590,-1,0,0,3.350180577399442e-06,1
mqtt_preprocessed_v2.csv,4591,-1,0,0,1.319382704423333e-06,1
mqtt_preprocessed_v2.csv,4592,-1,0,0,3.0298164347186685e-05,1
mqtt_preprocessed_v2.csv,4593,-1,0,0,7.577534688607557e-07,1
mqtt_preprocessed_v2.csv,4594,-1,0,0,1.2992371694053872e-06,1
mqtt_preprocessed_v2.csv,4595,-1,0,0,1.0996163268828241e-07,1
mqtt_preprocessed_v2.csv,4596,-1,0,0,0.00033923157025128603,1
mqtt_preprocessed_v2.csv,4597,-1,0,0,6.296825461049593e-08,1
mqtt_preprocessed_v2.csv,4598,-1,0,0,1.614524626347702e-05,1
mqtt_preprocessed_v2.csv,4599,-1,0,0,0.0019518880872055888,1
mqtt_preprocessed_v2.csv,4600,-1,0,0,0.0008562550647184253,1
mqtt_preprocessed_v2.csv,4601,-1,0,0,0.004383943043649197,1
mqtt_preprocessed_v2.csv,4602,-1,0,0,0.0019302289001643658,1
mqtt_preprocessed_v2.csv,4603,-1,0,0,0.007532586809247732,1
mqtt_preprocessed_v2.csv,4604,-1,0,0,0.004267985001206398,1
mqtt_preprocessed_v2.csv,4605,-1,0,0,0.005427921656519175,1
mqtt_preprocessed_v2.csv,4606,-1,0,0,0.0010833096457645297,1
mqtt_preprocessed_v2.csv,4607,-1,0,0,0.001437645056284964,1
mqtt_preprocessed_v2.csv,4608,-1,0,0,0.0016136197373270988,1
mqtt_preprocessed_v2.csv,4609,-1,0,0,0.010141855105757713,1
mqtt_preprocessed_v2.csv,4610,-1,0,0,0.0011615239782258868,1
mqtt_preprocessed_v2.csv,4611,-1,0,0,0.008006250485777855,1
mqtt_preprocessed_v2.csv,4612,-1,0,0,0.006568059790879488,1
mqtt_preprocessed_v2.csv,4613,-1,0,0,0.005152910947799683,1
mqtt_preprocessed_v2.csv,4614,-1,0,0,0.0072120786644518375,1
mqtt_preprocessed_v2.csv,4615,-1,0,0,0.02739034593105316,1
mqtt_preprocessed_v2.csv,4616,-1,0,0,0.0006547196535393596,1
mqtt_preprocessed_v2.csv,4617,-1,0,0,0.008227836340665817,1
mqtt_preprocessed_v2.csv,4618,-1,0,0,0.0012643057852983475,1
mqtt_preprocessed_v2.csv,4619,-1,0,0,0.015964798629283905,1
mqtt_preprocessed_v2.csv,4620,-1,0,0,0.0016004217322915792,1
mqtt_preprocessed_v2.csv,4621,-1,0,0,0.0008093215874396265,1
mqtt_preprocessed_v2.csv,4622,-1,0,0,0.005478718318045139,1
mqtt_preprocessed_v2.csv,4623,-1,0,0,0.0015155496075749397,1
mqtt_preprocessed_v2.csv,4624,-1,0,0,0.005033404566347599,1
mqtt_preprocessed_v2.csv,4625,-1,0,0,0.0006200005882419646,1
mqtt_preprocessed_v2.csv,4626,-1,0,0,0.0006920587620697916,1
mqtt_preprocessed_v2.csv,4627,-1,0,0,0.002964550629258156,1
mqtt_preprocessed_v2.csv,4628,-1,0,0,0.001028896775096655,1
mqtt_preprocessed_v2.csv,4629,-1,0,0,0.0015033436939120293,1
mqtt_preprocessed_v2.csv,4630,-1,0,0,0.0016843883786350489,1
mqtt_preprocessed_v2.csv,4631,-1,0,0,0.0006785010336898267,1
mqtt_preprocessed_v2.csv,4632,-1,0,0,0.0006764447316527367,1
mqtt_preprocessed_v2.csv,4633,-1,0,0,0.0016544586978852749,1
mqtt_preprocessed_v2.csv,4634,-1,0,0,0.0007234466029331088,1
mqtt_preprocessed_v2.csv,4635,-1,0,0,0.0009591905982233584,1
mqtt_preprocessed_v2.csv,4636,-1,0,0,0.001374053186737001,1
mqtt_preprocessed_v2.csv,4637,-1,0,0,0.012466573156416416,1
mqtt_preprocessed_v2.csv,4638,-1,0,0,0.0012740903766825795,1
mqtt_preprocessed_v2.csv,4639,-1,0,0,0.001294358167797327,1
mqtt_preprocessed_v2.csv,4640,-1,0,0,0.0007784456829540431,1
mqtt_preprocessed_v2.csv,4641,-1,0,0,0.006253728177398443,1
mqtt_preprocessed_v2.csv,4642,-1,0,0,0.0017225901829078794,1
mqtt_preprocessed_v2.csv,4643,-1,0,0,0.0006387833855114877,1
mqtt_preprocessed_v2.csv,4644,-1,0,0,0.000826552917715162,1
mqtt_preprocessed_v2.csv,4645,-1,0,0,0.0047269538044929504,1
mqtt_preprocessed_v2.csv,4646,-1,0,0,0.0007925006793811917,1
mqtt_preprocessed_v2.csv,4647,-1,0,0,0.0076369899325072765,1
mqtt_preprocessed_v2.csv,4648,-1,0,0,0.0009491031523793936,1
mqtt_preprocessed_v2.csv,4649,-1,0,0,0.0007678396068513393,1
mqtt_preprocessed_v2.csv,4650,-1,0,0,0.0011055334471166134,1
mqtt_preprocessed_v2.csv,4651,-1,0,0,0.002551071112975478,1
mqtt_preprocessed_v2.csv,4652,-1,0,0,0.005845693871378899,1
mqtt_preprocessed_v2.csv,4653,-1,0,0,0.0010447819950059056,1
mqtt_preprocessed_v2.csv,4654,-1,0,0,0.0007676983368583024,1
mqtt_preprocessed_v2.csv,4655,-1,0,0,0.0026431370060890913,1
mqtt_preprocessed_v2.csv,4656,-1,0,0,0.007926496677100658,1
mqtt_preprocessed_v2.csv,4657,-1,0,0,0.0011241822503507137,1
mqtt_preprocessed_v2.csv,4658,-1,0,0,0.0011251068208366632,1
mqtt_preprocessed_v2.csv,4659,-1,0,0,0.004456774797290564,1
mqtt_preprocessed_v2.csv,4660,-1,0,0,0.0011394346365705132,1
mqtt_preprocessed_v2.csv,4661,-1,0,0,0.006082245148718357,1
mqtt_preprocessed_v2.csv,4662,-1,0,0,0.0009803177090361714,1
mqtt_preprocessed_v2.csv,4663,-1,0,0,0.0007546732085756958,1
mqtt_preprocessed_v2.csv,4664,-1,0,0,0.0056317574344575405,1
mqtt_preprocessed_v2.csv,4665,-1,0,0,0.0009011341608129442,1
mqtt_preprocessed_v2.csv,4666,-1,0,0,0.00047896907199174166,1
mqtt_preprocessed_v2.csv,4667,-1,0,0,0.0015093854162842035,1
mqtt_preprocessed_v2.csv,4668,-1,0,0,0.0019550230354070663,1
mqtt_preprocessed_v2.csv,4669,-1,0,0,0.0013193777995184064,1
mqtt_preprocessed_v2.csv,4670,-1,0,0,0.0010199248790740967,1
mqtt_preprocessed_v2.csv,4671,-1,0,0,0.0010041157947853208,1
mqtt_preprocessed_v2.csv,4672,-1,0,0,0.0012618370819836855,1
mqtt_preprocessed_v2.csv,4673,-1,0,0,0.004252083133906126,1
mqtt_preprocessed_v2.csv,4674,-1,0,0,0.005797780584543943,1
mqtt_preprocessed_v2.csv,4675,-1,0,0,0.0017352368449792266,1
mqtt_preprocessed_v2.csv,4676,-1,0,0,0.0014004644472151995,1
mqtt_preprocessed_v2.csv,4677,-1,0,0,0.009285415522754192,1
mqtt_preprocessed_v2.csv,4678,-1,0,0,0.011629749089479446,1
mqtt_preprocessed_v2.csv,4679,-1,0,0,0.0008513659704476595,1
mqtt_preprocessed_v2.csv,4680,-1,0,0,0.0008732519345358014,1
mqtt_preprocessed_v2.csv,4681,-1,0,0,0.0007343061733990908,1
mqtt_preprocessed_v2.csv,4682,-1,0,0,0.0004864148795604706,1
mqtt_preprocessed_v2.csv,4683,-1,0,0,0.0009609794360585511,1
mqtt_preprocessed_v2.csv,4684,-1,0,0,0.00315350410528481,1
mqtt_preprocessed_v2.csv,4685,-1,0,0,0.0008268026285804808,1
mqtt_preprocessed_v2.csv,4686,-1,0,0,0.0006274182815104723,1
mqtt_preprocessed_v2.csv,4687,-1,0,0,0.0006046508788131177,1
mqtt_preprocessed_v2.csv,4688,-1,0,0,0.0009943717159330845,1
mqtt_preprocessed_v2.csv,4689,-1,0,0,0.0061477720737457275,1
mqtt_preprocessed_v2.csv,4690,-1,0,0,0.000763723102863878,1
mqtt_preprocessed_v2.csv,4691,-1,0,0,0.001169804367236793,1
mqtt_preprocessed_v2.csv,4692,-1,0,0,0.014854763634502888,1
mqtt_preprocessed_v2.csv,4693,-1,0,0,0.0008995428215712309,1
mqtt_preprocessed_v2.csv,4694,-1,0,0,0.000606246932875365,1
mqtt_preprocessed_v2.csv,4695,-1,0,0,0.0021831837948411703,1
mqtt_preprocessed_v2.csv,4696,-1,0,0,0.005146598909050226,1
mqtt_preprocessed_v2.csv,4697,-1,0,0,0.010385451838374138,1
mqtt_preprocessed_v2.csv,4698,-1,0,0,0.0011669808300212026,1
mqtt_preprocessed_v2.csv,4699,-1,0,0,0.0009749610908329487,1
mqtt_preprocessed_v2.csv,4700,-1,0,0,0.0018258994678035378,1
mqtt_preprocessed_v2.csv,4701,-1,0,0,0.0006258466746658087,1
mqtt_preprocessed_v2.csv,4702,-1,0,0,0.0017309963004663587,1
mqtt_preprocessed_v2.csv,4703,-1,0,0,0.0009212400764226913,1
mqtt_preprocessed_v2.csv,4704,-1,0,0,0.003486441448330879,1
mqtt_preprocessed_v2.csv,4705,-1,0,0,0.0020301705226302147,1
mqtt_preprocessed_v2.csv,4706,-1,0,0,0.0055911182425916195,1
mqtt_preprocessed_v2.csv,4707,-1,0,0,0.0007773245451971889,1
mqtt_preprocessed_v2.csv,4708,-1,0,0,0.004395685158669949,1
mqtt_preprocessed_v2.csv,4709,-1,0,0,0.0014620174188166857,1
mqtt_preprocessed_v2.csv,4710,-1,0,0,0.004946006927639246,1
mqtt_preprocessed_v2.csv,4711,-1,0,0,0.0037796287797391415,1
mqtt_preprocessed_v2.csv,4712,-1,0,0,0.0008567353361286223,1
mqtt_preprocessed_v2.csv,4713,-1,0,0,0.004854772239923477,1
mqtt_preprocessed_v2.csv,4714,-1,0,0,0.0020911083556711674,1
mqtt_preprocessed_v2.csv,4715,-1,0,0,0.004619103390723467,1
mqtt_preprocessed_v2.csv,4716,-1,0,0,0.001646675867959857,1
mqtt_preprocessed_v2.csv,4717,-1,0,0,0.0019062762148678303,1
mqtt_preprocessed_v2.csv,4718,-1,0,0,0.0016348237404599786,1
mqtt_preprocessed_v2.csv,4719,-1,0,0,0.0014544783625751734,1
mqtt_preprocessed_v2.csv,4720,-1,0,0,0.0006237176130525768,1
mqtt_preprocessed_v2.csv,4721,-1,0,0,0.001436379854567349,1
mqtt_preprocessed_v2.csv,4722,-1,0,0,0.0006942329928278923,1
mqtt_preprocessed_v2.csv,4723,-1,0,0,0.02841268479824066,1
mqtt_preprocessed_v2.csv,4724,-1,0,0,0.005317544564604759,1
mqtt_preprocessed_v2.csv,4725,-1,0,0,0.0019232825143262744,1
mqtt_preprocessed_v2.csv,4726,-1,0,0,0.0038276936393231153,1
mqtt_preprocessed_v2.csv,4727,-1,0,0,0.044344183057546616,1
mqtt_preprocessed_v2.csv,4728,-1,0,0,0.04677220806479454,1
mqtt_preprocessed_v2.csv,4729,-1,0,0,0.0038350278045982122,1
mqtt_preprocessed_v2.csv,4730,-1,0,0,0.0454777292907238,1
mqtt_preprocessed_v2.csv,4731,-1,0,0,0.030680112540721893,1
mqtt_preprocessed_v2.csv,4732,-1,0,0,0.030002115294337273,1
mqtt_preprocessed_v2.csv,4733,-1,0,0,0.04454941675066948,1
mqtt_preprocessed_v2.csv,4734,-1,0,0,0.005319052841514349,1
mqtt_preprocessed_v2.csv,4735,-1,0,0,0.044744886457920074,1
mqtt_preprocessed_v2.csv,4736,-1,0,0,0.004306599963456392,1
mqtt_preprocessed_v2.csv,4737,-1,0,0,0.041954800486564636,1
mqtt_preprocessed_v2.csv,4738,-1,0,0,0.059838298708200455,1
mqtt_preprocessed_v2.csv,4739,-1,0,0,0.043931376188993454,1
mqtt_preprocessed_v2.csv,4740,-1,0,0,0.03496989235281944,1
mqtt_preprocessed_v2.csv,4741,-1,0,0,0.003876650473102927,1
mqtt_preprocessed_v2.csv,4742,-1,0,0,0.027755819261074066,1
mqtt_preprocessed_v2.csv,4743,-1,0,0,0.0014021176612004638,1
mqtt_preprocessed_v2.csv,4744,-1,0,0,0.004201190546154976,1
mqtt_preprocessed_v2.csv,4745,-1,0,0,0.0018115512793883681,1
mqtt_preprocessed_v2.csv,4746,-1,0,0,0.0013153657782822847,1
mqtt_preprocessed_v2.csv,4747,-1,0,0,0.0008751120767556131,1
mqtt_preprocessed_v2.csv,4748,-1,0,0,0.004168662242591381,1
mqtt_preprocessed_v2.csv,4749,-1,0,0,0.00150470866356045,1
mqtt_preprocessed_v2.csv,4750,-1,0,0,0.005321528296917677,1
mqtt_preprocessed_v2.csv,4751,-1,0,0,0.004725674632936716,1
mqtt_preprocessed_v2.csv,4752,-1,0,0,0.0007615823997184634,1
mqtt_preprocessed_v2.csv,4753,-1,0,0,0.0030192250851541758,1
mqtt_preprocessed_v2.csv,4754,-1,0,0,0.0028445632196962833,1
mqtt_preprocessed_v2.csv,4755,-1,0,0,0.31644222140312195,1
mqtt_preprocessed_v2.csv,4756,-1,0,0,0.011516646482050419,1
mqtt_preprocessed_v2.csv,4757,-1,0,0,0.0018066053744405508,1
mqtt_preprocessed_v2.csv,4758,-1,0,0,0.004608782473951578,1
mqtt_preprocessed_v2.csv,4759,-1,0,0,0.0012866141041740775,1
mqtt_preprocessed_v2.csv,4760,-1,0,0,0.027765588834881783,1
mqtt_preprocessed_v2.csv,4761,-1,0,0,0.0006255166372284293,1
mqtt_preprocessed_v2.csv,4762,-1,0,0,0.0008469933527521789,1
mqtt_preprocessed_v2.csv,4763,-1,0,0,0.0018692058511078358,1
mqtt_preprocessed_v2.csv,4764,-1,0,0,0.001390706980600953,1
mqtt_preprocessed_v2.csv,4765,-1,0,0,0.0041573867201805115,1
mqtt_preprocessed_v2.csv,4766,-1,0,0,0.0037902798503637314,1
mqtt_preprocessed_v2.csv,4767,-1,0,0,0.0015719023067504168,1
mqtt_preprocessed_v2.csv,4768,-1,0,0,0.027754046022892,1
mqtt_preprocessed_v2.csv,4769,-1,0,0,0.004256275948137045,1
mqtt_preprocessed_v2.csv,4770,-1,0,0,0.004724710248410702,1
mqtt_preprocessed_v2.csv,4771,-1,0,0,0.0033980393782258034,1
mqtt_preprocessed_v2.csv,4772,-1,0,0,0.0019388230284675956,1
mqtt_preprocessed_v2.csv,4773,-1,0,0,0.02777552604675293,1
mqtt_preprocessed_v2.csv,4774,-1,0,0,0.02772814966738224,1
mqtt_preprocessed_v2.csv,4775,-1,0,0,0.004921795800328255,1
mqtt_preprocessed_v2.csv,4776,-1,0,0,0.030963173136115074,1
mqtt_preprocessed_v2.csv,4777,-1,0,0,0.0006094853160902858,1
mqtt_preprocessed_v2.csv,4778,-1,0,0,0.0036529533099383116,1
mqtt_preprocessed_v2.csv,4779,-1,0,0,0.003542946185916662,1
mqtt_preprocessed_v2.csv,4780,-1,0,0,0.0007145600975491107,1
mqtt_preprocessed_v2.csv,4781,-1,0,0,0.07274344563484192,1
mqtt_preprocessed_v2.csv,4782,-1,0,0,0.0036698582116514444,1
mqtt_preprocessed_v2.csv,4783,-1,0,0,0.0008531443891115487,1
mqtt_preprocessed_v2.csv,4784,-1,0,0,0.003818932455033064,1
mqtt_preprocessed_v2.csv,4785,-1,0,0,0.0008941473788581789,1
mqtt_preprocessed_v2.csv,4786,-1,0,0,0.00742379343137145,1
mqtt_preprocessed_v2.csv,4787,-1,0,0,0.0023963137064129114,1
mqtt_preprocessed_v2.csv,4788,-1,0,0,0.05849113687872887,1
mqtt_preprocessed_v2.csv,4789,-1,0,0,0.0034211380407214165,1
mqtt_preprocessed_v2.csv,4790,-1,0,0,0.048246853053569794,1
mqtt_preprocessed_v2.csv,4791,-1,0,0,0.0019283859292045236,1
mqtt_preprocessed_v2.csv,4792,-1,0,0,0.0006438015843741596,1
mqtt_preprocessed_v2.csv,4793,-1,0,0,0.027745099738240242,1
mqtt_preprocessed_v2.csv,4794,-1,0,0,0.000597003847360611,1
mqtt_preprocessed_v2.csv,4795,-1,0,0,0.004274032544344664,1
mqtt_preprocessed_v2.csv,4796,-1,0,0,0.042423274368047714,1
mqtt_preprocessed_v2.csv,4797,-1,0,0,0.0006811233470216393,1
mqtt_preprocessed_v2.csv,4798,-1,0,0,0.0013066530227661133,1
mqtt_preprocessed_v2.csv,4799,-1,0,0,0.0036243360955268145,1
mqtt_preprocessed_v2.csv,4800,-1,0,0,0.0014930752804502845,1
mqtt_preprocessed_v2.csv,4801,-1,0,0,0.0016568807186558843,1
mqtt_preprocessed_v2.csv,4802,-1,0,0,0.0041442736983299255,1
mqtt_preprocessed_v2.csv,4803,-1,0,0,0.0035049538128077984,1
mqtt_preprocessed_v2.csv,4804,-1,0,0,0.004311096388846636,1
mqtt_preprocessed_v2.csv,4805,-1,0,0,0.0016526436666026711,1
mqtt_preprocessed_v2.csv,4806,-1,0,0,0.004690964240580797,1
mqtt_preprocessed_v2.csv,4807,-1,0,0,0.001498795347288251,1
mqtt_preprocessed_v2.csv,4808,-1,0,0,0.003399023087695241,1
mqtt_preprocessed_v2.csv,4809,-1,0,0,0.04851823300123215,1
mqtt_preprocessed_v2.csv,4810,-1,0,0,0.0031738686375319958,1
mqtt_preprocessed_v2.csv,4811,-1,0,0,0.04173821955919266,1
mqtt_preprocessed_v2.csv,4812,-1,0,0,0.003480169689282775,1
mqtt_preprocessed_v2.csv,4813,-1,0,0,0.003096736501902342,1
mqtt_preprocessed_v2.csv,4814,-1,0,0,0.0019568493589758873,1
mqtt_preprocessed_v2.csv,4815,-1,0,0,0.0006514994311146438,1
mqtt_preprocessed_v2.csv,4816,-1,0,0,0.03444128856062889,1
mqtt_preprocessed_v2.csv,4817,-1,0,0,0.003208483336493373,1
mqtt_preprocessed_v2.csv,4818,-1,0,0,0.0008746126550249755,1
mqtt_preprocessed_v2.csv,4819,-1,0,0,0.0041149696335196495,1
mqtt_preprocessed_v2.csv,4820,-1,0,0,0.002032682066783309,1
mqtt_preprocessed_v2.csv,4821,-1,0,0,0.043684713542461395,1
mqtt_preprocessed_v2.csv,4822,-1,0,0,0.009149610996246338,1
mqtt_preprocessed_v2.csv,4823,-1,0,0,0.0007548000430688262,1
mqtt_preprocessed_v2.csv,4824,-1,0,0,0.003059692680835724,1
mqtt_preprocessed_v2.csv,4825,-1,0,0,0.03887270763516426,1
mqtt_preprocessed_v2.csv,4826,-1,0,0,0.0059632109478116035,1
mqtt_preprocessed_v2.csv,4827,-1,0,0,0.006966687738895416,1
mqtt_preprocessed_v2.csv,4828,-1,0,0,0.003472919575870037,1
mqtt_preprocessed_v2.csv,4829,-1,0,0,0.0012190614361315966,1
mqtt_preprocessed_v2.csv,4830,-1,0,0,0.0016917000757530332,1
mqtt_preprocessed_v2.csv,4831,-1,0,0,0.004677320830523968,1
mqtt_preprocessed_v2.csv,4832,-1,0,0,0.0041212160140275955,1
mqtt_preprocessed_v2.csv,4833,-1,0,0,0.0006953579722903669,1
mqtt_preprocessed_v2.csv,4834,-1,0,0,0.003985829185694456,1
mqtt_preprocessed_v2.csv,4835,-1,0,0,0.0037084913346916437,1
mqtt_preprocessed_v2.csv,4836,-1,0,0,0.003668581834062934,1
mqtt_preprocessed_v2.csv,4837,-1,0,0,0.0023951740004122257,1
mqtt_preprocessed_v2.csv,4838,-1,0,0,0.002991763409227133,1
mqtt_preprocessed_v2.csv,4839,-1,0,0,0.0006477732094936073,1
mqtt_preprocessed_v2.csv,4840,-1,0,0,0.001642756280489266,1
mqtt_preprocessed_v2.csv,4841,-1,0,0,0.0018147487426176667,1
mqtt_preprocessed_v2.csv,4842,-1,0,0,0.001888787024654448,1
mqtt_preprocessed_v2.csv,4843,-1,0,0,0.005345932673662901,1
mqtt_preprocessed_v2.csv,4844,-1,0,0,0.0015810950426384807,1
mqtt_preprocessed_v2.csv,4845,-1,0,0,0.0030617048032581806,1
mqtt_preprocessed_v2.csv,4846,-1,0,0,0.027737170457839966,1
mqtt_preprocessed_v2.csv,4847,-1,0,0,0.0007910595159046352,1
mqtt_preprocessed_v2.csv,4848,-1,0,0,0.00491365697234869,1
mqtt_preprocessed_v2.csv,4849,-1,0,0,0.001793663133867085,1
mqtt_preprocessed_v2.csv,4850,-1,0,0,0.0007118002977222204,1
mqtt_preprocessed_v2.csv,4851,-1,0,0,0.0008594432729296386,1
mqtt_preprocessed_v2.csv,4852,-1,0,0,0.005846184678375721,1
mqtt_preprocessed_v2.csv,4853,-1,0,0,0.0017389411805197597,1
mqtt_preprocessed_v2.csv,4854,-1,0,0,0.07145397365093231,1
mqtt_preprocessed_v2.csv,4855,-1,0,0,0.004382215905934572,1
mqtt_preprocessed_v2.csv,4856,-1,0,0,0.0014986584428697824,1
mqtt_preprocessed_v2.csv,4857,-1,0,0,0.0039660995826125145,1
mqtt_preprocessed_v2.csv,4858,-1,0,0,0.0012766082072630525,1
mqtt_preprocessed_v2.csv,4859,-1,0,0,0.0008508574101142585,1
mqtt_preprocessed_v2.csv,4860,-1,0,0,0.0013144239783287048,1
mqtt_preprocessed_v2.csv,4861,-1,0,0,0.003746612695977092,1
mqtt_preprocessed_v2.csv,4862,-1,0,0,0.0016672457568347454,1
mqtt_preprocessed_v2.csv,4863,-1,0,0,0.003335105488076806,1
mqtt_preprocessed_v2.csv,4864,-1,0,0,0.004764439072459936,1
mqtt_preprocessed_v2.csv,4865,-1,0,0,0.004225580021739006,1
mqtt_preprocessed_v2.csv,4866,-1,0,0,0.0028784850146621466,1
mqtt_preprocessed_v2.csv,4867,-1,0,0,0.0017715583089739084,1
mqtt_preprocessed_v2.csv,4868,-1,0,0,0.0020560177508741617,1
mqtt_preprocessed_v2.csv,4869,-1,0,0,0.0046097408048808575,1
mqtt_preprocessed_v2.csv,4870,-1,0,0,0.0017910560127347708,1
mqtt_preprocessed_v2.csv,4871,-1,0,0,0.00172512570861727,1
mqtt_preprocessed_v2.csv,4872,-1,0,0,0.004597803112119436,1
mqtt_preprocessed_v2.csv,4873,-1,0,0,0.0027605006471276283,1
mqtt_preprocessed_v2.csv,4874,-1,0,0,0.0012937160208821297,1
mqtt_preprocessed_v2.csv,4875,-1,0,0,0.0006696053314954042,1
mqtt_preprocessed_v2.csv,4876,-1,0,0,0.0006573093123733997,1
mqtt_preprocessed_v2.csv,4877,-1,0,0,0.004800282884389162,1
mqtt_preprocessed_v2.csv,4878,-1,0,0,0.0008733784779906273,1
mqtt_preprocessed_v2.csv,4879,-1,0,0,0.0031537350732833147,1
mqtt_preprocessed_v2.csv,4880,-1,0,0,0.002356566721573472,1
mqtt_preprocessed_v2.csv,4881,-1,0,0,0.00247385585680604,1
mqtt_preprocessed_v2.csv,4882,-1,0,0,0.0006792276399210095,1
mqtt_preprocessed_v2.csv,4883,-1,0,0,0.0016396138817071915,1
mqtt_preprocessed_v2.csv,4884,-1,0,0,0.002568665659055114,1
mqtt_preprocessed_v2.csv,4885,-1,0,0,0.001606364967301488,1
mqtt_preprocessed_v2.csv,4886,-1,0,0,0.0007185338763520122,1
mqtt_preprocessed_v2.csv,4887,-1,0,0,0.029010271653532982,1
mqtt_preprocessed_v2.csv,4888,-1,0,0,0.003292915178462863,1
mqtt_preprocessed_v2.csv,4889,-1,0,0,0.08087120205163956,1
mqtt_preprocessed_v2.csv,4890,-1,0,0,0.0008204588666558266,1
mqtt_preprocessed_v2.csv,4891,-1,0,0,0.004602571949362755,1
mqtt_preprocessed_v2.csv,4892,-1,0,0,0.0008719341130927205,1
mqtt_preprocessed_v2.csv,4893,-1,0,0,0.027746016159653664,1
mqtt_preprocessed_v2.csv,4894,-1,0,0,0.003269172040745616,1
mqtt_preprocessed_v2.csv,4895,-1,0,0,0.003295849310234189,1
mqtt_preprocessed_v2.csv,4896,-1,0,0,0.0008438394870609045,1
mqtt_preprocessed_v2.csv,4897,-1,0,0,0.0034683907870203257,1
mqtt_preprocessed_v2.csv,4898,-1,0,0,0.0030575362034142017,1
mqtt_preprocessed_v2.csv,4899,-1,0,0,0.0012988593662157655,1
mqtt_preprocessed_v2.csv,4900,-1,0,0,0.002509950427338481,1
mqtt_preprocessed_v2.csv,4901,-1,0,0,0.0006574969738721848,1
mqtt_preprocessed_v2.csv,4902,-1,0,0,0.02521190233528614,1
mqtt_preprocessed_v2.csv,4903,-1,0,0,0.0009065031190402806,1
mqtt_preprocessed_v2.csv,4904,-1,0,0,0.0017177092377096415,1
mqtt_preprocessed_v2.csv,4905,-1,0,0,0.0005830061854794621,1
mqtt_preprocessed_v2.csv,4906,-1,0,0,0.0019618363585323095,1
mqtt_preprocessed_v2.csv,4907,-1,0,0,0.003150889417156577,1
mqtt_preprocessed_v2.csv,4908,-1,0,0,0.008473760448396206,1
mqtt_preprocessed_v2.csv,4909,-1,0,0,0.001200864790007472,1
mqtt_preprocessed_v2.csv,4910,-1,0,0,0.0055463314056396484,1
mqtt_preprocessed_v2.csv,4911,-1,0,0,0.003709923941642046,1
mqtt_preprocessed_v2.csv,4912,-1,0,0,0.0017326880479231477,1
mqtt_preprocessed_v2.csv,4913,-1,0,0,0.005169678013771772,1
mqtt_preprocessed_v2.csv,4914,-1,0,0,0.023530567064881325,1
mqtt_preprocessed_v2.csv,4915,-1,0,0,0.003953093197196722,1
mqtt_preprocessed_v2.csv,4916,-1,0,0,0.00663694879040122,1
mqtt_preprocessed_v2.csv,4917,-1,0,0,0.05003788322210312,1
mqtt_preprocessed_v2.csv,4918,-1,0,0,0.0038803424686193466,1
mqtt_preprocessed_v2.csv,4919,-1,0,0,0.0023237636778503656,1
mqtt_preprocessed_v2.csv,4920,-1,0,0,0.004146586172282696,1
mqtt_preprocessed_v2.csv,4921,-1,0,0,0.0006641142535954714,1
mqtt_preprocessed_v2.csv,4922,-1,0,0,0.0016392269171774387,1
mqtt_preprocessed_v2.csv,4923,-1,0,0,0.0015052417293190956,1
mqtt_preprocessed_v2.csv,4924,-1,0,0,0.001809537410736084,1
mqtt_preprocessed_v2.csv,4925,-1,0,0,0.0015714549226686358,1
mqtt_preprocessed_v2.csv,4926,-1,0,0,0.0017084104474633932,1
mqtt_preprocessed_v2.csv,4927,-1,0,0,0.0032925584819167852,1
mqtt_preprocessed_v2.csv,4928,-1,0,0,0.012105107307434082,1
mqtt_preprocessed_v2.csv,4929,-1,0,0,0.0014948445605114102,1
mqtt_preprocessed_v2.csv,4930,-1,0,0,0.0007827966473996639,1
mqtt_preprocessed_v2.csv,4931,-1,0,0,0.0036564122419804335,1
mqtt_preprocessed_v2.csv,4932,-1,0,0,0.0063444324769079685,1
mqtt_preprocessed_v2.csv,4933,-1,0,0,0.0020716229919344187,1
mqtt_preprocessed_v2.csv,4934,-1,0,0,0.028407761827111244,1
mqtt_preprocessed_v2.csv,4935,-1,0,0,0.07195261865854263,1
mqtt_preprocessed_v2.csv,4936,-1,0,0,0.0007830480462871492,1
mqtt_preprocessed_v2.csv,4937,-1,0,0,0.004825261887162924,1
mqtt_preprocessed_v2.csv,4938,-1,0,0,0.0014854237670078874,1
mqtt_preprocessed_v2.csv,4939,-1,0,0,0.0008048095623962581,1
mqtt_preprocessed_v2.csv,4940,-1,0,0,0.0023176209069788456,1
mqtt_preprocessed_v2.csv,4941,-1,0,0,0.0006323918350972235,1
mqtt_preprocessed_v2.csv,4942,-1,0,0,0.050626855343580246,1
mqtt_preprocessed_v2.csv,4943,-1,0,0,0.0006294195773079991,1
mqtt_preprocessed_v2.csv,4944,-1,0,0,0.0006724274135194719,1
mqtt_preprocessed_v2.csv,4945,-1,0,0,0.0006980419857427478,1
mqtt_preprocessed_v2.csv,4946,-1,0,0,0.011365019716322422,1
mqtt_preprocessed_v2.csv,4947,-1,0,0,0.24072909355163574,1
mqtt_preprocessed_v2.csv,4948,-1,0,0,0.0041734036058187485,1
mqtt_preprocessed_v2.csv,4949,-1,0,0,0.003783868160098791,1
mqtt_preprocessed_v2.csv,4950,-1,0,0,0.06592924892902374,1
mqtt_preprocessed_v2.csv,4951,-1,0,0,0.021850498393177986,1
mqtt_preprocessed_v2.csv,4952,-1,0,0,0.004241881426423788,1
mqtt_preprocessed_v2.csv,4953,-1,0,0,0.003466199152171612,1
mqtt_preprocessed_v2.csv,4954,-1,0,0,0.0036885398440063,1
mqtt_preprocessed_v2.csv,4955,-1,0,0,0.004682227037847042,1
mqtt_preprocessed_v2.csv,4956,-1,0,0,0.003454316407442093,1
mqtt_preprocessed_v2.csv,4957,-1,0,0,0.0007633715285919607,1
mqtt_preprocessed_v2.csv,4958,-1,0,0,0.0016734455712139606,1
mqtt_preprocessed_v2.csv,4959,-1,0,0,0.005707579664885998,1
mqtt_preprocessed_v2.csv,4960,-1,0,0,0.003960424102842808,1
mqtt_preprocessed_v2.csv,4961,-1,0,0,0.0016635267529636621,1
mqtt_preprocessed_v2.csv,4962,-1,0,0,0.0034802888985723257,1
mqtt_preprocessed_v2.csv,4963,-1,0,0,0.004609340336173773,1
mqtt_preprocessed_v2.csv,4964,-1,0,0,0.0017619954887777567,1
mqtt_preprocessed_v2.csv,4965,-1,0,0,0.0007299024728126824,1
mqtt_preprocessed_v2.csv,4966,-1,0,0,0.003547500818967819,1
mqtt_preprocessed_v2.csv,4967,-1,0,0,0.001758137485012412,1
mqtt_preprocessed_v2.csv,4968,-1,0,0,0.004446834325790405,1
mqtt_preprocessed_v2.csv,4969,-1,0,0,0.03187207505106926,1
mqtt_preprocessed_v2.csv,4970,-1,0,0,0.03173098713159561,1
mqtt_preprocessed_v2.csv,4971,-1,0,0,0.0006418973789550364,1
mqtt_preprocessed_v2.csv,4972,-1,0,0,0.003601040691137314,1
mqtt_preprocessed_v2.csv,4973,-1,0,0,0.003499816171824932,1
mqtt_preprocessed_v2.csv,4974,-1,0,0,0.001075641019269824,1
mqtt_preprocessed_v2.csv,4975,-1,0,0,0.0006277439533732831,1
mqtt_preprocessed_v2.csv,4976,-1,0,0,0.03583969175815582,1
mqtt_preprocessed_v2.csv,4977,-1,0,0,0.0008207231876440346,1
mqtt_preprocessed_v2.csv,4978,-1,0,0,0.003940388094633818,1
mqtt_preprocessed_v2.csv,4979,-1,0,0,0.003104316769167781,1
mqtt_preprocessed_v2.csv,4980,-1,0,0,0.0031246731523424387,1
mqtt_preprocessed_v2.csv,4981,-1,0,0,0.002017627004534006,1
mqtt_preprocessed_v2.csv,4982,-1,0,0,0.0049096946604549885,1
mqtt_preprocessed_v2.csv,4983,-1,0,0,0.0014276962028816342,1
mqtt_preprocessed_v2.csv,4984,-1,0,0,0.0017018051585182548,1
mqtt_preprocessed_v2.csv,4985,-1,0,0,0.027737993746995926,1
mqtt_preprocessed_v2.csv,4986,-1,0,0,0.0008777885232120752,1
mqtt_preprocessed_v2.csv,4987,-1,0,0,0.021860141307115555,1
mqtt_preprocessed_v2.csv,4988,-1,0,0,0.0014399552019312978,1
mqtt_preprocessed_v2.csv,4989,-1,0,0,0.0032402018550783396,1
mqtt_preprocessed_v2.csv,4990,-1,0,0,0.02771490253508091,1
mqtt_preprocessed_v2.csv,4991,-1,0,0,0.01977134495973587,1
mqtt_preprocessed_v2.csv,4992,-1,0,0,0.0012884007301181555,1
mqtt_preprocessed_v2.csv,4993,-1,0,0,0.002318051178008318,1
mqtt_preprocessed_v2.csv,4994,-1,0,0,0.0014982125721871853,1
mqtt_preprocessed_v2.csv,4995,-1,0,0,0.0016167230205610394,1
mqtt_preprocessed_v2.csv,4996,-1,0,0,0.0016279018018394709,1
mqtt_preprocessed_v2.csv,4997,-1,0,0,0.0029683359898626804,1
mqtt_preprocessed_v2.csv,4998,-1,0,0,0.0007784761837683618,1
mqtt_preprocessed_v2.csv,4999,-1,0,0,0.0016598879592493176,1
mqtt_preprocessed_v2.csv,5000,-1,0,0,0.004779058042913675,1
mqtt_preprocessed_v2.csv,5001,-1,0,0,0.0034873955883085728,1
mqtt_preprocessed_v2.csv,5002,-1,0,0,0.04009866341948509,1
mqtt_preprocessed_v2.csv,5003,-1,0,0,0.0017999430419877172,1
mqtt_preprocessed_v2.csv,5004,-1,0,0,0.0015486135380342603,1
mqtt_preprocessed_v2.csv,5005,-1,0,0,0.0033678978215903044,1
mqtt_preprocessed_v2.csv,5006,-1,0,0,0.0033373634796589613,1
mqtt_preprocessed_v2.csv,5007,-1,0,0,0.000655331474263221,1
mqtt_preprocessed_v2.csv,5008,-1,0,0,0.0006287684664130211,1
mqtt_preprocessed_v2.csv,5009,-1,0,0,0.0019024949287995696,1
mqtt_preprocessed_v2.csv,5010,-1,0,0,0.005235872697085142,1
mqtt_preprocessed_v2.csv,5011,-1,0,0,0.0010175122879445553,1
mqtt_preprocessed_v2.csv,5012,-1,0,0,0.01286672055721283,1
mqtt_preprocessed_v2.csv,5013,-1,0,0,0.0033420203253626823,1
mqtt_preprocessed_v2.csv,5014,-1,0,0,0.0011415211483836174,1
mqtt_preprocessed_v2.csv,5015,-1,0,0,0.06994559615850449,1
mqtt_preprocessed_v2.csv,5016,-1,0,0,0.0014564789598807693,1
mqtt_preprocessed_v2.csv,5017,-1,0,0,0.0008813755703158677,1
mqtt_preprocessed_v2.csv,5018,-1,0,0,0.0024676460307091475,1
mqtt_preprocessed_v2.csv,5019,-1,0,0,0.001711066230200231,1
mqtt_preprocessed_v2.csv,5020,-1,0,0,0.003456583945080638,1
mqtt_preprocessed_v2.csv,5021,-1,0,0,0.0016317267436534166,1
mqtt_preprocessed_v2.csv,5022,-1,0,0,0.004038834944367409,1
mqtt_preprocessed_v2.csv,5023,-1,0,0,0.0029202753212302923,1
mqtt_preprocessed_v2.csv,5024,-1,0,0,0.02327362634241581,1
mqtt_preprocessed_v2.csv,5025,-1,0,0,0.001719723455607891,1
mqtt_preprocessed_v2.csv,5026,-1,0,0,0.0029673425015062094,1
mqtt_preprocessed_v2.csv,5027,-1,0,0,0.00557814771309495,1
mqtt_preprocessed_v2.csv,5028,-1,0,0,0.0017274331767112017,1
mqtt_preprocessed_v2.csv,5029,-1,0,0,0.011151525191962719,1
mqtt_preprocessed_v2.csv,5030,-1,0,0,0.027543749660253525,1
mqtt_preprocessed_v2.csv,5031,-1,0,0,0.0016352361999452114,1
mqtt_preprocessed_v2.csv,5032,-1,0,0,0.05107991769909859,1
mqtt_preprocessed_v2.csv,5033,-1,0,0,0.06621451675891876,1
mqtt_preprocessed_v2.csv,5034,-1,0,0,0.027549942955374718,1
mqtt_preprocessed_v2.csv,5035,-1,0,0,0.000954938237555325,1
mqtt_preprocessed_v2.csv,5036,-1,0,0,0.0013489119010046124,1
mqtt_preprocessed_v2.csv,5037,-1,0,0,0.0021375794894993305,1
mqtt_preprocessed_v2.csv,5038,-1,0,0,0.010628512129187584,1
mqtt_preprocessed_v2.csv,5039,-1,0,0,0.0016055040759965777,1
mqtt_preprocessed_v2.csv,5040,-1,0,0,0.003210892202332616,1
mqtt_preprocessed_v2.csv,5041,-1,0,0,0.0007282835431396961,1
mqtt_preprocessed_v2.csv,5042,-1,0,0,0.0009189060656353831,1
mqtt_preprocessed_v2.csv,5043,-1,0,0,0.0015930967638269067,1
mqtt_preprocessed_v2.csv,5044,-1,0,0,0.003662093775346875,1
mqtt_preprocessed_v2.csv,5045,-1,0,0,0.004020293243229389,1
mqtt_preprocessed_v2.csv,5046,-1,0,0,0.0008147730259224772,1
mqtt_preprocessed_v2.csv,5047,-1,0,0,0.003591733518987894,1
mqtt_preprocessed_v2.csv,5048,-1,0,0,0.0029008151032030582,1
mqtt_preprocessed_v2.csv,5049,-1,0,0,0.006444205064326525,1
mqtt_preprocessed_v2.csv,5050,-1,0,0,0.0007060720818117261,1
mqtt_preprocessed_v2.csv,5051,-1,0,0,0.003302381606772542,1
mqtt_preprocessed_v2.csv,5052,-1,0,0,0.0020606108009815216,1
mqtt_preprocessed_v2.csv,5053,-1,0,0,0.0017037838697433472,1
mqtt_preprocessed_v2.csv,5054,-1,0,0,0.0027630433905869722,1
mqtt_preprocessed_v2.csv,5055,-1,0,0,0.003443149384111166,1
mqtt_preprocessed_v2.csv,5056,-1,0,0,0.0034394862595945597,1
mqtt_preprocessed_v2.csv,5057,-1,0,0,0.07200660556554794,1
mqtt_preprocessed_v2.csv,5058,-1,0,0,0.0007058494375087321,1
mqtt_preprocessed_v2.csv,5059,-1,0,0,0.005622072611004114,1
mqtt_preprocessed_v2.csv,5060,-1,0,0,0.027519121766090393,1
mqtt_preprocessed_v2.csv,5061,-1,0,0,0.04287081956863403,1
mqtt_preprocessed_v2.csv,5062,-1,0,0,0.0007540936931036413,1
mqtt_preprocessed_v2.csv,5063,-1,0,0,0.1801401823759079,1
mqtt_preprocessed_v2.csv,5064,-1,0,0,0.004231053404510021,1
mqtt_preprocessed_v2.csv,5065,-1,0,0,0.06442619860172272,1
mqtt_preprocessed_v2.csv,5066,-1,0,0,0.0033051937352865934,1
mqtt_preprocessed_v2.csv,5067,-1,0,0,0.0028001011814922094,1
mqtt_preprocessed_v2.csv,5068,-1,0,0,0.027527209371328354,1
mqtt_preprocessed_v2.csv,5069,-1,0,0,0.01311283279210329,1
mqtt_preprocessed_v2.csv,5070,-1,0,0,0.2999962568283081,1
mqtt_preprocessed_v2.csv,5071,-1,0,0,0.004781635478138924,1
mqtt_preprocessed_v2.csv,5072,-1,0,0,0.003441137494519353,1
mqtt_preprocessed_v2.csv,5073,-1,0,0,0.0030226458329707384,1
mqtt_preprocessed_v2.csv,5074,-1,0,0,0.004821285605430603,1
mqtt_preprocessed_v2.csv,5075,-1,0,0,0.004138495773077011,1
mqtt_preprocessed_v2.csv,5076,-1,0,0,0.002731985179707408,1
mqtt_preprocessed_v2.csv,5077,-1,0,0,0.0006542141200043261,1
mqtt_preprocessed_v2.csv,5078,-1,0,0,0.0015374397626146674,1
mqtt_preprocessed_v2.csv,5079,-1,0,0,0.0020618406124413013,1
mqtt_preprocessed_v2.csv,5080,-1,0,0,0.06206886097788811,1
mqtt_preprocessed_v2.csv,5081,-1,0,0,0.027532771229743958,1
mqtt_preprocessed_v2.csv,5082,-1,0,0,0.04408903419971466,1
mqtt_preprocessed_v2.csv,5083,-1,0,0,0.0015108948573470116,1
mqtt_preprocessed_v2.csv,5084,-1,0,0,0.0005933410720899701,1
mqtt_preprocessed_v2.csv,5085,-1,0,0,0.004143732134252787,1
mqtt_preprocessed_v2.csv,5086,-1,0,0,0.0036393427290022373,1
mqtt_preprocessed_v2.csv,5087,-1,0,0,0.0006175489397719502,1
mqtt_preprocessed_v2.csv,5088,-1,0,0,0.004177710507065058,1
mqtt_preprocessed_v2.csv,5089,-1,0,0,0.0014196342090144753,1
mqtt_preprocessed_v2.csv,5090,-1,0,0,0.0008260969188995659,1
mqtt_preprocessed_v2.csv,5091,-1,0,0,0.0006893717218190432,1
mqtt_preprocessed_v2.csv,5092,-1,0,0,0.002580022905021906,1
mqtt_preprocessed_v2.csv,5093,-1,0,0,0.0015800476539880037,1
mqtt_preprocessed_v2.csv,5094,-1,0,0,0.0016877780435606837,1
mqtt_preprocessed_v2.csv,5095,-1,0,0,0.0036777399946004152,1
mqtt_preprocessed_v2.csv,5096,-1,0,0,0.0014971407363191247,1
mqtt_preprocessed_v2.csv,5097,-1,0,0,0.004484580829739571,1
mqtt_preprocessed_v2.csv,5098,-1,0,0,0.0009778086096048355,1
mqtt_preprocessed_v2.csv,5099,-1,0,0,0.003475479781627655,1
mqtt_preprocessed_v2.csv,5100,-1,0,0,0.023632921278476715,1
mqtt_preprocessed_v2.csv,5101,-1,0,0,0.008881015703082085,1
mqtt_preprocessed_v2.csv,5102,-1,0,0,0.0016277203103527427,1
mqtt_preprocessed_v2.csv,5103,-1,0,0,0.000693596201017499,1
mqtt_preprocessed_v2.csv,5104,-1,0,0,0.06463013589382172,1
mqtt_preprocessed_v2.csv,5105,-1,0,0,0.0029795519076287746,1
mqtt_preprocessed_v2.csv,5106,-1,0,0,0.005495715886354446,1
mqtt_preprocessed_v2.csv,5107,-1,0,0,0.006696439813822508,1
mqtt_preprocessed_v2.csv,5108,-1,0,0,0.019179601222276688,1
mqtt_preprocessed_v2.csv,5109,-1,0,0,0.0036582297179847956,1
mqtt_preprocessed_v2.csv,5110,-1,0,0,0.004005481023341417,1
mqtt_preprocessed_v2.csv,5111,-1,0,0,0.027536476030945778,1
mqtt_preprocessed_v2.csv,5112,-1,0,0,0.0016554426401853561,1
mqtt_preprocessed_v2.csv,5113,-1,0,0,0.05347082391381264,1
mqtt_preprocessed_v2.csv,5114,-1,0,0,0.004619449842721224,1
mqtt_preprocessed_v2.csv,5115,-1,0,0,0.0008538498659618199,1
mqtt_preprocessed_v2.csv,5116,-1,0,0,0.0010156689677387476,1
mqtt_preprocessed_v2.csv,5117,-1,0,0,0.004269706085324287,1
mqtt_preprocessed_v2.csv,5118,-1,0,0,0.0006043904577381909,1
mqtt_preprocessed_v2.csv,5119,-1,0,0,0.02949989214539528,1
mqtt_preprocessed_v2.csv,5120,-1,0,0,0.0036444300785660744,1
mqtt_preprocessed_v2.csv,5121,-1,0,0,0.002339569153264165,1
mqtt_preprocessed_v2.csv,5122,-1,0,0,0.006429049652069807,1
mqtt_preprocessed_v2.csv,5123,-1,0,0,0.0019400552846491337,1
mqtt_preprocessed_v2.csv,5124,-1,0,0,0.06986430287361145,1
mqtt_preprocessed_v2.csv,5125,-1,0,0,0.023801585659384727,1
mqtt_preprocessed_v2.csv,5126,-1,0,0,0.004791018553078175,1
mqtt_preprocessed_v2.csv,5127,-1,0,0,0.0031271015759557486,1
mqtt_preprocessed_v2.csv,5128,-1,0,0,0.0036541579756885767,1
mqtt_preprocessed_v2.csv,5129,-1,0,0,0.0028039105236530304,1
mqtt_preprocessed_v2.csv,5130,-1,0,0,0.006009523756802082,1
mqtt_preprocessed_v2.csv,5131,-1,0,0,0.04365338012576103,1
mqtt_preprocessed_v2.csv,5132,-1,0,0,0.0035418907646089792,1
mqtt_preprocessed_v2.csv,5133,-1,0,0,0.03224184364080429,1
mqtt_preprocessed_v2.csv,5134,-1,0,0,0.003325770376250148,1
mqtt_preprocessed_v2.csv,5135,-1,0,0,0.0031683125998824835,1
mqtt_preprocessed_v2.csv,5136,-1,0,0,0.027553152292966843,1
mqtt_preprocessed_v2.csv,5137,-1,0,0,0.0052103688940405846,1
mqtt_preprocessed_v2.csv,5138,-1,0,0,0.0014748534886166453,1
mqtt_preprocessed_v2.csv,5139,-1,0,0,0.0007009873515926301,1
mqtt_preprocessed_v2.csv,5140,-1,0,0,0.004494299180805683,1
mqtt_preprocessed_v2.csv,5141,-1,0,0,0.008799789473414421,1
mqtt_preprocessed_v2.csv,5142,-1,0,0,0.0017836048500612378,1
mqtt_preprocessed_v2.csv,5143,-1,0,0,0.004684267565608025,1
mqtt_preprocessed_v2.csv,5144,-1,0,0,0.05029414966702461,1
mqtt_preprocessed_v2.csv,5145,-1,0,0,0.04578711465001106,1
mqtt_preprocessed_v2.csv,5146,-1,0,0,0.0013833395205438137,1
mqtt_preprocessed_v2.csv,5147,-1,0,0,0.0009158680913969874,1
mqtt_preprocessed_v2.csv,5148,-1,0,0,0.0043427650816738605,1
mqtt_preprocessed_v2.csv,5149,-1,0,0,0.04316704347729683,1
mqtt_preprocessed_v2.csv,5150,-1,0,0,0.0431409552693367,1
mqtt_preprocessed_v2.csv,5151,-1,0,0,0.0023569390177726746,1
mqtt_preprocessed_v2.csv,5152,-1,0,0,0.00375896948389709,1
mqtt_preprocessed_v2.csv,5153,-1,0,0,0.0007495421450585127,1
mqtt_preprocessed_v2.csv,5154,-1,0,0,0.004148857202380896,1
mqtt_preprocessed_v2.csv,5155,-1,0,0,0.0017250978853553534,1
mqtt_preprocessed_v2.csv,5156,-1,0,0,0.0014209671644493937,1
mqtt_preprocessed_v2.csv,5157,-1,0,0,0.0006726671708747745,1
mqtt_preprocessed_v2.csv,5158,-1,0,0,0.027515849098563194,1
mqtt_preprocessed_v2.csv,5159,-1,0,0,0.002582995221018791,1
mqtt_preprocessed_v2.csv,5160,-1,0,0,0.0016727900365367532,1
mqtt_preprocessed_v2.csv,5161,-1,0,0,0.0011516233207657933,1
mqtt_preprocessed_v2.csv,5162,-1,0,0,0.0018037123372778296,1
mqtt_preprocessed_v2.csv,5163,-1,0,0,0.000704094476532191,1
mqtt_preprocessed_v2.csv,5164,-1,0,0,0.004484615288674831,1
mqtt_preprocessed_v2.csv,5165,-1,0,0,0.0013681587297469378,1
mqtt_preprocessed_v2.csv,5166,-1,0,0,0.0016370463417842984,1
mqtt_preprocessed_v2.csv,5167,-1,0,0,0.003177711507305503,1
mqtt_preprocessed_v2.csv,5168,-1,0,0,0.0032569251488894224,1
mqtt_preprocessed_v2.csv,5169,-1,0,0,0.0018530453089624643,1
mqtt_preprocessed_v2.csv,5170,-1,0,0,0.007742777932435274,1
mqtt_preprocessed_v2.csv,5171,-1,0,0,0.004909811075776815,1
mqtt_preprocessed_v2.csv,5172,-1,0,0,0.005451624747365713,1
mqtt_preprocessed_v2.csv,5173,-1,0,0,0.0017175048124045134,1
mqtt_preprocessed_v2.csv,5174,-1,0,0,0.0034789794590324163,1
mqtt_preprocessed_v2.csv,5175,-1,0,0,0.0020030110608786345,1
mqtt_preprocessed_v2.csv,5176,-1,0,0,0.003485230728983879,1
mqtt_preprocessed_v2.csv,5177,-1,0,0,0.003261268138885498,1
mqtt_preprocessed_v2.csv,5178,-1,0,0,0.16178922355175018,1
mqtt_preprocessed_v2.csv,5179,-1,0,0,0.04202159866690636,1
mqtt_preprocessed_v2.csv,5180,-1,0,0,0.004061772953718901,1
mqtt_preprocessed_v2.csv,5181,-1,0,0,0.053456056863069534,1
mqtt_preprocessed_v2.csv,5182,-1,0,0,0.0032481427770107985,1
mqtt_preprocessed_v2.csv,5183,-1,0,0,0.003720407374203205,1
mqtt_preprocessed_v2.csv,5184,-1,0,0,0.036236073821783066,1
mqtt_preprocessed_v2.csv,5185,-1,0,0,0.0038857937324792147,1
mqtt_preprocessed_v2.csv,5186,-1,0,0,0.0036457066889852285,1
mqtt_preprocessed_v2.csv,5187,-1,0,0,0.0036875198129564524,1
mqtt_preprocessed_v2.csv,5188,-1,0,0,0.021855788305401802,1
mqtt_preprocessed_v2.csv,5189,-1,0,0,0.021782005205750465,1
mqtt_preprocessed_v2.csv,5190,-1,0,0,0.0034014065749943256,1
mqtt_preprocessed_v2.csv,5191,-1,0,0,0.05293626710772514,1
mqtt_preprocessed_v2.csv,5192,-1,0,0,0.002825841074809432,1
mqtt_preprocessed_v2.csv,5193,-1,0,0,0.013474524952471256,1
mqtt_preprocessed_v2.csv,5194,-1,0,0,0.00386760663241148,1
mqtt_preprocessed_v2.csv,5195,-1,0,0,0.0043867346830666065,1
mqtt_preprocessed_v2.csv,5196,-1,0,0,0.03507859632372856,1
mqtt_preprocessed_v2.csv,5197,-1,0,0,0.09643679857254028,1
mqtt_preprocessed_v2.csv,5198,-1,0,0,0.004851073492318392,1
mqtt_preprocessed_v2.csv,5199,-1,0,0,0.04200903698801994,1
mqtt_preprocessed_v2.csv,5200,-1,0,0,0.02464345470070839,1
mqtt_preprocessed_v2.csv,5201,-1,0,0,0.01643580012023449,1
mqtt_preprocessed_v2.csv,5202,-1,0,0,0.0015958916628733277,1
mqtt_preprocessed_v2.csv,5203,-1,0,0,0.0035643086303025484,1
mqtt_preprocessed_v2.csv,5204,-1,0,0,0.05716490373015404,1
mqtt_preprocessed_v2.csv,5205,-1,0,0,0.012399132363498211,1
mqtt_preprocessed_v2.csv,5206,-1,0,0,0.0031159103382378817,1
mqtt_preprocessed_v2.csv,5207,-1,0,0,0.005006649065762758,1
mqtt_preprocessed_v2.csv,5208,-1,0,0,0.05106727406382561,1
mqtt_preprocessed_v2.csv,5209,-1,0,0,0.003625695127993822,1
mqtt_preprocessed_v2.csv,5210,-1,0,0,0.0036959119606763124,1
mqtt_preprocessed_v2.csv,5211,-1,0,0,0.00388503004796803,1
mqtt_preprocessed_v2.csv,5212,-1,0,0,0.035915911197662354,1
mqtt_preprocessed_v2.csv,5213,-1,0,0,0.0028398819267749786,1
mqtt_preprocessed_v2.csv,5214,-1,0,0,0.003688788739964366,1
mqtt_preprocessed_v2.csv,5215,-1,0,0,0.0035617337562143803,1
mqtt_preprocessed_v2.csv,5216,-1,0,0,0.0036278199404478073,1
mqtt_preprocessed_v2.csv,5217,-1,0,0,0.003511067945510149,1
mqtt_preprocessed_v2.csv,5218,-1,0,0,0.003492224495857954,1
mqtt_preprocessed_v2.csv,5219,-1,0,0,0.0036639070603996515,1
mqtt_preprocessed_v2.csv,5220,-1,0,0,0.0015818704850971699,1
mqtt_preprocessed_v2.csv,5221,-1,0,0,0.02862025797367096,1
mqtt_preprocessed_v2.csv,5222,-1,0,0,0.0034560037311166525,1
mqtt_preprocessed_v2.csv,5223,-1,0,0,0.023286152631044388,1
mqtt_preprocessed_v2.csv,5224,-1,0,0,0.003687942400574684,1
mqtt_preprocessed_v2.csv,5225,-1,0,0,0.06567926704883575,1
mqtt_preprocessed_v2.csv,5226,-1,0,0,0.044095344841480255,1
mqtt_preprocessed_v2.csv,5227,-1,0,0,0.0036714605521410704,1
mqtt_preprocessed_v2.csv,5228,-1,0,0,0.0016195062780752778,1
mqtt_preprocessed_v2.csv,5229,-1,0,0,0.0296038705855608,1
mqtt_preprocessed_v2.csv,5230,-1,0,0,0.015307029709219933,1
mqtt_preprocessed_v2.csv,5231,-1,0,0,0.004777550231665373,1
mqtt_preprocessed_v2.csv,5232,-1,0,0,0.0016158635262399912,1
mqtt_preprocessed_v2.csv,5233,-1,0,0,0.04851109907031059,1
mqtt_preprocessed_v2.csv,5234,-1,0,0,0.025271104648709297,1
mqtt_preprocessed_v2.csv,5235,-1,0,0,0.003985596355050802,1
mqtt_preprocessed_v2.csv,5236,-1,0,0,0.0036615405697375536,1
mqtt_preprocessed_v2.csv,5237,-1,0,0,0.0038161177653819323,1
mqtt_preprocessed_v2.csv,5238,-1,0,0,0.001506238360889256,1
mqtt_preprocessed_v2.csv,5239,-1,0,0,0.012183139100670815,1
mqtt_preprocessed_v2.csv,5240,-1,0,0,0.04367104545235634,1
mqtt_preprocessed_v2.csv,5241,-1,0,0,0.02411714196205139,1
mqtt_preprocessed_v2.csv,5242,-1,0,0,0.0036714430898427963,1
mqtt_preprocessed_v2.csv,5243,-1,0,0,0.0034726618323475122,1
mqtt_preprocessed_v2.csv,5244,-1,0,0,0.004497333895415068,1
mqtt_preprocessed_v2.csv,5245,-1,0,0,0.00532993208616972,1
mqtt_preprocessed_v2.csv,5246,-1,0,0,0.031894173473119736,1
mqtt_preprocessed_v2.csv,5247,-1,0,0,0.004568262491375208,1
mqtt_preprocessed_v2.csv,5248,-1,0,0,0.041086453944444656,1
mqtt_preprocessed_v2.csv,5249,-1,0,0,0.025150055065751076,1
mqtt_preprocessed_v2.csv,5250,-1,0,0,0.003474203636869788,1
mqtt_preprocessed_v2.csv,5251,-1,0,0,0.043457403779029846,1
mqtt_preprocessed_v2.csv,5252,-1,0,0,0.039017949253320694,1
mqtt_preprocessed_v2.csv,5253,-1,0,0,0.003189533017575741,1
mqtt_preprocessed_v2.csv,5254,-1,0,0,0.005274862516671419,1
mqtt_preprocessed_v2.csv,5255,-1,0,0,0.04794846847653389,1
mqtt_preprocessed_v2.csv,5256,-1,0,0,0.003480801824480295,1
mqtt_preprocessed_v2.csv,5257,-1,0,0,0.02455746941268444,1
mqtt_preprocessed_v2.csv,5258,-1,0,0,0.0034852023236453533,1
mqtt_preprocessed_v2.csv,5259,-1,0,0,0.034089040011167526,1
mqtt_preprocessed_v2.csv,5260,-1,0,0,0.001530130859464407,1
mqtt_preprocessed_v2.csv,5261,-1,0,0,0.003468199400231242,1
mqtt_preprocessed_v2.csv,5262,-1,0,0,0.004049246199429035,1
mqtt_preprocessed_v2.csv,5263,-1,0,0,0.0036295298486948013,1
mqtt_preprocessed_v2.csv,5264,-1,0,0,0.00570149440318346,1
mqtt_preprocessed_v2.csv,5265,-1,0,0,0.0016529022250324488,1
mqtt_preprocessed_v2.csv,5266,-1,0,0,0.00336489942856133,1
mqtt_preprocessed_v2.csv,5267,-1,0,0,0.0779736116528511,1
mqtt_preprocessed_v2.csv,5268,-1,0,0,0.003471959149464965,1
mqtt_preprocessed_v2.csv,5269,-1,0,0,0.05690639093518257,1
mqtt_preprocessed_v2.csv,5270,-1,0,0,0.0035387922544032335,1
mqtt_preprocessed_v2.csv,5271,-1,0,0,0.0044744545593857765,1
mqtt_preprocessed_v2.csv,5272,-1,0,0,0.050244662910699844,1
mqtt_preprocessed_v2.csv,5273,-1,0,0,0.004987150896340609,1
mqtt_preprocessed_v2.csv,5274,-1,0,0,0.009407487697899342,1
mqtt_preprocessed_v2.csv,5275,-1,0,0,0.003254916286095977,1
mqtt_preprocessed_v2.csv,5276,-1,0,0,0.003446814604103565,1
mqtt_preprocessed_v2.csv,5277,-1,0,0,0.006015692837536335,1
mqtt_preprocessed_v2.csv,5278,-1,0,0,0.023448197171092033,1
mqtt_preprocessed_v2.csv,5279,-1,0,0,0.032423581928014755,1
mqtt_preprocessed_v2.csv,5280,-1,0,0,0.0045959316194057465,1
mqtt_preprocessed_v2.csv,5281,-1,0,0,0.003096524626016617,1
mqtt_preprocessed_v2.csv,5282,-1,0,0,0.005339779891073704,1
mqtt_preprocessed_v2.csv,5283,-1,0,0,0.020475218072533607,1
mqtt_preprocessed_v2.csv,5284,-1,0,0,0.044217802584171295,1
mqtt_preprocessed_v2.csv,5285,-1,0,0,0.030304107815027237,1
mqtt_preprocessed_v2.csv,5286,-1,0,0,0.0032896772027015686,1
mqtt_preprocessed_v2.csv,5287,-1,0,0,0.0032428517006337643,1
mqtt_preprocessed_v2.csv,5288,-1,0,0,0.003451200667768717,1
mqtt_preprocessed_v2.csv,5289,-1,0,0,0.04625233635306358,1
mqtt_preprocessed_v2.csv,5290,-1,0,0,0.0034305932931602,1
mqtt_preprocessed_v2.csv,5291,-1,0,0,0.05062776803970337,1
mqtt_preprocessed_v2.csv,5292,-1,0,0,0.025156520307064056,1
mqtt_preprocessed_v2.csv,5293,-1,0,0,0.003164864145219326,1
mqtt_preprocessed_v2.csv,5294,-1,0,0,0.0030080187134444714,1
mqtt_preprocessed_v2.csv,5295,-1,0,0,0.03379043936729431,1
mqtt_preprocessed_v2.csv,5296,-1,0,0,0.0014586456818506122,1
mqtt_preprocessed_v2.csv,5297,-1,0,0,0.052937865257263184,1
mqtt_preprocessed_v2.csv,5298,-1,0,0,0.04526907950639725,1
mqtt_preprocessed_v2.csv,5299,-1,0,0,0.001593771856278181,1
mqtt_preprocessed_v2.csv,5300,-1,0,0,0.003649442456662655,1
mqtt_preprocessed_v2.csv,5301,-1,0,0,0.0016319381538778543,1
mqtt_preprocessed_v2.csv,5302,-1,0,0,0.06538069993257523,1
mqtt_preprocessed_v2.csv,5303,-1,0,0,0.003476951504126191,1
mqtt_preprocessed_v2.csv,5304,-1,0,0,0.0016458702739328146,1
mqtt_preprocessed_v2.csv,5305,-1,0,0,0.02047479897737503,1
mqtt_preprocessed_v2.csv,5306,-1,0,0,0.0049861217848956585,1
mqtt_preprocessed_v2.csv,5307,-1,0,0,0.031732480973005295,1
mqtt_preprocessed_v2.csv,5308,-1,0,0,0.003005674807354808,1
mqtt_preprocessed_v2.csv,5309,-1,0,0,0.03212093561887741,1
mqtt_preprocessed_v2.csv,5310,-1,0,0,0.032382722944021225,1
mqtt_preprocessed_v2.csv,5311,-1,0,0,0.003466756083071232,1
mqtt_preprocessed_v2.csv,5312,-1,0,0,0.1988687962293625,1
mqtt_preprocessed_v2.csv,5313,-1,0,0,0.0038245778996497393,1
mqtt_preprocessed_v2.csv,5314,-1,0,0,0.038180671632289886,1
mqtt_preprocessed_v2.csv,5315,-1,0,0,0.0032646118197590113,1
mqtt_preprocessed_v2.csv,5316,-1,0,0,0.0017291039694100618,1
mqtt_preprocessed_v2.csv,5317,-1,0,0,0.003301398828625679,1
mqtt_preprocessed_v2.csv,5318,-1,0,0,0.0032783846836537123,1
mqtt_preprocessed_v2.csv,5319,-1,0,0,0.061843257397413254,1
mqtt_preprocessed_v2.csv,5320,-1,0,0,0.0036435488145798445,1
mqtt_preprocessed_v2.csv,5321,-1,0,0,0.020474540069699287,1
mqtt_preprocessed_v2.csv,5322,-1,0,0,0.0038292936515063047,1
mqtt_preprocessed_v2.csv,5323,-1,0,0,0.003406801261007786,1
mqtt_preprocessed_v2.csv,5324,-1,0,0,0.047833655029535294,1
mqtt_preprocessed_v2.csv,5325,-1,0,0,0.004269201308488846,1
mqtt_preprocessed_v2.csv,5326,-1,0,0,0.0032583416905254126,1
mqtt_preprocessed_v2.csv,5327,-1,0,0,0.0034691900946199894,1
mqtt_preprocessed_v2.csv,5328,-1,0,0,0.0016631315229460597,1
mqtt_preprocessed_v2.csv,5329,-1,0,0,0.005556879099458456,1
mqtt_preprocessed_v2.csv,5330,-1,0,0,0.0015282167587429285,1
mqtt_preprocessed_v2.csv,5331,-1,0,0,0.003138493513688445,1
mqtt_preprocessed_v2.csv,5332,-1,0,0,0.006397692486643791,1
mqtt_preprocessed_v2.csv,5333,-1,0,0,0.0529400072991848,1
mqtt_preprocessed_v2.csv,5334,-1,0,0,0.0016459909966215491,1
mqtt_preprocessed_v2.csv,5335,-1,0,0,0.0050728218629956245,1
mqtt_preprocessed_v2.csv,5336,-1,0,0,0.0031050797551870346,1
mqtt_preprocessed_v2.csv,5337,-1,0,0,0.0032513784244656563,1
mqtt_preprocessed_v2.csv,5338,-1,0,0,0.07479914277791977,1
mqtt_preprocessed_v2.csv,5339,-1,0,0,0.00326777552254498,1
mqtt_preprocessed_v2.csv,5340,-1,0,0,0.0007039140327833593,1
mqtt_preprocessed_v2.csv,5341,-1,0,0,0.0008144788444042206,1
mqtt_preprocessed_v2.csv,5342,-1,0,0,0.0003168088151142001,1
mqtt_preprocessed_v2.csv,5343,-1,0,0,0.0044052815064787865,1
mqtt_preprocessed_v2.csv,5344,-1,0,0,0.0005231393151916564,1
mqtt_preprocessed_v2.csv,5345,-1,0,0,0.023445216938853264,1
mqtt_preprocessed_v2.csv,5346,-1,0,0,0.0019441138720139861,1
mqtt_preprocessed_v2.csv,5347,-1,0,0,0.0004209536127746105,1
mqtt_preprocessed_v2.csv,5348,-1,0,0,0.0011885088169947267,1
mqtt_preprocessed_v2.csv,5349,-1,0,0,0.00042407793807797134,1
mqtt_preprocessed_v2.csv,5350,-1,0,0,0.0003999959444627166,1
mqtt_preprocessed_v2.csv,5351,-1,0,0,0.002034358214586973,1
mqtt_preprocessed_v2.csv,5352,-1,0,0,0.0008108715992420912,1
mqtt_preprocessed_v2.csv,5353,-1,0,0,0.002419710624963045,1
mqtt_preprocessed_v2.csv,5354,-1,0,0,0.0037764792796224356,1
mqtt_preprocessed_v2.csv,5355,-1,0,0,0.0003003774327225983,1
mqtt_preprocessed_v2.csv,5356,-1,0,0,0.020247073844075203,1
mqtt_preprocessed_v2.csv,5357,-1,0,0,0.0007300875149667263,1
mqtt_preprocessed_v2.csv,5358,-1,0,0,0.03026091307401657,1
mqtt_preprocessed_v2.csv,5359,-1,0,0,0.0017097569070756435,1
mqtt_preprocessed_v2.csv,5360,-1,0,0,0.0023416525218635798,1
mqtt_preprocessed_v2.csv,5361,-1,0,0,0.0017176592955365777,1
mqtt_preprocessed_v2.csv,5362,-1,0,0,0.0009635390597395599,1
mqtt_preprocessed_v2.csv,5363,-1,0,0,0.0006110492977313697,1
mqtt_preprocessed_v2.csv,5364,-1,0,0,0.002488938858732581,1
mqtt_preprocessed_v2.csv,5365,-1,0,0,0.0024970981758087873,1
mqtt_preprocessed_v2.csv,5366,-1,0,0,0.0010162944672629237,1
mqtt_preprocessed_v2.csv,5367,-1,0,0,0.0009954352863132954,1
mqtt_preprocessed_v2.csv,5368,-1,0,0,0.0029848741833120584,1
mqtt_preprocessed_v2.csv,5369,-1,0,0,0.00032020179787650704,1
mqtt_preprocessed_v2.csv,5370,-1,0,0,0.0008600823348388076,1
mqtt_preprocessed_v2.csv,5371,-1,0,0,0.0014763674698770046,1
mqtt_preprocessed_v2.csv,5372,-1,0,0,0.0072731198742985725,1
mqtt_preprocessed_v2.csv,5373,-1,0,0,0.0007874175207689404,1
mqtt_preprocessed_v2.csv,5374,-1,0,0,0.0006657277117483318,1
mqtt_preprocessed_v2.csv,5375,-1,0,0,0.0003034596738871187,1
mqtt_preprocessed_v2.csv,5376,-1,0,0,0.0003365476441103965,1
mqtt_preprocessed_v2.csv,5377,-1,0,0,0.0006039199652150273,1
mqtt_preprocessed_v2.csv,5378,-1,0,0,0.0003952417755499482,1
mqtt_preprocessed_v2.csv,5379,-1,0,0,0.00035227619810029864,1
mqtt_preprocessed_v2.csv,5380,-1,0,0,0.0006497846334241331,1
mqtt_preprocessed_v2.csv,5381,-1,0,0,0.0004519335343502462,1
mqtt_preprocessed_v2.csv,5382,-1,0,0,0.000544031267054379,1
mqtt_preprocessed_v2.csv,5383,-1,0,0,0.001245209132321179,1
mqtt_preprocessed_v2.csv,5384,-1,0,0,0.001151328207924962,1
mqtt_preprocessed_v2.csv,5385,-1,0,0,0.002330346265807748,1
mqtt_preprocessed_v2.csv,5386,-1,0,0,0.0007890147971920669,1
mqtt_preprocessed_v2.csv,5387,-1,0,0,0.0009923328179866076,1
mqtt_preprocessed_v2.csv,5388,-1,0,0,0.024040935561060905,1
mqtt_preprocessed_v2.csv,5389,-1,0,0,0.0006707221618853509,1
mqtt_preprocessed_v2.csv,5390,-1,0,0,0.0025350619107484818,1
mqtt_preprocessed_v2.csv,5391,-1,0,0,0.0007931877626106143,1
mqtt_preprocessed_v2.csv,5392,-1,0,0,0.00031103307264856994,1
mqtt_preprocessed_v2.csv,5393,-1,0,0,0.005382445640861988,1
mqtt_preprocessed_v2.csv,5394,-1,0,0,0.003352450905367732,1
mqtt_preprocessed_v2.csv,5395,-1,0,0,0.0039651356637477875,1
mqtt_preprocessed_v2.csv,5396,-1,0,0,0.0008172955131158233,1
mqtt_preprocessed_v2.csv,5397,-1,0,0,0.00437379814684391,1
mqtt_preprocessed_v2.csv,5398,-1,0,0,0.0010105809196829796,1
mqtt_preprocessed_v2.csv,5399,-1,0,0,0.00029756384901702404,1
mqtt_preprocessed_v2.csv,5400,-1,0,0,0.0009801703272387385,1
mqtt_preprocessed_v2.csv,5401,-1,0,0,0.007157165557146072,1
mqtt_preprocessed_v2.csv,5402,-1,0,0,0.0002616489655338228,1
mqtt_preprocessed_v2.csv,5403,-1,0,0,0.002258980879560113,1
mqtt_preprocessed_v2.csv,5404,-1,0,0,0.0027646415401250124,1
mqtt_preprocessed_v2.csv,5405,-1,0,0,0.0006360815023072064,1
mqtt_preprocessed_v2.csv,5406,-1,0,0,0.0006290831952355802,1
mqtt_preprocessed_v2.csv,5407,-1,0,0,0.1762392669916153,1
mqtt_preprocessed_v2.csv,5408,-1,0,0,0.0007767543429508805,1
mqtt_preprocessed_v2.csv,5409,-1,0,0,0.08260486274957657,1
mqtt_preprocessed_v2.csv,5410,-1,0,0,0.0002935294760391116,1
mqtt_preprocessed_v2.csv,5411,-1,0,0,0.0004699458077084273,1
mqtt_preprocessed_v2.csv,5412,-1,0,0,0.005761393345892429,1
mqtt_preprocessed_v2.csv,5413,-1,0,0,0.0005543313454836607,1
mqtt_preprocessed_v2.csv,5414,-1,0,0,0.0003527776279952377,1
mqtt_preprocessed_v2.csv,5415,-1,0,0,0.000620467821136117,1
mqtt_preprocessed_v2.csv,5416,-1,0,0,0.0005238263984210789,1
mqtt_preprocessed_v2.csv,5417,-1,0,0,0.006038680672645569,1
mqtt_preprocessed_v2.csv,5418,-1,0,0,0.0015750860329717398,1
mqtt_preprocessed_v2.csv,5419,-1,0,0,0.001105835777707398,1
mqtt_preprocessed_v2.csv,5420,-1,0,0,0.019593358039855957,1
mqtt_preprocessed_v2.csv,5421,-1,0,0,0.15853005647659302,1
mqtt_preprocessed_v2.csv,5422,-1,0,0,0.00029513880144804716,1
mqtt_preprocessed_v2.csv,5423,-1,0,0,0.0006445738836191595,1
mqtt_preprocessed_v2.csv,5424,-1,0,0,0.0013618874363601208,1
mqtt_preprocessed_v2.csv,5425,-1,0,0,0.0005383531679399312,1
mqtt_preprocessed_v2.csv,5426,-1,0,0,0.0019447153899818659,1
mqtt_preprocessed_v2.csv,5427,-1,0,0,0.005710242781788111,1
mqtt_preprocessed_v2.csv,5428,-1,0,0,0.0002830652520060539,1
mqtt_preprocessed_v2.csv,5429,-1,0,0,0.00173893291503191,1
mqtt_preprocessed_v2.csv,5430,-1,0,0,0.0017626624321565032,1
mqtt_preprocessed_v2.csv,5431,-1,0,0,0.01959596574306488,1
mqtt_preprocessed_v2.csv,5432,-1,0,0,0.08258814364671707,1
mqtt_preprocessed_v2.csv,5433,-1,0,0,0.000256208615610376,1
mqtt_preprocessed_v2.csv,5434,-1,0,0,0.0014111007330939174,1
mqtt_preprocessed_v2.csv,5435,-1,0,0,0.001081660739146173,1
mqtt_preprocessed_v2.csv,5436,-1,0,0,0.01954827643930912,1
mqtt_preprocessed_v2.csv,5437,-1,0,0,0.02008855529129505,1
mqtt_preprocessed_v2.csv,5438,-1,0,0,0.00106996635440737,1
mqtt_preprocessed_v2.csv,5439,-1,0,0,0.0007486404501833022,1
mqtt_preprocessed_v2.csv,5440,-1,0,0,0.005542747210711241,1
mqtt_preprocessed_v2.csv,5441,-1,0,0,0.00026721900212578475,1
mqtt_preprocessed_v2.csv,5442,-1,0,0,0.003050481667742133,1
mqtt_preprocessed_v2.csv,5443,-1,0,0,0.001427837647497654,1
mqtt_preprocessed_v2.csv,5444,-1,0,0,0.0006821930292062461,1
mqtt_preprocessed_v2.csv,5445,-1,0,0,0.019587457180023193,1
mqtt_preprocessed_v2.csv,5446,-1,0,0,0.00031134666642174125,1
mqtt_preprocessed_v2.csv,5447,-1,0,0,0.001277986099012196,1
mqtt_preprocessed_v2.csv,5448,-1,0,0,0.0002626967616379261,1
mqtt_preprocessed_v2.csv,5449,-1,0,0,0.001492000068537891,1
mqtt_preprocessed_v2.csv,5450,-1,0,0,0.020086029544472694,1
mqtt_preprocessed_v2.csv,5451,-1,0,0,0.0005858687218278646,1
mqtt_preprocessed_v2.csv,5452,-1,0,0,0.0005776563193649054,1
mqtt_preprocessed_v2.csv,5453,-1,0,0,0.03090837225317955,1
mqtt_preprocessed_v2.csv,5454,-1,0,0,0.004639727063477039,1
mqtt_preprocessed_v2.csv,5455,-1,0,0,0.020087338984012604,1
mqtt_preprocessed_v2.csv,5456,-1,0,0,0.0010814386187121272,1
mqtt_preprocessed_v2.csv,5457,-1,0,0,0.010962110012769699,1
mqtt_preprocessed_v2.csv,5458,-1,0,0,0.001162332366220653,1
mqtt_preprocessed_v2.csv,5459,-1,0,0,0.00030461736605502665,1
mqtt_preprocessed_v2.csv,5460,-1,0,0,0.024731647223234177,1
mqtt_preprocessed_v2.csv,5461,-1,0,0,0.00028350198408588767,1
mqtt_preprocessed_v2.csv,5462,-1,0,0,0.0003367594617884606,1
mqtt_preprocessed_v2.csv,5463,-1,0,0,0.0008287832606583834,1
mqtt_preprocessed_v2.csv,5464,-1,0,0,0.004182800184935331,1
mqtt_preprocessed_v2.csv,5465,-1,0,0,0.0012026894837617874,1
mqtt_preprocessed_v2.csv,5466,-1,0,0,0.0014929665485396981,1
mqtt_preprocessed_v2.csv,5467,-1,0,0,0.0031247043516486883,1
mqtt_preprocessed_v2.csv,5468,-1,0,0,0.0003026846970897168,1
mqtt_preprocessed_v2.csv,5469,-1,0,0,0.0007691702339798212,1
mqtt_preprocessed_v2.csv,5470,-1,0,0,0.0008897645166143775,1
mqtt_preprocessed_v2.csv,5471,-1,0,0,0.0015892983647063375,1
mqtt_preprocessed_v2.csv,5472,-1,0,0,0.019593721255660057,1
mqtt_preprocessed_v2.csv,5473,-1,0,0,0.0023779133334755898,1
mqtt_preprocessed_v2.csv,5474,-1,0,0,0.0009682333329692483,1
mqtt_preprocessed_v2.csv,5475,-1,0,0,0.0010306141339242458,1
mqtt_preprocessed_v2.csv,5476,-1,0,0,0.0005576323601417243,1
mqtt_preprocessed_v2.csv,5477,-1,0,0,0.020089101046323776,1
mqtt_preprocessed_v2.csv,5478,-1,0,0,0.0002864823618438095,1
mqtt_preprocessed_v2.csv,5479,-1,0,0,0.0026518080849200487,1
mqtt_preprocessed_v2.csv,5480,-1,0,0,0.0032277251593768597,1
mqtt_preprocessed_v2.csv,5481,-1,0,0,0.0004775788402184844,1
mqtt_preprocessed_v2.csv,5482,-1,0,0,0.0003086766228079796,1
mqtt_preprocessed_v2.csv,5483,-1,0,0,0.000531042052898556,1
mqtt_preprocessed_v2.csv,5484,-1,0,0,0.0035407666582614183,1
mqtt_preprocessed_v2.csv,5485,-1,0,0,0.002472009276971221,1
mqtt_preprocessed_v2.csv,5486,-1,0,0,0.00034940344630740583,1
mqtt_preprocessed_v2.csv,5487,-1,0,0,0.00023084014537744224,1
mqtt_preprocessed_v2.csv,5488,-1,0,0,0.003432550234720111,1
mqtt_preprocessed_v2.csv,5489,-1,0,0,0.0034412469249218702,1
mqtt_preprocessed_v2.csv,5490,-1,0,0,0.00032422589720226824,1
mqtt_preprocessed_v2.csv,5491,-1,0,0,0.0004468975239433348,1
mqtt_preprocessed_v2.csv,5492,-1,0,0,0.006920967251062393,1
mqtt_preprocessed_v2.csv,5493,-1,0,0,0.0012331265024840832,1
mqtt_preprocessed_v2.csv,5494,-1,0,0,0.0013244034489616752,1
mqtt_preprocessed_v2.csv,5495,-1,0,0,0.0009514662087894976,1
mqtt_preprocessed_v2.csv,5496,-1,0,0,0.0020886301063001156,1
mqtt_preprocessed_v2.csv,5497,-1,0,0,0.082576684653759,1
mqtt_preprocessed_v2.csv,5498,-1,0,0,0.001303432509303093,1
mqtt_preprocessed_v2.csv,5499,-1,0,0,0.0003461849701125175,1
mqtt_preprocessed_v2.csv,5500,-1,0,0,0.014836352318525314,1
mqtt_preprocessed_v2.csv,5501,-1,0,0,0.0010695104720070958,1
mqtt_preprocessed_v2.csv,5502,-1,0,0,0.0019636950455605984,1
mqtt_preprocessed_v2.csv,5503,-1,0,0,0.0008245265344157815,1
mqtt_preprocessed_v2.csv,5504,-1,0,0,0.0008945073932409286,1
mqtt_preprocessed_v2.csv,5505,-1,0,0,0.000950004206970334,1
mqtt_preprocessed_v2.csv,5506,-1,0,0,0.00030352966859936714,1
mqtt_preprocessed_v2.csv,5507,-1,0,0,0.0009689965518191457,1
mqtt_preprocessed_v2.csv,5508,-1,0,0,0.0003232724848203361,1
mqtt_preprocessed_v2.csv,5509,-1,0,0,0.0003251688031014055,1
mqtt_preprocessed_v2.csv,5510,-1,0,0,0.0005816335906274617,1
mqtt_preprocessed_v2.csv,5511,-1,0,0,0.000785037234891206,1
mqtt_preprocessed_v2.csv,5512,-1,0,0,0.0015968934167176485,1
mqtt_preprocessed_v2.csv,5513,-1,0,0,0.0011150818318128586,1
mqtt_preprocessed_v2.csv,5514,-1,0,0,0.0005674322019331157,1
mqtt_preprocessed_v2.csv,5515,-1,0,0,0.0024694837629795074,1
mqtt_preprocessed_v2.csv,5516,-1,0,0,0.0012231528526172042,1
mqtt_preprocessed_v2.csv,5517,-1,0,0,0.0007628247258253396,1
mqtt_preprocessed_v2.csv,5518,-1,0,0,0.0006806766032241285,1
mqtt_preprocessed_v2.csv,5519,-1,0,0,0.0006888391217216849,1
mqtt_preprocessed_v2.csv,5520,-1,0,0,0.0007143948459997773,1
mqtt_preprocessed_v2.csv,5521,-1,0,0,0.0012851707870140672,1
mqtt_preprocessed_v2.csv,5522,-1,0,0,0.0004307913186494261,1
mqtt_preprocessed_v2.csv,5523,-1,0,0,0.00037788570625707507,1
mqtt_preprocessed_v2.csv,5524,-1,0,0,0.0012669179122895002,1
mqtt_preprocessed_v2.csv,5525,-1,0,0,0.0003275977214798331,1
mqtt_preprocessed_v2.csv,5526,-1,0,0,0.010196217335760593,1
mqtt_preprocessed_v2.csv,5527,-1,0,0,0.000278077379334718,1
mqtt_preprocessed_v2.csv,5528,-1,0,0,0.0012209238484501839,1
mqtt_preprocessed_v2.csv,5529,-1,0,0,0.001258600503206253,1
mqtt_preprocessed_v2.csv,5530,-1,0,0,0.004216300323605537,1
mqtt_preprocessed_v2.csv,5531,-1,0,0,0.0012064505135640502,1
mqtt_preprocessed_v2.csv,5532,-1,0,0,0.0005855684285052121,1
mqtt_preprocessed_v2.csv,5533,-1,0,0,0.0005530426278710365,1
mqtt_preprocessed_v2.csv,5534,-1,0,0,0.001184534514322877,1
mqtt_preprocessed_v2.csv,5535,-1,0,0,0.0018874534871429205,1
mqtt_preprocessed_v2.csv,5536,-1,0,0,0.0008714773575775325,1
mqtt_preprocessed_v2.csv,5537,-1,0,0,0.07466699928045273,1
mqtt_preprocessed_v2.csv,5538,-1,0,0,0.0011147359618917108,1
mqtt_preprocessed_v2.csv,5539,-1,0,0,0.000589833885896951,1
mqtt_preprocessed_v2.csv,5540,-1,0,0,0.0007976244669407606,1
mqtt_preprocessed_v2.csv,5541,-1,0,0,0.002347521483898163,1
mqtt_preprocessed_v2.csv,5542,-1,0,0,0.001038842834532261,1
mqtt_preprocessed_v2.csv,5543,-1,0,0,0.0011375584872439504,1
mqtt_preprocessed_v2.csv,5544,-1,0,0,0.0024087755009531975,1
mqtt_preprocessed_v2.csv,5545,-1,0,0,0.00036713722511194646,1
mqtt_preprocessed_v2.csv,5546,-1,0,0,0.0011012438917532563,1
mqtt_preprocessed_v2.csv,5547,-1,0,0,0.0014276759466156363,1
mqtt_preprocessed_v2.csv,5548,-1,0,0,0.0013280571438372135,1
mqtt_preprocessed_v2.csv,5549,-1,0,0,0.002100177574902773,1
mqtt_preprocessed_v2.csv,5550,-1,0,0,0.002196911256760359,1
mqtt_preprocessed_v2.csv,5551,-1,0,0,0.0007017137832008302,1
mqtt_preprocessed_v2.csv,5552,-1,0,0,0.00032128579914569855,1
mqtt_preprocessed_v2.csv,5553,-1,0,0,0.00025936117162927985,1
mqtt_preprocessed_v2.csv,5554,-1,0,0,0.00037256840732879937,1
mqtt_preprocessed_v2.csv,5555,-1,0,0,0.00155203090980649,1
mqtt_preprocessed_v2.csv,5556,-1,0,0,0.0007425298099406064,1
mqtt_preprocessed_v2.csv,5557,-1,0,0,0.014113236218690872,1
mqtt_preprocessed_v2.csv,5558,-1,0,0,0.0017880030209198594,1
mqtt_preprocessed_v2.csv,5559,-1,0,0,0.0010120064252987504,1
mqtt_preprocessed_v2.csv,5560,-1,0,0,0.0005993912927806377,1
mqtt_preprocessed_v2.csv,5561,-1,0,0,0.0005613840185105801,1
mqtt_preprocessed_v2.csv,5562,-1,0,0,0.0005406589480116963,1
mqtt_preprocessed_v2.csv,5563,-1,0,0,0.00047651430941186845,1
mqtt_preprocessed_v2.csv,5564,-1,0,0,0.0005202952888794243,1
mqtt_preprocessed_v2.csv,5565,-1,0,0,0.00030835866346023977,1
mqtt_preprocessed_v2.csv,5566,-1,0,0,0.00200043898075819,1
mqtt_preprocessed_v2.csv,5567,-1,0,0,0.0018617750611156225,1
mqtt_preprocessed_v2.csv,5568,-1,0,0,0.0010918467305600643,1
mqtt_preprocessed_v2.csv,5569,-1,0,0,0.001098572975024581,1
mqtt_preprocessed_v2.csv,5570,-1,0,0,0.0002666173968464136,1
mqtt_preprocessed_v2.csv,5571,-1,0,0,0.0002501392737030983,1
mqtt_preprocessed_v2.csv,5572,-1,0,0,0.00018373058992438018,1
mqtt_preprocessed_v2.csv,5573,-1,0,0,0.0013244369765743613,1
mqtt_preprocessed_v2.csv,5574,-1,0,0,0.0009580882033333182,1
mqtt_preprocessed_v2.csv,5575,-1,0,0,0.0006127986707724631,1
mqtt_preprocessed_v2.csv,5576,-1,0,0,0.0013817533617839217,1
mqtt_preprocessed_v2.csv,5577,-1,0,0,0.0022183447144925594,1
mqtt_preprocessed_v2.csv,5578,-1,0,0,0.0005839415825903416,1
mqtt_preprocessed_v2.csv,5579,-1,0,0,0.0007431806880049407,1
mqtt_preprocessed_v2.csv,5580,-1,0,0,0.0005185693735256791,1
mqtt_preprocessed_v2.csv,5581,-1,0,0,0.0005547611508518457,1
mqtt_preprocessed_v2.csv,5582,-1,0,0,0.001861871569417417,1
mqtt_preprocessed_v2.csv,5583,-1,0,0,0.0013475393643602729,1
mqtt_preprocessed_v2.csv,5584,-1,0,0,0.00299635948613286,1
mqtt_preprocessed_v2.csv,5585,-1,0,0,0.00033654781873337924,1
mqtt_preprocessed_v2.csv,5586,-1,0,0,0.1725299060344696,1
mqtt_preprocessed_v2.csv,5587,-1,0,0,0.0012014517560601234,1
mqtt_preprocessed_v2.csv,5588,-1,0,0,0.003057005349546671,1
mqtt_preprocessed_v2.csv,5589,-1,0,0,0.00033268670085817575,1
mqtt_preprocessed_v2.csv,5590,-1,0,0,0.0006421555881388485,1
mqtt_preprocessed_v2.csv,5591,-1,0,0,0.0006716377683915198,1
mqtt_preprocessed_v2.csv,5592,-1,0,0,0.0006938258884474635,1
mqtt_preprocessed_v2.csv,5593,-1,0,0,0.000498330919072032,1
mqtt_preprocessed_v2.csv,5594,-1,0,0,0.00046612368896603584,1
mqtt_preprocessed_v2.csv,5595,-1,0,0,0.000525752198882401,1
mqtt_preprocessed_v2.csv,5596,-1,0,0,0.17272092401981354,1
mqtt_preprocessed_v2.csv,5597,-1,0,0,0.0006948409136384726,1
mqtt_preprocessed_v2.csv,5598,-1,0,0,0.000907159352209419,1
mqtt_preprocessed_v2.csv,5599,-1,0,0,0.00040436527342535555,1
mqtt_preprocessed_v2.csv,5600,-1,0,0,0.0010571409948170185,1
mqtt_preprocessed_v2.csv,5601,-1,0,0,0.0003320593386888504,1
mqtt_preprocessed_v2.csv,5602,-1,0,0,0.002254149643704295,1
mqtt_preprocessed_v2.csv,5603,-1,0,0,0.002384892664849758,1
mqtt_preprocessed_v2.csv,5604,-1,0,0,0.0003687567950692028,1
mqtt_preprocessed_v2.csv,5605,-1,0,0,0.0005944566801190376,1
mqtt_preprocessed_v2.csv,5606,-1,0,0,0.0003541939950082451,1
mqtt_preprocessed_v2.csv,5607,-1,0,0,0.0006318017258308828,1
mqtt_preprocessed_v2.csv,5608,-1,0,0,0.0003251855378039181,1
mqtt_preprocessed_v2.csv,5609,-1,0,0,0.000443522963905707,1
mqtt_preprocessed_v2.csv,5610,-1,0,0,0.0017738566966727376,1
mqtt_preprocessed_v2.csv,5611,-1,0,0,0.0009250724106095731,1
mqtt_preprocessed_v2.csv,5612,-1,0,0,0.0025246136356145144,1
mqtt_preprocessed_v2.csv,5613,-1,0,0,0.0006171194836497307,1
mqtt_preprocessed_v2.csv,5614,-1,0,0,0.0007455907762050629,1
mqtt_preprocessed_v2.csv,5615,-1,0,0,0.0008686975343152881,1
mqtt_preprocessed_v2.csv,5616,-1,0,0,0.002885144203901291,1
mqtt_preprocessed_v2.csv,5617,-1,0,0,0.00033350379089824855,1
mqtt_preprocessed_v2.csv,5618,-1,0,0,0.006243809126317501,1
mqtt_preprocessed_v2.csv,5619,-1,0,0,0.0005798377678729594,1
mqtt_preprocessed_v2.csv,5620,-1,0,0,0.0017973840003833175,1
mqtt_preprocessed_v2.csv,5621,-1,0,0,0.0012247121194377542,1
mqtt_preprocessed_v2.csv,5622,-1,0,0,0.0013419566676020622,1
mqtt_preprocessed_v2.csv,5623,-1,0,0,0.0012308681616559625,1
mqtt_preprocessed_v2.csv,5624,-1,0,0,0.00033084212918765843,1
mqtt_preprocessed_v2.csv,5625,-1,0,0,0.0006873176898807287,1
mqtt_preprocessed_v2.csv,5626,-1,0,0,0.0011682286858558655,1
mqtt_preprocessed_v2.csv,5627,-1,0,0,0.0006618592306040227,1
mqtt_preprocessed_v2.csv,5628,-1,0,0,0.0002645948261488229,1
mqtt_preprocessed_v2.csv,5629,-1,0,0,0.00039154148544184864,1
mqtt_preprocessed_v2.csv,5630,-1,0,0,0.0015416837995871902,1
mqtt_preprocessed_v2.csv,5631,-1,0,0,0.0023709263186901808,1
mqtt_preprocessed_v2.csv,5632,-1,0,0,0.0007741617737337947,1
mqtt_preprocessed_v2.csv,5633,-1,0,0,0.0006452734232880175,1
mqtt_preprocessed_v2.csv,5634,-1,0,0,0.008109290152788162,1
mqtt_preprocessed_v2.csv,5635,-1,0,0,0.00030399157549254596,1
mqtt_preprocessed_v2.csv,5636,-1,0,0,0.0004998201038688421,1
mqtt_preprocessed_v2.csv,5637,-1,0,0,0.01750101149082184,1
mqtt_preprocessed_v2.csv,5638,-1,0,0,0.003466843394562602,1
mqtt_preprocessed_v2.csv,5639,-1,0,0,0.0005641555762849748,1
mqtt_preprocessed_v2.csv,5640,-1,0,0,0.002273720223456621,1
mqtt_preprocessed_v2.csv,5641,-1,0,0,0.0054527027532458305,1
mqtt_preprocessed_v2.csv,5642,-1,0,0,0.0009511997923254967,1
mqtt_preprocessed_v2.csv,5643,-1,0,0,0.00031171078444458544,1
mqtt_preprocessed_v2.csv,5644,-1,0,0,0.0005409499863162637,1
mqtt_preprocessed_v2.csv,5645,-1,0,0,0.00030058485572226346,1
mqtt_preprocessed_v2.csv,5646,-1,0,0,0.0006600010092370212,1
mqtt_preprocessed_v2.csv,5647,-1,0,0,0.0008051202748902142,1
mqtt_preprocessed_v2.csv,5648,-1,0,0,0.0010679323459044099,1
mqtt_preprocessed_v2.csv,5649,-1,0,0,0.0035388462711125612,1
mqtt_preprocessed_v2.csv,5650,-1,0,0,0.004742041230201721,1
mqtt_preprocessed_v2.csv,5651,-1,0,0,0.0018320000963285565,1
mqtt_preprocessed_v2.csv,5652,-1,0,0,0.0007447123643942177,1
mqtt_preprocessed_v2.csv,5653,-1,0,0,0.0022171661257743835,1
mqtt_preprocessed_v2.csv,5654,-1,0,0,0.003048403188586235,1
mqtt_preprocessed_v2.csv,5655,-1,0,0,0.005343945696949959,1
mqtt_preprocessed_v2.csv,5656,-1,0,0,0.00015792956401128322,1
mqtt_preprocessed_v2.csv,5657,-1,0,0,5.864995273441309e-06,1
mqtt_preprocessed_v2.csv,5658,-1,0,0,4.2662668420234695e-06,1
mqtt_preprocessed_v2.csv,5659,-1,0,0,5.00743396969483e-07,1
mqtt_preprocessed_v2.csv,5660,-1,0,0,2.1980895326123573e-06,1
mqtt_preprocessed_v2.csv,5661,-1,0,0,0.00015566230285912752,1
mqtt_preprocessed_v2.csv,5662,-1,0,0,3.6184096643410157e-06,1
mqtt_preprocessed_v2.csv,5663,-1,0,0,0.011427685618400574,1
mqtt_preprocessed_v2.csv,5664,-1,0,0,6.147696694824845e-06,1
mqtt_preprocessed_v2.csv,5665,-1,0,0,8.98622033673746e-07,1
mqtt_preprocessed_v2.csv,5666,-1,0,0,8.471172208146527e-08,1
mqtt_preprocessed_v2.csv,5667,-1,0,0,0.0026940617244690657,1
mqtt_preprocessed_v2.csv,5668,-1,0,0,3.131357516394928e-06,1
mqtt_preprocessed_v2.csv,5669,-1,0,0,2.7966686957370257e-06,1
mqtt_preprocessed_v2.csv,5670,-1,0,0,1.534719740448054e-05,1
mqtt_preprocessed_v2.csv,5671,-1,0,0,2.420277667170012e-08,1
mqtt_preprocessed_v2.csv,5672,-1,0,0,2.5926651687768754e-06,1
mqtt_preprocessed_v2.csv,5673,-1,0,0,0.001491153729148209,1
mqtt_preprocessed_v2.csv,5674,-1,0,0,7.094151442288421e-06,1
mqtt_preprocessed_v2.csv,5675,-1,0,0,0.001544638886116445,1
mqtt_preprocessed_v2.csv,5676,-1,0,0,6.887866561555711e-07,1
mqtt_preprocessed_v2.csv,5677,-1,0,0,2.1761668733688566e-07,1
mqtt_preprocessed_v2.csv,5678,-1,0,0,0.0008239186136052012,1
mqtt_preprocessed_v2.csv,5679,-1,0,0,7.229135371744633e-05,1
mqtt_preprocessed_v2.csv,5680,-1,0,0,7.425389776472002e-05,1
mqtt_preprocessed_v2.csv,5681,-1,0,0,4.826461463380838e-06,1
mqtt_preprocessed_v2.csv,5682,-1,0,0,1.4498626796921599e-06,1
mqtt_preprocessed_v2.csv,5683,-1,0,0,0.0008601077715866268,1
mqtt_preprocessed_v2.csv,5684,-1,0,0,0.006069716066122055,1
mqtt_preprocessed_v2.csv,5685,-1,0,0,0.0014574613887816668,1
mqtt_preprocessed_v2.csv,5686,-1,0,0,0.009415648877620697,1
mqtt_preprocessed_v2.csv,5687,-1,0,0,0.0006579704931937158,1
mqtt_preprocessed_v2.csv,5688,-1,0,0,0.001287085353396833,1
mqtt_preprocessed_v2.csv,5689,-1,0,0,0.0008127196924760938,1
mqtt_preprocessed_v2.csv,5690,-1,0,0,0.000623104686383158,1
mqtt_preprocessed_v2.csv,5691,-1,0,0,0.0006988747045397758,1
mqtt_preprocessed_v2.csv,5692,-1,0,0,0.0010423854691907763,1
mqtt_preprocessed_v2.csv,5693,-1,0,0,0.0007288007764145732,1
mqtt_preprocessed_v2.csv,5694,-1,0,0,0.0009872118243947625,1
mqtt_preprocessed_v2.csv,5695,-1,0,0,0.0015307683497667313,1
mqtt_preprocessed_v2.csv,5696,-1,0,0,0.0013418721500784159,1
mqtt_preprocessed_v2.csv,5697,-1,0,0,0.0014104860601946712,1
mqtt_preprocessed_v2.csv,5698,-1,0,0,0.011152172461152077,1
mqtt_preprocessed_v2.csv,5699,-1,0,0,0.0009807755704969168,1
mqtt_preprocessed_v2.csv,5700,1,1,1,1.0,1
mqtt_preprocessed_v2.csv,5701,1,1,1,1.0,1
mqtt_preprocessed_v2.csv,5702,1,1,1,0.9985383749008179,1
mqtt_preprocessed_v2.csv,5703,1,1,1,0.9999995231628418,1
mqtt_preprocessed_v2.csv,5704,1,1,1,0.9880869388580322,1
mqtt_preprocessed_v2.csv,5705,1,1,1,0.9702951312065125,1
mqtt_preprocessed_v2.csv,5706,1,1,1,0.9958288073539734,1
mqtt_preprocessed_v2.csv,5707,1,1,1,0.9991061091423035,1
mqtt_preprocessed_v2.csv,5708,1,1,1,0.9985138773918152,1
mqtt_preprocessed_v2.csv,5709,1,1,1,0.9873008728027344,1
mqtt_preprocessed_v2.csv,5710,1,1,1,0.9319348931312561,1
mqtt_preprocessed_v2.csv,5711,1,1,1,0.9999624490737915,1
mqtt_preprocessed_v2.csv,5712,1,1,1,0.9962557554244995,1
mqtt_preprocessed_v2.csv,5713,1,1,1,1.0,1
mqtt_preprocessed_v2.csv,5714,1,1,1,0.9963104128837585,1
mqtt_preprocessed_v2.csv,5715,1,1,1,0.9798150062561035,1
mqtt_preprocessed_v2.csv,5716,1,1,1,0.9995560050010681,1
mqtt_preprocessed_v2.csv,5717,1,1,1,0.9983171224594116,1
mqtt_preprocessed_v2.csv,5718,1,1,1,0.6351364850997925,1
mqtt_preprocessed_v2.csv,5719,1,1,1,0.9999953508377075,1
mqtt_preprocessed_v2.csv,5720,1,1,1,0.9864718914031982,1
mqtt_preprocessed_v2.csv,5721,1,1,1,0.9999604225158691,1
mqtt_preprocessed_v2.csv,5722,1,1,1,0.9750548005104065,1
mqtt_preprocessed_v2.csv,5723,1,1,1,0.9999997615814209,1
mqtt_preprocessed_v2.csv,5724,1,1,1,0.9983115196228027,1
mqtt_preprocessed_v2.csv,5725,1,1,1,0.9962499737739563,1
mqtt_preprocessed_v2.csv,5726,1,1,1,0.999943733215332,1
mqtt_preprocessed_v2.csv,5727,1,1,1,0.9296392202377319,1
mqtt_preprocessed_v2.csv,5728,1,1,1,0.9999381303787231,1
mqtt_preprocessed_v2.csv,5729,1,1,1,0.999992847442627,1
mqtt_preprocessed_v2.csv,5730,1,1,1,0.9999821186065674,1
mqtt_preprocessed_v2.csv,5731,1,1,1,0.9968701004981995,1
mqtt_preprocessed_v2.csv,5732,1,1,0,0.4543428122997284,0
mqtt_preprocessed_v2.csv,5733,1,1,1,0.9999998807907104,1
mqtt_preprocessed_v2.csv,5734,1,1,1,0.9966443777084351,1
mqtt_preprocessed_v2.csv,5735,1,1,1,0.9998923540115356,1
mqtt_preprocessed_v2.csv,5736,1,1,1,0.9995588660240173,1
mqtt_preprocessed_v2.csv,5737,1,1,1,0.9999303817749023,1
mqtt_preprocessed_v2.csv,5738,1,1,1,0.9133855700492859,1
mqtt_preprocessed_v2.csv,5739,1,1,1,0.9986530542373657,1
mqtt_preprocessed_v2.csv,5740,1,1,0,0.2644694447517395,0
mqtt_preprocessed_v2.csv,5741,1,1,1,1.0,1
mqtt_preprocessed_v2.csv,5742,1,1,1,0.9993263483047485,1
mqtt_preprocessed_v2.csv,5743,1,1,1,0.9993458390235901,1
mqtt_preprocessed_v2.csv,5744,1,1,1,0.9994459748268127,1
mqtt_preprocessed_v2.csv,5745,1,1,1,0.9487758278846741,1
mqtt_preprocessed_v2.csv,5746,1,1,1,0.9746798276901245,1
mqtt_preprocessed_v2.csv,5747,1,1,1,0.9999408721923828,1
mqtt_preprocessed_v2.csv,5748,1,1,1,0.9999644756317139,1
mqtt_preprocessed_v2.csv,5749,1,1,1,0.9956997632980347,1
mqtt_preprocessed_v2.csv,5750,1,1,1,0.9999721050262451,1
mqtt_preprocessed_v2.csv,5751,1,1,1,0.9998939037322998,1
mqtt_preprocessed_v2.csv,5752,1,1,1,0.9936821460723877,1
mqtt_preprocessed_v2.csv,5753,1,1,1,0.9989193677902222,1
mqtt_preprocessed_v2.csv,5754,1,1,1,0.999998927116394,1
mqtt_preprocessed_v2.csv,5755,1,1,1,0.9999996423721313,1
mqtt_preprocessed_v2.csv,5756,1,1,1,0.9688636064529419,1
mqtt_preprocessed_v2.csv,5757,1,1,1,0.9999716281890869,1
mqtt_preprocessed_v2.csv,5758,1,1,1,0.9998428821563721,1
mqtt_preprocessed_v2.csv,5759,1,1,1,0.9999986886978149,1
mqtt_preprocessed_v2.csv,5760,1,1,1,0.9999994039535522,1
mqtt_preprocessed_v2.csv,5761,1,1,1,0.9999990463256836,1
mqtt_preprocessed_v2.csv,5762,1,1,1,0.9983426332473755,1
mqtt_preprocessed_v2.csv,5763,1,1,1,0.9988570213317871,1
mqtt_preprocessed_v2.csv,5764,1,1,1,0.9999969005584717,1
mqtt_preprocessed_v2.csv,5765,1,1,1,0.9999961853027344,1
mqtt_preprocessed_v2.csv,5766,1,1,1,0.9999996423721313,1
mqtt_preprocessed_v2.csv,5767,1,1,1,0.9999972581863403,1
mqtt_preprocessed_v2.csv,5768,1,1,1,0.9999980926513672,1
mqtt_preprocessed_v2.csv,5769,1,1,1,0.9999969005584717,1
mqtt_preprocessed_v2.csv,5770,1,1,1,0.9999982118606567,1
mqtt_preprocessed_v2.csv,5771,1,1,1,0.7712662816047668,1
mqtt_preprocessed_v2.csv,5772,1,1,1,0.9874225854873657,1
mqtt_preprocessed_v2.csv,5773,1,1,1,1.0,1
mqtt_preprocessed_v2.csv,5774,1,1,1,0.9996488094329834,1
mqtt_preprocessed_v2.csv,5775,1,1,1,0.9876142740249634,1
mqtt_preprocessed_v2.csv,5776,1,1,1,0.9619142413139343,1
mqtt_preprocessed_v2.csv,5777,1,1,1,0.9943753480911255,1
mqtt_preprocessed_v2.csv,5778,1,1,1,0.9780363440513611,1
mqtt_preprocessed_v2.csv,5779,1,1,1,0.9984921216964722,1
mqtt_preprocessed_v2.csv,5780,1,1,1,0.9763234257698059,1
mqtt_preprocessed_v2.csv,5781,1,1,1,0.9999988079071045,1
mqtt_preprocessed_v2.csv,5782,1,1,1,0.9999668598175049,1
mqtt_preprocessed_v2.csv,5783,1,1,1,0.9999994039535522,1
mqtt_preprocessed_v2.csv,5784,1,1,1,0.9721158146858215,1
mqtt_preprocessed_v2.csv,5785,1,1,1,0.9984126091003418,1
mqtt_preprocessed_v2.csv,5786,1,1,1,0.9986945986747742,1
mqtt_preprocessed_v2.csv,5787,1,1,1,0.9951985478401184,1
mqtt_preprocessed_v2.csv,5788,1,1,1,0.9973375201225281,1
mqtt_preprocessed_v2.csv,5789,1,1,1,1.0,1
mqtt_preprocessed_v2.csv,5790,1,1,1,0.9999972581863403,1
mqtt_preprocessed_v2.csv,5791,1,1,1,0.9986255168914795,1
mqtt_preprocessed_v2.csv,5792,1,1,1,0.9967373013496399,1
mqtt_preprocessed_v2.csv,5793,1,1,1,0.9867414832115173,1
mqtt_preprocessed_v2.csv,5794,1,1,1,0.999998927116394,1
mqtt_preprocessed_v2.csv,5795,1,1,1,1.0,1
mqtt_preprocessed_v2.csv,5796,1,1,1,0.9999841451644897,1
mqtt_preprocessed_v2.csv,5797,1,1,1,0.9987804293632507,1
mqtt_preprocessed_v2.csv,5798,1,1,1,1.0,1
mqtt_preprocessed_v2.csv,5799,1,1,1,1.0,1
mqtt_preprocessed_v2.csv,5800,2,1,1,1.0,1
mqtt_preprocessed_v2.csv,5801,2,1,0,0.1611240655183792,0
mqtt_preprocessed_v2.csv,5802,2,1,1,1.0,1
mqtt_preprocessed_v2.csv,5803,2,1,0,0.023514684289693832,0
mqtt_preprocessed_v2.csv,5804,2,1,0,0.10919696092605591,0
mqtt_preprocessed_v2.csv,5805,2,1,1,1.0,1
mqtt_preprocessed_v2.csv,5806,2,1,1,1.0,1
mqtt_preprocessed_v2.csv,5807,2,1,0,0.06615713238716125,0
mqtt_preprocessed_v2.csv,5808,2,1,0,0.1573878824710846,0
mqtt_preprocessed_v2.csv,5809,2,1,0,0.11003749072551727,0
mqtt_preprocessed_v2.csv,5810,2,1,0,0.07317642867565155,0
mqtt_preprocessed_v2.csv,5811,2,1,1,1.0,1
mqtt_preprocessed_v2.csv,5812,2,1,1,1.0,1
mqtt_preprocessed_v2.csv,5813,2,1,1,1.0,1
mqtt_preprocessed_v2.csv,5814,2,1,1,1.0,1
mqtt_preprocessed_v2.csv,5815,2,1,1,1.0,1
mqtt_preprocessed_v2.csv,5816,2,1,0,0.12449027597904205,0
mqtt_preprocessed_v2.csv,5817,2,1,0,0.20387905836105347,0
mqtt_preprocessed_v2.csv,5818,2,1,1,1.0,1
mqtt_preprocessed_v2.csv,5819,2,1,1,1.0,1
mqtt_preprocessed_v2.csv,5820,2,1,1,1.0,1
mqtt_preprocessed_v2.csv,5821,2,1,1,1.0,1
mqtt_preprocessed_v2.csv,5822,2,1,0,0.2189689576625824,0
mqtt_preprocessed_v2.csv,5823,2,1,0,0.18880009651184082,0
mqtt_preprocessed_v2.csv,5824,2,1,0,0.1403253972530365,0
mqtt_preprocessed_v2.csv,5825,2,1,1,1.0,1
mqtt_preprocessed_v2.csv,5826,2,1,0,0.20706284046173096,0
mqtt_preprocessed_v2.csv,5827,2,1,0,0.1849568784236908,0
mqtt_preprocessed_v2.csv,5828,2,1,1,1.0,1
mqtt_preprocessed_v2.csv,5829,2,1,1,1.0,1
mqtt_preprocessed_v2.csv,5830,2,1,0,0.12620742619037628,0
mqtt_preprocessed_v2.csv,5831,2,1,0,0.1805526316165924,0
mqtt_preprocessed_v2.csv,5832,2,1,1,1.0,1
mqtt_preprocessed_v2.csv,5833,2,1,1,1.0,1
mqtt_preprocessed_v2.csv,5834,2,1,1,1.0,1
mqtt_preprocessed_v2.csv,5835,2,1,1,1.0,1
mqtt_preprocessed_v2.csv,5836,2,1,1,1.0,1
mqtt_preprocessed_v2.csv,5837,2,1,0,0.19583112001419067,0
mqtt_preprocessed_v2.csv,5838,2,1,0,0.15514487028121948,0
mqtt_preprocessed_v2.csv,5839,2,1,0,0.2085939645767212,0
mqtt_preprocessed_v2.csv,5840,2,1,0,0.15108004212379456,0
mqtt_preprocessed_v2.csv,5841,2,1,1,1.0,1
mqtt_preprocessed_v2.csv,5842,2,1,1,1.0,1
mqtt_preprocessed_v2.csv,5843,2,1,1,1.0,1
mqtt_preprocessed_v2.csv,5844,2,1,0,0.21522830426692963,0
mqtt_preprocessed_v2.csv,5845,2,1,0,0.2279665172100067,0
mqtt_preprocessed_v2.csv,5846,2,1,0,0.17108537256717682,0
mqtt_preprocessed_v2.csv,5847,2,1,1,1.0,1
mqtt_preprocessed_v2.csv,5848,2,1,0,0.24044011533260345,0
mqtt_preprocessed_v2.csv,5849,2,1,0,0.14678898453712463,0
mqtt_preprocessed_v2.csv,5850,2,1,0,0.29208365082740784,0
mqtt_preprocessed_v2.csv,5851,2,1,1,1.0,1
mqtt_preprocessed_v2.csv,5852,2,1,0,0.19312427937984467,0
mqtt_preprocessed_v2.csv,5853,2,1,0,0.14918498694896698,0
mqtt_preprocessed_v2.csv,5854,2,1,1,1.0,1
mqtt_preprocessed_v2.csv,5855,2,1,0,0.06336018443107605,0
mqtt_preprocessed_v2.csv,5856,2,1,0,0.12378303706645966,0
mqtt_preprocessed_v2.csv,5857,2,1,0,0.20956435799598694,0
mqtt_preprocessed_v2.csv,5858,2,1,0,0.09157129377126694,0
mqtt_preprocessed_v2.csv,5859,2,1,0,0.055608171969652176,0
mqtt_preprocessed_v2.csv,5860,2,1,1,1.0,1
mqtt_preprocessed_v2.csv,5861,2,1,0,0.1925288736820221,0
mqtt_preprocessed_v2.csv,5862,2,1,0,0.22832977771759033,0
mqtt_preprocessed_v2.csv,5863,2,1,1,1.0,1
mqtt_preprocessed_v2.csv,5864,2,1,0,0.12230055034160614,0
mqtt_preprocessed_v2.csv,5865,2,1,1,1.0,1
mqtt_preprocessed_v2.csv,5866,2,1,0,0.2073112279176712,0
mqtt_preprocessed_v2.csv,5867,2,1,1,1.0,1
mqtt_preprocessed_v2.csv,5868,2,1,0,0.15536870062351227,0
mqtt_preprocessed_v2.csv,5869,2,1,1,1.0,1
mqtt_preprocessed_v2.csv,5870,2,1,1,1.0,1
mqtt_preprocessed_v2.csv,5871,2,1,1,1.0,1
mqtt_preprocessed_v2.csv,5872,2,1,1,1.0,1
mqtt_preprocessed_v2.csv,5873,2,1,1,1.0,1
mqtt_preprocessed_v2.csv,5874,2,1,1,1.0,1
mqtt_preprocessed_v2.csv,5875,2,1,1,1.0,1
mqtt_preprocessed_v2.csv,5876,2,1,1,1.0,1
mqtt_preprocessed_v2.csv,5877,2,1,1,1.0,1
mqtt_preprocessed_v2.csv,5878,2,1,1,1.0,1
mqtt_preprocessed_v2.csv,5879,2,1,1,1.0,1
mqtt_preprocessed_v2.csv,5880,2,1,1,1.0,1
mqtt_preprocessed_v2.csv,5881,2,1,1,1.0,1
mqtt_preprocessed_v2.csv,5882,2,1,1,1.0,1
mqtt_preprocessed_v2.csv,5883,2,1,1,1.0,1
mqtt_preprocessed_v2.csv,5884,2,1,1,1.0,1
mqtt_preprocessed_v2.csv,5885,2,1,1,1.0,1
mqtt_preprocessed_v2.csv,5886,2,1,1,1.0,1
mqtt_preprocessed_v2.csv,5887,2,1,1,1.0,1
mqtt_preprocessed_v2.csv,5888,2,1,1,1.0,1
mqtt_preprocessed_v2.csv,5889,2,1,1,1.0,1
mqtt_preprocessed_v2.csv,5890,2,1,1,1.0,1
mqtt_preprocessed_v2.csv,5891,2,1,1,1.0,1
mqtt_preprocessed_v2.csv,5892,2,1,1,1.0,1
mqtt_preprocessed_v2.csv,5893,2,1,1,1.0,1
mqtt_preprocessed_v2.csv,5894,2,1,1,1.0,1
mqtt_preprocessed_v2.csv,5895,2,1,1,1.0,1
mqtt_preprocessed_v2.csv,5896,2,1,1,1.0,1
mqtt_preprocessed_v2.csv,5897,2,1,1,1.0,1
mqtt_preprocessed_v2.csv,5898,2,1,1,1.0,1
mqtt_preprocessed_v2.csv,5899,2,1,1,1.0,1
mqtt_preprocessed_v2.csv,5900,3,1,1,1.0,1
mqtt_preprocessed_v2.csv,5901,3,1,1,1.0,1
mqtt_preprocessed_v2.csv,5902,3,1,1,0.9999934434890747,1
mqtt_preprocessed_v2.csv,5903,3,1,1,0.9914137125015259,1
mqtt_preprocessed_v2.csv,5904,3,1,1,0.9917871356010437,1
mqtt_preprocessed_v2.csv,5905,3,1,1,0.9999879598617554,1
mqtt_preprocessed_v2.csv,5906,3,1,1,1.0,1
mqtt_preprocessed_v2.csv,5907,3,1,1,0.9999853372573853,1
mqtt_preprocessed_v2.csv,5908,3,1,1,1.0,1
mqtt_preprocessed_v2.csv,5909,3,1,1,0.99513840675354,1
mqtt_preprocessed_v2.csv,5910,3,1,1,0.999983549118042,1
mqtt_preprocessed_v2.csv,5911,3,1,1,1.0,1
mqtt_preprocessed_v2.csv,5912,3,1,1,0.9999871253967285,1
mqtt_preprocessed_v2.csv,5913,3,1,1,0.9999880790710449,1
mqtt_preprocessed_v2.csv,5914,3,1,1,0.9999680519104004,1
mqtt_preprocessed_v2.csv,5915,3,1,1,0.9999680519104004,1
mqtt_preprocessed_v2.csv,5916,3,1,1,0.9999836683273315,1
mqtt_preprocessed_v2.csv,5917,3,1,1,0.9951463341712952,1
mqtt_preprocessed_v2.csv,5918,3,1,1,1.0,1
mqtt_preprocessed_v2.csv,5919,3,1,1,0.9999934434890747,1
mqtt_preprocessed_v2.csv,5920,3,1,1,0.9999837875366211,1
mqtt_preprocessed_v2.csv,5921,3,1,1,1.0,1
mqtt_preprocessed_v2.csv,5922,3,1,1,1.0,1
mqtt_preprocessed_v2.csv,5923,3,1,1,0.9999858140945435,1
mqtt_preprocessed_v2.csv,5924,3,1,1,0.9999871253967285,1
mqtt_preprocessed_v2.csv,5925,3,1,1,0.9951294660568237,1
mqtt_preprocessed_v2.csv,5926,3,1,1,1.0,1
mqtt_preprocessed_v2.csv,5927,3,1,1,0.9951522350311279,1
mqtt_preprocessed_v2.csv,5928,3,1,1,1.0,1
mqtt_preprocessed_v2.csv,5929,3,1,1,1.0,1
mqtt_preprocessed_v2.csv,5930,3,1,1,0.9999934434890747,1
mqtt_preprocessed_v2.csv,5931,3,1,1,0.9999876022338867,1
mqtt_preprocessed_v2.csv,5932,3,1,1,1.0,1
mqtt_preprocessed_v2.csv,5933,3,1,1,1.0,1
mqtt_preprocessed_v2.csv,5934,3,1,1,0.999992847442627,1
mqtt_preprocessed_v2.csv,5935,3,1,1,0.9999840259552002,1
mqtt_preprocessed_v2.csv,5936,3,1,1,0.9999934434890747,1
mqtt_preprocessed_v2.csv,5937,3,1,1,0.9999934434890747,1
mqtt_preprocessed_v2.csv,5938,3,1,1,0.9999876022338867,1
mqtt_preprocessed_v2.csv,5939,3,1,1,0.9999927282333374,1
mqtt_preprocessed_v2.csv,5940,3,1,1,0.9999934434890747,1
mqtt_preprocessed_v2.csv,5941,3,1,1,0.9668066501617432,1
mqtt_preprocessed_v2.csv,5942,3,1,1,0.9999935626983643,1
mqtt_preprocessed_v2.csv,5943,3,1,1,0.9999839067459106,1
mqtt_preprocessed_v2.csv,5944,3,1,1,0.9999837875366211,1
mqtt_preprocessed_v2.csv,5945,3,1,1,0.9918022751808167,1
mqtt_preprocessed_v2.csv,5946,3,1,1,0.9999934434890747,1
mqtt_preprocessed_v2.csv,5947,3,1,1,0.9999933242797852,1
mqtt_preprocessed_v2.csv,5948,3,1,1,0.9895471334457397,1
mqtt_preprocessed_v2.csv,5949,3,1,1,0.9999934434890747,1
mqtt_preprocessed_v2.csv,5950,4,1,1,1.0,1
mqtt_preprocessed_v2.csv,5951,4,1,1,1.0,1
mqtt_preprocessed_v2.csv,5952,4,1,1,1.0,1
mqtt_preprocessed_v2.csv,5953,4,1,1,1.0,1
mqtt_preprocessed_v2.csv,5954,4,1,1,0.9999997615814209,1
mqtt_preprocessed_v2.csv,5955,4,1,1,1.0,1
mqtt_preprocessed_v2.csv,5956,4,1,1,1.0,1
mqtt_preprocessed_v2.csv,5957,4,1,1,1.0,1
mqtt_preprocessed_v2.csv,5958,4,1,1,1.0,1
mqtt_preprocessed_v2.csv,5959,4,1,1,1.0,1
mqtt_preprocessed_v2.csv,5960,4,1,1,1.0,1
mqtt_preprocessed_v2.csv,5961,4,1,1,1.0,1
mqtt_preprocessed_v2.csv,5962,4,1,1,1.0,1
mqtt_preprocessed_v2.csv,5963,4,1,1,1.0,1
mqtt_preprocessed_v2.csv,5964,4,1,1,1.0,1
mqtt_preprocessed_v2.csv,5965,4,1,1,1.0,1
mqtt_preprocessed_v2.csv,5966,4,1,1,1.0,1
mqtt_preprocessed_v2.csv,5967,4,1,1,0.9997369647026062,1
mqtt_preprocessed_v2.csv,5968,4,1,1,1.0,1
mqtt_preprocessed_v2.csv,5969,4,1,1,0.9999997615814209,1
mqtt_preprocessed_v2.csv,5970,4,1,1,0.9999756813049316,1
mqtt_preprocessed_v2.csv,5971,4,1,1,1.0,1
mqtt_preprocessed_v2.csv,5972,4,1,1,1.0,1
mqtt_preprocessed_v2.csv,5973,4,1,1,1.0,1
mqtt_preprocessed_v2.csv,5974,4,1,1,1.0,1
mqtt_preprocessed_v2.csv,5975,4,1,1,1.0,1
mqtt_preprocessed_v2.csv,5976,4,1,1,0.9999821186065674,1
mqtt_preprocessed_v2.csv,5977,4,1,1,1.0,1
mqtt_preprocessed_v2.csv,5978,4,1,1,1.0,1
mqtt_preprocessed_v2.csv,5979,4,1,1,1.0,1
mqtt_preprocessed_v2.csv,5980,4,1,1,1.0,1
mqtt_preprocessed_v2.csv,5981,4,1,1,1.0,1
mqtt_preprocessed_v2.csv,5982,4,1,1,1.0,1
mqtt_preprocessed_v2.csv,5983,4,1,1,1.0,1
mqtt_preprocessed_v2.csv,5984,4,1,1,0.9998854398727417,1
mqtt_preprocessed_v2.csv,5985,4,1,1,1.0,1
mqtt_preprocessed_v2.csv,5986,4,1,1,1.0,1
mqtt_preprocessed_v2.csv,5987,4,1,1,1.0,1
mqtt_preprocessed_v2.csv,5988,4,1,1,1.0,1
mqtt_preprocessed_v2.csv,5989,4,1,1,1.0,1
mqtt_preprocessed_v2.csv,5990,4,1,1,1.0,1
mqtt_preprocessed_v2.csv,5991,4,1,1,1.0,1
mqtt_preprocessed_v2.csv,5992,4,1,1,1.0,1
mqtt_preprocessed_v2.csv,5993,4,1,1,1.0,1
mqtt_preprocessed_v2.csv,5994,4,1,1,1.0,1
mqtt_preprocessed_v2.csv,5995,4,1,1,1.0,1
mqtt_preprocessed_v2.csv,5996,4,1,1,1.0,1
mqtt_preprocessed_v2.csv,5997,4,1,1,1.0,1
mqtt_preprocessed_v2.csv,5998,4,1,1,1.0,1
mqtt_preprocessed_v2.csv,5999,4,1,1,1.0,1
mqtt_preprocessed_v2.csv,6000,4,1,1,1.0,1
mqtt_preprocessed_v2.csv,6001,4,1,1,1.0,1
mqtt_preprocessed_v2.csv,6002,4,1,1,1.0,1
mqtt_preprocessed_v2.csv,6003,4,1,1,1.0,1
mqtt_preprocessed_v2.csv,6004,4,1,1,1.0,1
mqtt_preprocessed_v2.csv,6005,4,1,1,1.0,1
mqtt_preprocessed_v2.csv,6006,4,1,1,1.0,1
mqtt_preprocessed_v2.csv,6007,4,1,1,1.0,1
mqtt_preprocessed_v2.csv,6008,4,1,1,1.0,1
mqtt_preprocessed_v2.csv,6009,4,1,1,1.0,1
mqtt_preprocessed_v2.csv,6010,4,1,1,1.0,1
mqtt_preprocessed_v2.csv,6011,4,1,1,1.0,1
mqtt_preprocessed_v2.csv,6012,4,1,1,1.0,1
mqtt_preprocessed_v2.csv,6013,4,1,1,1.0,1
mqtt_preprocessed_v2.csv,6014,4,1,1,1.0,1
mqtt_preprocessed_v2.csv,6015,4,1,1,1.0,1
mqtt_preprocessed_v2.csv,6016,4,1,1,1.0,1
mqtt_preprocessed_v2.csv,6017,4,1,1,1.0,1
mqtt_preprocessed_v2.csv,6018,4,1,1,1.0,1
mqtt_preprocessed_v2.csv,6019,4,1,1,1.0,1
mqtt_preprocessed_v2.csv,6020,4,1,1,1.0,1
mqtt_preprocessed_v2.csv,6021,4,1,1,1.0,1
mqtt_preprocessed_v2.csv,6022,4,1,1,1.0,1
mqtt_preprocessed_v2.csv,6023,4,1,1,1.0,1
mqtt_preprocessed_v2.csv,6024,4,1,1,1.0,1
mqtt_preprocessed_v2.csv,6025,4,1,1,1.0,1
mqtt_preprocessed_v2.csv,6026,4,1,1,1.0,1
mqtt_preprocessed_v2.csv,6027,4,1,1,1.0,1
mqtt_preprocessed_v2.csv,6028,4,1,1,1.0,1
mqtt_preprocessed_v2.csv,6029,4,1,1,1.0,1
mqtt_preprocessed_v2.csv,6030,4,1,1,1.0,1
mqtt_preprocessed_v2.csv,6031,4,1,1,1.0,1
mqtt_preprocessed_v2.csv,6032,4,1,1,1.0,1
mqtt_preprocessed_v2.csv,6033,4,1,1,1.0,1
mqtt_preprocessed_v2.csv,6034,4,1,1,1.0,1
mqtt_preprocessed_v2.csv,6035,4,1,1,1.0,1
mqtt_preprocessed_v2.csv,6036,4,1,1,1.0,1
mqtt_preprocessed_v2.csv,6037,4,1,1,1.0,1
mqtt_preprocessed_v2.csv,6038,4,1,1,1.0,1
mqtt_preprocessed_v2.csv,6039,4,1,1,1.0,1
mqtt_preprocessed_v2.csv,6040,4,1,1,1.0,1
mqtt_preprocessed_v2.csv,6041,4,1,1,1.0,1
mqtt_preprocessed_v2.csv,6042,4,1,1,1.0,1
mqtt_preprocessed_v2.csv,6043,4,1,1,1.0,1
mqtt_preprocessed_v2.csv,6044,4,1,1,1.0,1
mqtt_preprocessed_v2.csv,6045,4,1,1,1.0,1
mqtt_preprocessed_v2.csv,6046,4,1,1,1.0,1
mqtt_preprocessed_v2.csv,6047,4,1,1,1.0,1
mqtt_preprocessed_v2.csv,6048,4,1,1,1.0,1
mqtt_preprocessed_v2.csv,6049,4,1,1,1.0,1
mqtt_preprocessed_v2.csv,6050,4,1,1,1.0,1
mqtt_preprocessed_v2.csv,6051,4,1,1,1.0,1
mqtt_preprocessed_v2.csv,6052,4,1,1,1.0,1
mqtt_preprocessed_v2.csv,6053,4,1,1,1.0,1
mqtt_preprocessed_v2.csv,6054,4,1,1,1.0,1
mqtt_preprocessed_v2.csv,6055,4,1,1,1.0,1
mqtt_preprocessed_v2.csv,6056,4,1,1,1.0,1
mqtt_preprocessed_v2.csv,6057,4,1,1,1.0,1
mqtt_preprocessed_v2.csv,6058,4,1,1,1.0,1
mqtt_preprocessed_v2.csv,6059,4,1,1,1.0,1
mqtt_preprocessed_v2.csv,6060,4,1,1,1.0,1
mqtt_preprocessed_v2.csv,6061,4,1,1,1.0,1
mqtt_preprocessed_v2.csv,6062,4,1,1,1.0,1
mqtt_preprocessed_v2.csv,6063,4,1,1,1.0,1
mqtt_preprocessed_v2.csv,6064,4,1,1,1.0,1
mqtt_preprocessed_v2.csv,6065,4,1,1,1.0,1
mqtt_preprocessed_v2.csv,6066,4,1,1,1.0,1
mqtt_preprocessed_v2.csv,6067,4,1,1,1.0,1
mqtt_preprocessed_v2.csv,6068,4,1,1,1.0,1
mqtt_preprocessed_v2.csv,6069,4,1,1,1.0,1
mqtt_preprocessed_v2.csv,6070,4,1,1,1.0,1
mqtt_preprocessed_v2.csv,6071,4,1,1,1.0,1
mqtt_preprocessed_v2.csv,6072,4,1,1,1.0,1
mqtt_preprocessed_v2.csv,6073,4,1,1,1.0,1
mqtt_preprocessed_v2.csv,6074,4,1,1,1.0,1
mqtt_preprocessed_v2.csv,6075,4,1,1,1.0,1
mqtt_preprocessed_v2.csv,6076,4,1,1,1.0,1
mqtt_preprocessed_v2.csv,6077,4,1,1,1.0,1
mqtt_preprocessed_v2.csv,6078,4,1,1,1.0,1
mqtt_preprocessed_v2.csv,6079,4,1,1,1.0,1
mqtt_preprocessed_v2.csv,6080,4,1,1,1.0,1
mqtt_preprocessed_v2.csv,6081,4,1,1,1.0,1
mqtt_preprocessed_v2.csv,6082,4,1,1,1.0,1
mqtt_preprocessed_v2.csv,6083,4,1,1,1.0,1
mqtt_preprocessed_v2.csv,6084,4,1,1,1.0,1
mqtt_preprocessed_v2.csv,6085,4,1,1,1.0,1
mqtt_preprocessed_v2.csv,6086,4,1,1,1.0,1
mqtt_preprocessed_v2.csv,6087,4,1,1,1.0,1
mqtt_preprocessed_v2.csv,6088,4,1,1,1.0,1
mqtt_preprocessed_v2.csv,6089,4,1,1,1.0,1
mqtt_preprocessed_v2.csv,6090,4,1,1,1.0,1
mqtt_preprocessed_v2.csv,6091,4,1,1,1.0,1
mqtt_preprocessed_v2.csv,6092,4,1,1,1.0,1
mqtt_preprocessed_v2.csv,6093,4,1,1,1.0,1
mqtt_preprocessed_v2.csv,6094,4,1,1,1.0,1
mqtt_preprocessed_v2.csv,6095,4,1,1,1.0,1
mqtt_preprocessed_v2.csv,6096,4,1,1,1.0,1
mqtt_preprocessed_v2.csv,6097,4,1,1,1.0,1
mqtt_preprocessed_v2.csv,6098,4,1,1,1.0,1
mqtt_preprocessed_v2.csv,6099,4,1,1,1.0,1
mqtt_preprocessed_v2.csv,6100,4,1,1,1.0,1
mqtt_preprocessed_v2.csv,6101,4,1,1,1.0,1
mqtt_preprocessed_v2.csv,6102,4,1,1,1.0,1
mqtt_preprocessed_v2.csv,6103,4,1,1,1.0,1
mqtt_preprocessed_v2.csv,6104,4,1,1,1.0,1
mqtt_preprocessed_v2.csv,6105,4,1,1,1.0,1
mqtt_preprocessed_v2.csv,6106,4,1,1,1.0,1
mqtt_preprocessed_v2.csv,6107,4,1,1,1.0,1
mqtt_preprocessed_v2.csv,6108,4,1,1,1.0,1
mqtt_preprocessed_v2.csv,6109,4,1,1,1.0,1
mqtt_preprocessed_v2.csv,6110,4,1,1,1.0,1
mqtt_preprocessed_v2.csv,6111,4,1,1,1.0,1
mqtt_preprocessed_v2.csv,6112,4,1,1,1.0,1
mqtt_preprocessed_v2.csv,6113,4,1,1,1.0,1
mqtt_preprocessed_v2.csv,6114,4,1,1,1.0,1
mqtt_preprocessed_v2.csv,6115,4,1,1,1.0,1
mqtt_preprocessed_v2.csv,6116,4,1,1,1.0,1
mqtt_preprocessed_v2.csv,6117,4,1,1,1.0,1
mqtt_preprocessed_v2.csv,6118,4,1,1,1.0,1
mqtt_preprocessed_v2.csv,6119,4,1,1,1.0,1
mqtt_preprocessed_v2.csv,6120,4,1,1,1.0,1
mqtt_preprocessed_v2.csv,6121,4,1,1,1.0,1
mqtt_preprocessed_v2.csv,6122,4,1,1,1.0,1
mqtt_preprocessed_v2.csv,6123,4,1,1,1.0,1
mqtt_preprocessed_v2.csv,6124,4,1,1,1.0,1
mqtt_preprocessed_v2.csv,6125,4,1,1,1.0,1
mqtt_preprocessed_v2.csv,6126,4,1,1,1.0,1
mqtt_preprocessed_v2.csv,6127,4,1,1,1.0,1
mqtt_preprocessed_v2.csv,6128,4,1,1,1.0,1
mqtt_preprocessed_v2.csv,6129,4,1,1,1.0,1
mqtt_preprocessed_v2.csv,6130,4,1,1,1.0,1
mqtt_preprocessed_v2.csv,6131,4,1,1,1.0,1
mqtt_preprocessed_v2.csv,6132,4,1,1,1.0,1
mqtt_preprocessed_v2.csv,6133,4,1,1,1.0,1
mqtt_preprocessed_v2.csv,6134,4,1,1,1.0,1
mqtt_preprocessed_v2.csv,6135,4,1,1,1.0,1
mqtt_preprocessed_v2.csv,6136,4,1,1,1.0,1
mqtt_preprocessed_v2.csv,6137,4,1,1,1.0,1
mqtt_preprocessed_v2.csv,6138,4,1,1,1.0,1
mqtt_preprocessed_v2.csv,6139,4,1,1,1.0,1
mqtt_preprocessed_v2.csv,6140,4,1,1,1.0,1
mqtt_preprocessed_v2.csv,6141,4,1,1,1.0,1
mqtt_preprocessed_v2.csv,6142,4,1,1,1.0,1
mqtt_preprocessed_v2.csv,6143,4,1,1,1.0,1
mqtt_preprocessed_v2.csv,6144,4,1,1,1.0,1
mqtt_preprocessed_v2.csv,6145,4,1,1,1.0,1
mqtt_preprocessed_v2.csv,6146,4,1,1,1.0,1
mqtt_preprocessed_v2.csv,6147,4,1,1,1.0,1
mqtt_preprocessed_v2.csv,6148,4,1,1,1.0,1
mqtt_preprocessed_v2.csv,6149,4,1,1,1.0,1
mqtt_preprocessed_v2.csv,6150,4,1,1,1.0,1
mqtt_preprocessed_v2.csv,6151,4,1,1,1.0,1
mqtt_preprocessed_v2.csv,6152,4,1,1,1.0,1
mqtt_preprocessed_v2.csv,6153,4,1,1,1.0,1
mqtt_preprocessed_v2.csv,6154,4,1,1,1.0,1
mqtt_preprocessed_v2.csv,6155,4,1,1,1.0,1
mqtt_preprocessed_v2.csv,6156,4,1,1,1.0,1
mqtt_preprocessed_v2.csv,6157,4,1,1,1.0,1
mqtt_preprocessed_v2.csv,6158,4,1,1,1.0,1
mqtt_preprocessed_v2.csv,6159,4,1,1,1.0,1
mqtt_preprocessed_v2.csv,6160,4,1,1,1.0,1
mqtt_preprocessed_v2.csv,6161,4,1,1,1.0,1
mqtt_preprocessed_v2.csv,6162,4,1,1,1.0,1
mqtt_preprocessed_v2.csv,6163,4,1,1,1.0,1
mqtt_preprocessed_v2.csv,6164,4,1,1,1.0,1
mqtt_preprocessed_v2.csv,6165,4,1,1,1.0,1
mqtt_preprocessed_v2.csv,6166,4,1,1,1.0,1
mqtt_preprocessed_v2.csv,6167,4,1,1,1.0,1
mqtt_preprocessed_v2.csv,6168,4,1,1,1.0,1
mqtt_preprocessed_v2.csv,6169,4,1,1,1.0,1
mqtt_preprocessed_v2.csv,6170,4,1,1,1.0,1
mqtt_preprocessed_v2.csv,6171,4,1,1,1.0,1
mqtt_preprocessed_v2.csv,6172,4,1,1,1.0,1
mqtt_preprocessed_v2.csv,6173,4,1,1,1.0,1
mqtt_preprocessed_v2.csv,6174,4,1,1,1.0,1
mqtt_preprocessed_v2.csv,6175,4,1,1,1.0,1
mqtt_preprocessed_v2.csv,6176,4,1,1,1.0,1
mqtt_preprocessed_v2.csv,6177,4,1,1,1.0,1
mqtt_preprocessed_v2.csv,6178,4,1,1,1.0,1
mqtt_preprocessed_v2.csv,6179,4,1,1,1.0,1
mqtt_preprocessed_v2.csv,6180,4,1,1,1.0,1
mqtt_preprocessed_v2.csv,6181,4,1,1,1.0,1
mqtt_preprocessed_v2.csv,6182,4,1,1,1.0,1
mqtt_preprocessed_v2.csv,6183,4,1,1,1.0,1
mqtt_preprocessed_v2.csv,6184,4,1,1,1.0,1
mqtt_preprocessed_v2.csv,6185,4,1,1,1.0,1
mqtt_preprocessed_v2.csv,6186,4,1,1,1.0,1
mqtt_preprocessed_v2.csv,6187,4,1,1,1.0,1
mqtt_preprocessed_v2.csv,6188,4,1,1,1.0,1
mqtt_preprocessed_v2.csv,6189,4,1,1,1.0,1
mqtt_preprocessed_v2.csv,6190,4,1,1,1.0,1
mqtt_preprocessed_v2.csv,6191,4,1,1,1.0,1
mqtt_preprocessed_v2.csv,6192,4,1,1,1.0,1
mqtt_preprocessed_v2.csv,6193,4,1,1,1.0,1
mqtt_preprocessed_v2.csv,6194,4,1,1,1.0,1
mqtt_preprocessed_v2.csv,6195,4,1,1,1.0,1
mqtt_preprocessed_v2.csv,6196,4,1,1,1.0,1
mqtt_preprocessed_v2.csv,6197,4,1,1,1.0,1
mqtt_preprocessed_v2.csv,6198,4,1,1,1.0,1
mqtt_preprocessed_v2.csv,6199,4,1,1,1.0,1
mqtt_preprocessed_v2.csv,6200,4,1,1,1.0,1
mqtt_preprocessed_v2.csv,6201,4,1,1,1.0,1
mqtt_preprocessed_v2.csv,6202,4,1,1,1.0,1
mqtt_preprocessed_v2.csv,6203,4,1,1,1.0,1
mqtt_preprocessed_v2.csv,6204,4,1,1,1.0,1
mqtt_preprocessed_v2.csv,6205,4,1,1,1.0,1
mqtt_preprocessed_v2.csv,6206,4,1,1,1.0,1
mqtt_preprocessed_v2.csv,6207,4,1,1,1.0,1
mqtt_preprocessed_v2.csv,6208,4,1,1,1.0,1
mqtt_preprocessed_v2.csv,6209,4,1,1,1.0,1
mqtt_preprocessed_v2.csv,6210,4,1,1,1.0,1
mqtt_preprocessed_v2.csv,6211,4,1,1,1.0,1
mqtt_preprocessed_v2.csv,6212,4,1,1,1.0,1
mqtt_preprocessed_v2.csv,6213,4,1,1,1.0,1
mqtt_preprocessed_v2.csv,6214,4,1,1,1.0,1
mqtt_preprocessed_v2.csv,6215,4,1,1,1.0,1
mqtt_preprocessed_v2.csv,6216,4,1,1,1.0,1
mqtt_preprocessed_v2.csv,6217,4,1,1,1.0,1
mqtt_preprocessed_v2.csv,6218,4,1,1,1.0,1
mqtt_preprocessed_v2.csv,6219,4,1,1,1.0,1
mqtt_preprocessed_v2.csv,6220,4,1,1,1.0,1
mqtt_preprocessed_v2.csv,6221,4,1,1,1.0,1
mqtt_preprocessed_v2.csv,6222,4,1,1,1.0,1
mqtt_preprocessed_v2.csv,6223,4,1,1,1.0,1
mqtt_preprocessed_v2.csv,6224,4,1,1,0.9969123601913452,1
mqtt_preprocessed_v2.csv,6225,4,1,1,1.0,1
mqtt_preprocessed_v2.csv,6226,4,1,1,1.0,1
mqtt_preprocessed_v2.csv,6227,4,1,1,1.0,1
mqtt_preprocessed_v2.csv,6228,4,1,1,1.0,1
mqtt_preprocessed_v2.csv,6229,4,1,1,1.0,1
mqtt_preprocessed_v2.csv,6230,4,1,1,1.0,1
mqtt_preprocessed_v2.csv,6231,4,1,1,1.0,1
mqtt_preprocessed_v2.csv,6232,4,1,1,1.0,1
mqtt_preprocessed_v2.csv,6233,4,1,1,1.0,1
mqtt_preprocessed_v2.csv,6234,4,1,1,1.0,1
mqtt_preprocessed_v2.csv,6235,4,1,1,1.0,1
mqtt_preprocessed_v2.csv,6236,4,1,1,1.0,1
mqtt_preprocessed_v2.csv,6237,4,1,1,1.0,1
mqtt_preprocessed_v2.csv,6238,4,1,1,1.0,1
mqtt_preprocessed_v2.csv,6239,4,1,1,1.0,1
mqtt_preprocessed_v2.csv,6240,4,1,1,1.0,1
mqtt_preprocessed_v2.csv,6241,4,1,1,1.0,1
mqtt_preprocessed_v2.csv,6242,4,1,1,1.0,1
mqtt_preprocessed_v2.csv,6243,4,1,1,1.0,1
mqtt_preprocessed_v2.csv,6244,4,1,1,1.0,1
mqtt_preprocessed_v2.csv,6245,4,1,1,1.0,1
mqtt_preprocessed_v2.csv,6246,4,1,1,1.0,1
mqtt_preprocessed_v2.csv,6247,4,1,1,1.0,1
mqtt_preprocessed_v2.csv,6248,4,1,1,1.0,1
mqtt_preprocessed_v2.csv,6249,4,1,1,1.0,1
mqtt_preprocessed_v2.csv,6250,4,1,1,1.0,1
mqtt_preprocessed_v2.csv,6251,4,1,1,1.0,1
mqtt_preprocessed_v2.csv,6252,4,1,1,1.0,1
mqtt_preprocessed_v2.csv,6253,4,1,1,1.0,1
mqtt_preprocessed_v2.csv,6254,4,1,1,1.0,1
mqtt_preprocessed_v2.csv,6255,4,1,1,1.0,1
mqtt_preprocessed_v2.csv,6256,4,1,1,1.0,1
mqtt_preprocessed_v2.csv,6257,4,1,1,1.0,1
mqtt_preprocessed_v2.csv,6258,4,1,1,1.0,1
mqtt_preprocessed_v2.csv,6259,4,1,1,1.0,1
mqtt_preprocessed_v2.csv,6260,4,1,1,1.0,1
mqtt_preprocessed_v2.csv,6261,4,1,1,1.0,1
mqtt_preprocessed_v2.csv,6262,4,1,1,1.0,1
mqtt_preprocessed_v2.csv,6263,4,1,1,1.0,1
mqtt_preprocessed_v2.csv,6264,4,1,1,1.0,1
mqtt_preprocessed_v2.csv,6265,4,1,1,1.0,1
mqtt_preprocessed_v2.csv,6266,4,1,1,1.0,1
mqtt_preprocessed_v2.csv,6267,4,1,1,1.0,1
mqtt_preprocessed_v2.csv,6268,4,1,1,1.0,1
mqtt_preprocessed_v2.csv,6269,4,1,1,1.0,1
mqtt_preprocessed_v2.csv,6270,4,1,1,1.0,1
mqtt_preprocessed_v2.csv,6271,4,1,1,1.0,1
mqtt_preprocessed_v2.csv,6272,4,1,1,1.0,1
mqtt_preprocessed_v2.csv,6273,4,1,1,1.0,1
mqtt_preprocessed_v2.csv,6274,4,1,1,1.0,1
mqtt_preprocessed_v2.csv,6275,4,1,1,1.0,1
mqtt_preprocessed_v2.csv,6276,4,1,1,0.9999998807907104,1
mqtt_preprocessed_v2.csv,6277,4,1,1,1.0,1
mqtt_preprocessed_v2.csv,6278,4,1,1,1.0,1
mqtt_preprocessed_v2.csv,6279,4,1,1,1.0,1
mqtt_preprocessed_v2.csv,6280,4,1,1,1.0,1
mqtt_preprocessed_v2.csv,6281,4,1,1,1.0,1
mqtt_preprocessed_v2.csv,6282,4,1,1,1.0,1
mqtt_preprocessed_v2.csv,6283,4,1,1,1.0,1
mqtt_preprocessed_v2.csv,6284,4,1,1,1.0,1
mqtt_preprocessed_v2.csv,6285,4,1,1,1.0,1
mqtt_preprocessed_v2.csv,6286,4,1,1,1.0,1
mqtt_preprocessed_v2.csv,6287,4,1,1,1.0,1
mqtt_preprocessed_v2.csv,6288,4,1,1,1.0,1
mqtt_preprocessed_v2.csv,6289,4,1,1,1.0,1
mqtt_preprocessed_v2.csv,6290,4,1,1,1.0,1
mqtt_preprocessed_v2.csv,6291,4,1,1,1.0,1
mqtt_preprocessed_v2.csv,6292,4,1,1,1.0,1
mqtt_preprocessed_v2.csv,6293,4,1,1,1.0,1
mqtt_preprocessed_v2.csv,6294,4,1,1,1.0,1
mqtt_preprocessed_v2.csv,6295,4,1,1,1.0,1
mqtt_preprocessed_v2.csv,6296,4,1,1,1.0,1
mqtt_preprocessed_v2.csv,6297,4,1,1,1.0,1
mqtt_preprocessed_v2.csv,6298,4,1,1,1.0,1
mqtt_preprocessed_v2.csv,6299,4,1,1,1.0,1
mqtt_preprocessed_v2.csv,6300,4,1,1,1.0,1
mqtt_preprocessed_v2.csv,6301,4,1,1,1.0,1
mqtt_preprocessed_v2.csv,6302,4,1,1,1.0,1
mqtt_preprocessed_v2.csv,6303,4,1,1,1.0,1
mqtt_preprocessed_v2.csv,6304,4,1,1,1.0,1
mqtt_preprocessed_v2.csv,6305,4,1,1,1.0,1
mqtt_preprocessed_v2.csv,6306,4,1,1,1.0,1
mqtt_preprocessed_v2.csv,6307,4,1,1,1.0,1
mqtt_preprocessed_v2.csv,6308,4,1,1,1.0,1
mqtt_preprocessed_v2.csv,6309,4,1,1,1.0,1
mqtt_preprocessed_v2.csv,6310,4,1,1,1.0,1
mqtt_preprocessed_v2.csv,6311,4,1,1,1.0,1
mqtt_preprocessed_v2.csv,6312,4,1,1,1.0,1
mqtt_preprocessed_v2.csv,6313,4,1,1,1.0,1
mqtt_preprocessed_v2.csv,6314,4,1,1,1.0,1
mqtt_preprocessed_v2.csv,6315,4,1,1,1.0,1
mqtt_preprocessed_v2.csv,6316,4,1,1,1.0,1
mqtt_preprocessed_v2.csv,6317,4,1,1,1.0,1
mqtt_preprocessed_v2.csv,6318,4,1,1,1.0,1
mqtt_preprocessed_v2.csv,6319,4,1,1,1.0,1
mqtt_preprocessed_v2.csv,6320,4,1,1,1.0,1
mqtt_preprocessed_v2.csv,6321,4,1,1,1.0,1
mqtt_preprocessed_v2.csv,6322,4,1,1,1.0,1
mqtt_preprocessed_v2.csv,6323,4,1,1,1.0,1
mqtt_preprocessed_v2.csv,6324,4,1,1,1.0,1
mqtt_preprocessed_v2.csv,6325,4,1,1,1.0,1
mqtt_preprocessed_v2.csv,6326,4,1,1,1.0,1
mqtt_preprocessed_v2.csv,6327,4,1,1,1.0,1
mqtt_preprocessed_v2.csv,6328,4,1,1,1.0,1
mqtt_preprocessed_v2.csv,6329,4,1,1,1.0,1
mqtt_preprocessed_v2.csv,6330,4,1,1,1.0,1
mqtt_preprocessed_v2.csv,6331,4,1,1,1.0,1
mqtt_preprocessed_v2.csv,6332,4,1,1,1.0,1
mqtt_preprocessed_v2.csv,6333,4,1,1,1.0,1
mqtt_preprocessed_v2.csv,6334,4,1,1,1.0,1
mqtt_preprocessed_v2.csv,6335,4,1,1,1.0,1
mqtt_preprocessed_v2.csv,6336,4,1,1,1.0,1
mqtt_preprocessed_v2.csv,6337,4,1,1,1.0,1
mqtt_preprocessed_v2.csv,6338,4,1,1,1.0,1
mqtt_preprocessed_v2.csv,6339,4,1,1,1.0,1
mqtt_preprocessed_v2.csv,6340,4,1,1,1.0,1
mqtt_preprocessed_v2.csv,6341,4,1,1,1.0,1
mqtt_preprocessed_v2.csv,6342,4,1,1,1.0,1
mqtt_preprocessed_v2.csv,6343,4,1,1,1.0,1
mqtt_preprocessed_v2.csv,6344,4,1,1,1.0,1
mqtt_preprocessed_v2.csv,6345,4,1,1,1.0,1
mqtt_preprocessed_v2.csv,6346,4,1,1,1.0,1
mqtt_preprocessed_v2.csv,6347,4,1,1,1.0,1
mqtt_preprocessed_v2.csv,6348,4,1,1,1.0,1
mqtt_preprocessed_v2.csv,6349,4,1,1,1.0,1
mqtt_preprocessed_v2.csv,6350,4,1,1,1.0,1
mqtt_preprocessed_v2.csv,6351,4,1,1,1.0,1
mqtt_preprocessed_v2.csv,6352,4,1,1,1.0,1
mqtt_preprocessed_v2.csv,6353,4,1,1,1.0,1
mqtt_preprocessed_v2.csv,6354,4,1,1,1.0,1
mqtt_preprocessed_v2.csv,6355,4,1,1,1.0,1
mqtt_preprocessed_v2.csv,6356,4,1,1,1.0,1
mqtt_preprocessed_v2.csv,6357,4,1,1,1.0,1
mqtt_preprocessed_v2.csv,6358,4,1,1,1.0,1
mqtt_preprocessed_v2.csv,6359,4,1,1,1.0,1
mqtt_preprocessed_v2.csv,6360,4,1,1,1.0,1
mqtt_preprocessed_v2.csv,6361,4,1,1,1.0,1
mqtt_preprocessed_v2.csv,6362,4,1,1,1.0,1
mqtt_preprocessed_v2.csv,6363,4,1,1,1.0,1
mqtt_preprocessed_v2.csv,6364,4,1,1,1.0,1
mqtt_preprocessed_v2.csv,6365,4,1,1,1.0,1
mqtt_preprocessed_v2.csv,6366,4,1,1,1.0,1
mqtt_preprocessed_v2.csv,6367,4,1,1,1.0,1
mqtt_preprocessed_v2.csv,6368,4,1,1,1.0,1
mqtt_preprocessed_v2.csv,6369,4,1,1,1.0,1
mqtt_preprocessed_v2.csv,6370,4,1,1,1.0,1
mqtt_preprocessed_v2.csv,6371,4,1,1,1.0,1
mqtt_preprocessed_v2.csv,6372,4,1,1,1.0,1
mqtt_preprocessed_v2.csv,6373,4,1,1,1.0,1
mqtt_preprocessed_v2.csv,6374,4,1,1,1.0,1
mqtt_preprocessed_v2.csv,6375,4,1,1,1.0,1
mqtt_preprocessed_v2.csv,6376,4,1,1,1.0,1
mqtt_preprocessed_v2.csv,6377,4,1,1,1.0,1
mqtt_preprocessed_v2.csv,6378,4,1,1,1.0,1
mqtt_preprocessed_v2.csv,6379,4,1,1,1.0,1
mqtt_preprocessed_v2.csv,6380,4,1,1,1.0,1
mqtt_preprocessed_v2.csv,6381,4,1,1,1.0,1
mqtt_preprocessed_v2.csv,6382,4,1,1,1.0,1
mqtt_preprocessed_v2.csv,6383,4,1,1,1.0,1
mqtt_preprocessed_v2.csv,6384,4,1,1,1.0,1
mqtt_preprocessed_v2.csv,6385,4,1,1,1.0,1
mqtt_preprocessed_v2.csv,6386,4,1,1,1.0,1
mqtt_preprocessed_v2.csv,6387,4,1,1,1.0,1
mqtt_preprocessed_v2.csv,6388,4,1,1,1.0,1
mqtt_preprocessed_v2.csv,6389,4,1,1,1.0,1
mqtt_preprocessed_v2.csv,6390,4,1,1,1.0,1
mqtt_preprocessed_v2.csv,6391,4,1,1,1.0,1
mqtt_preprocessed_v2.csv,6392,4,1,1,1.0,1
mqtt_preprocessed_v2.csv,6393,4,1,1,1.0,1
mqtt_preprocessed_v2.csv,6394,4,1,1,1.0,1
mqtt_preprocessed_v2.csv,6395,4,1,1,1.0,1
mqtt_preprocessed_v2.csv,6396,4,1,1,1.0,1
mqtt_preprocessed_v2.csv,6397,4,1,1,1.0,1
mqtt_preprocessed_v2.csv,6398,4,1,1,1.0,1
mqtt_preprocessed_v2.csv,6399,4,1,1,1.0,1
mqtt_preprocessed_v2.csv,6400,4,1,1,1.0,1
mqtt_preprocessed_v2.csv,6401,4,1,1,1.0,1
mqtt_preprocessed_v2.csv,6402,4,1,1,1.0,1
mqtt_preprocessed_v2.csv,6403,4,1,1,1.0,1
mqtt_preprocessed_v2.csv,6404,4,1,1,1.0,1
mqtt_preprocessed_v2.csv,6405,4,1,1,1.0,1
mqtt_preprocessed_v2.csv,6406,4,1,1,1.0,1
mqtt_preprocessed_v2.csv,6407,4,1,1,1.0,1
mqtt_preprocessed_v2.csv,6408,4,1,1,1.0,1
mqtt_preprocessed_v2.csv,6409,4,1,1,1.0,1
mqtt_preprocessed_v2.csv,6410,4,1,1,1.0,1
mqtt_preprocessed_v2.csv,6411,4,1,1,1.0,1
mqtt_preprocessed_v2.csv,6412,4,1,1,1.0,1
mqtt_preprocessed_v2.csv,6413,4,1,1,1.0,1
mqtt_preprocessed_v2.csv,6414,4,1,1,1.0,1
mqtt_preprocessed_v2.csv,6415,4,1,1,1.0,1
mqtt_preprocessed_v2.csv,6416,4,1,1,1.0,1
mqtt_preprocessed_v2.csv,6417,4,1,1,1.0,1
mqtt_preprocessed_v2.csv,6418,4,1,1,1.0,1
mqtt_preprocessed_v2.csv,6419,4,1,1,1.0,1
mqtt_preprocessed_v2.csv,6420,4,1,1,1.0,1
mqtt_preprocessed_v2.csv,6421,4,1,1,1.0,1
mqtt_preprocessed_v2.csv,6422,4,1,1,1.0,1
mqtt_preprocessed_v2.csv,6423,4,1,1,1.0,1
mqtt_preprocessed_v2.csv,6424,4,1,1,1.0,1
mqtt_preprocessed_v2.csv,6425,4,1,1,1.0,1
mqtt_preprocessed_v2.csv,6426,4,1,1,1.0,1
mqtt_preprocessed_v2.csv,6427,4,1,1,1.0,1
mqtt_preprocessed_v2.csv,6428,4,1,1,1.0,1
mqtt_preprocessed_v2.csv,6429,4,1,1,1.0,1
mqtt_preprocessed_v2.csv,6430,4,1,1,1.0,1
mqtt_preprocessed_v2.csv,6431,4,1,1,1.0,1
mqtt_preprocessed_v2.csv,6432,4,1,1,1.0,1
mqtt_preprocessed_v2.csv,6433,4,1,1,1.0,1
mqtt_preprocessed_v2.csv,6434,4,1,1,1.0,1
mqtt_preprocessed_v2.csv,6435,4,1,1,1.0,1
mqtt_preprocessed_v2.csv,6436,4,1,1,1.0,1
mqtt_preprocessed_v2.csv,6437,4,1,1,1.0,1
mqtt_preprocessed_v2.csv,6438,4,1,1,1.0,1
mqtt_preprocessed_v2.csv,6439,4,1,1,1.0,1
mqtt_preprocessed_v2.csv,6440,4,1,1,1.0,1
mqtt_preprocessed_v2.csv,6441,4,1,1,1.0,1
mqtt_preprocessed_v2.csv,6442,4,1,1,1.0,1
mqtt_preprocessed_v2.csv,6443,4,1,1,1.0,1
mqtt_preprocessed_v2.csv,6444,4,1,1,1.0,1
mqtt_preprocessed_v2.csv,6445,4,1,1,1.0,1
mqtt_preprocessed_v2.csv,6446,4,1,1,1.0,1
mqtt_preprocessed_v2.csv,6447,4,1,1,1.0,1
mqtt_preprocessed_v2.csv,6448,4,1,1,1.0,1
mqtt_preprocessed_v2.csv,6449,4,1,1,1.0,1
mqtt_preprocessed_v2.csv,6450,5,1,1,1.0,1
mqtt_preprocessed_v2.csv,6451,5,1,1,1.0,1
mqtt_preprocessed_v2.csv,6452,5,1,1,1.0,1
mqtt_preprocessed_v2.csv,6453,5,1,1,1.0,1
mqtt_preprocessed_v2.csv,6454,5,1,1,1.0,1
mqtt_preprocessed_v2.csv,6455,5,1,1,1.0,1
mqtt_preprocessed_v2.csv,6456,5,1,1,1.0,1
mqtt_preprocessed_v2.csv,6457,5,1,1,1.0,1
mqtt_preprocessed_v2.csv,6458,5,1,1,1.0,1
mqtt_preprocessed_v2.csv,6459,5,1,1,1.0,1
mqtt_preprocessed_v2.csv,6460,5,1,1,1.0,1
mqtt_preprocessed_v2.csv,6461,5,1,1,1.0,1
mqtt_preprocessed_v2.csv,6462,5,1,1,1.0,1
mqtt_preprocessed_v2.csv,6463,5,1,1,1.0,1
mqtt_preprocessed_v2.csv,6464,5,1,1,1.0,1
mqtt_preprocessed_v2.csv,6465,5,1,1,1.0,1
mqtt_preprocessed_v2.csv,6466,5,1,1,1.0,1
mqtt_preprocessed_v2.csv,6467,5,1,1,1.0,1
mqtt_preprocessed_v2.csv,6468,5,1,1,1.0,1
mqtt_preprocessed_v2.csv,6469,5,1,1,1.0,1
mqtt_preprocessed_v2.csv,6470,5,1,1,1.0,1
mqtt_preprocessed_v2.csv,6471,5,1,1,1.0,1
mqtt_preprocessed_v2.csv,6472,5,1,1,1.0,1
mqtt_preprocessed_v2.csv,6473,5,1,1,1.0,1
mqtt_preprocessed_v2.csv,6474,5,1,1,1.0,1
mqtt_preprocessed_v2.csv,6475,5,1,1,1.0,1
mqtt_preprocessed_v2.csv,6476,5,1,1,1.0,1
mqtt_preprocessed_v2.csv,6477,5,1,1,1.0,1
mqtt_preprocessed_v2.csv,6478,5,1,1,1.0,1
mqtt_preprocessed_v2.csv,6479,5,1,1,1.0,1
mqtt_preprocessed_v2.csv,6480,5,1,1,1.0,1
mqtt_preprocessed_v2.csv,6481,5,1,1,1.0,1
mqtt_preprocessed_v2.csv,6482,5,1,1,1.0,1
mqtt_preprocessed_v2.csv,6483,5,1,1,1.0,1
mqtt_preprocessed_v2.csv,6484,5,1,1,1.0,1
mqtt_preprocessed_v2.csv,6485,5,1,1,1.0,1
mqtt_preprocessed_v2.csv,6486,5,1,1,1.0,1
mqtt_preprocessed_v2.csv,6487,5,1,1,1.0,1
mqtt_preprocessed_v2.csv,6488,5,1,1,1.0,1
mqtt_preprocessed_v2.csv,6489,5,1,1,1.0,1
mqtt_preprocessed_v2.csv,6490,5,1,1,1.0,1
mqtt_preprocessed_v2.csv,6491,5,1,1,1.0,1
mqtt_preprocessed_v2.csv,6492,5,1,1,1.0,1
mqtt_preprocessed_v2.csv,6493,5,1,1,1.0,1
mqtt_preprocessed_v2.csv,6494,5,1,1,1.0,1
mqtt_preprocessed_v2.csv,6495,5,1,1,1.0,1
mqtt_preprocessed_v2.csv,6496,5,1,1,1.0,1
mqtt_preprocessed_v2.csv,6497,5,1,1,1.0,1
mqtt_preprocessed_v2.csv,6498,5,1,1,1.0,1
mqtt_preprocessed_v2.csv,6499,5,1,1,1.0,1
mqtt_preprocessed_v2.csv,6500,6,1,1,0.9993207454681396,1
mqtt_preprocessed_v2.csv,6501,6,1,1,0.9995717406272888,1
mqtt_preprocessed_v2.csv,6502,6,1,1,0.999171257019043,1
mqtt_preprocessed_v2.csv,6503,6,1,1,0.9995927214622498,1
mqtt_preprocessed_v2.csv,6504,6,1,1,0.9995930790901184,1
mqtt_preprocessed_v2.csv,6505,6,1,1,0.9971755743026733,1
mqtt_preprocessed_v2.csv,6506,6,1,1,0.999942421913147,1
mqtt_preprocessed_v2.csv,6507,6,1,1,0.9997586607933044,1
mqtt_preprocessed_v2.csv,6508,6,1,1,0.9999822378158569,1
mqtt_preprocessed_v2.csv,6509,6,1,1,0.9995392560958862,1
mqtt_preprocessed_v2.csv,6510,6,1,1,0.9999276399612427,1
mqtt_preprocessed_v2.csv,6511,6,1,1,0.9922621250152588,1
mqtt_preprocessed_v2.csv,6512,6,1,1,0.9997904896736145,1
mqtt_preprocessed_v2.csv,6513,6,1,1,0.9998306035995483,1
mqtt_preprocessed_v2.csv,6514,6,1,1,0.9998099207878113,1
mqtt_preprocessed_v2.csv,6515,6,1,1,0.9988285899162292,1
mqtt_preprocessed_v2.csv,6516,6,1,1,0.9996343851089478,1
mqtt_preprocessed_v2.csv,6517,6,1,1,0.9999517202377319,1
mqtt_preprocessed_v2.csv,6518,6,1,1,0.999832272529602,1
mqtt_preprocessed_v2.csv,6519,6,1,1,0.9994139671325684,1
mqtt_preprocessed_v2.csv,6520,6,1,1,0.9999057054519653,1
mqtt_preprocessed_v2.csv,6521,6,1,1,0.9988358616828918,1
mqtt_preprocessed_v2.csv,6522,6,1,1,0.9989134073257446,1
mqtt_preprocessed_v2.csv,6523,6,1,1,0.999977707862854,1
mqtt_preprocessed_v2.csv,6524,6,1,1,0.999470055103302,1
mqtt_preprocessed_v2.csv,6525,6,1,1,0.999068558216095,1
mqtt_preprocessed_v2.csv,6526,6,1,1,0.9997902512550354,1
mqtt_preprocessed_v2.csv,6527,6,1,1,0.9799678325653076,1
mqtt_preprocessed_v2.csv,6528,6,1,1,0.9999289512634277,1
mqtt_preprocessed_v2.csv,6529,6,1,1,0.9972291588783264,1
mqtt_preprocessed_v2.csv,6530,6,1,1,0.9986091256141663,1
mqtt_preprocessed_v2.csv,6531,6,1,1,0.999546229839325,1
mqtt_preprocessed_v2.csv,6532,6,1,1,0.9998588562011719,1
mqtt_preprocessed_v2.csv,6533,6,1,1,0.9999769926071167,1
mqtt_preprocessed_v2.csv,6534,6,1,1,0.9990217685699463,1
mqtt_preprocessed_v2.csv,6535,6,1,1,0.9986794590950012,1
mqtt_preprocessed_v2.csv,6536,6,1,1,0.9999288320541382,1
mqtt_preprocessed_v2.csv,6537,6,1,1,0.9997109770774841,1
mqtt_preprocessed_v2.csv,6538,6,1,1,0.9997164607048035,1
mqtt_preprocessed_v2.csv,6539,6,1,1,0.9999287128448486,1
mqtt_preprocessed_v2.csv,6540,6,1,1,0.9998737573623657,1
mqtt_preprocessed_v2.csv,6541,6,1,1,0.999715268611908,1
mqtt_preprocessed_v2.csv,6542,6,1,1,0.9989650249481201,1
mqtt_preprocessed_v2.csv,6543,6,1,1,0.9992121458053589,1
mqtt_preprocessed_v2.csv,6544,6,1,1,0.999018669128418,1
mqtt_preprocessed_v2.csv,6545,6,1,1,0.9985179305076599,1
mqtt_preprocessed_v2.csv,6546,6,1,1,0.9999847412109375,1
mqtt_preprocessed_v2.csv,6547,6,1,1,0.9991058707237244,1
mqtt_preprocessed_v2.csv,6548,6,1,1,0.9994248151779175,1
mqtt_preprocessed_v2.csv,6549,6,1,1,0.9973711967468262,1
mqtt_preprocessed_v2.csv,6550,6,1,1,1.0,1
mqtt_preprocessed_v2.csv,6551,6,1,1,0.9999991655349731,1
mqtt_preprocessed_v2.csv,6552,6,1,1,1.0,1
mqtt_preprocessed_v2.csv,6553,6,1,1,1.0,1
mqtt_preprocessed_v2.csv,6554,6,1,1,1.0,1
mqtt_preprocessed_v2.csv,6555,6,1,1,1.0,1
mqtt_preprocessed_v2.csv,6556,6,1,1,0.9999970197677612,1
mqtt_preprocessed_v2.csv,6557,6,1,1,1.0,1
mqtt_preprocessed_v2.csv,6558,6,1,1,1.0,1
mqtt_preprocessed_v2.csv,6559,6,1,1,0.9996435642242432,1
mqtt_preprocessed_v2.csv,6560,6,1,1,0.9999982118606567,1
mqtt_preprocessed_v2.csv,6561,6,1,1,0.9999997615814209,1
mqtt_preprocessed_v2.csv,6562,6,1,1,1.0,1
mqtt_preprocessed_v2.csv,6563,6,1,1,1.0,1
mqtt_preprocessed_v2.csv,6564,6,1,1,1.0,1
mqtt_preprocessed_v2.csv,6565,6,1,1,0.9999998807907104,1
mqtt_preprocessed_v2.csv,6566,6,1,1,1.0,1
mqtt_preprocessed_v2.csv,6567,6,1,1,1.0,1
mqtt_preprocessed_v2.csv,6568,6,1,1,1.0,1
mqtt_preprocessed_v2.csv,6569,6,1,1,1.0,1
mqtt_preprocessed_v2.csv,6570,6,1,1,1.0,1
mqtt_preprocessed_v2.csv,6571,6,1,1,1.0,1
mqtt_preprocessed_v2.csv,6572,6,1,1,0.999919056892395,1
mqtt_preprocessed_v2.csv,6573,6,1,1,1.0,1
mqtt_preprocessed_v2.csv,6574,6,1,1,1.0,1
mqtt_preprocessed_v2.csv,6575,6,1,1,1.0,1
mqtt_preprocessed_v2.csv,6576,6,1,1,1.0,1
mqtt_preprocessed_v2.csv,6577,6,1,1,1.0,1
mqtt_preprocessed_v2.csv,6578,6,1,1,1.0,1
mqtt_preprocessed_v2.csv,6579,6,1,1,1.0,1
mqtt_preprocessed_v2.csv,6580,6,1,1,1.0,1
mqtt_preprocessed_v2.csv,6581,6,1,1,0.9999994039535522,1
mqtt_preprocessed_v2.csv,6582,6,1,1,1.0,1
mqtt_preprocessed_v2.csv,6583,6,1,1,0.9999990463256836,1
mqtt_preprocessed_v2.csv,6584,6,1,1,1.0,1
mqtt_preprocessed_v2.csv,6585,6,1,1,0.9999998807907104,1
mqtt_preprocessed_v2.csv,6586,6,1,1,1.0,1
mqtt_preprocessed_v2.csv,6587,6,1,1,1.0,1
mqtt_preprocessed_v2.csv,6588,6,1,1,1.0,1
mqtt_preprocessed_v2.csv,6589,6,1,1,1.0,1
mqtt_preprocessed_v2.csv,6590,6,1,1,0.9999891519546509,1
mqtt_preprocessed_v2.csv,6591,6,1,1,0.9801002144813538,1
mqtt_preprocessed_v2.csv,6592,6,1,1,0.9999788999557495,1
mqtt_preprocessed_v2.csv,6593,6,1,1,1.0,1
mqtt_preprocessed_v2.csv,6594,6,1,1,0.9982402324676514,1
mqtt_preprocessed_v2.csv,6595,6,1,1,0.9999998807907104,1
mqtt_preprocessed_v2.csv,6596,6,1,1,1.0,1
mqtt_preprocessed_v2.csv,6597,6,1,1,0.9977079629898071,1
mqtt_preprocessed_v2.csv,6598,6,1,1,0.9999790191650391,1
mqtt_preprocessed_v2.csv,6599,6,1,1,1.0,1
mqtt_preprocessed_v2.csv,6600,6,1,1,1.0,1
mqtt_preprocessed_v2.csv,6601,6,1,1,0.9999997615814209,1
mqtt_preprocessed_v2.csv,6602,6,1,1,0.9879507422447205,1
mqtt_preprocessed_v2.csv,6603,6,1,1,0.9993858337402344,1
mqtt_preprocessed_v2.csv,6604,6,1,1,1.0,1
mqtt_preprocessed_v2.csv,6605,6,1,1,1.0,1
mqtt_preprocessed_v2.csv,6606,6,1,1,1.0,1
mqtt_preprocessed_v2.csv,6607,6,1,1,0.9998086094856262,1
mqtt_preprocessed_v2.csv,6608,6,1,1,1.0,1
mqtt_preprocessed_v2.csv,6609,6,1,1,1.0,1
mqtt_preprocessed_v2.csv,6610,6,1,1,0.9985206723213196,1
mqtt_preprocessed_v2.csv,6611,6,1,1,1.0,1
mqtt_preprocessed_v2.csv,6612,6,1,1,1.0,1
mqtt_preprocessed_v2.csv,6613,6,1,1,0.9989355206489563,1
mqtt_preprocessed_v2.csv,6614,6,1,1,0.9990482926368713,1
mqtt_preprocessed_v2.csv,6615,6,1,1,0.9953254461288452,1
mqtt_preprocessed_v2.csv,6616,6,1,1,1.0,1
mqtt_preprocessed_v2.csv,6617,6,1,1,1.0,1
mqtt_preprocessed_v2.csv,6618,6,1,1,0.9988453388214111,1
mqtt_preprocessed_v2.csv,6619,6,1,1,1.0,1
mqtt_preprocessed_v2.csv,6620,6,1,1,0.9988237023353577,1
mqtt_preprocessed_v2.csv,6621,6,1,1,0.9997968077659607,1
mqtt_preprocessed_v2.csv,6622,6,1,1,1.0,1
mqtt_preprocessed_v2.csv,6623,6,1,1,1.0,1
mqtt_preprocessed_v2.csv,6624,6,1,1,1.0,1
mqtt_preprocessed_v2.csv,6625,6,1,1,1.0,1
mqtt_preprocessed_v2.csv,6626,6,1,1,1.0,1
mqtt_preprocessed_v2.csv,6627,6,1,1,0.9879562258720398,1
mqtt_preprocessed_v2.csv,6628,6,1,1,1.0,1
mqtt_preprocessed_v2.csv,6629,6,1,1,1.0,1
mqtt_preprocessed_v2.csv,6630,6,1,1,1.0,1
mqtt_preprocessed_v2.csv,6631,6,1,1,0.9997782111167908,1
mqtt_preprocessed_v2.csv,6632,6,1,1,1.0,1
mqtt_preprocessed_v2.csv,6633,6,1,1,0.9996898174285889,1
mqtt_preprocessed_v2.csv,6634,6,1,1,1.0,1
mqtt_preprocessed_v2.csv,6635,6,1,1,1.0,1
mqtt_preprocessed_v2.csv,6636,6,1,1,0.9988523721694946,1
mqtt_preprocessed_v2.csv,6637,6,1,1,1.0,1
mqtt_preprocessed_v2.csv,6638,6,1,1,1.0,1
mqtt_preprocessed_v2.csv,6639,6,1,1,0.9999998807907104,1
mqtt_preprocessed_v2.csv,6640,6,1,1,0.9999996423721313,1
mqtt_preprocessed_v2.csv,6641,6,1,1,0.9999996423721313,1
mqtt_preprocessed_v2.csv,6642,6,1,1,1.0,1
mqtt_preprocessed_v2.csv,6643,6,1,1,1.0,1
mqtt_preprocessed_v2.csv,6644,6,1,1,1.0,1
mqtt_preprocessed_v2.csv,6645,6,1,1,0.9969326257705688,1
mqtt_preprocessed_v2.csv,6646,6,1,1,1.0,1
mqtt_preprocessed_v2.csv,6647,6,1,1,0.9999995231628418,1
mqtt_preprocessed_v2.csv,6648,6,1,1,0.9990498423576355,1
mqtt_preprocessed_v2.csv,6649,6,1,1,1.0,1
mqtt_preprocessed_v2.csv,6670,8,1,1,0.9999916553497314,1
mqtt_preprocessed_v2.csv,6671,8,1,1,0.9999896287918091,1
mqtt_preprocessed_v2.csv,6672,8,1,1,0.9994341731071472,1
mqtt_preprocessed_v2.csv,6673,8,1,1,0.9999909400939941,1
mqtt_preprocessed_v2.csv,6674,8,1,1,0.9999963045120239,1
mqtt_preprocessed_v2.csv,6675,8,1,1,0.999515175819397,1
mqtt_preprocessed_v2.csv,6676,8,1,1,0.9994142055511475,1
mqtt_preprocessed_v2.csv,6677,8,1,1,0.9999922513961792,1
mqtt_preprocessed_v2.csv,6678,8,1,1,0.9999949932098389,1
mqtt_preprocessed_v2.csv,6679,8,1,1,0.9999912977218628,1
mqtt_preprocessed_v2.csv,6680,8,1,1,0.9999945163726807,1
mqtt_preprocessed_v2.csv,6681,8,1,1,0.9999947547912598,1
mqtt_preprocessed_v2.csv,6682,8,1,1,0.9999904632568359,1
mqtt_preprocessed_v2.csv,6683,8,1,1,0.9994484782218933,1
mqtt_preprocessed_v2.csv,6684,8,1,1,0.9999943971633911,1
mqtt_preprocessed_v2.csv,6685,8,1,1,0.9994103908538818,1
mqtt_preprocessed_v2.csv,6686,8,1,1,0.9990726709365845,1
mqtt_preprocessed_v2.csv,6687,8,1,1,0.9999932050704956,1
mqtt_preprocessed_v2.csv,6688,8,1,1,0.999995231628418,1
mqtt_preprocessed_v2.csv,6689,8,1,1,0.999993085861206,1
mqtt_preprocessed_v2.csv,6690,8,1,1,0.999992847442627,1
mqtt_preprocessed_v2.csv,6691,8,1,1,0.9999908208847046,1
mqtt_preprocessed_v2.csv,6692,8,1,1,0.9999934434890747,1
mqtt_preprocessed_v2.csv,6693,8,1,1,0.999993085861206,1
mqtt_preprocessed_v2.csv,6694,8,1,1,0.9999949932098389,1
mqtt_preprocessed_v2.csv,6695,8,1,1,0.9995675683021545,1
mqtt_preprocessed_v2.csv,6696,8,1,1,0.9993653893470764,1
mqtt_preprocessed_v2.csv,6697,8,1,1,0.9995383024215698,1
mqtt_preprocessed_v2.csv,6698,8,1,1,0.9999971389770508,1
mqtt_preprocessed_v2.csv,6699,8,1,1,0.9999936819076538,1
mqtt_preprocessed_v2.csv,6700,8,1,1,0.9999959468841553,1
mqtt_preprocessed_v2.csv,6701,8,1,1,0.9992796778678894,1
mqtt_preprocessed_v2.csv,6702,8,1,1,0.9993439316749573,1
mqtt_preprocessed_v2.csv,6703,8,1,1,0.9992796778678894,1
mqtt_preprocessed_v2.csv,6704,8,1,1,0.9999963045120239,1
mqtt_preprocessed_v2.csv,6705,8,1,1,0.9999963045120239,1
mqtt_preprocessed_v2.csv,6706,8,1,1,0.9999948740005493,1
mqtt_preprocessed_v2.csv,6707,8,1,1,0.9995133876800537,1
mqtt_preprocessed_v2.csv,6708,8,1,1,0.9999935626983643,1
mqtt_preprocessed_v2.csv,6709,8,1,1,0.9999934434890747,1
mqtt_preprocessed_v2.csv,6710,8,1,1,0.9993422627449036,1
mqtt_preprocessed_v2.csv,6711,8,1,1,0.9999934434890747,1
mqtt_preprocessed_v2.csv,6712,8,1,1,0.9999961853027344,1
mqtt_preprocessed_v2.csv,6713,8,1,1,0.9999961853027344,1
mqtt_preprocessed_v2.csv,6714,8,1,1,0.9992596507072449,1
mqtt_preprocessed_v2.csv,6715,8,1,1,0.999727189540863,1
mqtt_preprocessed_v2.csv,6716,8,1,1,0.9999963045120239,1
mqtt_preprocessed_v2.csv,6717,8,1,1,0.999482274055481,1
mqtt_preprocessed_v2.csv,6718,8,1,1,0.9999967813491821,1
mqtt_preprocessed_v2.csv,6719,8,1,1,0.9999961853027344,1
mqtt_preprocessed_v2.csv,6720,8,1,1,1.0,1
mqtt_preprocessed_v2.csv,6721,8,1,1,1.0,1
mqtt_preprocessed_v2.csv,6722,8,1,1,1.0,1
mqtt_preprocessed_v2.csv,6723,8,1,1,1.0,1
mqtt_preprocessed_v2.csv,6724,8,1,1,1.0,1
mqtt_preprocessed_v2.csv,6725,8,1,1,1.0,1
mqtt_preprocessed_v2.csv,6726,8,1,1,1.0,1
mqtt_preprocessed_v2.csv,6727,8,1,1,1.0,1
mqtt_preprocessed_v2.csv,6728,8,1,1,1.0,1
mqtt_preprocessed_v2.csv,6729,8,1,1,1.0,1
mqtt_preprocessed_v2.csv,6730,8,1,1,1.0,1
mqtt_preprocessed_v2.csv,6731,8,1,1,1.0,1
mqtt_preprocessed_v2.csv,6732,8,1,1,1.0,1
mqtt_preprocessed_v2.csv,6733,8,1,1,1.0,1
mqtt_preprocessed_v2.csv,6734,8,1,1,1.0,1
mqtt_preprocessed_v2.csv,6735,8,1,1,1.0,1
mqtt_preprocessed_v2.csv,6736,8,1,1,1.0,1
mqtt_preprocessed_v2.csv,6737,8,1,1,1.0,1
mqtt_preprocessed_v2.csv,6738,8,1,1,1.0,1
mqtt_preprocessed_v2.csv,6739,8,1,1,1.0,1
mqtt_preprocessed_v2.csv,6740,8,1,1,1.0,1
mqtt_preprocessed_v2.csv,6741,8,1,1,1.0,1
mqtt_preprocessed_v2.csv,6742,8,1,1,1.0,1
mqtt_preprocessed_v2.csv,6743,8,1,1,1.0,1
mqtt_preprocessed_v2.csv,6744,8,1,1,1.0,1
mqtt_preprocessed_v2.csv,6745,8,1,1,1.0,1
mqtt_preprocessed_v2.csv,6746,8,1,1,1.0,1
mqtt_preprocessed_v2.csv,6747,8,1,1,1.0,1
mqtt_preprocessed_v2.csv,6748,8,1,1,1.0,1
mqtt_preprocessed_v2.csv,6749,8,1,1,1.0,1
mqtt_preprocessed_v2.csv,6750,8,1,1,1.0,1
mqtt_preprocessed_v2.csv,6751,8,1,1,1.0,1
mqtt_preprocessed_v2.csv,6752,8,1,1,1.0,1
mqtt_preprocessed_v2.csv,6753,8,1,1,1.0,1
mqtt_preprocessed_v2.csv,6754,8,1,1,1.0,1
mqtt_preprocessed_v2.csv,6755,8,1,1,1.0,1
mqtt_preprocessed_v2.csv,6756,8,1,1,1.0,1
mqtt_preprocessed_v2.csv,6757,8,1,1,1.0,1
mqtt_preprocessed_v2.csv,6758,8,1,1,1.0,1
mqtt_preprocessed_v2.csv,6759,8,1,1,1.0,1
mqtt_preprocessed_v2.csv,6760,8,1,1,1.0,1
mqtt_preprocessed_v2.csv,6761,8,1,1,1.0,1
mqtt_preprocessed_v2.csv,6762,8,1,1,1.0,1
mqtt_preprocessed_v2.csv,6763,8,1,1,1.0,1
mqtt_preprocessed_v2.csv,6764,8,1,1,1.0,1
mqtt_preprocessed_v2.csv,6765,8,1,1,1.0,1
mqtt_preprocessed_v2.csv,6766,8,1,1,1.0,1
mqtt_preprocessed_v2.csv,6767,8,1,1,1.0,1
mqtt_preprocessed_v2.csv,6768,8,1,1,1.0,1
mqtt_preprocessed_v2.csv,6769,8,1,1,1.0,1
mqtt_preprocessed_v2.csv,6770,8,1,1,1.0,1
mqtt_preprocessed_v2.csv,6771,8,1,1,1.0,1
mqtt_preprocessed_v2.csv,6772,8,1,1,1.0,1
mqtt_preprocessed_v2.csv,6773,8,1,1,1.0,1
mqtt_preprocessed_v2.csv,6774,8,1,1,1.0,1
mqtt_preprocessed_v2.csv,6775,8,1,1,1.0,1
mqtt_preprocessed_v2.csv,6776,8,1,1,1.0,1
mqtt_preprocessed_v2.csv,6777,8,1,1,1.0,1
mqtt_preprocessed_v2.csv,6778,8,1,1,1.0,1
mqtt_preprocessed_v2.csv,6779,8,1,1,1.0,1
mqtt_preprocessed_v2.csv,6780,8,1,1,1.0,1
mqtt_preprocessed_v2.csv,6781,8,1,1,1.0,1
mqtt_preprocessed_v2.csv,6782,8,1,1,1.0,1
mqtt_preprocessed_v2.csv,6783,8,1,1,1.0,1
mqtt_preprocessed_v2.csv,6784,8,1,1,1.0,1
mqtt_preprocessed_v2.csv,6785,8,1,1,1.0,1
mqtt_preprocessed_v2.csv,6786,8,1,1,1.0,1
mqtt_preprocessed_v2.csv,6787,8,1,1,1.0,1
mqtt_preprocessed_v2.csv,6788,8,1,1,1.0,1
mqtt_preprocessed_v2.csv,6789,8,1,1,1.0,1
mqtt_preprocessed_v2.csv,6790,8,1,1,1.0,1
mqtt_preprocessed_v2.csv,6791,8,1,1,1.0,1
mqtt_preprocessed_v2.csv,6792,8,1,1,1.0,1
mqtt_preprocessed_v2.csv,6793,8,1,1,1.0,1
mqtt_preprocessed_v2.csv,6794,8,1,1,1.0,1
mqtt_preprocessed_v2.csv,6795,8,1,1,1.0,1
mqtt_preprocessed_v2.csv,6796,8,1,1,1.0,1
mqtt_preprocessed_v2.csv,6797,8,1,1,1.0,1
mqtt_preprocessed_v2.csv,6798,8,1,1,1.0,1
mqtt_preprocessed_v2.csv,6799,8,1,1,1.0,1
mqtt_preprocessed_v2.csv,6800,8,1,1,1.0,1
mqtt_preprocessed_v2.csv,6801,8,1,1,1.0,1
mqtt_preprocessed_v2.csv,6802,8,1,1,1.0,1
mqtt_preprocessed_v2.csv,6803,8,1,1,1.0,1
mqtt_preprocessed_v2.csv,6804,8,1,1,1.0,1
mqtt_preprocessed_v2.csv,6805,8,1,1,1.0,1
mqtt_preprocessed_v2.csv,6806,8,1,1,1.0,1
mqtt_preprocessed_v2.csv,6807,8,1,1,1.0,1
mqtt_preprocessed_v2.csv,6808,8,1,1,1.0,1
mqtt_preprocessed_v2.csv,6809,8,1,1,1.0,1
mqtt_preprocessed_v2.csv,6810,8,1,1,1.0,1
mqtt_preprocessed_v2.csv,6811,8,1,1,1.0,1
mqtt_preprocessed_v2.csv,6812,8,1,1,1.0,1
mqtt_preprocessed_v2.csv,6813,8,1,1,1.0,1
mqtt_preprocessed_v2.csv,6814,8,1,1,1.0,1
mqtt_preprocessed_v2.csv,6815,8,1,1,1.0,1
mqtt_preprocessed_v2.csv,6816,8,1,1,1.0,1
mqtt_preprocessed_v2.csv,6817,8,1,1,1.0,1
mqtt_preprocessed_v2.csv,6818,8,1,1,1.0,1
mqtt_preprocessed_v2.csv,6819,8,1,1,1.0,1
mqtt_preprocessed_v2.csv,6820,8,1,1,1.0,1
mqtt_preprocessed_v2.csv,6821,8,1,1,1.0,1
mqtt_preprocessed_v2.csv,6822,8,1,1,1.0,1
mqtt_preprocessed_v2.csv,6823,8,1,1,1.0,1
mqtt_preprocessed_v2.csv,6824,8,1,1,1.0,1
mqtt_preprocessed_v2.csv,6825,8,1,1,1.0,1
mqtt_preprocessed_v2.csv,6826,8,1,1,1.0,1
mqtt_preprocessed_v2.csv,6827,8,1,1,1.0,1
mqtt_preprocessed_v2.csv,6828,8,1,1,1.0,1
mqtt_preprocessed_v2.csv,6829,8,1,1,1.0,1
mqtt_preprocessed_v2.csv,6830,8,1,1,1.0,1
mqtt_preprocessed_v2.csv,6831,8,1,1,1.0,1
mqtt_preprocessed_v2.csv,6832,8,1,1,1.0,1
mqtt_preprocessed_v2.csv,6833,8,1,1,1.0,1
mqtt_preprocessed_v2.csv,6834,8,1,1,1.0,1
mqtt_preprocessed_v2.csv,6835,8,1,1,1.0,1
mqtt_preprocessed_v2.csv,6836,8,1,1,1.0,1
mqtt_preprocessed_v2.csv,6837,8,1,1,1.0,1
mqtt_preprocessed_v2.csv,6838,8,1,1,1.0,1
mqtt_preprocessed_v2.csv,6839,8,1,1,1.0,1
mqtt_preprocessed_v2.csv,6840,8,1,1,1.0,1
mqtt_preprocessed_v2.csv,6841,8,1,1,1.0,1
mqtt_preprocessed_v2.csv,6842,8,1,1,1.0,1
mqtt_preprocessed_v2.csv,6843,8,1,1,1.0,1
mqtt_preprocessed_v2.csv,6844,8,1,1,1.0,1
mqtt_preprocessed_v2.csv,6845,8,1,1,1.0,1
mqtt_preprocessed_v2.csv,6846,8,1,1,1.0,1
mqtt_preprocessed_v2.csv,6847,8,1,1,1.0,1
mqtt_preprocessed_v2.csv,6848,8,1,1,1.0,1
mqtt_preprocessed_v2.csv,6849,8,1,1,1.0,1
mqtt_preprocessed_v2.csv,6850,8,1,1,1.0,1
mqtt_preprocessed_v2.csv,6851,8,1,1,1.0,1
mqtt_preprocessed_v2.csv,6852,8,1,1,1.0,1
mqtt_preprocessed_v2.csv,6853,8,1,1,1.0,1
mqtt_preprocessed_v2.csv,6854,8,1,1,1.0,1
mqtt_preprocessed_v2.csv,6855,8,1,1,1.0,1
mqtt_preprocessed_v2.csv,6856,8,1,1,1.0,1
mqtt_preprocessed_v2.csv,6857,8,1,1,1.0,1
mqtt_preprocessed_v2.csv,6858,8,1,1,1.0,1
mqtt_preprocessed_v2.csv,6859,8,1,1,1.0,1
mqtt_preprocessed_v2.csv,6860,8,1,1,1.0,1
mqtt_preprocessed_v2.csv,6861,8,1,1,1.0,1
mqtt_preprocessed_v2.csv,6862,8,1,1,1.0,1
mqtt_preprocessed_v2.csv,6863,8,1,1,1.0,1
mqtt_preprocessed_v2.csv,6864,8,1,1,1.0,1
mqtt_preprocessed_v2.csv,6865,8,1,1,1.0,1
mqtt_preprocessed_v2.csv,6866,8,1,1,1.0,1
mqtt_preprocessed_v2.csv,6867,8,1,1,1.0,1
mqtt_preprocessed_v2.csv,6868,8,1,1,1.0,1
mqtt_preprocessed_v2.csv,6869,8,1,1,1.0,1
mqtt_preprocessed_v2.csv,6870,9,1,1,1.0,1
mqtt_preprocessed_v2.csv,6871,9,1,1,1.0,1
mqtt_preprocessed_v2.csv,6872,9,1,1,1.0,1
mqtt_preprocessed_v2.csv,6873,9,1,1,1.0,1
mqtt_preprocessed_v2.csv,6874,9,1,1,1.0,1
mqtt_preprocessed_v2.csv,6875,9,1,1,1.0,1
mqtt_preprocessed_v2.csv,6876,9,1,1,1.0,1
mqtt_preprocessed_v2.csv,6877,9,1,1,1.0,1
mqtt_preprocessed_v2.csv,6878,9,1,1,1.0,1
mqtt_preprocessed_v2.csv,6879,9,1,1,1.0,1
mqtt_preprocessed_v2.csv,6880,9,1,1,1.0,1
mqtt_preprocessed_v2.csv,6881,9,1,1,1.0,1
mqtt_preprocessed_v2.csv,6882,9,1,1,1.0,1
mqtt_preprocessed_v2.csv,6883,9,1,1,1.0,1
mqtt_preprocessed_v2.csv,6884,9,1,1,1.0,1
mqtt_preprocessed_v2.csv,6885,9,1,1,1.0,1
mqtt_preprocessed_v2.csv,6886,9,1,1,1.0,1
mqtt_preprocessed_v2.csv,6887,9,1,1,1.0,1
mqtt_preprocessed_v2.csv,6888,9,1,1,1.0,1
mqtt_preprocessed_v2.csv,6889,9,1,1,1.0,1
mqtt_preprocessed_v2.csv,6890,9,1,1,1.0,1
mqtt_preprocessed_v2.csv,6891,9,1,1,1.0,1
mqtt_preprocessed_v2.csv,6892,9,1,1,1.0,1
mqtt_preprocessed_v2.csv,6893,9,1,1,1.0,1
mqtt_preprocessed_v2.csv,6894,9,1,1,1.0,1
mqtt_preprocessed_v2.csv,6895,9,1,1,1.0,1
mqtt_preprocessed_v2.csv,6896,9,1,1,1.0,1
mqtt_preprocessed_v2.csv,6897,9,1,1,1.0,1
mqtt_preprocessed_v2.csv,6898,9,1,1,1.0,1
mqtt_preprocessed_v2.csv,6899,9,1,1,1.0,1
mqtt_preprocessed_v2.csv,6900,9,1,1,1.0,1
mqtt_preprocessed_v2.csv,6901,9,1,1,1.0,1
mqtt_preprocessed_v2.csv,6902,9,1,1,1.0,1
mqtt_preprocessed_v2.csv,6903,9,1,1,1.0,1
mqtt_preprocessed_v2.csv,6904,9,1,1,1.0,1
mqtt_preprocessed_v2.csv,6905,9,1,1,1.0,1
mqtt_preprocessed_v2.csv,6906,9,1,1,1.0,1
mqtt_preprocessed_v2.csv,6907,9,1,1,1.0,1
mqtt_preprocessed_v2.csv,6908,9,1,1,1.0,1
mqtt_preprocessed_v2.csv,6909,9,1,1,1.0,1
mqtt_preprocessed_v2.csv,6910,9,1,1,1.0,1
mqtt_preprocessed_v2.csv,6911,9,1,1,1.0,1
mqtt_preprocessed_v2.csv,6912,9,1,1,1.0,1
mqtt_preprocessed_v2.csv,6913,9,1,1,1.0,1
mqtt_preprocessed_v2.csv,6914,9,1,1,1.0,1
mqtt_preprocessed_v2.csv,6915,9,1,1,1.0,1
mqtt_preprocessed_v2.csv,6916,9,1,1,1.0,1
mqtt_preprocessed_v2.csv,6917,9,1,1,1.0,1
mqtt_preprocessed_v2.csv,6918,9,1,1,1.0,1
mqtt_preprocessed_v2.csv,6919,9,1,1,1.0,1
mqtt_preprocessed_v2.csv,6920,9,1,1,1.0,1
mqtt_preprocessed_v2.csv,6921,9,1,1,1.0,1
mqtt_preprocessed_v2.csv,6922,9,1,1,1.0,1
mqtt_preprocessed_v2.csv,6923,9,1,1,1.0,1
mqtt_preprocessed_v2.csv,6924,9,1,1,1.0,1
mqtt_preprocessed_v2.csv,6925,9,1,1,1.0,1
mqtt_preprocessed_v2.csv,6926,9,1,1,1.0,1
mqtt_preprocessed_v2.csv,6927,9,1,1,1.0,1
mqtt_preprocessed_v2.csv,6928,9,1,1,1.0,1
mqtt_preprocessed_v2.csv,6929,9,1,1,1.0,1
mqtt_preprocessed_v2.csv,6930,9,1,1,1.0,1
mqtt_preprocessed_v2.csv,6931,9,1,1,1.0,1
mqtt_preprocessed_v2.csv,6932,9,1,1,1.0,1
mqtt_preprocessed_v2.csv,6933,9,1,1,1.0,1
mqtt_preprocessed_v2.csv,6934,9,1,1,1.0,1
mqtt_preprocessed_v2.csv,6935,9,1,1,1.0,1
mqtt_preprocessed_v2.csv,6936,9,1,1,1.0,1
mqtt_preprocessed_v2.csv,6937,9,1,1,1.0,1
mqtt_preprocessed_v2.csv,6938,9,1,1,1.0,1
mqtt_preprocessed_v2.csv,6939,9,1,1,1.0,1
mqtt_preprocessed_v2.csv,6940,9,1,1,1.0,1
mqtt_preprocessed_v2.csv,6941,9,1,1,1.0,1
mqtt_preprocessed_v2.csv,6942,9,1,1,1.0,1
mqtt_preprocessed_v2.csv,6943,9,1,1,1.0,1
mqtt_preprocessed_v2.csv,6944,9,1,1,1.0,1
mqtt_preprocessed_v2.csv,6945,9,1,1,1.0,1
mqtt_preprocessed_v2.csv,6946,9,1,1,1.0,1
mqtt_preprocessed_v2.csv,6947,9,1,1,1.0,1
mqtt_preprocessed_v2.csv,6948,9,1,1,1.0,1
mqtt_preprocessed_v2.csv,6949,9,1,1,1.0,1
mqtt_preprocessed_v2.csv,6950,9,1,1,1.0,1
mqtt_preprocessed_v2.csv,6951,9,1,1,1.0,1
mqtt_preprocessed_v2.csv,6952,9,1,1,1.0,1
mqtt_preprocessed_v2.csv,6953,9,1,1,1.0,1
mqtt_preprocessed_v2.csv,6954,9,1,1,1.0,1
mqtt_preprocessed_v2.csv,6955,9,1,1,1.0,1
mqtt_preprocessed_v2.csv,6956,9,1,1,1.0,1
mqtt_preprocessed_v2.csv,6957,9,1,1,1.0,1
mqtt_preprocessed_v2.csv,6958,9,1,1,1.0,1
mqtt_preprocessed_v2.csv,6959,9,1,1,1.0,1
mqtt_preprocessed_v2.csv,6960,9,1,1,1.0,1
mqtt_preprocessed_v2.csv,6961,9,1,1,1.0,1
mqtt_preprocessed_v2.csv,6962,9,1,1,1.0,1
mqtt_preprocessed_v2.csv,6963,9,1,1,1.0,1
mqtt_preprocessed_v2.csv,6964,9,1,1,1.0,1
mqtt_preprocessed_v2.csv,6965,9,1,1,1.0,1
mqtt_preprocessed_v2.csv,6966,9,1,1,1.0,1
mqtt_preprocessed_v2.csv,6967,9,1,1,1.0,1
mqtt_preprocessed_v2.csv,6968,9,1,1,1.0,1
mqtt_preprocessed_v2.csv,6969,9,1,1,1.0,1
mqtt_preprocessed_v2.csv,6970,10,1,1,1.0,1
mqtt_preprocessed_v2.csv,6971,10,1,1,1.0,1
mqtt_preprocessed_v2.csv,6972,10,1,1,1.0,1
mqtt_preprocessed_v2.csv,6973,10,1,1,1.0,1
mqtt_preprocessed_v2.csv,6974,10,1,1,1.0,1
mqtt_preprocessed_v2.csv,6975,10,1,1,1.0,1
mqtt_preprocessed_v2.csv,6976,10,1,1,1.0,1
mqtt_preprocessed_v2.csv,6977,10,1,1,1.0,1
mqtt_preprocessed_v2.csv,6978,10,1,1,1.0,1
mqtt_preprocessed_v2.csv,6979,10,1,1,1.0,1
mqtt_preprocessed_v2.csv,6980,10,1,1,1.0,1
mqtt_preprocessed_v2.csv,6981,10,1,1,1.0,1
mqtt_preprocessed_v2.csv,6982,10,1,1,1.0,1
mqtt_preprocessed_v2.csv,6983,10,1,1,1.0,1
mqtt_preprocessed_v2.csv,6984,10,1,1,1.0,1
mqtt_preprocessed_v2.csv,6985,10,1,1,1.0,1
mqtt_preprocessed_v2.csv,6986,10,1,1,1.0,1
mqtt_preprocessed_v2.csv,6987,10,1,1,1.0,1
mqtt_preprocessed_v2.csv,6988,10,1,1,1.0,1
mqtt_preprocessed_v2.csv,6989,10,1,1,1.0,1
mqtt_preprocessed_v2.csv,6990,10,1,1,1.0,1
mqtt_preprocessed_v2.csv,6991,10,1,1,1.0,1
mqtt_preprocessed_v2.csv,6992,10,1,1,1.0,1
mqtt_preprocessed_v2.csv,6993,10,1,1,1.0,1
mqtt_preprocessed_v2.csv,6994,10,1,1,1.0,1
mqtt_preprocessed_v2.csv,6995,10,1,1,1.0,1
mqtt_preprocessed_v2.csv,6996,10,1,1,1.0,1
mqtt_preprocessed_v2.csv,6997,10,1,1,1.0,1
mqtt_preprocessed_v2.csv,6998,10,1,1,1.0,1
mqtt_preprocessed_v2.csv,6999,10,1,1,1.0,1
mqtt_preprocessed_v2.csv,7000,10,1,1,1.0,1
mqtt_preprocessed_v2.csv,7001,10,1,1,1.0,1
mqtt_preprocessed_v2.csv,7002,10,1,1,0.9970318078994751,1
mqtt_preprocessed_v2.csv,7003,10,1,1,1.0,1
mqtt_preprocessed_v2.csv,7004,10,1,1,1.0,1
mqtt_preprocessed_v2.csv,7005,10,1,1,1.0,1
mqtt_preprocessed_v2.csv,7006,10,1,1,1.0,1
mqtt_preprocessed_v2.csv,7007,10,1,1,1.0,1
mqtt_preprocessed_v2.csv,7008,10,1,1,1.0,1
mqtt_preprocessed_v2.csv,7009,10,1,1,1.0,1
mqtt_preprocessed_v2.csv,7010,10,1,1,1.0,1
mqtt_preprocessed_v2.csv,7011,10,1,1,1.0,1
mqtt_preprocessed_v2.csv,7012,10,1,1,1.0,1
mqtt_preprocessed_v2.csv,7013,10,1,1,1.0,1
mqtt_preprocessed_v2.csv,7014,10,1,1,1.0,1
mqtt_preprocessed_v2.csv,7015,10,1,1,1.0,1
mqtt_preprocessed_v2.csv,7016,10,1,1,1.0,1
mqtt_preprocessed_v2.csv,7017,10,1,1,1.0,1
mqtt_preprocessed_v2.csv,7018,10,1,1,1.0,1
mqtt_preprocessed_v2.csv,7019,10,1,1,1.0,1
mqtt_preprocessed_v2.csv,7020,10,1,1,1.0,1
mqtt_preprocessed_v2.csv,7021,10,1,1,1.0,1
mqtt_preprocessed_v2.csv,7022,10,1,1,1.0,1
mqtt_preprocessed_v2.csv,7023,10,1,1,1.0,1
mqtt_preprocessed_v2.csv,7024,10,1,1,1.0,1
mqtt_preprocessed_v2.csv,7025,10,1,1,1.0,1
mqtt_preprocessed_v2.csv,7026,10,1,1,1.0,1
mqtt_preprocessed_v2.csv,7027,10,1,1,1.0,1
mqtt_preprocessed_v2.csv,7028,10,1,1,1.0,1
mqtt_preprocessed_v2.csv,7029,10,1,1,1.0,1
mqtt_preprocessed_v2.csv,7030,10,1,1,1.0,1
mqtt_preprocessed_v2.csv,7031,10,1,1,1.0,1
mqtt_preprocessed_v2.csv,7032,10,1,1,1.0,1
mqtt_preprocessed_v2.csv,7033,10,1,1,1.0,1
mqtt_preprocessed_v2.csv,7034,10,1,1,1.0,1
mqtt_preprocessed_v2.csv,7035,10,1,1,1.0,1
mqtt_preprocessed_v2.csv,7036,10,1,1,1.0,1
mqtt_preprocessed_v2.csv,7037,10,1,1,1.0,1
mqtt_preprocessed_v2.csv,7038,10,1,1,1.0,1
mqtt_preprocessed_v2.csv,7039,10,1,1,1.0,1
mqtt_preprocessed_v2.csv,7040,10,1,1,1.0,1
mqtt_preprocessed_v2.csv,7041,10,1,1,1.0,1
mqtt_preprocessed_v2.csv,7042,10,1,1,1.0,1
mqtt_preprocessed_v2.csv,7043,10,1,1,1.0,1
mqtt_preprocessed_v2.csv,7044,10,1,1,1.0,1
mqtt_preprocessed_v2.csv,7045,10,1,1,1.0,1
mqtt_preprocessed_v2.csv,7046,10,1,1,1.0,1
mqtt_preprocessed_v2.csv,7047,10,1,1,1.0,1
mqtt_preprocessed_v2.csv,7048,10,1,1,1.0,1
mqtt_preprocessed_v2.csv,7049,10,1,1,1.0,1
mqtt_preprocessed_v2.csv,7050,10,1,1,1.0,1
mqtt_preprocessed_v2.csv,7051,10,1,1,1.0,1
mqtt_preprocessed_v2.csv,7052,10,1,1,0.9999992847442627,1
mqtt_preprocessed_v2.csv,7053,10,1,1,1.0,1
mqtt_preprocessed_v2.csv,7054,10,1,1,1.0,1
mqtt_preprocessed_v2.csv,7055,10,1,1,1.0,1
mqtt_preprocessed_v2.csv,7056,10,1,1,1.0,1
mqtt_preprocessed_v2.csv,7057,10,1,1,1.0,1
mqtt_preprocessed_v2.csv,7058,10,1,1,1.0,1
mqtt_preprocessed_v2.csv,7059,10,1,1,1.0,1
mqtt_preprocessed_v2.csv,7060,10,1,1,1.0,1
mqtt_preprocessed_v2.csv,7061,10,1,1,1.0,1
mqtt_preprocessed_v2.csv,7062,10,1,1,1.0,1
mqtt_preprocessed_v2.csv,7063,10,1,1,1.0,1
mqtt_preprocessed_v2.csv,7064,10,1,1,1.0,1
mqtt_preprocessed_v2.csv,7065,10,1,1,1.0,1
mqtt_preprocessed_v2.csv,7066,10,1,1,1.0,1
mqtt_preprocessed_v2.csv,7067,10,1,1,1.0,1
mqtt_preprocessed_v2.csv,7068,10,1,1,1.0,1
mqtt_preprocessed_v2.csv,7069,10,1,1,1.0,1
mqtt_preprocessed_v2.csv,7070,11,1,1,1.0,1
mqtt_preprocessed_v2.csv,7071,11,1,1,0.9998637437820435,1
mqtt_preprocessed_v2.csv,7072,11,1,1,1.0,1
mqtt_preprocessed_v2.csv,7073,11,1,1,1.0,1
mqtt_preprocessed_v2.csv,7074,11,1,1,1.0,1
mqtt_preprocessed_v2.csv,7075,11,1,1,1.0,1
mqtt_preprocessed_v2.csv,7076,11,1,1,1.0,1
mqtt_preprocessed_v2.csv,7077,11,1,1,0.9999991655349731,1
mqtt_preprocessed_v2.csv,7078,11,1,1,0.9997275471687317,1
mqtt_preprocessed_v2.csv,7079,11,1,1,0.999747097492218,1
mqtt_preprocessed_v2.csv,7080,11,1,1,1.0,1
mqtt_preprocessed_v2.csv,7081,11,1,1,1.0,1
mqtt_preprocessed_v2.csv,7082,11,1,1,0.9534329175949097,1
mqtt_preprocessed_v2.csv,7083,11,1,1,1.0,1
mqtt_preprocessed_v2.csv,7084,11,1,1,0.9694699048995972,1
mqtt_preprocessed_v2.csv,7085,11,1,1,1.0,1
mqtt_preprocessed_v2.csv,7086,11,1,1,1.0,1
mqtt_preprocessed_v2.csv,7087,11,1,1,1.0,1
mqtt_preprocessed_v2.csv,7088,11,1,1,1.0,1
mqtt_preprocessed_v2.csv,7089,11,1,1,0.8350639343261719,1
mqtt_preprocessed_v2.csv,7090,11,1,1,1.0,1
mqtt_preprocessed_v2.csv,7091,11,1,1,1.0,1
mqtt_preprocessed_v2.csv,7092,11,1,1,0.9999878406524658,1
mqtt_preprocessed_v2.csv,7093,11,1,1,0.9565009474754333,1
mqtt_preprocessed_v2.csv,7094,11,1,1,0.9997380375862122,1
mqtt_preprocessed_v2.csv,7095,11,1,1,0.999893069267273,1
mqtt_preprocessed_v2.csv,7096,11,1,1,0.9999997615814209,1
mqtt_preprocessed_v2.csv,7097,11,1,1,1.0,1
mqtt_preprocessed_v2.csv,7098,11,1,1,1.0,1
mqtt_preprocessed_v2.csv,7099,11,1,0,0.32893106341362,0
mqtt_preprocessed_v2.csv,7100,11,1,1,1.0,1
mqtt_preprocessed_v2.csv,7101,11,1,1,1.0,1
mqtt_preprocessed_v2.csv,7102,11,1,1,1.0,1
mqtt_preprocessed_v2.csv,7103,11,1,1,1.0,1
mqtt_preprocessed_v2.csv,7104,11,1,1,1.0,1
mqtt_preprocessed_v2.csv,7105,11,1,1,0.9997720122337341,1
mqtt_preprocessed_v2.csv,7106,11,1,0,0.09592299163341522,0
mqtt_preprocessed_v2.csv,7107,11,1,1,1.0,1
mqtt_preprocessed_v2.csv,7108,11,1,0,0.15978854894638062,0
mqtt_preprocessed_v2.csv,7109,11,1,1,0.9999972581863403,1
mqtt_preprocessed_v2.csv,7110,11,1,1,0.9999995231628418,1
mqtt_preprocessed_v2.csv,7111,11,1,1,0.9935615062713623,1
mqtt_preprocessed_v2.csv,7112,11,1,1,1.0,1
mqtt_preprocessed_v2.csv,7113,11,1,1,0.8382503986358643,1
mqtt_preprocessed_v2.csv,7114,11,1,1,1.0,1
mqtt_preprocessed_v2.csv,7115,11,1,1,0.9995995163917542,1
mqtt_preprocessed_v2.csv,7116,11,1,0,0.4721829295158386,0
mqtt_preprocessed_v2.csv,7117,11,1,1,0.9999339580535889,1
mqtt_preprocessed_v2.csv,7118,11,1,1,1.0,1
mqtt_preprocessed_v2.csv,7119,11,1,1,0.9962373971939087,1
mqtt_preprocessed_v2.csv,7120,11,1,1,0.9893989562988281,1
mqtt_preprocessed_v2.csv,7121,11,1,1,1.0,1
mqtt_preprocessed_v2.csv,7122,11,1,1,1.0,1
mqtt_preprocessed_v2.csv,7123,11,1,1,0.9980886578559875,1
mqtt_preprocessed_v2.csv,7124,11,1,1,1.0,1
mqtt_preprocessed_v2.csv,7125,11,1,1,1.0,1
mqtt_preprocessed_v2.csv,7126,11,1,1,0.9994852542877197,1
mqtt_preprocessed_v2.csv,7127,11,1,1,0.9957267045974731,1
mqtt_preprocessed_v2.csv,7128,11,1,1,0.9983652234077454,1
mqtt_preprocessed_v2.csv,7129,11,1,1,0.9999997615814209,1
mqtt_preprocessed_v2.csv,7130,11,1,1,1.0,1
mqtt_preprocessed_v2.csv,7131,11,1,1,0.9959751963615417,1
mqtt_preprocessed_v2.csv,7132,11,1,1,0.9990047812461853,1
mqtt_preprocessed_v2.csv,7133,11,1,1,0.9985675811767578,1
mqtt_preprocessed_v2.csv,7134,11,1,1,0.9994031190872192,1
mqtt_preprocessed_v2.csv,7135,11,1,1,0.9985263347625732,1
mqtt_preprocessed_v2.csv,7136,11,1,1,0.8930124640464783,1
mqtt_preprocessed_v2.csv,7137,11,1,1,0.9999980926513672,1
mqtt_preprocessed_v2.csv,7138,11,1,1,0.9999991655349731,1
mqtt_preprocessed_v2.csv,7139,11,1,1,1.0,1
mqtt_preprocessed_v2.csv,7140,11,1,1,0.9997161030769348,1
mqtt_preprocessed_v2.csv,7141,11,1,1,0.999985933303833,1
mqtt_preprocessed_v2.csv,7142,11,1,1,0.9999995231628418,1
mqtt_preprocessed_v2.csv,7143,11,1,1,0.9897105097770691,1
mqtt_preprocessed_v2.csv,7144,11,1,1,0.9991015195846558,1
mqtt_preprocessed_v2.csv,7145,11,1,1,0.9979968667030334,1
mqtt_preprocessed_v2.csv,7146,11,1,1,0.9999997615814209,1
mqtt_preprocessed_v2.csv,7147,11,1,1,0.9999988079071045,1
mqtt_preprocessed_v2.csv,7148,11,1,1,1.0,1
mqtt_preprocessed_v2.csv,7149,11,1,1,0.9993963241577148,1
mqtt_preprocessed_v2.csv,7150,11,1,1,0.9984844326972961,1
mqtt_preprocessed_v2.csv,7151,11,1,1,1.0,1
mqtt_preprocessed_v2.csv,7152,11,1,1,0.9999998807907104,1
mqtt_preprocessed_v2.csv,7153,11,1,1,0.999997615814209,1
mqtt_preprocessed_v2.csv,7154,11,1,1,1.0,1
mqtt_preprocessed_v2.csv,7155,11,1,1,1.0,1
mqtt_preprocessed_v2.csv,7156,11,1,1,0.9996229410171509,1
mqtt_preprocessed_v2.csv,7157,11,1,1,0.9998781681060791,1
mqtt_preprocessed_v2.csv,7158,11,1,1,0.9999979734420776,1
mqtt_preprocessed_v2.csv,7159,11,1,1,0.9998445510864258,1
mqtt_preprocessed_v2.csv,7160,11,1,1,1.0,1
mqtt_preprocessed_v2.csv,7161,11,1,1,1.0,1
mqtt_preprocessed_v2.csv,7162,11,1,1,1.0,1
mqtt_preprocessed_v2.csv,7163,11,1,1,1.0,1
mqtt_preprocessed_v2.csv,7164,11,1,1,0.9999351501464844,1
mqtt_preprocessed_v2.csv,7165,11,1,1,0.9988559484481812,1
mqtt_preprocessed_v2.csv,7166,11,1,1,0.9999979734420776,1
mqtt_preprocessed_v2.csv,7167,11,1,1,0.9999991655349731,1
mqtt_preprocessed_v2.csv,7168,11,1,1,1.0,1
mqtt_preprocessed_v2.csv,7169,11,1,1,0.9970744848251343,1
mqtt_preprocessed_v2.csv,7170,12,1,1,0.9993636012077332,1
mqtt_preprocessed_v2.csv,7171,12,1,1,0.9999955892562866,1
mqtt_preprocessed_v2.csv,7172,12,1,1,1.0,1
mqtt_preprocessed_v2.csv,7173,12,1,1,0.9999879598617554,1
mqtt_preprocessed_v2.csv,7174,12,1,1,1.0,1
mqtt_preprocessed_v2.csv,7175,12,1,1,0.9999946355819702,1
mqtt_preprocessed_v2.csv,7176,12,1,1,0.9999884366989136,1
mqtt_preprocessed_v2.csv,7177,12,1,1,0.9999920129776001,1
mqtt_preprocessed_v2.csv,7178,12,1,1,0.9994372725486755,1
mqtt_preprocessed_v2.csv,7179,12,1,1,0.9999903440475464,1
mqtt_preprocessed_v2.csv,7180,12,1,1,0.9942804574966431,1
mqtt_preprocessed_v2.csv,7181,12,1,1,0.9912087917327881,1
mqtt_preprocessed_v2.csv,7182,12,1,1,0.9999755620956421,1
mqtt_preprocessed_v2.csv,7183,12,1,1,0.9998681545257568,1
mqtt_preprocessed_v2.csv,7184,12,1,1,0.5714417099952698,1
mqtt_preprocessed_v2.csv,7185,12,1,1,0.9980027079582214,1
mqtt_preprocessed_v2.csv,7186,12,1,1,0.9999856948852539,1
mqtt_preprocessed_v2.csv,7187,12,1,1,0.9991325736045837,1
mqtt_preprocessed_v2.csv,7188,12,1,1,0.9976059198379517,1
mqtt_preprocessed_v2.csv,7189,12,1,1,0.9999986886978149,1
mqtt_preprocessed_v2.csv,7190,12,1,1,0.9999921321868896,1
mqtt_preprocessed_v2.csv,7191,12,1,1,0.9999969005584717,1
mqtt_preprocessed_v2.csv,7192,12,1,1,1.0,1
mqtt_preprocessed_v2.csv,7193,12,1,1,0.9999985694885254,1
mqtt_preprocessed_v2.csv,7194,12,1,1,0.9536400437355042,1
mqtt_preprocessed_v2.csv,7195,12,1,1,0.9999974966049194,1
mqtt_preprocessed_v2.csv,7196,12,1,1,0.9999984502792358,1
mqtt_preprocessed_v2.csv,7197,12,1,1,0.9999797344207764,1
mqtt_preprocessed_v2.csv,7198,12,1,1,0.9999690055847168,1
mqtt_preprocessed_v2.csv,7199,12,1,1,0.9999985694885254,1
mqtt_preprocessed_v2.csv,7200,12,1,1,0.9997667670249939,1
mqtt_preprocessed_v2.csv,7201,12,1,1,0.9999998807907104,1
mqtt_preprocessed_v2.csv,7202,12,1,1,0.9985957741737366,1
mqtt_preprocessed_v2.csv,7203,12,1,1,0.9999911785125732,1
mqtt_preprocessed_v2.csv,7204,12,1,1,0.9993377327919006,1
mqtt_preprocessed_v2.csv,7205,12,1,1,0.9998829364776611,1
mqtt_preprocessed_v2.csv,7206,12,1,1,0.9999985694885254,1
mqtt_preprocessed_v2.csv,7207,12,1,1,0.9999850988388062,1
mqtt_preprocessed_v2.csv,7208,12,1,1,1.0,1
mqtt_preprocessed_v2.csv,7209,12,1,1,1.0,1
mqtt_preprocessed_v2.csv,7210,12,1,1,0.9993583559989929,1
mqtt_preprocessed_v2.csv,7211,12,1,1,0.9999992847442627,1
mqtt_preprocessed_v2.csv,7212,12,1,1,0.9966006875038147,1
mqtt_preprocessed_v2.csv,7213,12,1,1,0.9998869895935059,1
mqtt_preprocessed_v2.csv,7214,12,1,1,0.9999985694885254,1
mqtt_preprocessed_v2.csv,7215,12,1,1,0.9999998807907104,1
mqtt_preprocessed_v2.csv,7216,12,1,1,0.9999977350234985,1
mqtt_preprocessed_v2.csv,7217,12,1,1,0.9991425275802612,1
mqtt_preprocessed_v2.csv,7218,12,1,1,0.9999563694000244,1
mqtt_preprocessed_v2.csv,7219,12,1,1,1.0,1
mqtt_preprocessed_v2.csv,7220,12,1,1,1.0,1
mqtt_preprocessed_v2.csv,7221,12,1,1,1.0,1
mqtt_preprocessed_v2.csv,7222,12,1,1,0.9999986886978149,1
mqtt_preprocessed_v2.csv,7223,12,1,1,0.995711088180542,1
mqtt_preprocessed_v2.csv,7224,12,1,1,0.9999902248382568,1
mqtt_preprocessed_v2.csv,7225,12,1,1,0.9995604157447815,1
mqtt_preprocessed_v2.csv,7226,12,1,1,0.9999988079071045,1
mqtt_preprocessed_v2.csv,7227,12,1,1,0.9999996423721313,1
mqtt_preprocessed_v2.csv,7228,12,1,1,0.9999998807907104,1
mqtt_preprocessed_v2.csv,7229,12,1,1,0.9999710321426392,1
mqtt_preprocessed_v2.csv,7230,12,1,1,0.9999879598617554,1
mqtt_preprocessed_v2.csv,7231,12,1,1,0.9999524354934692,1
mqtt_preprocessed_v2.csv,7232,12,1,1,0.9999923706054688,1
mqtt_preprocessed_v2.csv,7233,12,1,1,1.0,1
mqtt_preprocessed_v2.csv,7234,12,1,1,0.9998757839202881,1
mqtt_preprocessed_v2.csv,7235,12,1,1,0.9999974966049194,1
mqtt_preprocessed_v2.csv,7236,12,1,1,0.9999971389770508,1
mqtt_preprocessed_v2.csv,7237,12,1,1,0.9999991655349731,1
mqtt_preprocessed_v2.csv,7238,12,1,1,0.9999872446060181,1
mqtt_preprocessed_v2.csv,7239,12,1,1,1.0,1
mqtt_preprocessed_v2.csv,7240,12,1,1,0.9999778270721436,1
mqtt_preprocessed_v2.csv,7241,12,1,1,0.998666524887085,1
mqtt_preprocessed_v2.csv,7242,12,1,1,0.9999960660934448,1
mqtt_preprocessed_v2.csv,7243,12,1,1,0.9999998807907104,1
mqtt_preprocessed_v2.csv,7244,12,1,1,0.9998877048492432,1
mqtt_preprocessed_v2.csv,7245,12,1,1,0.9999988079071045,1
mqtt_preprocessed_v2.csv,7246,12,1,1,1.0,1
mqtt_preprocessed_v2.csv,7247,12,1,1,0.9999958276748657,1
mqtt_preprocessed_v2.csv,7248,12,1,1,1.0,1
mqtt_preprocessed_v2.csv,7249,12,1,1,0.8924800157546997,1
mqtt_preprocessed_v2.csv,7250,12,1,1,0.9999902248382568,1
mqtt_preprocessed_v2.csv,7251,12,1,1,0.9999656677246094,1
mqtt_preprocessed_v2.csv,7252,12,1,1,0.9999516010284424,1
mqtt_preprocessed_v2.csv,7253,12,1,1,1.0,1
mqtt_preprocessed_v2.csv,7254,12,1,1,0.9998186230659485,1
mqtt_preprocessed_v2.csv,7255,12,1,1,0.988735020160675,1
mqtt_preprocessed_v2.csv,7256,12,1,1,0.9999920129776001,1
mqtt_preprocessed_v2.csv,7257,12,1,1,0.9999996423721313,1
mqtt_preprocessed_v2.csv,7258,12,1,1,0.9999998807907104,1
mqtt_preprocessed_v2.csv,7259,12,1,1,1.0,1
mqtt_preprocessed_v2.csv,7260,12,1,1,1.0,1
mqtt_preprocessed_v2.csv,7261,12,1,1,1.0,1
mqtt_preprocessed_v2.csv,7262,12,1,1,0.9967723488807678,1
mqtt_preprocessed_v2.csv,7263,12,1,1,0.9999998807907104,1
mqtt_preprocessed_v2.csv,7264,12,1,1,0.999958872795105,1
mqtt_preprocessed_v2.csv,7265,12,1,1,0.9999964237213135,1
mqtt_preprocessed_v2.csv,7266,12,1,1,0.9998304843902588,1
mqtt_preprocessed_v2.csv,7267,12,1,1,0.9999682903289795,1
mqtt_preprocessed_v2.csv,7268,12,1,1,0.9869677424430847,1
mqtt_preprocessed_v2.csv,7269,12,1,1,0.9969533681869507,1
mqtt_preprocessed_v2.csv,7270,13,1,1,0.9992857575416565,1
mqtt_preprocessed_v2.csv,7271,13,1,1,0.9999951124191284,1
mqtt_preprocessed_v2.csv,7272,13,1,1,0.9999257326126099,1
mqtt_preprocessed_v2.csv,7273,13,1,1,0.9999709129333496,1
mqtt_preprocessed_v2.csv,7274,13,1,1,1.0,1
mqtt_preprocessed_v2.csv,7275,13,1,1,0.9992696642875671,1
mqtt_preprocessed_v2.csv,7276,13,1,1,0.9944518208503723,1
mqtt_preprocessed_v2.csv,7277,13,1,1,0.9962410926818848,1
mqtt_preprocessed_v2.csv,7278,13,1,1,0.8593733310699463,1
mqtt_preprocessed_v2.csv,7279,13,1,1,0.9929943680763245,1
mqtt_preprocessed_v2.csv,7280,13,1,1,0.988007664680481,1
mqtt_preprocessed_v2.csv,7281,13,1,1,0.9393497109413147,1
mqtt_preprocessed_v2.csv,7282,13,1,1,0.9989088773727417,1
mqtt_preprocessed_v2.csv,7283,13,1,1,0.9998124241828918,1
mqtt_preprocessed_v2.csv,7284,13,1,0,0.30141812562942505,0
mqtt_preprocessed_v2.csv,7285,13,1,1,0.9974933862686157,1
mqtt_preprocessed_v2.csv,7286,13,1,1,0.9952577948570251,1
mqtt_preprocessed_v2.csv,7287,13,1,1,0.9989818930625916,1
mqtt_preprocessed_v2.csv,7288,13,1,1,0.9973424077033997,1
mqtt_preprocessed_v2.csv,7289,13,1,1,0.9994316697120667,1
mqtt_preprocessed_v2.csv,7290,13,1,1,0.9986597299575806,1
mqtt_preprocessed_v2.csv,7291,13,1,1,0.9999954700469971,1
mqtt_preprocessed_v2.csv,7292,13,1,1,1.0,1
mqtt_preprocessed_v2.csv,7293,13,1,1,0.9993913173675537,1
mqtt_preprocessed_v2.csv,7294,13,1,1,0.9242108464241028,1
mqtt_preprocessed_v2.csv,7295,13,1,1,0.9999878406524658,1
mqtt_preprocessed_v2.csv,7296,13,1,1,0.9993563294410706,1
mqtt_preprocessed_v2.csv,7297,13,1,1,0.9999710321426392,1
mqtt_preprocessed_v2.csv,7298,13,1,1,0.9999608993530273,1
mqtt_preprocessed_v2.csv,7299,13,1,1,0.9993922710418701,1
mqtt_preprocessed_v2.csv,7300,13,1,1,0.9997060894966125,1
mqtt_preprocessed_v2.csv,7301,13,1,1,0.9999251365661621,1
mqtt_preprocessed_v2.csv,7302,13,1,1,0.9982153177261353,1
mqtt_preprocessed_v2.csv,7303,13,1,1,0.9999151229858398,1
mqtt_preprocessed_v2.csv,7304,13,1,1,0.9923133254051208,1
mqtt_preprocessed_v2.csv,7305,13,1,1,0.9998063445091248,1
mqtt_preprocessed_v2.csv,7306,13,1,1,0.999393105506897,1
mqtt_preprocessed_v2.csv,7307,13,1,1,0.9999834299087524,1
mqtt_preprocessed_v2.csv,7308,13,1,1,1.0,1
mqtt_preprocessed_v2.csv,7309,13,1,1,0.9998062252998352,1
mqtt_preprocessed_v2.csv,7310,13,1,1,0.9992474317550659,1
mqtt_preprocessed_v2.csv,7311,13,1,1,0.9999990463256836,1
mqtt_preprocessed_v2.csv,7312,13,1,1,0.9955263733863831,1
mqtt_preprocessed_v2.csv,7313,13,1,1,0.9984939098358154,1
mqtt_preprocessed_v2.csv,7314,13,1,1,0.9993946552276611,1
mqtt_preprocessed_v2.csv,7315,13,1,1,0.9999116659164429,1
mqtt_preprocessed_v2.csv,7316,13,1,1,0.9992110729217529,1
mqtt_preprocessed_v2.csv,7317,13,1,1,0.999030590057373,1
mqtt_preprocessed_v2.csv,7318,13,1,1,0.9856426119804382,1
mqtt_preprocessed_v2.csv,7319,13,1,1,1.0,1
mqtt_preprocessed_v2.csv,7320,13,1,1,0.9999383687973022,1
mqtt_preprocessed_v2.csv,7321,13,1,1,1.0,1
mqtt_preprocessed_v2.csv,7322,13,1,1,0.9975939393043518,1
mqtt_preprocessed_v2.csv,7323,13,1,1,0.9572290778160095,1
mqtt_preprocessed_v2.csv,7324,13,1,1,0.9928809404373169,1
mqtt_preprocessed_v2.csv,7325,13,1,1,0.9997472167015076,1
mqtt_preprocessed_v2.csv,7326,13,1,1,0.9979234933853149,1
mqtt_preprocessed_v2.csv,7327,13,1,1,0.9999879598617554,1
mqtt_preprocessed_v2.csv,7328,13,1,1,1.0,1
mqtt_preprocessed_v2.csv,7329,13,1,1,0.999967098236084,1
mqtt_preprocessed_v2.csv,7330,13,1,1,0.9935978651046753,1
mqtt_preprocessed_v2.csv,7331,13,1,1,0.9999516010284424,1
mqtt_preprocessed_v2.csv,7332,13,1,1,0.999990701675415,1
mqtt_preprocessed_v2.csv,7333,13,1,1,1.0,1
mqtt_preprocessed_v2.csv,7334,13,1,1,0.9988957643508911,1
mqtt_preprocessed_v2.csv,7335,13,1,1,0.9991689920425415,1
mqtt_preprocessed_v2.csv,7336,13,1,1,0.9999961853027344,1
mqtt_preprocessed_v2.csv,7337,13,1,1,0.9999991655349731,1
mqtt_preprocessed_v2.csv,7338,13,1,1,0.9994557499885559,1
mqtt_preprocessed_v2.csv,7339,13,1,1,0.9990967512130737,1
mqtt_preprocessed_v2.csv,7340,13,1,1,0.9970192909240723,1
mqtt_preprocessed_v2.csv,7341,13,1,1,0.9971388578414917,1
mqtt_preprocessed_v2.csv,7342,13,1,1,0.9996545314788818,1
mqtt_preprocessed_v2.csv,7343,13,1,1,0.9999998807907104,1
mqtt_preprocessed_v2.csv,7344,13,1,1,0.9984897375106812,1
mqtt_preprocessed_v2.csv,7345,13,1,1,0.9999988079071045,1
mqtt_preprocessed_v2.csv,7346,13,1,1,0.9999836683273315,1
mqtt_preprocessed_v2.csv,7347,13,1,1,0.9999994039535522,1
mqtt_preprocessed_v2.csv,7348,13,1,1,1.0,1
mqtt_preprocessed_v2.csv,7349,13,1,1,0.9441152215003967,1
mqtt_preprocessed_v2.csv,7350,13,1,1,0.992911159992218,1
mqtt_preprocessed_v2.csv,7351,13,1,1,0.8950598835945129,1
mqtt_preprocessed_v2.csv,7352,13,1,1,0.9544206261634827,1
mqtt_preprocessed_v2.csv,7353,13,1,1,0.9999381303787231,1
mqtt_preprocessed_v2.csv,7354,13,1,1,0.9793813824653625,1
mqtt_preprocessed_v2.csv,7355,13,1,1,0.9994638562202454,1
mqtt_preprocessed_v2.csv,7356,13,1,1,0.9962357878684998,1
mqtt_preprocessed_v2.csv,7357,13,1,1,0.9999996423721313,1
mqtt_preprocessed_v2.csv,7358,13,1,1,0.9992239475250244,1
mqtt_preprocessed_v2.csv,7359,13,1,1,1.0,1
mqtt_preprocessed_v2.csv,7360,13,1,1,1.0,1
mqtt_preprocessed_v2.csv,7361,13,1,1,1.0,1
mqtt_preprocessed_v2.csv,7362,13,1,1,0.9966727495193481,1
mqtt_preprocessed_v2.csv,7363,13,1,1,0.9999254941940308,1
mqtt_preprocessed_v2.csv,7364,13,1,1,0.9996998310089111,1
mqtt_preprocessed_v2.csv,7365,13,1,1,0.999985933303833,1
mqtt_preprocessed_v2.csv,7366,13,1,1,0.9971094727516174,1
mqtt_preprocessed_v2.csv,7367,13,1,1,0.9822431802749634,1
mqtt_preprocessed_v2.csv,7368,13,1,1,0.9961994290351868,1
mqtt_preprocessed_v2.csv,7369,13,1,1,0.999198853969574,1
mqtt_preprocessed_v2.csv,7370,14,1,0,0.16210179030895233,0
mqtt_preprocessed_v2.csv,7371,14,1,1,0.7520390748977661,1
mqtt_preprocessed_v2.csv,7372,14,1,1,1.0,1
mqtt_preprocessed_v2.csv,7373,14,1,1,1.0,1
mqtt_preprocessed_v2.csv,7374,14,1,1,1.0,1
mqtt_preprocessed_v2.csv,7375,14,1,1,1.0,1
mqtt_preprocessed_v2.csv,7376,14,1,1,1.0,1
mqtt_preprocessed_v2.csv,7377,14,1,1,1.0,1
mqtt_preprocessed_v2.csv,7378,14,1,1,1.0,1
mqtt_preprocessed_v2.csv,7379,14,1,1,1.0,1
mqtt_preprocessed_v2.csv,7380,14,1,1,1.0,1
mqtt_preprocessed_v2.csv,7381,14,1,1,1.0,1
mqtt_preprocessed_v2.csv,7382,14,1,1,1.0,1
mqtt_preprocessed_v2.csv,7383,14,1,1,1.0,1
mqtt_preprocessed_v2.csv,7384,14,1,1,1.0,1
mqtt_preprocessed_v2.csv,7385,14,1,1,1.0,1
mqtt_preprocessed_v2.csv,7386,14,1,1,1.0,1
mqtt_preprocessed_v2.csv,7387,14,1,1,1.0,1
mqtt_preprocessed_v2.csv,7388,14,1,1,1.0,1
mqtt_preprocessed_v2.csv,7389,14,1,1,1.0,1
mqtt_preprocessed_v2.csv,7390,14,1,1,1.0,1
mqtt_preprocessed_v2.csv,7391,14,1,1,1.0,1
mqtt_preprocessed_v2.csv,7392,14,1,1,1.0,1
mqtt_preprocessed_v2.csv,7393,14,1,1,1.0,1
mqtt_preprocessed_v2.csv,7394,14,1,0,0.012257389724254608,0
mqtt_preprocessed_v2.csv,7395,14,1,1,1.0,1
mqtt_preprocessed_v2.csv,7396,14,1,1,1.0,1
mqtt_preprocessed_v2.csv,7397,14,1,1,1.0,1
mqtt_preprocessed_v2.csv,7398,14,1,1,1.0,1
mqtt_preprocessed_v2.csv,7399,14,1,1,1.0,1
mqtt_preprocessed_v2.csv,7400,14,1,1,1.0,1
mqtt_preprocessed_v2.csv,7401,14,1,1,1.0,1
mqtt_preprocessed_v2.csv,7402,14,1,1,1.0,1
mqtt_preprocessed_v2.csv,7403,14,1,1,1.0,1
mqtt_preprocessed_v2.csv,7404,14,1,1,1.0,1
mqtt_preprocessed_v2.csv,7405,14,1,1,1.0,1
mqtt_preprocessed_v2.csv,7406,14,1,1,1.0,1
mqtt_preprocessed_v2.csv,7407,14,1,1,1.0,1
mqtt_preprocessed_v2.csv,7408,14,1,1,1.0,1
mqtt_preprocessed_v2.csv,7409,14,1,1,1.0,1
mqtt_preprocessed_v2.csv,7410,14,1,1,1.0,1
mqtt_preprocessed_v2.csv,7411,14,1,1,1.0,1
mqtt_preprocessed_v2.csv,7412,14,1,1,1.0,1
mqtt_preprocessed_v2.csv,7413,14,1,1,1.0,1
mqtt_preprocessed_v2.csv,7414,14,1,1,1.0,1
mqtt_preprocessed_v2.csv,7415,14,1,1,1.0,1
mqtt_preprocessed_v2.csv,7416,14,1,1,1.0,1
mqtt_preprocessed_v2.csv,7417,14,1,1,1.0,1
mqtt_preprocessed_v2.csv,7418,14,1,1,1.0,1
mqtt_preprocessed_v2.csv,7419,14,1,1,1.0,1
mqtt_preprocessed_v2.csv,7420,14,1,1,1.0,1
mqtt_preprocessed_v2.csv,7421,14,1,1,1.0,1
mqtt_preprocessed_v2.csv,7422,14,1,1,1.0,1
mqtt_preprocessed_v2.csv,7423,14,1,1,1.0,1
mqtt_preprocessed_v2.csv,7424,14,1,1,1.0,1
mqtt_preprocessed_v2.csv,7425,14,1,0,0.2312699407339096,0
mqtt_preprocessed_v2.csv,7426,14,1,1,1.0,1
mqtt_preprocessed_v2.csv,7427,14,1,1,1.0,1
mqtt_preprocessed_v2.csv,7428,14,1,0,0.20659996569156647,0
mqtt_preprocessed_v2.csv,7429,14,1,1,1.0,1
mqtt_preprocessed_v2.csv,7430,14,1,1,1.0,1
mqtt_preprocessed_v2.csv,7431,14,1,1,0.6068945527076721,1
mqtt_preprocessed_v2.csv,7432,14,1,1,1.0,1
mqtt_preprocessed_v2.csv,7433,14,1,1,1.0,1
mqtt_preprocessed_v2.csv,7434,14,1,1,1.0,1
mqtt_preprocessed_v2.csv,7435,14,1,1,1.0,1
mqtt_preprocessed_v2.csv,7436,14,1,1,1.0,1
mqtt_preprocessed_v2.csv,7437,14,1,1,1.0,1
mqtt_preprocessed_v2.csv,7438,14,1,1,1.0,1
mqtt_preprocessed_v2.csv,7439,14,1,1,1.0,1
mqtt_preprocessed_v2.csv,7440,14,1,1,1.0,1
mqtt_preprocessed_v2.csv,7441,14,1,1,1.0,1
mqtt_preprocessed_v2.csv,7442,14,1,0,0.07843583077192307,0
mqtt_preprocessed_v2.csv,7443,14,1,1,1.0,1
mqtt_preprocessed_v2.csv,7444,14,1,1,1.0,1
mqtt_preprocessed_v2.csv,7445,14,1,1,1.0,1
mqtt_preprocessed_v2.csv,7446,14,1,1,1.0,1
mqtt_preprocessed_v2.csv,7447,14,1,1,1.0,1
mqtt_preprocessed_v2.csv,7448,15,1,1,1.0,1
mqtt_preprocessed_v2.csv,7449,15,1,1,1.0,1
mqtt_preprocessed_v2.csv,7450,15,1,1,1.0,1
mqtt_preprocessed_v2.csv,7451,15,1,1,1.0,1
mqtt_preprocessed_v2.csv,7452,15,1,1,1.0,1
mqtt_preprocessed_v2.csv,7453,15,1,1,1.0,1
mqtt_preprocessed_v2.csv,7454,15,1,1,1.0,1
mqtt_preprocessed_v2.csv,7455,15,1,1,1.0,1
mqtt_preprocessed_v2.csv,7456,15,1,1,1.0,1
mqtt_preprocessed_v2.csv,7457,15,1,1,1.0,1
mqtt_preprocessed_v2.csv,7458,15,1,1,1.0,1
mqtt_preprocessed_v2.csv,7459,15,1,1,1.0,1
mqtt_preprocessed_v2.csv,7460,15,1,1,1.0,1
mqtt_preprocessed_v2.csv,7461,15,1,1,1.0,1
mqtt_preprocessed_v2.csv,7462,15,1,1,1.0,1
mqtt_preprocessed_v2.csv,7463,15,1,1,1.0,1
mqtt_preprocessed_v2.csv,7464,15,1,1,1.0,1
mqtt_preprocessed_v2.csv,7465,15,1,1,1.0,1
mqtt_preprocessed_v2.csv,7466,15,1,1,1.0,1
mqtt_preprocessed_v2.csv,7467,15,1,1,1.0,1
mqtt_preprocessed_v2.csv,7468,15,1,1,1.0,1
mqtt_preprocessed_v2.csv,7469,15,1,1,1.0,1
mqtt_preprocessed_v2.csv,7470,15,1,1,1.0,1
mqtt_preprocessed_v2.csv,7471,15,1,1,1.0,1
mqtt_preprocessed_v2.csv,7472,15,1,1,1.0,1
mqtt_preprocessed_v2.csv,7473,15,1,1,1.0,1
mqtt_preprocessed_v2.csv,7474,15,1,1,1.0,1
mqtt_preprocessed_v2.csv,7475,15,1,1,1.0,1
mqtt_preprocessed_v2.csv,7476,15,1,1,1.0,1
mqtt_preprocessed_v2.csv,7477,15,1,1,1.0,1
mqtt_preprocessed_v2.csv,7478,15,1,1,1.0,1
mqtt_preprocessed_v2.csv,7479,15,1,1,1.0,1
mqtt_preprocessed_v2.csv,7480,15,1,1,1.0,1
mqtt_preprocessed_v2.csv,7481,15,1,1,1.0,1
mqtt_preprocessed_v2.csv,7482,15,1,1,1.0,1
mqtt_preprocessed_v2.csv,7483,15,1,1,1.0,1
mqtt_preprocessed_v2.csv,7484,15,1,1,1.0,1
mqtt_preprocessed_v2.csv,7485,15,1,1,1.0,1
mqtt_preprocessed_v2.csv,7486,15,1,1,1.0,1
mqtt_preprocessed_v2.csv,7487,15,1,1,1.0,1
mqtt_preprocessed_v2.csv,7488,15,1,1,1.0,1
mqtt_preprocessed_v2.csv,7489,15,1,1,1.0,1
mqtt_preprocessed_v2.csv,7490,15,1,1,1.0,1
mqtt_preprocessed_v2.csv,7491,15,1,1,1.0,1
mqtt_preprocessed_v2.csv,7492,15,1,1,1.0,1
mqtt_preprocessed_v2.csv,7493,15,1,1,1.0,1
mqtt_preprocessed_v2.csv,7494,15,1,1,1.0,1
mqtt_preprocessed_v2.csv,7495,15,1,1,1.0,1
mqtt_preprocessed_v2.csv,7496,15,1,1,1.0,1
mqtt_preprocessed_v2.csv,7497,15,1,1,1.0,1
mqtt_preprocessed_v2.csv,7498,15,1,1,1.0,1
mqtt_preprocessed_v2.csv,7499,15,1,1,1.0,1
mqtt_preprocessed_v2.csv,7500,15,1,1,1.0,1
mqtt_preprocessed_v2.csv,7501,15,1,1,1.0,1
mqtt_preprocessed_v2.csv,7502,15,1,1,0.999998927116394,1
mqtt_preprocessed_v2.csv,7503,15,1,1,1.0,1
mqtt_preprocessed_v2.csv,7504,15,1,1,1.0,1
mqtt_preprocessed_v2.csv,7505,15,1,1,1.0,1
mqtt_preprocessed_v2.csv,7506,15,1,1,0.9999994039535522,1
mqtt_preprocessed_v2.csv,7507,15,1,1,1.0,1
mqtt_preprocessed_v2.csv,7508,15,1,1,1.0,1
mqtt_preprocessed_v2.csv,7509,15,1,1,1.0,1
mqtt_preprocessed_v2.csv,7510,15,1,1,1.0,1
mqtt_preprocessed_v2.csv,7511,15,1,1,1.0,1
mqtt_preprocessed_v2.csv,7512,15,1,1,0.9999988079071045,1
mqtt_preprocessed_v2.csv,7513,15,1,1,1.0,1
mqtt_preprocessed_v2.csv,7514,15,1,1,1.0,1
mqtt_preprocessed_v2.csv,7515,15,1,1,0.9999995231628418,1
mqtt_preprocessed_v2.csv,7516,15,1,1,1.0,1
mqtt_preprocessed_v2.csv,7517,15,1,1,0.9999997615814209,1
mqtt_preprocessed_v2.csv,7518,15,1,1,1.0,1
mqtt_preprocessed_v2.csv,7519,15,1,1,1.0,1
mqtt_preprocessed_v2.csv,7520,15,1,1,1.0,1
mqtt_preprocessed_v2.csv,7521,15,1,1,1.0,1
mqtt_preprocessed_v2.csv,7522,15,1,1,1.0,1
mqtt_preprocessed_v2.csv,7523,15,1,1,1.0,1
mqtt_preprocessed_v2.csv,7524,15,1,1,1.0,1
mqtt_preprocessed_v2.csv,7525,15,1,1,1.0,1
mqtt_preprocessed_v2.csv,7526,15,1,1,1.0,1
mqtt_preprocessed_v2.csv,7527,15,1,1,0.9999997615814209,1
mqtt_preprocessed_v2.csv,7528,15,1,1,1.0,1
mqtt_preprocessed_v2.csv,7529,15,1,1,1.0,1
mqtt_preprocessed_v2.csv,7530,15,1,1,1.0,1
mqtt_preprocessed_v2.csv,7531,15,1,1,1.0,1
mqtt_preprocessed_v2.csv,7532,15,1,1,1.0,1
mqtt_preprocessed_v2.csv,7533,15,1,1,0.9999995231628418,1
mqtt_preprocessed_v2.csv,7534,15,1,1,1.0,1
mqtt_preprocessed_v2.csv,7535,15,1,1,1.0,1
mqtt_preprocessed_v2.csv,7536,15,1,1,0.9999992847442627,1
mqtt_preprocessed_v2.csv,7537,15,1,1,1.0,1
mqtt_preprocessed_v2.csv,7538,15,1,1,0.9999983310699463,1
mqtt_preprocessed_v2.csv,7539,15,1,1,0.9999995231628418,1
mqtt_preprocessed_v2.csv,7540,15,1,1,1.0,1
mqtt_preprocessed_v2.csv,7541,15,1,1,1.0,1
mqtt_preprocessed_v2.csv,7542,15,1,1,1.0,1
mqtt_preprocessed_v2.csv,7543,15,1,1,1.0,1
mqtt_preprocessed_v2.csv,7544,15,1,1,0.9999983310699463,1
mqtt_preprocessed_v2.csv,7545,15,1,1,1.0,1
mqtt_preprocessed_v2.csv,7546,15,1,1,1.0,1
mqtt_preprocessed_v2.csv,7547,15,1,1,0.9999996423721313,1
mqtt_preprocessed_v2.csv,7548,15,1,1,1.0,1
mqtt_preprocessed_v2.csv,7549,15,1,1,1.0,1
mqtt_preprocessed_v2.csv,7550,15,1,1,1.0,1
mqtt_preprocessed_v2.csv,7551,15,1,1,1.0,1
mqtt_preprocessed_v2.csv,7552,15,1,1,1.0,1
mqtt_preprocessed_v2.csv,7553,15,1,1,1.0,1
mqtt_preprocessed_v2.csv,7554,15,1,1,1.0,1
mqtt_preprocessed_v2.csv,7555,15,1,1,1.0,1
mqtt_preprocessed_v2.csv,7556,15,1,1,1.0,1
mqtt_preprocessed_v2.csv,7557,15,1,1,1.0,1
mqtt_preprocessed_v2.csv,7558,15,1,1,1.0,1
mqtt_preprocessed_v2.csv,7559,15,1,1,1.0,1
mqtt_preprocessed_v2.csv,7560,15,1,1,1.0,1
mqtt_preprocessed_v2.csv,7561,15,1,1,1.0,1
mqtt_preprocessed_v2.csv,7562,15,1,1,1.0,1
mqtt_preprocessed_v2.csv,7563,15,1,1,1.0,1
mqtt_preprocessed_v2.csv,7564,15,1,1,1.0,1
mqtt_preprocessed_v2.csv,7565,15,1,1,1.0,1
mqtt_preprocessed_v2.csv,7566,15,1,1,1.0,1
mqtt_preprocessed_v2.csv,7567,15,1,1,1.0,1
mqtt_preprocessed_v2.csv,7568,15,1,1,1.0,1
mqtt_preprocessed_v2.csv,7569,15,1,1,1.0,1
mqtt_preprocessed_v2.csv,7570,15,1,1,1.0,1
mqtt_preprocessed_v2.csv,7571,15,1,1,1.0,1
mqtt_preprocessed_v2.csv,7572,15,1,1,1.0,1
mqtt_preprocessed_v2.csv,7573,15,1,1,1.0,1
mqtt_preprocessed_v2.csv,7574,15,1,1,1.0,1
mqtt_preprocessed_v2.csv,7575,15,1,1,1.0,1
mqtt_preprocessed_v2.csv,7576,15,1,1,1.0,1
mqtt_preprocessed_v2.csv,7577,15,1,1,1.0,1
mqtt_preprocessed_v2.csv,7578,15,1,1,1.0,1
mqtt_preprocessed_v2.csv,7579,15,1,1,1.0,1
mqtt_preprocessed_v2.csv,7580,15,1,1,1.0,1
mqtt_preprocessed_v2.csv,7581,15,1,1,1.0,1
mqtt_preprocessed_v2.csv,7582,15,1,1,1.0,1
mqtt_preprocessed_v2.csv,7583,15,1,1,1.0,1
mqtt_preprocessed_v2.csv,7584,15,1,1,1.0,1
mqtt_preprocessed_v2.csv,7585,15,1,1,1.0,1
mqtt_preprocessed_v2.csv,7586,15,1,1,1.0,1
mqtt_preprocessed_v2.csv,7587,15,1,1,1.0,1
mqtt_preprocessed_v2.csv,7588,15,1,1,1.0,1
mqtt_preprocessed_v2.csv,7589,15,1,1,1.0,1
mqtt_preprocessed_v2.csv,7590,15,1,1,1.0,1
mqtt_preprocessed_v2.csv,7591,15,1,1,1.0,1
mqtt_preprocessed_v2.csv,7592,15,1,1,1.0,1
mqtt_preprocessed_v2.csv,7593,15,1,1,1.0,1
mqtt_preprocessed_v2.csv,7594,15,1,1,1.0,1
mqtt_preprocessed_v2.csv,7595,15,1,1,1.0,1
mqtt_preprocessed_v2.csv,7596,15,1,1,1.0,1
mqtt_preprocessed_v2.csv,7597,15,1,1,1.0,1
mqtt_preprocessed_v2.csv,7598,15,1,1,1.0,1
mqtt_preprocessed_v2.csv,7599,15,1,1,1.0,1
mqtt_preprocessed_v2.csv,7600,15,1,1,1.0,1
mqtt_preprocessed_v2.csv,7601,15,1,1,1.0,1
mqtt_preprocessed_v2.csv,7602,15,1,1,1.0,1
mqtt_preprocessed_v2.csv,7603,15,1,1,1.0,1
mqtt_preprocessed_v2.csv,7604,15,1,1,1.0,1
mqtt_preprocessed_v2.csv,7605,15,1,1,1.0,1
mqtt_preprocessed_v2.csv,7606,15,1,1,1.0,1
mqtt_preprocessed_v2.csv,7607,15,1,1,1.0,1
mqtt_preprocessed_v2.csv,7608,15,1,1,1.0,1
mqtt_preprocessed_v2.csv,7609,15,1,1,1.0,1
mqtt_preprocessed_v2.csv,7610,15,1,1,1.0,1
mqtt_preprocessed_v2.csv,7611,15,1,1,1.0,1
mqtt_preprocessed_v2.csv,7612,15,1,1,1.0,1
mqtt_preprocessed_v2.csv,7613,15,1,1,1.0,1
mqtt_preprocessed_v2.csv,7614,15,1,1,1.0,1
mqtt_preprocessed_v2.csv,7615,15,1,1,1.0,1
mqtt_preprocessed_v2.csv,7616,15,1,1,1.0,1
mqtt_preprocessed_v2.csv,7617,15,1,1,1.0,1
mqtt_preprocessed_v2.csv,7618,15,1,1,1.0,1
mqtt_preprocessed_v2.csv,7619,15,1,1,1.0,1
mqtt_preprocessed_v2.csv,7620,15,1,1,1.0,1
mqtt_preprocessed_v2.csv,7621,15,1,1,1.0,1
mqtt_preprocessed_v2.csv,7622,15,1,1,1.0,1
mqtt_preprocessed_v2.csv,7623,15,1,1,1.0,1
mqtt_preprocessed_v2.csv,7624,15,1,1,1.0,1
mqtt_preprocessed_v2.csv,7625,15,1,1,1.0,1
mqtt_preprocessed_v2.csv,7626,15,1,1,1.0,1
mqtt_preprocessed_v2.csv,7627,15,1,1,1.0,1
mqtt_preprocessed_v2.csv,7628,15,1,1,1.0,1
mqtt_preprocessed_v2.csv,7629,15,1,1,1.0,1
mqtt_preprocessed_v2.csv,7630,15,1,1,1.0,1
mqtt_preprocessed_v2.csv,7631,15,1,1,1.0,1
mqtt_preprocessed_v2.csv,7632,15,1,1,1.0,1
mqtt_preprocessed_v2.csv,7633,15,1,1,1.0,1
mqtt_preprocessed_v2.csv,7634,15,1,1,1.0,1
mqtt_preprocessed_v2.csv,7635,15,1,1,1.0,1
mqtt_preprocessed_v2.csv,7636,15,1,1,1.0,1
mqtt_preprocessed_v2.csv,7637,15,1,1,1.0,1
mqtt_preprocessed_v2.csv,7638,15,1,1,1.0,1
mqtt_preprocessed_v2.csv,7639,15,1,1,1.0,1
mqtt_preprocessed_v2.csv,7640,15,1,1,1.0,1
mqtt_preprocessed_v2.csv,7641,15,1,1,1.0,1
mqtt_preprocessed_v2.csv,7642,15,1,1,1.0,1
mqtt_preprocessed_v2.csv,7643,15,1,1,1.0,1
mqtt_preprocessed_v2.csv,7644,15,1,1,1.0,1
mqtt_preprocessed_v2.csv,7645,15,1,1,1.0,1
mqtt_preprocessed_v2.csv,7646,15,1,1,1.0,1
mqtt_preprocessed_v2.csv,7647,15,1,1,1.0,1
mqtt_preprocessed_v2.csv,7648,16,1,1,1.0,1
mqtt_preprocessed_v2.csv,7649,16,1,1,1.0,1
mqtt_preprocessed_v2.csv,7650,16,1,1,1.0,1
mqtt_preprocessed_v2.csv,7651,16,1,1,1.0,1
mqtt_preprocessed_v2.csv,7652,16,1,1,1.0,1
mqtt_preprocessed_v2.csv,7653,16,1,1,1.0,1
mqtt_preprocessed_v2.csv,7654,16,1,1,1.0,1
mqtt_preprocessed_v2.csv,7655,16,1,1,1.0,1
mqtt_preprocessed_v2.csv,7656,16,1,1,1.0,1
mqtt_preprocessed_v2.csv,7657,16,1,1,1.0,1
mqtt_preprocessed_v2.csv,7658,16,1,1,1.0,1
mqtt_preprocessed_v2.csv,7659,16,1,1,1.0,1
mqtt_preprocessed_v2.csv,7660,16,1,1,1.0,1
mqtt_preprocessed_v2.csv,7661,16,1,1,1.0,1
mqtt_preprocessed_v2.csv,7662,16,1,1,1.0,1
mqtt_preprocessed_v2.csv,7663,16,1,1,1.0,1
mqtt_preprocessed_v2.csv,7664,16,1,1,1.0,1
mqtt_preprocessed_v2.csv,7665,16,1,1,1.0,1
mqtt_preprocessed_v2.csv,7666,16,1,1,1.0,1
mqtt_preprocessed_v2.csv,7667,16,1,1,1.0,1
mqtt_preprocessed_v2.csv,7668,16,1,1,1.0,1
mqtt_preprocessed_v2.csv,7669,16,1,1,1.0,1
mqtt_preprocessed_v2.csv,7670,16,1,1,1.0,1
mqtt_preprocessed_v2.csv,7671,16,1,1,1.0,1
mqtt_preprocessed_v2.csv,7672,16,1,1,1.0,1
mqtt_preprocessed_v2.csv,7673,16,1,1,1.0,1
mqtt_preprocessed_v2.csv,7674,16,1,1,1.0,1
mqtt_preprocessed_v2.csv,7675,16,1,1,1.0,1
mqtt_preprocessed_v2.csv,7676,16,1,1,1.0,1
mqtt_preprocessed_v2.csv,7677,16,1,1,1.0,1
mqtt_preprocessed_v2.csv,7678,16,1,1,1.0,1
mqtt_preprocessed_v2.csv,7679,16,1,1,1.0,1
mqtt_preprocessed_v2.csv,7680,16,1,1,1.0,1
mqtt_preprocessed_v2.csv,7681,16,1,1,1.0,1
mqtt_preprocessed_v2.csv,7682,16,1,1,1.0,1
mqtt_preprocessed_v2.csv,7683,16,1,1,1.0,1
mqtt_preprocessed_v2.csv,7684,16,1,1,1.0,1
mqtt_preprocessed_v2.csv,7685,16,1,1,1.0,1
mqtt_preprocessed_v2.csv,7686,16,1,1,1.0,1
mqtt_preprocessed_v2.csv,7687,16,1,1,1.0,1
mqtt_preprocessed_v2.csv,7688,16,1,1,1.0,1
mqtt_preprocessed_v2.csv,7689,16,1,1,1.0,1
mqtt_preprocessed_v2.csv,7690,16,1,1,1.0,1
mqtt_preprocessed_v2.csv,7691,16,1,1,1.0,1
mqtt_preprocessed_v2.csv,7692,16,1,1,1.0,1
mqtt_preprocessed_v2.csv,7693,16,1,1,1.0,1
mqtt_preprocessed_v2.csv,7694,16,1,1,1.0,1
mqtt_preprocessed_v2.csv,7695,16,1,1,1.0,1
mqtt_preprocessed_v2.csv,7696,16,1,1,1.0,1
mqtt_preprocessed_v2.csv,7697,16,1,1,1.0,1
mqtt_preprocessed_v2.csv,7698,16,1,1,1.0,1
mqtt_preprocessed_v2.csv,7699,16,1,1,1.0,1
mqtt_preprocessed_v2.csv,7700,16,1,1,1.0,1
mqtt_preprocessed_v2.csv,7701,16,1,1,1.0,1
mqtt_preprocessed_v2.csv,7702,16,1,1,1.0,1
mqtt_preprocessed_v2.csv,7703,16,1,1,1.0,1
mqtt_preprocessed_v2.csv,7704,16,1,1,1.0,1
mqtt_preprocessed_v2.csv,7705,16,1,1,1.0,1
mqtt_preprocessed_v2.csv,7706,16,1,1,1.0,1
mqtt_preprocessed_v2.csv,7707,16,1,1,1.0,1
mqtt_preprocessed_v2.csv,7708,16,1,1,1.0,1
mqtt_preprocessed_v2.csv,7709,16,1,1,1.0,1
mqtt_preprocessed_v2.csv,7710,16,1,1,1.0,1
mqtt_preprocessed_v2.csv,7711,16,1,1,1.0,1
mqtt_preprocessed_v2.csv,7712,16,1,1,1.0,1
mqtt_preprocessed_v2.csv,7713,16,1,1,1.0,1
mqtt_preprocessed_v2.csv,7714,16,1,1,1.0,1
mqtt_preprocessed_v2.csv,7715,16,1,1,1.0,1
mqtt_preprocessed_v2.csv,7716,16,1,1,1.0,1
mqtt_preprocessed_v2.csv,7717,16,1,1,1.0,1
mqtt_preprocessed_v2.csv,7718,16,1,1,1.0,1
mqtt_preprocessed_v2.csv,7719,16,1,1,1.0,1
mqtt_preprocessed_v2.csv,7720,16,1,1,1.0,1
mqtt_preprocessed_v2.csv,7721,16,1,1,1.0,1
mqtt_preprocessed_v2.csv,7722,16,1,1,1.0,1
mqtt_preprocessed_v2.csv,7723,16,1,1,1.0,1
mqtt_preprocessed_v2.csv,7724,16,1,1,1.0,1
mqtt_preprocessed_v2.csv,7725,16,1,1,1.0,1
mqtt_preprocessed_v2.csv,7726,16,1,1,1.0,1
mqtt_preprocessed_v2.csv,7727,16,1,1,1.0,1
mqtt_preprocessed_v2.csv,7728,16,1,1,1.0,1
mqtt_preprocessed_v2.csv,7729,16,1,1,1.0,1
mqtt_preprocessed_v2.csv,7730,16,1,1,1.0,1
mqtt_preprocessed_v2.csv,7731,16,1,1,1.0,1
mqtt_preprocessed_v2.csv,7732,16,1,1,1.0,1
mqtt_preprocessed_v2.csv,7733,16,1,1,1.0,1
mqtt_preprocessed_v2.csv,7734,16,1,1,1.0,1
mqtt_preprocessed_v2.csv,7735,16,1,1,1.0,1
mqtt_preprocessed_v2.csv,7736,16,1,1,1.0,1
mqtt_preprocessed_v2.csv,7737,16,1,1,1.0,1
mqtt_preprocessed_v2.csv,7738,16,1,1,1.0,1
mqtt_preprocessed_v2.csv,7739,16,1,1,1.0,1
mqtt_preprocessed_v2.csv,7740,16,1,1,1.0,1
mqtt_preprocessed_v2.csv,7741,16,1,1,1.0,1
mqtt_preprocessed_v2.csv,7742,16,1,1,1.0,1
mqtt_preprocessed_v2.csv,7743,16,1,1,1.0,1
mqtt_preprocessed_v2.csv,7744,16,1,1,1.0,1
mqtt_preprocessed_v2.csv,7745,16,1,1,1.0,1
mqtt_preprocessed_v2.csv,7746,16,1,1,1.0,1
mqtt_preprocessed_v2.csv,7747,16,1,1,1.0,1
mqtt_preprocessed_v2.csv,7748,16,1,1,1.0,1
mqtt_preprocessed_v2.csv,7749,16,1,1,1.0,1
mqtt_preprocessed_v2.csv,7750,16,1,1,1.0,1
mqtt_preprocessed_v2.csv,7751,16,1,1,1.0,1
mqtt_preprocessed_v2.csv,7752,16,1,1,1.0,1
mqtt_preprocessed_v2.csv,7753,16,1,1,1.0,1
mqtt_preprocessed_v2.csv,7754,16,1,1,1.0,1
mqtt_preprocessed_v2.csv,7755,16,1,1,1.0,1
mqtt_preprocessed_v2.csv,7756,16,1,1,1.0,1
mqtt_preprocessed_v2.csv,7757,16,1,1,1.0,1
mqtt_preprocessed_v2.csv,7758,16,1,1,1.0,1
mqtt_preprocessed_v2.csv,7759,16,1,1,1.0,1
mqtt_preprocessed_v2.csv,7760,16,1,1,1.0,1
mqtt_preprocessed_v2.csv,7761,16,1,1,1.0,1
mqtt_preprocessed_v2.csv,7762,16,1,1,1.0,1
mqtt_preprocessed_v2.csv,7763,16,1,1,1.0,1
mqtt_preprocessed_v2.csv,7764,16,1,1,1.0,1
mqtt_preprocessed_v2.csv,7765,16,1,1,1.0,1
mqtt_preprocessed_v2.csv,7766,16,1,1,1.0,1
mqtt_preprocessed_v2.csv,7767,16,1,1,1.0,1
mqtt_preprocessed_v2.csv,7768,16,1,1,1.0,1
mqtt_preprocessed_v2.csv,7769,16,1,1,1.0,1
mqtt_preprocessed_v2.csv,7770,16,1,1,1.0,1
mqtt_preprocessed_v2.csv,7771,16,1,1,1.0,1
mqtt_preprocessed_v2.csv,7772,16,1,1,1.0,1
mqtt_preprocessed_v2.csv,7773,16,1,1,1.0,1
mqtt_preprocessed_v2.csv,7774,16,1,1,1.0,1
mqtt_preprocessed_v2.csv,7775,16,1,1,1.0,1
mqtt_preprocessed_v2.csv,7776,16,1,1,1.0,1
mqtt_preprocessed_v2.csv,7777,16,1,1,1.0,1
mqtt_preprocessed_v2.csv,7778,16,1,1,1.0,1
mqtt_preprocessed_v2.csv,7779,16,1,1,1.0,1
mqtt_preprocessed_v2.csv,7780,16,1,1,1.0,1
mqtt_preprocessed_v2.csv,7781,16,1,1,1.0,1
mqtt_preprocessed_v2.csv,7782,16,1,1,1.0,1
mqtt_preprocessed_v2.csv,7783,16,1,1,1.0,1
mqtt_preprocessed_v2.csv,7784,16,1,1,1.0,1
mqtt_preprocessed_v2.csv,7785,16,1,1,1.0,1
mqtt_preprocessed_v2.csv,7786,16,1,1,1.0,1
mqtt_preprocessed_v2.csv,7787,16,1,1,1.0,1
mqtt_preprocessed_v2.csv,7788,16,1,1,1.0,1
mqtt_preprocessed_v2.csv,7789,16,1,1,1.0,1
mqtt_preprocessed_v2.csv,7790,16,1,1,1.0,1
mqtt_preprocessed_v2.csv,7791,16,1,1,1.0,1
mqtt_preprocessed_v2.csv,7792,16,1,1,1.0,1
mqtt_preprocessed_v2.csv,7793,16,1,1,1.0,1
mqtt_preprocessed_v2.csv,7794,16,1,1,1.0,1
mqtt_preprocessed_v2.csv,7795,16,1,1,1.0,1
mqtt_preprocessed_v2.csv,7796,16,1,1,1.0,1
mqtt_preprocessed_v2.csv,7797,16,1,1,1.0,1
mqtt_preprocessed_v2.csv,7798,16,1,1,1.0,1
mqtt_preprocessed_v2.csv,7799,16,1,1,1.0,1
mqtt_preprocessed_v2.csv,7800,16,1,1,1.0,1
mqtt_preprocessed_v2.csv,7801,16,1,1,1.0,1
mqtt_preprocessed_v2.csv,7802,16,1,1,1.0,1
mqtt_preprocessed_v2.csv,7803,16,1,1,1.0,1
mqtt_preprocessed_v2.csv,7804,16,1,1,1.0,1
mqtt_preprocessed_v2.csv,7805,16,1,1,1.0,1
mqtt_preprocessed_v2.csv,7806,16,1,1,1.0,1
mqtt_preprocessed_v2.csv,7807,16,1,1,1.0,1
mqtt_preprocessed_v2.csv,7808,16,1,1,1.0,1
mqtt_preprocessed_v2.csv,7809,16,1,1,1.0,1
mqtt_preprocessed_v2.csv,7810,16,1,1,1.0,1
mqtt_preprocessed_v2.csv,7811,16,1,1,1.0,1
mqtt_preprocessed_v2.csv,7812,16,1,1,1.0,1
mqtt_preprocessed_v2.csv,7813,16,1,1,1.0,1
mqtt_preprocessed_v2.csv,7814,16,1,1,1.0,1
mqtt_preprocessed_v2.csv,7815,16,1,1,1.0,1
mqtt_preprocessed_v2.csv,7816,16,1,1,1.0,1
mqtt_preprocessed_v2.csv,7817,16,1,1,1.0,1
mqtt_preprocessed_v2.csv,7818,16,1,1,1.0,1
mqtt_preprocessed_v2.csv,7819,16,1,1,1.0,1
mqtt_preprocessed_v2.csv,7820,16,1,1,1.0,1
mqtt_preprocessed_v2.csv,7821,16,1,1,1.0,1
mqtt_preprocessed_v2.csv,7822,16,1,1,1.0,1
mqtt_preprocessed_v2.csv,7823,16,1,1,1.0,1
mqtt_preprocessed_v2.csv,7824,16,1,1,1.0,1
mqtt_preprocessed_v2.csv,7825,16,1,1,1.0,1
mqtt_preprocessed_v2.csv,7826,16,1,1,1.0,1
mqtt_preprocessed_v2.csv,7827,16,1,1,1.0,1
mqtt_preprocessed_v2.csv,7828,16,1,1,1.0,1
mqtt_preprocessed_v2.csv,7829,16,1,1,1.0,1
mqtt_preprocessed_v2.csv,7830,16,1,1,1.0,1
mqtt_preprocessed_v2.csv,7831,16,1,1,1.0,1
mqtt_preprocessed_v2.csv,7832,16,1,1,1.0,1
mqtt_preprocessed_v2.csv,7833,16,1,1,1.0,1
mqtt_preprocessed_v2.csv,7834,16,1,1,1.0,1
mqtt_preprocessed_v2.csv,7835,16,1,1,1.0,1
mqtt_preprocessed_v2.csv,7836,16,1,1,1.0,1
mqtt_preprocessed_v2.csv,7837,16,1,1,1.0,1
mqtt_preprocessed_v2.csv,7838,16,1,1,1.0,1
mqtt_preprocessed_v2.csv,7839,16,1,1,1.0,1
mqtt_preprocessed_v2.csv,7840,16,1,1,1.0,1
mqtt_preprocessed_v2.csv,7841,16,1,1,1.0,1
mqtt_preprocessed_v2.csv,7842,16,1,1,1.0,1
mqtt_preprocessed_v2.csv,7843,16,1,1,1.0,1
mqtt_preprocessed_v2.csv,7844,16,1,1,1.0,1
mqtt_preprocessed_v2.csv,7845,16,1,1,1.0,1
mqtt_preprocessed_v2.csv,7846,16,1,1,1.0,1
mqtt_preprocessed_v2.csv,7847,16,1,1,1.0,1
mqtt_preprocessed_v2.csv,7848,17,1,1,1.0,1
mqtt_preprocessed_v2.csv,7849,17,1,1,1.0,1
mqtt_preprocessed_v2.csv,7850,17,1,1,1.0,1
mqtt_preprocessed_v2.csv,7851,17,1,1,1.0,1
mqtt_preprocessed_v2.csv,7852,17,1,1,1.0,1
mqtt_preprocessed_v2.csv,7853,17,1,1,1.0,1
mqtt_preprocessed_v2.csv,7854,17,1,1,1.0,1
mqtt_preprocessed_v2.csv,7855,17,1,1,1.0,1
mqtt_preprocessed_v2.csv,7856,17,1,1,1.0,1
mqtt_preprocessed_v2.csv,7857,17,1,1,1.0,1
mqtt_preprocessed_v2.csv,7858,17,1,1,1.0,1
mqtt_preprocessed_v2.csv,7859,17,1,1,1.0,1
mqtt_preprocessed_v2.csv,7860,17,1,1,1.0,1
mqtt_preprocessed_v2.csv,7861,17,1,1,1.0,1
mqtt_preprocessed_v2.csv,7862,17,1,1,1.0,1
mqtt_preprocessed_v2.csv,7863,17,1,1,1.0,1
mqtt_preprocessed_v2.csv,7864,17,1,1,1.0,1
mqtt_preprocessed_v2.csv,7865,17,1,1,1.0,1
mqtt_preprocessed_v2.csv,7866,17,1,1,1.0,1
mqtt_preprocessed_v2.csv,7867,17,1,1,1.0,1
mqtt_preprocessed_v2.csv,7868,17,1,1,1.0,1
mqtt_preprocessed_v2.csv,7869,17,1,1,1.0,1
mqtt_preprocessed_v2.csv,7870,17,1,1,1.0,1
mqtt_preprocessed_v2.csv,7871,17,1,1,1.0,1
mqtt_preprocessed_v2.csv,7872,17,1,1,1.0,1
mqtt_preprocessed_v2.csv,7873,17,1,1,1.0,1
mqtt_preprocessed_v2.csv,7874,17,1,1,1.0,1
mqtt_preprocessed_v2.csv,7875,17,1,1,1.0,1
mqtt_preprocessed_v2.csv,7876,17,1,1,1.0,1
mqtt_preprocessed_v2.csv,7877,17,1,1,1.0,1
mqtt_preprocessed_v2.csv,7878,17,1,1,1.0,1
mqtt_preprocessed_v2.csv,7879,17,1,1,1.0,1
mqtt_preprocessed_v2.csv,7880,17,1,1,1.0,1
mqtt_preprocessed_v2.csv,7881,17,1,1,1.0,1
mqtt_preprocessed_v2.csv,7882,17,1,1,1.0,1
mqtt_preprocessed_v2.csv,7883,17,1,1,1.0,1
mqtt_preprocessed_v2.csv,7884,17,1,1,1.0,1
mqtt_preprocessed_v2.csv,7885,17,1,1,1.0,1
mqtt_preprocessed_v2.csv,7886,17,1,1,1.0,1
mqtt_preprocessed_v2.csv,7887,17,1,1,1.0,1
mqtt_preprocessed_v2.csv,7888,17,1,1,1.0,1
mqtt_preprocessed_v2.csv,7889,17,1,1,1.0,1
mqtt_preprocessed_v2.csv,7890,17,1,1,1.0,1
mqtt_preprocessed_v2.csv,7891,17,1,1,1.0,1
mqtt_preprocessed_v2.csv,7892,17,1,1,1.0,1
mqtt_preprocessed_v2.csv,7893,17,1,1,1.0,1
mqtt_preprocessed_v2.csv,7894,17,1,1,1.0,1
mqtt_preprocessed_v2.csv,7895,17,1,1,1.0,1
mqtt_preprocessed_v2.csv,7896,17,1,1,1.0,1
mqtt_preprocessed_v2.csv,7897,17,1,1,1.0,1
mqtt_preprocessed_v2.csv,7898,17,1,1,1.0,1
mqtt_preprocessed_v2.csv,7899,17,1,1,1.0,1
mqtt_preprocessed_v2.csv,7900,17,1,1,1.0,1
mqtt_preprocessed_v2.csv,7901,17,1,1,1.0,1
mqtt_preprocessed_v2.csv,7902,17,1,1,1.0,1
mqtt_preprocessed_v2.csv,7903,17,1,1,1.0,1
mqtt_preprocessed_v2.csv,7904,17,1,1,1.0,1
mqtt_preprocessed_v2.csv,7905,17,1,1,1.0,1
mqtt_preprocessed_v2.csv,7906,17,1,1,1.0,1
mqtt_preprocessed_v2.csv,7907,17,1,1,1.0,1
mqtt_preprocessed_v2.csv,7908,17,1,1,1.0,1
mqtt_preprocessed_v2.csv,7909,17,1,1,1.0,1
mqtt_preprocessed_v2.csv,7910,17,1,1,1.0,1
mqtt_preprocessed_v2.csv,7911,17,1,1,1.0,1
mqtt_preprocessed_v2.csv,7912,17,1,1,1.0,1
mqtt_preprocessed_v2.csv,7913,17,1,1,1.0,1
mqtt_preprocessed_v2.csv,7914,17,1,1,1.0,1
mqtt_preprocessed_v2.csv,7915,17,1,1,1.0,1
mqtt_preprocessed_v2.csv,7916,17,1,1,1.0,1
mqtt_preprocessed_v2.csv,7917,17,1,1,1.0,1
mqtt_preprocessed_v2.csv,7918,17,1,1,1.0,1
mqtt_preprocessed_v2.csv,7919,17,1,1,1.0,1
mqtt_preprocessed_v2.csv,7920,17,1,1,1.0,1
mqtt_preprocessed_v2.csv,7921,17,1,1,1.0,1
mqtt_preprocessed_v2.csv,7922,17,1,1,1.0,1
mqtt_preprocessed_v2.csv,7923,17,1,1,1.0,1
mqtt_preprocessed_v2.csv,7924,17,1,1,1.0,1
mqtt_preprocessed_v2.csv,7925,17,1,1,1.0,1
mqtt_preprocessed_v2.csv,7926,17,1,1,1.0,1
mqtt_preprocessed_v2.csv,7927,17,1,1,1.0,1
mqtt_preprocessed_v2.csv,7928,17,1,1,1.0,1
mqtt_preprocessed_v2.csv,7929,17,1,1,1.0,1
mqtt_preprocessed_v2.csv,7930,17,1,1,1.0,1
mqtt_preprocessed_v2.csv,7931,17,1,1,1.0,1
mqtt_preprocessed_v2.csv,7932,17,1,1,1.0,1
mqtt_preprocessed_v2.csv,7933,17,1,1,1.0,1
mqtt_preprocessed_v2.csv,7934,17,1,1,1.0,1
mqtt_preprocessed_v2.csv,7935,17,1,1,1.0,1
mqtt_preprocessed_v2.csv,7936,17,1,1,1.0,1
mqtt_preprocessed_v2.csv,7937,17,1,1,1.0,1
mqtt_preprocessed_v2.csv,7938,17,1,1,1.0,1
mqtt_preprocessed_v2.csv,7939,17,1,1,1.0,1
mqtt_preprocessed_v2.csv,7940,17,1,1,1.0,1
mqtt_preprocessed_v2.csv,7941,17,1,1,1.0,1
mqtt_preprocessed_v2.csv,7942,17,1,1,1.0,1
mqtt_preprocessed_v2.csv,7943,17,1,1,1.0,1
mqtt_preprocessed_v2.csv,7944,17,1,1,1.0,1
mqtt_preprocessed_v2.csv,7945,17,1,1,1.0,1
mqtt_preprocessed_v2.csv,7946,17,1,1,1.0,1
mqtt_preprocessed_v2.csv,7947,17,1,1,1.0,1
mqtt_preprocessed_v2.csv,7948,18,1,1,0.9997959733009338,1
mqtt_preprocessed_v2.csv,7949,18,1,1,0.999885082244873,1
mqtt_preprocessed_v2.csv,7950,18,1,1,0.9998500347137451,1
mqtt_preprocessed_v2.csv,7951,18,1,1,0.9991169571876526,1
mqtt_preprocessed_v2.csv,7952,18,1,1,0.9997982382774353,1
mqtt_preprocessed_v2.csv,7953,18,1,1,0.9998503923416138,1
mqtt_preprocessed_v2.csv,7954,18,1,1,0.9998488426208496,1
mqtt_preprocessed_v2.csv,7955,18,1,1,0.9997991919517517,1
mqtt_preprocessed_v2.csv,7956,18,1,1,0.9992609620094299,1
mqtt_preprocessed_v2.csv,7957,18,1,1,0.9991441965103149,1
mqtt_preprocessed_v2.csv,7958,18,1,1,0.9993323683738708,1
mqtt_preprocessed_v2.csv,7959,18,1,1,0.9997982382774353,1
mqtt_preprocessed_v2.csv,7960,18,1,1,0.999797523021698,1
mqtt_preprocessed_v2.csv,7961,18,1,1,0.9992641806602478,1
mqtt_preprocessed_v2.csv,7962,18,1,1,0.9998881816864014,1
mqtt_preprocessed_v2.csv,7963,18,1,1,0.9998015761375427,1
mqtt_preprocessed_v2.csv,7964,18,1,1,0.9998471736907959,1
mqtt_preprocessed_v2.csv,7965,18,1,1,0.999370276927948,1
mqtt_preprocessed_v2.csv,7966,18,1,1,0.9995278120040894,1
mqtt_preprocessed_v2.csv,7967,18,1,1,0.9998489618301392,1
mqtt_preprocessed_v2.csv,7968,18,1,1,0.999854564666748,1
mqtt_preprocessed_v2.csv,7969,18,1,1,0.9991555213928223,1
mqtt_preprocessed_v2.csv,7970,18,1,1,0.9998012185096741,1
mqtt_preprocessed_v2.csv,7971,18,1,1,0.9998015761375427,1
mqtt_preprocessed_v2.csv,7972,18,1,1,0.9998527765274048,1
mqtt_preprocessed_v2.csv,7973,18,1,1,0.9997957348823547,1
mqtt_preprocessed_v2.csv,7974,18,1,1,0.9992395639419556,1
mqtt_preprocessed_v2.csv,7975,18,1,1,0.9992471933364868,1
mqtt_preprocessed_v2.csv,7976,18,1,1,0.9998483657836914,1
mqtt_preprocessed_v2.csv,7977,18,1,1,0.9991509914398193,1
mqtt_preprocessed_v2.csv,7978,18,1,1,0.9998032450675964,1
mqtt_preprocessed_v2.csv,7979,18,1,1,0.99988853931427,1
mqtt_preprocessed_v2.csv,7980,18,1,1,0.9998912811279297,1
mqtt_preprocessed_v2.csv,7981,18,1,1,0.9998526573181152,1
mqtt_preprocessed_v2.csv,7982,18,1,1,0.9990977048873901,1
mqtt_preprocessed_v2.csv,7983,18,1,1,0.9997959733009338,1
mqtt_preprocessed_v2.csv,7984,18,1,1,0.9998025298118591,1
mqtt_preprocessed_v2.csv,7985,18,1,1,0.9997989535331726,1
mqtt_preprocessed_v2.csv,7986,18,1,1,0.999798595905304,1
mqtt_preprocessed_v2.csv,7987,18,1,1,0.999799907207489,1
mqtt_preprocessed_v2.csv,7988,18,1,1,0.9998476505279541,1
mqtt_preprocessed_v2.csv,7989,18,1,1,0.9998544454574585,1
mqtt_preprocessed_v2.csv,7990,18,1,1,0.9991210103034973,1
mqtt_preprocessed_v2.csv,7991,18,1,1,0.9992191791534424,1
mqtt_preprocessed_v2.csv,7992,18,1,1,0.9992172718048096,1
mqtt_preprocessed_v2.csv,7993,18,1,1,0.9998466968536377,1
mqtt_preprocessed_v2.csv,7994,18,1,1,0.9998530149459839,1
mqtt_preprocessed_v2.csv,7995,18,1,1,0.9995245933532715,1
mqtt_preprocessed_v2.csv,7996,18,1,1,0.9991064667701721,1
mqtt_preprocessed_v2.csv,7997,18,1,1,0.9998475313186646,1
mqtt_preprocessed_v2.csv,7998,18,1,1,0.9997897744178772,1
mqtt_preprocessed_v2.csv,7999,18,1,1,0.9997937083244324,1
mqtt_preprocessed_v2.csv,8000,18,1,1,0.9997965693473816,1
mqtt_preprocessed_v2.csv,8001,18,1,1,0.9998451471328735,1
mqtt_preprocessed_v2.csv,8002,18,1,1,0.9992535710334778,1
mqtt_preprocessed_v2.csv,8003,18,1,1,0.9998513460159302,1
mqtt_preprocessed_v2.csv,8004,18,1,1,0.9991451501846313,1
mqtt_preprocessed_v2.csv,8005,18,1,1,0.9998493194580078,1
mqtt_preprocessed_v2.csv,8006,18,1,1,0.9998493194580078,1
mqtt_preprocessed_v2.csv,8007,18,1,1,0.9997941851615906,1
mqtt_preprocessed_v2.csv,8008,18,1,1,0.9998493194580078,1
mqtt_preprocessed_v2.csv,8009,18,1,1,0.9992251396179199,1
mqtt_preprocessed_v2.csv,8010,18,1,1,0.9998483657836914,1
mqtt_preprocessed_v2.csv,8011,18,1,1,0.9992356300354004,1
mqtt_preprocessed_v2.csv,8012,18,1,1,0.9997978806495667,1
mqtt_preprocessed_v2.csv,8013,18,1,1,0.9991490840911865,1
mqtt_preprocessed_v2.csv,8014,18,1,1,0.9997902512550354,1
mqtt_preprocessed_v2.csv,8015,18,1,1,0.9998842477798462,1
mqtt_preprocessed_v2.csv,8016,18,1,1,0.999798595905304,1
mqtt_preprocessed_v2.csv,8017,18,1,1,0.9997953772544861,1
mqtt_preprocessed_v2.csv,8018,18,1,1,0.9997956156730652,1
mqtt_preprocessed_v2.csv,8019,18,1,1,0.9992303848266602,1
mqtt_preprocessed_v2.csv,8020,18,1,1,0.9990940093994141,1
mqtt_preprocessed_v2.csv,8021,18,1,1,0.9997970461845398,1
mqtt_preprocessed_v2.csv,8022,18,1,1,0.9991968274116516,1
mqtt_preprocessed_v2.csv,8023,18,1,1,0.9991247057914734,1
mqtt_preprocessed_v2.csv,8024,18,1,1,0.9998825788497925,1
mqtt_preprocessed_v2.csv,8025,18,1,1,0.9991604089736938,1
mqtt_preprocessed_v2.csv,8026,18,1,1,0.9997944235801697,1
mqtt_preprocessed_v2.csv,8027,18,1,1,0.9997928738594055,1
mqtt_preprocessed_v2.csv,8028,18,1,1,0.9998494386672974,1
mqtt_preprocessed_v2.csv,8029,18,1,1,0.9993137121200562,1
mqtt_preprocessed_v2.csv,8030,18,1,1,0.9991157650947571,1
mqtt_preprocessed_v2.csv,8031,18,1,1,0.9997957348823547,1
mqtt_preprocessed_v2.csv,8032,18,1,1,0.9992979764938354,1
mqtt_preprocessed_v2.csv,8033,18,1,1,0.9998440742492676,1
mqtt_preprocessed_v2.csv,8034,18,1,1,0.9997920393943787,1
mqtt_preprocessed_v2.csv,8035,18,1,1,0.9991361498832703,1
mqtt_preprocessed_v2.csv,8036,18,1,1,0.999242901802063,1
mqtt_preprocessed_v2.csv,8037,18,1,1,0.9998840093612671,1
mqtt_preprocessed_v2.csv,8038,18,1,1,0.999799907207489,1
mqtt_preprocessed_v2.csv,8039,18,1,1,0.9998492002487183,1
mqtt_preprocessed_v2.csv,8040,18,1,1,0.9998822212219238,1
mqtt_preprocessed_v2.csv,8041,18,1,1,0.9998478889465332,1
mqtt_preprocessed_v2.csv,8042,18,1,1,0.9998487234115601,1
mqtt_preprocessed_v2.csv,8043,18,1,1,0.9997989535331726,1
mqtt_preprocessed_v2.csv,8044,18,1,1,0.9998014569282532,1
mqtt_preprocessed_v2.csv,8045,18,1,1,0.9992916584014893,1
mqtt_preprocessed_v2.csv,8046,18,1,1,0.9998465776443481,1
mqtt_preprocessed_v2.csv,8047,18,1,1,0.9988503456115723,1
mqtt_preprocessed_v2.csv,8048,19,1,1,1.0,1
mqtt_preprocessed_v2.csv,8049,19,1,1,1.0,1
mqtt_preprocessed_v2.csv,8050,19,1,1,1.0,1
mqtt_preprocessed_v2.csv,8051,19,1,1,1.0,1
mqtt_preprocessed_v2.csv,8052,19,1,1,1.0,1
mqtt_preprocessed_v2.csv,8053,19,1,1,1.0,1
mqtt_preprocessed_v2.csv,8054,19,1,1,1.0,1
mqtt_preprocessed_v2.csv,8055,19,1,1,1.0,1
mqtt_preprocessed_v2.csv,8056,19,1,1,1.0,1
mqtt_preprocessed_v2.csv,8057,19,1,1,1.0,1
mqtt_preprocessed_v2.csv,8058,19,1,1,1.0,1
mqtt_preprocessed_v2.csv,8059,19,1,1,1.0,1
mqtt_preprocessed_v2.csv,8060,19,1,1,1.0,1
mqtt_preprocessed_v2.csv,8061,19,1,1,1.0,1
mqtt_preprocessed_v2.csv,8062,19,1,1,1.0,1
mqtt_preprocessed_v2.csv,8063,19,1,1,1.0,1
mqtt_preprocessed_v2.csv,8064,19,1,1,1.0,1
mqtt_preprocessed_v2.csv,8065,19,1,1,1.0,1
mqtt_preprocessed_v2.csv,8066,19,1,1,1.0,1
mqtt_preprocessed_v2.csv,8067,19,1,1,1.0,1
mqtt_preprocessed_v2.csv,8068,19,1,1,1.0,1
mqtt_preprocessed_v2.csv,8069,19,1,1,1.0,1
mqtt_preprocessed_v2.csv,8070,19,1,1,1.0,1
mqtt_preprocessed_v2.csv,8071,19,1,1,1.0,1
mqtt_preprocessed_v2.csv,8072,19,1,1,1.0,1
mqtt_preprocessed_v2.csv,8073,19,1,1,1.0,1
mqtt_preprocessed_v2.csv,8074,19,1,1,1.0,1
mqtt_preprocessed_v2.csv,8075,19,1,1,1.0,1
mqtt_preprocessed_v2.csv,8076,19,1,1,1.0,1
mqtt_preprocessed_v2.csv,8077,19,1,1,1.0,1
mqtt_preprocessed_v2.csv,8078,19,1,1,1.0,1
mqtt_preprocessed_v2.csv,8079,19,1,1,1.0,1
mqtt_preprocessed_v2.csv,8080,19,1,1,1.0,1
mqtt_preprocessed_v2.csv,8081,19,1,1,1.0,1
mqtt_preprocessed_v2.csv,8082,19,1,1,1.0,1
mqtt_preprocessed_v2.csv,8083,19,1,1,1.0,1
mqtt_preprocessed_v2.csv,8084,19,1,1,1.0,1
mqtt_preprocessed_v2.csv,8085,19,1,1,1.0,1
mqtt_preprocessed_v2.csv,8086,19,1,1,1.0,1
mqtt_preprocessed_v2.csv,8087,19,1,1,1.0,1
mqtt_preprocessed_v2.csv,8088,19,1,1,1.0,1
mqtt_preprocessed_v2.csv,8089,19,1,1,1.0,1
mqtt_preprocessed_v2.csv,8090,19,1,1,1.0,1
mqtt_preprocessed_v2.csv,8091,19,1,1,1.0,1
mqtt_preprocessed_v2.csv,8092,19,1,1,1.0,1
mqtt_preprocessed_v2.csv,8093,19,1,1,1.0,1
mqtt_preprocessed_v2.csv,8094,19,1,1,1.0,1
mqtt_preprocessed_v2.csv,8095,19,1,1,1.0,1
mqtt_preprocessed_v2.csv,8096,19,1,1,1.0,1
mqtt_preprocessed_v2.csv,8097,19,1,1,1.0,1
mqtt_preprocessed_v2.csv,8098,19,1,1,1.0,1
mqtt_preprocessed_v2.csv,8099,19,1,1,1.0,1
mqtt_preprocessed_v2.csv,8100,19,1,1,1.0,1
mqtt_preprocessed_v2.csv,8101,19,1,1,1.0,1
mqtt_preprocessed_v2.csv,8102,19,1,1,1.0,1
mqtt_preprocessed_v2.csv,8103,19,1,1,1.0,1
mqtt_preprocessed_v2.csv,8104,19,1,1,1.0,1
mqtt_preprocessed_v2.csv,8105,19,1,1,1.0,1
mqtt_preprocessed_v2.csv,8106,19,1,1,1.0,1
mqtt_preprocessed_v2.csv,8107,19,1,1,1.0,1
mqtt_preprocessed_v2.csv,8108,19,1,1,1.0,1
mqtt_preprocessed_v2.csv,8109,19,1,1,1.0,1
mqtt_preprocessed_v2.csv,8110,19,1,1,1.0,1
mqtt_preprocessed_v2.csv,8111,19,1,1,1.0,1
mqtt_preprocessed_v2.csv,8112,19,1,1,1.0,1
mqtt_preprocessed_v2.csv,8113,19,1,1,1.0,1
mqtt_preprocessed_v2.csv,8114,19,1,1,1.0,1
mqtt_preprocessed_v2.csv,8115,19,1,1,1.0,1
mqtt_preprocessed_v2.csv,8116,19,1,1,1.0,1
mqtt_preprocessed_v2.csv,8117,19,1,1,1.0,1
mqtt_preprocessed_v2.csv,8118,19,1,1,1.0,1
mqtt_preprocessed_v2.csv,8119,19,1,1,1.0,1
mqtt_preprocessed_v2.csv,8120,19,1,1,1.0,1
mqtt_preprocessed_v2.csv,8121,19,1,1,1.0,1
mqtt_preprocessed_v2.csv,8122,19,1,1,1.0,1
mqtt_preprocessed_v2.csv,8123,19,1,1,1.0,1
mqtt_preprocessed_v2.csv,8124,19,1,1,1.0,1
mqtt_preprocessed_v2.csv,8125,19,1,1,1.0,1
mqtt_preprocessed_v2.csv,8126,19,1,1,1.0,1
mqtt_preprocessed_v2.csv,8127,19,1,1,1.0,1
mqtt_preprocessed_v2.csv,8128,19,1,1,1.0,1
mqtt_preprocessed_v2.csv,8129,19,1,1,1.0,1
mqtt_preprocessed_v2.csv,8130,19,1,1,1.0,1
mqtt_preprocessed_v2.csv,8131,19,1,1,1.0,1
mqtt_preprocessed_v2.csv,8132,19,1,1,1.0,1
mqtt_preprocessed_v2.csv,8133,19,1,1,1.0,1
mqtt_preprocessed_v2.csv,8134,19,1,1,1.0,1
mqtt_preprocessed_v2.csv,8135,19,1,1,1.0,1
mqtt_preprocessed_v2.csv,8136,19,1,1,1.0,1
mqtt_preprocessed_v2.csv,8137,19,1,1,1.0,1
mqtt_preprocessed_v2.csv,8138,19,1,1,1.0,1
mqtt_preprocessed_v2.csv,8139,19,1,1,1.0,1
mqtt_preprocessed_v2.csv,8140,19,1,1,1.0,1
mqtt_preprocessed_v2.csv,8141,19,1,1,1.0,1
mqtt_preprocessed_v2.csv,8142,19,1,1,1.0,1
mqtt_preprocessed_v2.csv,8143,19,1,1,1.0,1
mqtt_preprocessed_v2.csv,8144,19,1,1,1.0,1
mqtt_preprocessed_v2.csv,8145,19,1,1,1.0,1
mqtt_preprocessed_v2.csv,8146,19,1,1,1.0,1
mqtt_preprocessed_v2.csv,8147,19,1,1,1.0,1
mqtt_preprocessed_v2.csv,8148,20,1,1,1.0,1
mqtt_preprocessed_v2.csv,8149,20,1,1,1.0,1
mqtt_preprocessed_v2.csv,8150,20,1,1,1.0,1
mqtt_preprocessed_v2.csv,8151,20,1,1,1.0,1
mqtt_preprocessed_v2.csv,8152,20,1,1,1.0,1
mqtt_preprocessed_v2.csv,8153,20,1,1,1.0,1
mqtt_preprocessed_v2.csv,8154,20,1,1,1.0,1
mqtt_preprocessed_v2.csv,8155,20,1,1,1.0,1
mqtt_preprocessed_v2.csv,8156,20,1,1,1.0,1
mqtt_preprocessed_v2.csv,8157,20,1,1,1.0,1
mqtt_preprocessed_v2.csv,8158,20,1,1,1.0,1
mqtt_preprocessed_v2.csv,8159,20,1,1,1.0,1
mqtt_preprocessed_v2.csv,8160,20,1,1,1.0,1
mqtt_preprocessed_v2.csv,8161,20,1,1,1.0,1
mqtt_preprocessed_v2.csv,8162,20,1,1,1.0,1
mqtt_preprocessed_v2.csv,8163,20,1,1,1.0,1
mqtt_preprocessed_v2.csv,8164,20,1,1,1.0,1
mqtt_preprocessed_v2.csv,8165,20,1,1,1.0,1
mqtt_preprocessed_v2.csv,8166,20,1,1,1.0,1
mqtt_preprocessed_v2.csv,8167,20,1,1,1.0,1
mqtt_preprocessed_v2.csv,8168,20,1,1,1.0,1
mqtt_preprocessed_v2.csv,8169,20,1,1,1.0,1
mqtt_preprocessed_v2.csv,8170,20,1,1,1.0,1
mqtt_preprocessed_v2.csv,8171,20,1,1,1.0,1
mqtt_preprocessed_v2.csv,8172,20,1,1,1.0,1
mqtt_preprocessed_v2.csv,8173,20,1,1,1.0,1
mqtt_preprocessed_v2.csv,8174,20,1,1,1.0,1
mqtt_preprocessed_v2.csv,8175,20,1,1,1.0,1
mqtt_preprocessed_v2.csv,8176,20,1,1,1.0,1
mqtt_preprocessed_v2.csv,8177,20,1,1,1.0,1
mqtt_preprocessed_v2.csv,8178,20,1,1,1.0,1
mqtt_preprocessed_v2.csv,8179,20,1,1,1.0,1
mqtt_preprocessed_v2.csv,8180,20,1,1,1.0,1
mqtt_preprocessed_v2.csv,8181,20,1,1,1.0,1
mqtt_preprocessed_v2.csv,8182,20,1,1,1.0,1
mqtt_preprocessed_v2.csv,8183,20,1,1,1.0,1
mqtt_preprocessed_v2.csv,8184,20,1,1,1.0,1
mqtt_preprocessed_v2.csv,8185,20,1,1,1.0,1
mqtt_preprocessed_v2.csv,8186,20,1,1,1.0,1
mqtt_preprocessed_v2.csv,8187,20,1,1,1.0,1
mqtt_preprocessed_v2.csv,8188,20,1,1,1.0,1
mqtt_preprocessed_v2.csv,8189,20,1,1,1.0,1
mqtt_preprocessed_v2.csv,8190,20,1,1,1.0,1
mqtt_preprocessed_v2.csv,8191,20,1,1,1.0,1
mqtt_preprocessed_v2.csv,8192,20,1,1,1.0,1
mqtt_preprocessed_v2.csv,8193,20,1,1,1.0,1
mqtt_preprocessed_v2.csv,8194,20,1,1,1.0,1
mqtt_preprocessed_v2.csv,8195,20,1,1,1.0,1
mqtt_preprocessed_v2.csv,8196,20,1,1,1.0,1
mqtt_preprocessed_v2.csv,8197,20,1,1,1.0,1
mqtt_preprocessed_v2.csv,8198,20,1,1,1.0,1
mqtt_preprocessed_v2.csv,8199,20,1,1,1.0,1
mqtt_preprocessed_v2.csv,8200,20,1,1,1.0,1
mqtt_preprocessed_v2.csv,8201,20,1,1,1.0,1
mqtt_preprocessed_v2.csv,8202,20,1,1,1.0,1
mqtt_preprocessed_v2.csv,8203,20,1,1,1.0,1
mqtt_preprocessed_v2.csv,8204,20,1,1,1.0,1
mqtt_preprocessed_v2.csv,8205,20,1,1,1.0,1
mqtt_preprocessed_v2.csv,8206,20,1,1,1.0,1
mqtt_preprocessed_v2.csv,8207,20,1,1,1.0,1
mqtt_preprocessed_v2.csv,8208,20,1,1,1.0,1
mqtt_preprocessed_v2.csv,8209,20,1,1,1.0,1
mqtt_preprocessed_v2.csv,8210,20,1,1,1.0,1
mqtt_preprocessed_v2.csv,8211,20,1,1,1.0,1
mqtt_preprocessed_v2.csv,8212,20,1,1,1.0,1
mqtt_preprocessed_v2.csv,8213,20,1,1,1.0,1
mqtt_preprocessed_v2.csv,8214,20,1,1,1.0,1
mqtt_preprocessed_v2.csv,8215,20,1,1,1.0,1
mqtt_preprocessed_v2.csv,8216,20,1,1,1.0,1
mqtt_preprocessed_v2.csv,8217,20,1,1,1.0,1
mqtt_preprocessed_v2.csv,8218,20,1,1,1.0,1
mqtt_preprocessed_v2.csv,8219,20,1,1,1.0,1
mqtt_preprocessed_v2.csv,8220,20,1,1,1.0,1
mqtt_preprocessed_v2.csv,8221,20,1,1,1.0,1
mqtt_preprocessed_v2.csv,8222,20,1,1,1.0,1
mqtt_preprocessed_v2.csv,8223,20,1,1,1.0,1
mqtt_preprocessed_v2.csv,8224,20,1,1,1.0,1
mqtt_preprocessed_v2.csv,8225,20,1,1,1.0,1
mqtt_preprocessed_v2.csv,8226,20,1,1,1.0,1
mqtt_preprocessed_v2.csv,8227,20,1,1,1.0,1
mqtt_preprocessed_v2.csv,8228,20,1,1,1.0,1
mqtt_preprocessed_v2.csv,8229,20,1,1,1.0,1
mqtt_preprocessed_v2.csv,8230,20,1,1,1.0,1
mqtt_preprocessed_v2.csv,8231,20,1,1,1.0,1
mqtt_preprocessed_v2.csv,8232,20,1,1,1.0,1
mqtt_preprocessed_v2.csv,8233,20,1,1,1.0,1
mqtt_preprocessed_v2.csv,8234,20,1,1,1.0,1
mqtt_preprocessed_v2.csv,8235,20,1,1,1.0,1
mqtt_preprocessed_v2.csv,8236,20,1,1,1.0,1
mqtt_preprocessed_v2.csv,8237,20,1,1,1.0,1
mqtt_preprocessed_v2.csv,8238,20,1,1,1.0,1
mqtt_preprocessed_v2.csv,8239,20,1,1,1.0,1
mqtt_preprocessed_v2.csv,8240,20,1,1,1.0,1
mqtt_preprocessed_v2.csv,8241,20,1,1,1.0,1
mqtt_preprocessed_v2.csv,8242,20,1,1,1.0,1
mqtt_preprocessed_v2.csv,8243,20,1,1,1.0,1
mqtt_preprocessed_v2.csv,8244,20,1,1,1.0,1
mqtt_preprocessed_v2.csv,8245,20,1,1,1.0,1
mqtt_preprocessed_v2.csv,8246,20,1,1,1.0,1
mqtt_preprocessed_v2.csv,8247,20,1,1,1.0,1
mqtt_preprocessed_v2.csv,8248,21,1,1,1.0,1
mqtt_preprocessed_v2.csv,8249,21,1,1,0.9999998807907104,1
mqtt_preprocessed_v2.csv,8250,21,1,1,0.9999998807907104,1
mqtt_preprocessed_v2.csv,8251,21,1,1,1.0,1
mqtt_preprocessed_v2.csv,8252,21,1,1,0.9999998807907104,1
mqtt_preprocessed_v2.csv,8253,21,1,1,1.0,1
mqtt_preprocessed_v2.csv,8254,21,1,1,1.0,1
mqtt_preprocessed_v2.csv,8255,21,1,1,1.0,1
mqtt_preprocessed_v2.csv,8256,21,1,1,1.0,1
mqtt_preprocessed_v2.csv,8257,21,1,1,1.0,1
mqtt_preprocessed_v2.csv,8258,21,1,1,0.9999998807907104,1
mqtt_preprocessed_v2.csv,8259,21,1,1,1.0,1
mqtt_preprocessed_v2.csv,8260,21,1,1,1.0,1
mqtt_preprocessed_v2.csv,8261,21,1,1,0.9999998807907104,1
mqtt_preprocessed_v2.csv,8262,21,1,1,0.9999998807907104,1
mqtt_preprocessed_v2.csv,8263,21,1,1,0.9999997615814209,1
mqtt_preprocessed_v2.csv,8264,21,1,1,1.0,1
mqtt_preprocessed_v2.csv,8265,21,1,1,1.0,1
mqtt_preprocessed_v2.csv,8266,21,1,1,1.0,1
mqtt_preprocessed_v2.csv,8267,21,1,1,0.9999998807907104,1
mqtt_preprocessed_v2.csv,8268,21,1,1,1.0,1
mqtt_preprocessed_v2.csv,8269,21,1,1,1.0,1
mqtt_preprocessed_v2.csv,8270,21,1,1,0.9999998807907104,1
mqtt_preprocessed_v2.csv,8271,21,1,1,0.9999998807907104,1
mqtt_preprocessed_v2.csv,8272,21,1,1,0.9999998807907104,1
mqtt_preprocessed_v2.csv,8273,21,1,1,1.0,1
mqtt_preprocessed_v2.csv,8274,21,1,1,1.0,1
mqtt_preprocessed_v2.csv,8275,21,1,1,0.9999998807907104,1
mqtt_preprocessed_v2.csv,8276,21,1,1,0.9999998807907104,1
mqtt_preprocessed_v2.csv,8277,21,1,1,0.9999998807907104,1
mqtt_preprocessed_v2.csv,8278,21,1,1,0.9999998807907104,1
mqtt_preprocessed_v2.csv,8279,21,1,1,0.9999998807907104,1
mqtt_preprocessed_v2.csv,8280,21,1,1,1.0,1
mqtt_preprocessed_v2.csv,8281,21,1,1,1.0,1
mqtt_preprocessed_v2.csv,8282,21,1,1,1.0,1
mqtt_preprocessed_v2.csv,8283,21,1,1,0.9999997615814209,1
mqtt_preprocessed_v2.csv,8284,21,1,1,1.0,1
mqtt_preprocessed_v2.csv,8285,21,1,1,0.9999998807907104,1
mqtt_preprocessed_v2.csv,8286,21,1,1,1.0,1
mqtt_preprocessed_v2.csv,8287,21,1,1,1.0,1
mqtt_preprocessed_v2.csv,8288,21,1,1,1.0,1
mqtt_preprocessed_v2.csv,8289,21,1,1,1.0,1
mqtt_preprocessed_v2.csv,8290,21,1,1,1.0,1
mqtt_preprocessed_v2.csv,8291,21,1,1,0.9999998807907104,1
mqtt_preprocessed_v2.csv,8292,21,1,1,1.0,1
mqtt_preprocessed_v2.csv,8293,21,1,1,0.9999998807907104,1
mqtt_preprocessed_v2.csv,8294,21,1,1,1.0,1
mqtt_preprocessed_v2.csv,8295,21,1,1,0.9999998807907104,1
mqtt_preprocessed_v2.csv,8296,21,1,1,0.9999998807907104,1
mqtt_preprocessed_v2.csv,8297,21,1,1,0.9999998807907104,1
mqtt_preprocessed_v2.csv,8298,21,1,1,1.0,1
mqtt_preprocessed_v2.csv,8299,21,1,1,1.0,1
mqtt_preprocessed_v2.csv,8300,21,1,1,1.0,1
mqtt_preprocessed_v2.csv,8301,21,1,1,1.0,1
mqtt_preprocessed_v2.csv,8302,21,1,1,1.0,1
mqtt_preprocessed_v2.csv,8303,21,1,1,1.0,1
mqtt_preprocessed_v2.csv,8304,21,1,1,1.0,1
mqtt_preprocessed_v2.csv,8305,21,1,1,1.0,1
mqtt_preprocessed_v2.csv,8306,21,1,1,1.0,1
mqtt_preprocessed_v2.csv,8307,21,1,1,1.0,1
mqtt_preprocessed_v2.csv,8308,21,1,1,1.0,1
mqtt_preprocessed_v2.csv,8309,21,1,1,1.0,1
mqtt_preprocessed_v2.csv,8310,21,1,1,1.0,1
mqtt_preprocessed_v2.csv,8311,21,1,1,1.0,1
mqtt_preprocessed_v2.csv,8312,21,1,1,1.0,1
mqtt_preprocessed_v2.csv,8313,21,1,1,1.0,1
mqtt_preprocessed_v2.csv,8314,21,1,1,1.0,1
mqtt_preprocessed_v2.csv,8315,21,1,1,1.0,1
mqtt_preprocessed_v2.csv,8316,21,1,1,1.0,1
mqtt_preprocessed_v2.csv,8317,21,1,1,1.0,1
mqtt_preprocessed_v2.csv,8318,21,1,1,1.0,1
mqtt_preprocessed_v2.csv,8319,21,1,1,1.0,1
mqtt_preprocessed_v2.csv,8320,21,1,1,1.0,1
mqtt_preprocessed_v2.csv,8321,21,1,1,1.0,1
mqtt_preprocessed_v2.csv,8322,21,1,1,1.0,1
mqtt_preprocessed_v2.csv,8323,21,1,1,1.0,1
mqtt_preprocessed_v2.csv,8324,21,1,1,1.0,1
mqtt_preprocessed_v2.csv,8325,21,1,1,1.0,1
mqtt_preprocessed_v2.csv,8326,21,1,1,1.0,1
mqtt_preprocessed_v2.csv,8327,21,1,1,1.0,1
mqtt_preprocessed_v2.csv,8328,21,1,1,1.0,1
mqtt_preprocessed_v2.csv,8329,21,1,1,1.0,1
mqtt_preprocessed_v2.csv,8330,21,1,1,1.0,1
mqtt_preprocessed_v2.csv,8331,21,1,1,1.0,1
mqtt_preprocessed_v2.csv,8332,21,1,1,1.0,1
mqtt_preprocessed_v2.csv,8333,21,1,1,1.0,1
mqtt_preprocessed_v2.csv,8334,21,1,1,1.0,1
mqtt_preprocessed_v2.csv,8335,21,1,1,1.0,1
mqtt_preprocessed_v2.csv,8336,21,1,1,1.0,1
mqtt_preprocessed_v2.csv,8337,21,1,1,1.0,1
mqtt_preprocessed_v2.csv,8338,21,1,1,1.0,1
mqtt_preprocessed_v2.csv,8339,21,1,1,1.0,1
mqtt_preprocessed_v2.csv,8340,21,1,1,1.0,1
mqtt_preprocessed_v2.csv,8341,21,1,1,1.0,1
mqtt_preprocessed_v2.csv,8342,21,1,1,1.0,1
mqtt_preprocessed_v2.csv,8343,21,1,1,1.0,1
mqtt_preprocessed_v2.csv,8344,21,1,1,1.0,1
mqtt_preprocessed_v2.csv,8345,21,1,1,1.0,1
mqtt_preprocessed_v2.csv,8346,21,1,1,1.0,1
mqtt_preprocessed_v2.csv,8347,21,1,1,1.0,1
mqtt_preprocessed_v2.csv,8348,21,1,1,1.0,1
mqtt_preprocessed_v2.csv,8349,21,1,1,1.0,1
mqtt_preprocessed_v2.csv,8350,21,1,1,1.0,1
mqtt_preprocessed_v2.csv,8351,21,1,1,1.0,1
mqtt_preprocessed_v2.csv,8352,21,1,1,1.0,1
mqtt_preprocessed_v2.csv,8353,21,1,1,1.0,1
mqtt_preprocessed_v2.csv,8354,21,1,1,1.0,1
mqtt_preprocessed_v2.csv,8355,21,1,1,1.0,1
mqtt_preprocessed_v2.csv,8356,21,1,1,1.0,1
mqtt_preprocessed_v2.csv,8357,21,1,1,1.0,1
mqtt_preprocessed_v2.csv,8358,21,1,1,1.0,1
mqtt_preprocessed_v2.csv,8359,21,1,1,1.0,1
mqtt_preprocessed_v2.csv,8360,21,1,1,1.0,1
mqtt_preprocessed_v2.csv,8361,21,1,1,1.0,1
mqtt_preprocessed_v2.csv,8362,21,1,1,1.0,1
mqtt_preprocessed_v2.csv,8363,21,1,1,1.0,1
mqtt_preprocessed_v2.csv,8364,21,1,1,1.0,1
mqtt_preprocessed_v2.csv,8365,21,1,1,1.0,1
mqtt_preprocessed_v2.csv,8366,21,1,1,1.0,1
mqtt_preprocessed_v2.csv,8367,21,1,1,1.0,1
mqtt_preprocessed_v2.csv,8368,21,1,1,1.0,1
mqtt_preprocessed_v2.csv,8369,21,1,1,1.0,1
mqtt_preprocessed_v2.csv,8370,21,1,1,1.0,1
mqtt_preprocessed_v2.csv,8371,21,1,1,1.0,1
mqtt_preprocessed_v2.csv,8372,21,1,1,1.0,1
mqtt_preprocessed_v2.csv,8373,21,1,1,1.0,1
mqtt_preprocessed_v2.csv,8374,21,1,1,1.0,1
mqtt_preprocessed_v2.csv,8375,21,1,1,1.0,1
mqtt_preprocessed_v2.csv,8376,21,1,1,1.0,1
mqtt_preprocessed_v2.csv,8377,21,1,1,1.0,1
mqtt_preprocessed_v2.csv,8378,21,1,1,1.0,1
mqtt_preprocessed_v2.csv,8379,21,1,1,1.0,1
mqtt_preprocessed_v2.csv,8380,21,1,1,1.0,1
mqtt_preprocessed_v2.csv,8381,21,1,1,1.0,1
mqtt_preprocessed_v2.csv,8382,21,1,1,1.0,1
mqtt_preprocessed_v2.csv,8383,21,1,1,1.0,1
mqtt_preprocessed_v2.csv,8384,21,1,1,1.0,1
mqtt_preprocessed_v2.csv,8385,21,1,1,1.0,1
mqtt_preprocessed_v2.csv,8386,21,1,1,1.0,1
mqtt_preprocessed_v2.csv,8387,21,1,1,1.0,1
mqtt_preprocessed_v2.csv,8388,21,1,1,1.0,1
mqtt_preprocessed_v2.csv,8389,21,1,1,1.0,1
mqtt_preprocessed_v2.csv,8390,21,1,1,1.0,1
mqtt_preprocessed_v2.csv,8391,21,1,1,1.0,1
mqtt_preprocessed_v2.csv,8392,21,1,1,1.0,1
mqtt_preprocessed_v2.csv,8393,21,1,1,1.0,1
mqtt_preprocessed_v2.csv,8394,21,1,1,1.0,1
mqtt_preprocessed_v2.csv,8395,21,1,1,1.0,1
mqtt_preprocessed_v2.csv,8396,21,1,1,1.0,1
mqtt_preprocessed_v2.csv,8397,21,1,1,1.0,1
mqtt_preprocessed_v2.csv,8398,22,1,1,0.9999207258224487,1
mqtt_preprocessed_v2.csv,8399,22,1,1,0.9996629953384399,1
mqtt_preprocessed_v2.csv,8400,22,1,1,0.9999403953552246,1
mqtt_preprocessed_v2.csv,8401,22,1,1,0.9999406337738037,1
mqtt_preprocessed_v2.csv,8402,22,1,1,0.9999443292617798,1
mqtt_preprocessed_v2.csv,8403,22,1,1,0.999656081199646,1
mqtt_preprocessed_v2.csv,8404,22,1,1,0.9999707937240601,1
mqtt_preprocessed_v2.csv,8405,22,1,1,0.999711811542511,1
mqtt_preprocessed_v2.csv,8406,22,1,1,0.9999184608459473,1
mqtt_preprocessed_v2.csv,8407,22,1,1,0.9999198913574219,1
mqtt_preprocessed_v2.csv,8408,22,1,1,0.9999412298202515,1
mqtt_preprocessed_v2.csv,8409,22,1,1,0.9999186992645264,1
mqtt_preprocessed_v2.csv,8410,22,1,1,0.9998840093612671,1
mqtt_preprocessed_v2.csv,8411,22,1,1,0.999920129776001,1
mqtt_preprocessed_v2.csv,8412,22,1,1,0.9999487400054932,1
mqtt_preprocessed_v2.csv,8413,22,1,1,0.9999691247940063,1
mqtt_preprocessed_v2.csv,8414,22,1,1,0.9999597072601318,1
mqtt_preprocessed_v2.csv,8415,22,1,1,0.9999210834503174,1
mqtt_preprocessed_v2.csv,8416,22,1,1,0.9996944665908813,1
mqtt_preprocessed_v2.csv,8417,22,1,1,0.9996523857116699,1
mqtt_preprocessed_v2.csv,8418,22,1,0,0.3400222361087799,0
mqtt_preprocessed_v2.csv,8419,22,1,1,0.9951515197753906,1
mqtt_preprocessed_v2.csv,8420,22,1,0,0.17356657981872559,0
mqtt_preprocessed_v2.csv,8421,22,1,1,0.9949969053268433,1
mqtt_preprocessed_v2.csv,8422,22,1,1,0.9999405145645142,1
mqtt_preprocessed_v2.csv,8423,22,1,1,0.9999396800994873,1
mqtt_preprocessed_v2.csv,8424,22,1,1,0.9998656511306763,1
mqtt_preprocessed_v2.csv,8425,22,1,1,0.9997612833976746,1
mqtt_preprocessed_v2.csv,8426,22,1,1,0.9999686479568481,1
mqtt_preprocessed_v2.csv,8427,22,1,1,0.9999402761459351,1
mqtt_preprocessed_v2.csv,8428,22,1,1,0.9996498823165894,1
mqtt_preprocessed_v2.csv,8429,22,1,1,0.9996606111526489,1
mqtt_preprocessed_v2.csv,8430,22,1,1,0.9998641014099121,1
mqtt_preprocessed_v2.csv,8431,22,1,1,0.9999483823776245,1
mqtt_preprocessed_v2.csv,8432,22,1,1,0.9999710321426392,1
mqtt_preprocessed_v2.csv,8433,22,1,1,0.995001494884491,1
mqtt_preprocessed_v2.csv,8434,22,1,1,0.9951497912406921,1
mqtt_preprocessed_v2.csv,8435,22,1,1,0.9951469302177429,1
mqtt_preprocessed_v2.csv,8436,22,1,0,0.3494778573513031,0
mqtt_preprocessed_v2.csv,8437,22,1,0,0.10222712904214859,0
mqtt_preprocessed_v2.csv,8438,22,1,1,0.9951311349868774,1
mqtt_preprocessed_v2.csv,8439,22,1,1,0.9949952363967896,1
mqtt_preprocessed_v2.csv,8440,22,1,1,0.9949919581413269,1
mqtt_preprocessed_v2.csv,8441,22,1,1,0.9951338171958923,1
mqtt_preprocessed_v2.csv,8442,22,1,1,0.9949895739555359,1
mqtt_preprocessed_v2.csv,8443,22,1,0,0.1853094846010208,0
mqtt_preprocessed_v2.csv,8444,22,1,1,0.995134174823761,1
mqtt_preprocessed_v2.csv,8445,22,1,1,0.9949917197227478,1
mqtt_preprocessed_v2.csv,8446,22,1,1,0.9951255917549133,1
mqtt_preprocessed_v2.csv,8447,22,1,0,0.17376844584941864,0
mqtt_preprocessed_v2.csv,8448,22,1,1,0.9999181032180786,1
mqtt_preprocessed_v2.csv,8449,22,1,1,0.9999420642852783,1
mqtt_preprocessed_v2.csv,8450,22,1,1,0.9997777342796326,1
mqtt_preprocessed_v2.csv,8451,22,1,1,0.9996645450592041,1
mqtt_preprocessed_v2.csv,8452,22,1,1,0.9999451637268066,1
mqtt_preprocessed_v2.csv,8453,22,1,1,0.99993896484375,1
mqtt_preprocessed_v2.csv,8454,22,1,1,0.9999592304229736,1
mqtt_preprocessed_v2.csv,8455,22,1,1,0.9999401569366455,1
mqtt_preprocessed_v2.csv,8456,22,1,1,0.9999176263809204,1
mqtt_preprocessed_v2.csv,8457,22,1,1,0.9999428987503052,1
mqtt_preprocessed_v2.csv,8458,22,1,1,0.9997667670249939,1
mqtt_preprocessed_v2.csv,8459,22,1,1,0.9999397993087769,1
mqtt_preprocessed_v2.csv,8460,22,1,1,0.9999405145645142,1
mqtt_preprocessed_v2.csv,8461,22,1,1,0.9998703002929688,1
mqtt_preprocessed_v2.csv,8462,22,1,1,0.9999200105667114,1
mqtt_preprocessed_v2.csv,8463,22,1,1,0.999665379524231,1
mqtt_preprocessed_v2.csv,8464,22,1,1,0.9999160766601562,1
mqtt_preprocessed_v2.csv,8465,22,1,1,0.9999741315841675,1
mqtt_preprocessed_v2.csv,8466,22,1,1,0.9999444484710693,1
mqtt_preprocessed_v2.csv,8467,22,1,1,0.9999178647994995,1
mqtt_preprocessed_v2.csv,8468,22,1,1,0.9999598264694214,1
mqtt_preprocessed_v2.csv,8469,22,1,1,0.9997931122779846,1
mqtt_preprocessed_v2.csv,8470,22,1,1,0.9997112154960632,1
mqtt_preprocessed_v2.csv,8471,22,1,1,0.9999580383300781,1
mqtt_preprocessed_v2.csv,8472,22,1,1,0.9996870756149292,1
mqtt_preprocessed_v2.csv,8473,22,1,1,0.9998655319213867,1
mqtt_preprocessed_v2.csv,8474,22,1,1,0.9999529123306274,1
mqtt_preprocessed_v2.csv,8475,22,1,1,0.9999182224273682,1
mqtt_preprocessed_v2.csv,8476,22,1,1,0.9996763467788696,1
mqtt_preprocessed_v2.csv,8477,22,1,1,0.9999659061431885,1
mqtt_preprocessed_v2.csv,8478,22,1,1,0.9999419450759888,1
mqtt_preprocessed_v2.csv,8479,22,1,1,0.9997326731681824,1
mqtt_preprocessed_v2.csv,8480,22,1,1,0.9996510744094849,1
mqtt_preprocessed_v2.csv,8481,22,1,1,0.9999191761016846,1
mqtt_preprocessed_v2.csv,8482,22,1,1,0.9997254014015198,1
mqtt_preprocessed_v2.csv,8483,22,1,1,0.999957799911499,1
mqtt_preprocessed_v2.csv,8484,22,1,1,0.9999172687530518,1
mqtt_preprocessed_v2.csv,8485,22,1,1,0.9998669624328613,1
mqtt_preprocessed_v2.csv,8486,22,1,1,0.9998834133148193,1
mqtt_preprocessed_v2.csv,8487,22,1,1,0.9999539852142334,1
mqtt_preprocessed_v2.csv,8488,22,1,1,0.9999575614929199,1
mqtt_preprocessed_v2.csv,8489,22,1,1,0.9999405145645142,1
mqtt_preprocessed_v2.csv,8490,22,1,1,0.9999676942825317,1
mqtt_preprocessed_v2.csv,8491,22,1,1,0.9999395608901978,1
mqtt_preprocessed_v2.csv,8492,22,1,1,0.9999587535858154,1
mqtt_preprocessed_v2.csv,8493,22,1,1,0.9999605417251587,1
mqtt_preprocessed_v2.csv,8494,22,1,1,0.9999206066131592,1
mqtt_preprocessed_v2.csv,8495,22,1,1,0.999723494052887,1
mqtt_preprocessed_v2.csv,8496,22,1,1,0.9999605417251587,1
mqtt_preprocessed_v2.csv,8497,22,1,1,0.9996477365493774,1
mqtt_preprocessed_v2.csv,8498,23,1,1,1.0,1
mqtt_preprocessed_v2.csv,8499,23,1,1,1.0,1
mqtt_preprocessed_v2.csv,8500,23,1,1,1.0,1
mqtt_preprocessed_v2.csv,8501,23,1,1,1.0,1
mqtt_preprocessed_v2.csv,8502,23,1,1,1.0,1
mqtt_preprocessed_v2.csv,8503,23,1,1,1.0,1
mqtt_preprocessed_v2.csv,8504,23,1,1,1.0,1
mqtt_preprocessed_v2.csv,8505,23,1,1,1.0,1
mqtt_preprocessed_v2.csv,8506,23,1,1,1.0,1
mqtt_preprocessed_v2.csv,8507,23,1,1,1.0,1
mqtt_preprocessed_v2.csv,8508,23,1,1,1.0,1
mqtt_preprocessed_v2.csv,8509,23,1,1,1.0,1
mqtt_preprocessed_v2.csv,8510,23,1,1,1.0,1
mqtt_preprocessed_v2.csv,8511,23,1,1,1.0,1
mqtt_preprocessed_v2.csv,8512,23,1,1,1.0,1
mqtt_preprocessed_v2.csv,8513,23,1,1,1.0,1
mqtt_preprocessed_v2.csv,8514,23,1,1,1.0,1
mqtt_preprocessed_v2.csv,8515,23,1,1,1.0,1
mqtt_preprocessed_v2.csv,8516,23,1,1,1.0,1
mqtt_preprocessed_v2.csv,8517,23,1,1,1.0,1
mqtt_preprocessed_v2.csv,8518,23,1,1,1.0,1
mqtt_preprocessed_v2.csv,8519,23,1,1,1.0,1
mqtt_preprocessed_v2.csv,8520,23,1,1,1.0,1
mqtt_preprocessed_v2.csv,8521,23,1,1,1.0,1
mqtt_preprocessed_v2.csv,8522,23,1,1,1.0,1
mqtt_preprocessed_v2.csv,8523,23,1,1,1.0,1
mqtt_preprocessed_v2.csv,8524,23,1,1,1.0,1
mqtt_preprocessed_v2.csv,8525,23,1,1,1.0,1
mqtt_preprocessed_v2.csv,8526,23,1,1,1.0,1
mqtt_preprocessed_v2.csv,8527,23,1,1,1.0,1
mqtt_preprocessed_v2.csv,8528,23,1,1,1.0,1
mqtt_preprocessed_v2.csv,8529,23,1,1,1.0,1
mqtt_preprocessed_v2.csv,8530,23,1,1,1.0,1
mqtt_preprocessed_v2.csv,8531,23,1,1,1.0,1
mqtt_preprocessed_v2.csv,8532,23,1,1,1.0,1
mqtt_preprocessed_v2.csv,8533,23,1,1,1.0,1
mqtt_preprocessed_v2.csv,8534,23,1,1,1.0,1
mqtt_preprocessed_v2.csv,8535,23,1,1,1.0,1
mqtt_preprocessed_v2.csv,8536,23,1,1,1.0,1
mqtt_preprocessed_v2.csv,8537,23,1,1,1.0,1
mqtt_preprocessed_v2.csv,8538,23,1,1,1.0,1
mqtt_preprocessed_v2.csv,8539,23,1,1,1.0,1
mqtt_preprocessed_v2.csv,8540,23,1,1,1.0,1
mqtt_preprocessed_v2.csv,8541,23,1,1,1.0,1
mqtt_preprocessed_v2.csv,8542,23,1,1,1.0,1
mqtt_preprocessed_v2.csv,8543,23,1,1,1.0,1
mqtt_preprocessed_v2.csv,8544,23,1,1,1.0,1
mqtt_preprocessed_v2.csv,8545,23,1,1,1.0,1
mqtt_preprocessed_v2.csv,8546,23,1,1,1.0,1
mqtt_preprocessed_v2.csv,8547,23,1,1,1.0,1
mqtt_preprocessed_v2.csv,8548,23,1,1,1.0,1
mqtt_preprocessed_v2.csv,8549,23,1,1,1.0,1
mqtt_preprocessed_v2.csv,8550,23,1,1,1.0,1
mqtt_preprocessed_v2.csv,8551,23,1,1,1.0,1
mqtt_preprocessed_v2.csv,8552,23,1,1,1.0,1
mqtt_preprocessed_v2.csv,8553,23,1,1,1.0,1
mqtt_preprocessed_v2.csv,8554,23,1,1,1.0,1
mqtt_preprocessed_v2.csv,8555,23,1,1,1.0,1
mqtt_preprocessed_v2.csv,8556,23,1,1,1.0,1
mqtt_preprocessed_v2.csv,8557,23,1,1,1.0,1
mqtt_preprocessed_v2.csv,8558,23,1,1,1.0,1
mqtt_preprocessed_v2.csv,8559,23,1,1,1.0,1
mqtt_preprocessed_v2.csv,8560,23,1,1,1.0,1
mqtt_preprocessed_v2.csv,8561,23,1,1,1.0,1
mqtt_preprocessed_v2.csv,8562,23,1,1,1.0,1
mqtt_preprocessed_v2.csv,8563,23,1,1,1.0,1
mqtt_preprocessed_v2.csv,8564,23,1,1,1.0,1
mqtt_preprocessed_v2.csv,8565,23,1,1,1.0,1
mqtt_preprocessed_v2.csv,8566,23,1,1,1.0,1
mqtt_preprocessed_v2.csv,8567,23,1,1,1.0,1
mqtt_preprocessed_v2.csv,8568,23,1,1,1.0,1
mqtt_preprocessed_v2.csv,8569,23,1,1,1.0,1
mqtt_preprocessed_v2.csv,8570,23,1,1,1.0,1
mqtt_preprocessed_v2.csv,8571,23,1,1,1.0,1
mqtt_preprocessed_v2.csv,8572,23,1,1,1.0,1
mqtt_preprocessed_v2.csv,8573,23,1,1,1.0,1
mqtt_preprocessed_v2.csv,8574,23,1,1,1.0,1
mqtt_preprocessed_v2.csv,8575,23,1,1,1.0,1
mqtt_preprocessed_v2.csv,8576,23,1,1,1.0,1
mqtt_preprocessed_v2.csv,8577,23,1,1,1.0,1
mqtt_preprocessed_v2.csv,8578,23,1,1,1.0,1
mqtt_preprocessed_v2.csv,8579,23,1,1,1.0,1
mqtt_preprocessed_v2.csv,8580,23,1,1,1.0,1
mqtt_preprocessed_v2.csv,8581,23,1,1,1.0,1
mqtt_preprocessed_v2.csv,8582,23,1,1,1.0,1
mqtt_preprocessed_v2.csv,8583,23,1,1,1.0,1
mqtt_preprocessed_v2.csv,8584,23,1,1,1.0,1
mqtt_preprocessed_v2.csv,8585,23,1,1,1.0,1
mqtt_preprocessed_v2.csv,8586,23,1,1,1.0,1
mqtt_preprocessed_v2.csv,8587,23,1,1,1.0,1
mqtt_preprocessed_v2.csv,8588,23,1,1,1.0,1
mqtt_preprocessed_v2.csv,8589,23,1,1,1.0,1
mqtt_preprocessed_v2.csv,8590,23,1,1,1.0,1
mqtt_preprocessed_v2.csv,8591,23,1,1,1.0,1
mqtt_preprocessed_v2.csv,8592,23,1,1,1.0,1
mqtt_preprocessed_v2.csv,8593,23,1,1,1.0,1
mqtt_preprocessed_v2.csv,8594,23,1,1,1.0,1
mqtt_preprocessed_v2.csv,8595,23,1,1,1.0,1
mqtt_preprocessed_v2.csv,8596,23,1,1,1.0,1
mqtt_preprocessed_v2.csv,8597,23,1,1,1.0,1
mqtt_preprocessed_v2.csv,8598,24,1,1,1.0,1
mqtt_preprocessed_v2.csv,8599,24,1,1,1.0,1
mqtt_preprocessed_v2.csv,8600,24,1,1,1.0,1
mqtt_preprocessed_v2.csv,8601,24,1,1,1.0,1
mqtt_preprocessed_v2.csv,8602,24,1,1,1.0,1
mqtt_preprocessed_v2.csv,8603,24,1,1,1.0,1
mqtt_preprocessed_v2.csv,8604,24,1,1,1.0,1
mqtt_preprocessed_v2.csv,8605,24,1,1,1.0,1
mqtt_preprocessed_v2.csv,8606,24,1,1,1.0,1
mqtt_preprocessed_v2.csv,8607,24,1,1,1.0,1
mqtt_preprocessed_v2.csv,8608,24,1,1,1.0,1
mqtt_preprocessed_v2.csv,8609,24,1,1,1.0,1
mqtt_preprocessed_v2.csv,8610,24,1,1,1.0,1
mqtt_preprocessed_v2.csv,8611,24,1,1,1.0,1
mqtt_preprocessed_v2.csv,8612,24,1,1,1.0,1
mqtt_preprocessed_v2.csv,8613,24,1,1,1.0,1
mqtt_preprocessed_v2.csv,8614,24,1,1,1.0,1
mqtt_preprocessed_v2.csv,8615,24,1,1,1.0,1
mqtt_preprocessed_v2.csv,8616,24,1,1,1.0,1
mqtt_preprocessed_v2.csv,8617,24,1,1,1.0,1
mqtt_preprocessed_v2.csv,8618,24,1,1,1.0,1
mqtt_preprocessed_v2.csv,8619,24,1,1,1.0,1
mqtt_preprocessed_v2.csv,8620,24,1,1,1.0,1
mqtt_preprocessed_v2.csv,8621,24,1,1,1.0,1
mqtt_preprocessed_v2.csv,8622,24,1,1,1.0,1
mqtt_preprocessed_v2.csv,8623,24,1,1,1.0,1
mqtt_preprocessed_v2.csv,8624,24,1,1,1.0,1
mqtt_preprocessed_v2.csv,8625,24,1,1,1.0,1
mqtt_preprocessed_v2.csv,8626,24,1,1,1.0,1
mqtt_preprocessed_v2.csv,8627,24,1,1,1.0,1
mqtt_preprocessed_v2.csv,8628,24,1,1,1.0,1
mqtt_preprocessed_v2.csv,8629,24,1,1,1.0,1
mqtt_preprocessed_v2.csv,8630,24,1,1,1.0,1
mqtt_preprocessed_v2.csv,8631,24,1,1,1.0,1
mqtt_preprocessed_v2.csv,8632,24,1,1,1.0,1
mqtt_preprocessed_v2.csv,8633,24,1,1,1.0,1
mqtt_preprocessed_v2.csv,8634,24,1,1,1.0,1
mqtt_preprocessed_v2.csv,8635,24,1,1,1.0,1
mqtt_preprocessed_v2.csv,8636,24,1,1,1.0,1
mqtt_preprocessed_v2.csv,8637,24,1,1,1.0,1
mqtt_preprocessed_v2.csv,8638,24,1,1,1.0,1
mqtt_preprocessed_v2.csv,8639,24,1,1,1.0,1
mqtt_preprocessed_v2.csv,8640,24,1,1,1.0,1
mqtt_preprocessed_v2.csv,8641,24,1,1,1.0,1
mqtt_preprocessed_v2.csv,8642,24,1,1,1.0,1
mqtt_preprocessed_v2.csv,8643,24,1,1,1.0,1
mqtt_preprocessed_v2.csv,8644,24,1,1,1.0,1
mqtt_preprocessed_v2.csv,8645,24,1,1,1.0,1
mqtt_preprocessed_v2.csv,8646,24,1,1,1.0,1
mqtt_preprocessed_v2.csv,8647,24,1,1,1.0,1
mqtt_preprocessed_v2.csv,8648,24,1,1,1.0,1
mqtt_preprocessed_v2.csv,8649,24,1,1,1.0,1
mqtt_preprocessed_v2.csv,8650,24,1,1,1.0,1
mqtt_preprocessed_v2.csv,8651,24,1,1,1.0,1
mqtt_preprocessed_v2.csv,8652,24,1,1,1.0,1
mqtt_preprocessed_v2.csv,8653,24,1,1,1.0,1
mqtt_preprocessed_v2.csv,8654,24,1,1,1.0,1
mqtt_preprocessed_v2.csv,8655,24,1,1,1.0,1
mqtt_preprocessed_v2.csv,8656,24,1,1,1.0,1
mqtt_preprocessed_v2.csv,8657,24,1,1,1.0,1
mqtt_preprocessed_v2.csv,8658,24,1,1,1.0,1
mqtt_preprocessed_v2.csv,8659,24,1,1,1.0,1
mqtt_preprocessed_v2.csv,8660,24,1,1,1.0,1
mqtt_preprocessed_v2.csv,8661,24,1,1,1.0,1
mqtt_preprocessed_v2.csv,8662,24,1,1,1.0,1
mqtt_preprocessed_v2.csv,8663,24,1,1,1.0,1
mqtt_preprocessed_v2.csv,8664,24,1,1,1.0,1
mqtt_preprocessed_v2.csv,8665,24,1,1,1.0,1
mqtt_preprocessed_v2.csv,8666,24,1,1,1.0,1
mqtt_preprocessed_v2.csv,8667,24,1,1,1.0,1
mqtt_preprocessed_v2.csv,8668,24,1,1,1.0,1
mqtt_preprocessed_v2.csv,8669,24,1,1,1.0,1
mqtt_preprocessed_v2.csv,8670,24,1,1,1.0,1
mqtt_preprocessed_v2.csv,8671,24,1,1,1.0,1
mqtt_preprocessed_v2.csv,8672,24,1,1,1.0,1
mqtt_preprocessed_v2.csv,8673,24,1,1,1.0,1
mqtt_preprocessed_v2.csv,8674,24,1,1,1.0,1
mqtt_preprocessed_v2.csv,8675,24,1,1,1.0,1
mqtt_preprocessed_v2.csv,8676,24,1,1,1.0,1
mqtt_preprocessed_v2.csv,8677,24,1,1,1.0,1
mqtt_preprocessed_v2.csv,8678,24,1,1,1.0,1
mqtt_preprocessed_v2.csv,8679,24,1,1,1.0,1
mqtt_preprocessed_v2.csv,8680,24,1,1,1.0,1
mqtt_preprocessed_v2.csv,8681,24,1,1,1.0,1
mqtt_preprocessed_v2.csv,8682,24,1,1,1.0,1
mqtt_preprocessed_v2.csv,8683,24,1,1,1.0,1
mqtt_preprocessed_v2.csv,8684,24,1,1,1.0,1
mqtt_preprocessed_v2.csv,8685,24,1,1,1.0,1
mqtt_preprocessed_v2.csv,8686,24,1,1,1.0,1
mqtt_preprocessed_v2.csv,8687,24,1,1,1.0,1
mqtt_preprocessed_v2.csv,8688,24,1,1,1.0,1
mqtt_preprocessed_v2.csv,8689,24,1,1,1.0,1
mqtt_preprocessed_v2.csv,8690,24,1,1,1.0,1
mqtt_preprocessed_v2.csv,8691,24,1,1,1.0,1
mqtt_preprocessed_v2.csv,8692,24,1,1,1.0,1
mqtt_preprocessed_v2.csv,8693,24,1,1,1.0,1
mqtt_preprocessed_v2.csv,8694,24,1,1,1.0,1
mqtt_preprocessed_v2.csv,8695,24,1,1,1.0,1
mqtt_preprocessed_v2.csv,8696,24,1,1,1.0,1
mqtt_preprocessed_v2.csv,8697,24,1,1,1.0,1
mqtt_preprocessed_v2.csv,8698,25,1,1,1.0,1
mqtt_preprocessed_v2.csv,8699,25,1,1,1.0,1
mqtt_preprocessed_v2.csv,8700,25,1,1,1.0,1
mqtt_preprocessed_v2.csv,8701,25,1,1,1.0,1
mqtt_preprocessed_v2.csv,8702,25,1,1,1.0,1
mqtt_preprocessed_v2.csv,8703,25,1,1,1.0,1
mqtt_preprocessed_v2.csv,8704,25,1,1,1.0,1
mqtt_preprocessed_v2.csv,8705,25,1,1,1.0,1
mqtt_preprocessed_v2.csv,8706,25,1,1,1.0,1
mqtt_preprocessed_v2.csv,8707,25,1,1,1.0,1
mqtt_preprocessed_v2.csv,8708,25,1,1,1.0,1
mqtt_preprocessed_v2.csv,8709,25,1,1,1.0,1
mqtt_preprocessed_v2.csv,8710,25,1,1,1.0,1
mqtt_preprocessed_v2.csv,8711,25,1,1,1.0,1
mqtt_preprocessed_v2.csv,8712,25,1,1,1.0,1
mqtt_preprocessed_v2.csv,8713,25,1,1,1.0,1
mqtt_preprocessed_v2.csv,8714,25,1,1,1.0,1
mqtt_preprocessed_v2.csv,8715,25,1,1,1.0,1
mqtt_preprocessed_v2.csv,8716,25,1,1,1.0,1
mqtt_preprocessed_v2.csv,8717,25,1,1,1.0,1
mqtt_preprocessed_v2.csv,8718,25,1,1,1.0,1
mqtt_preprocessed_v2.csv,8719,25,1,1,1.0,1
mqtt_preprocessed_v2.csv,8720,25,1,1,1.0,1
mqtt_preprocessed_v2.csv,8721,25,1,1,1.0,1
mqtt_preprocessed_v2.csv,8722,25,1,1,1.0,1
mqtt_preprocessed_v2.csv,8723,25,1,1,1.0,1
mqtt_preprocessed_v2.csv,8724,25,1,1,1.0,1
mqtt_preprocessed_v2.csv,8725,25,1,1,1.0,1
mqtt_preprocessed_v2.csv,8726,25,1,1,1.0,1
mqtt_preprocessed_v2.csv,8727,25,1,1,1.0,1
mqtt_preprocessed_v2.csv,8728,25,1,1,1.0,1
mqtt_preprocessed_v2.csv,8729,25,1,1,1.0,1
mqtt_preprocessed_v2.csv,8730,25,1,1,1.0,1
mqtt_preprocessed_v2.csv,8731,25,1,1,1.0,1
mqtt_preprocessed_v2.csv,8732,25,1,1,1.0,1
mqtt_preprocessed_v2.csv,8733,25,1,1,1.0,1
mqtt_preprocessed_v2.csv,8734,25,1,1,1.0,1
mqtt_preprocessed_v2.csv,8735,25,1,1,1.0,1
mqtt_preprocessed_v2.csv,8736,25,1,1,1.0,1
mqtt_preprocessed_v2.csv,8737,25,1,1,1.0,1
mqtt_preprocessed_v2.csv,8738,25,1,1,1.0,1
mqtt_preprocessed_v2.csv,8739,25,1,1,1.0,1
mqtt_preprocessed_v2.csv,8740,25,1,1,1.0,1
mqtt_preprocessed_v2.csv,8741,25,1,1,1.0,1
mqtt_preprocessed_v2.csv,8742,25,1,1,1.0,1
mqtt_preprocessed_v2.csv,8743,25,1,1,1.0,1
mqtt_preprocessed_v2.csv,8744,25,1,1,1.0,1
mqtt_preprocessed_v2.csv,8745,25,1,1,1.0,1
mqtt_preprocessed_v2.csv,8746,25,1,1,1.0,1
mqtt_preprocessed_v2.csv,8747,25,1,1,1.0,1
mqtt_preprocessed_v2.csv,8748,26,1,1,1.0,1
mqtt_preprocessed_v2.csv,8749,26,1,1,1.0,1
mqtt_preprocessed_v2.csv,8750,26,1,1,1.0,1
mqtt_preprocessed_v2.csv,8751,26,1,1,1.0,1
mqtt_preprocessed_v2.csv,8752,26,1,1,1.0,1
mqtt_preprocessed_v2.csv,8753,26,1,1,1.0,1
mqtt_preprocessed_v2.csv,8754,26,1,1,1.0,1
mqtt_preprocessed_v2.csv,8755,26,1,1,1.0,1
mqtt_preprocessed_v2.csv,8756,26,1,1,1.0,1
mqtt_preprocessed_v2.csv,8757,26,1,1,1.0,1
mqtt_preprocessed_v2.csv,8758,26,1,1,1.0,1
mqtt_preprocessed_v2.csv,8759,26,1,1,1.0,1
mqtt_preprocessed_v2.csv,8760,26,1,1,1.0,1
mqtt_preprocessed_v2.csv,8761,26,1,1,1.0,1
mqtt_preprocessed_v2.csv,8762,26,1,1,1.0,1
mqtt_preprocessed_v2.csv,8763,26,1,1,1.0,1
mqtt_preprocessed_v2.csv,8764,26,1,1,1.0,1
mqtt_preprocessed_v2.csv,8765,26,1,1,1.0,1
mqtt_preprocessed_v2.csv,8766,26,1,1,1.0,1
mqtt_preprocessed_v2.csv,8767,26,1,1,1.0,1
mqtt_preprocessed_v2.csv,8768,26,1,1,1.0,1
mqtt_preprocessed_v2.csv,8769,26,1,1,1.0,1
mqtt_preprocessed_v2.csv,8770,26,1,1,1.0,1
mqtt_preprocessed_v2.csv,8771,26,1,1,1.0,1
mqtt_preprocessed_v2.csv,8772,26,1,1,1.0,1
mqtt_preprocessed_v2.csv,8773,26,1,1,1.0,1
mqtt_preprocessed_v2.csv,8774,26,1,1,1.0,1
mqtt_preprocessed_v2.csv,8775,26,1,1,1.0,1
mqtt_preprocessed_v2.csv,8776,26,1,1,1.0,1
mqtt_preprocessed_v2.csv,8777,26,1,1,1.0,1
mqtt_preprocessed_v2.csv,8778,26,1,1,1.0,1
mqtt_preprocessed_v2.csv,8779,26,1,1,1.0,1
mqtt_preprocessed_v2.csv,8780,26,1,1,1.0,1
mqtt_preprocessed_v2.csv,8781,26,1,1,1.0,1
mqtt_preprocessed_v2.csv,8782,26,1,1,1.0,1
mqtt_preprocessed_v2.csv,8783,26,1,1,1.0,1
mqtt_preprocessed_v2.csv,8784,26,1,1,1.0,1
mqtt_preprocessed_v2.csv,8785,26,1,1,1.0,1
mqtt_preprocessed_v2.csv,8786,26,1,1,1.0,1
mqtt_preprocessed_v2.csv,8787,26,1,1,1.0,1
mqtt_preprocessed_v2.csv,8788,26,1,1,1.0,1
mqtt_preprocessed_v2.csv,8789,26,1,1,1.0,1
mqtt_preprocessed_v2.csv,8790,26,1,1,1.0,1
mqtt_preprocessed_v2.csv,8791,26,1,1,1.0,1
mqtt_preprocessed_v2.csv,8792,26,1,1,1.0,1
mqtt_preprocessed_v2.csv,8793,26,1,1,1.0,1
mqtt_preprocessed_v2.csv,8794,26,1,1,1.0,1
mqtt_preprocessed_v2.csv,8795,26,1,1,1.0,1
mqtt_preprocessed_v2.csv,8796,26,1,1,1.0,1
mqtt_preprocessed_v2.csv,8797,26,1,1,1.0,1
mqtt_preprocessed_v2.csv,8798,27,1,1,1.0,1
mqtt_preprocessed_v2.csv,8799,27,1,1,1.0,1
mqtt_preprocessed_v2.csv,8800,27,1,1,1.0,1
mqtt_preprocessed_v2.csv,8801,27,1,1,1.0,1
mqtt_preprocessed_v2.csv,8802,27,1,1,1.0,1
mqtt_preprocessed_v2.csv,8803,27,1,1,1.0,1
mqtt_preprocessed_v2.csv,8804,27,1,1,1.0,1
mqtt_preprocessed_v2.csv,8805,27,1,1,1.0,1
mqtt_preprocessed_v2.csv,8806,27,1,1,1.0,1
mqtt_preprocessed_v2.csv,8807,27,1,1,1.0,1
mqtt_preprocessed_v2.csv,8808,27,1,1,1.0,1
mqtt_preprocessed_v2.csv,8809,27,1,1,1.0,1
mqtt_preprocessed_v2.csv,8810,27,1,1,1.0,1
mqtt_preprocessed_v2.csv,8811,27,1,1,1.0,1
mqtt_preprocessed_v2.csv,8812,27,1,1,1.0,1
mqtt_preprocessed_v2.csv,8813,27,1,1,1.0,1
mqtt_preprocessed_v2.csv,8814,27,1,1,1.0,1
mqtt_preprocessed_v2.csv,8815,27,1,1,1.0,1
mqtt_preprocessed_v2.csv,8816,27,1,1,1.0,1
mqtt_preprocessed_v2.csv,8817,27,1,1,1.0,1
mqtt_preprocessed_v2.csv,8818,27,1,1,1.0,1
mqtt_preprocessed_v2.csv,8819,27,1,1,1.0,1
mqtt_preprocessed_v2.csv,8820,27,1,1,1.0,1
mqtt_preprocessed_v2.csv,8821,27,1,1,1.0,1
mqtt_preprocessed_v2.csv,8822,27,1,1,1.0,1
mqtt_preprocessed_v2.csv,8823,27,1,1,1.0,1
mqtt_preprocessed_v2.csv,8824,27,1,1,1.0,1
mqtt_preprocessed_v2.csv,8825,27,1,1,1.0,1
mqtt_preprocessed_v2.csv,8826,27,1,1,1.0,1
mqtt_preprocessed_v2.csv,8827,27,1,1,1.0,1
mqtt_preprocessed_v2.csv,8828,27,1,1,1.0,1
mqtt_preprocessed_v2.csv,8829,27,1,1,1.0,1
mqtt_preprocessed_v2.csv,8830,27,1,1,1.0,1
mqtt_preprocessed_v2.csv,8831,27,1,1,1.0,1
mqtt_preprocessed_v2.csv,8832,27,1,1,1.0,1
mqtt_preprocessed_v2.csv,8833,27,1,1,1.0,1
mqtt_preprocessed_v2.csv,8834,27,1,1,1.0,1
mqtt_preprocessed_v2.csv,8835,27,1,1,1.0,1
mqtt_preprocessed_v2.csv,8836,27,1,1,1.0,1
mqtt_preprocessed_v2.csv,8837,27,1,1,1.0,1
mqtt_preprocessed_v2.csv,8838,27,1,1,1.0,1
mqtt_preprocessed_v2.csv,8839,27,1,1,1.0,1
mqtt_preprocessed_v2.csv,8840,27,1,1,1.0,1
mqtt_preprocessed_v2.csv,8841,27,1,1,1.0,1
mqtt_preprocessed_v2.csv,8842,27,1,1,1.0,1
mqtt_preprocessed_v2.csv,8843,27,1,1,1.0,1
mqtt_preprocessed_v2.csv,8844,27,1,1,1.0,1
mqtt_preprocessed_v2.csv,8845,27,1,1,1.0,1
mqtt_preprocessed_v2.csv,8846,27,1,1,1.0,1
mqtt_preprocessed_v2.csv,8847,27,1,1,1.0,1
mqtt_preprocessed_v2.csv,8848,28,1,1,1.0,1
mqtt_preprocessed_v2.csv,8849,28,1,1,1.0,1
mqtt_preprocessed_v2.csv,8850,28,1,1,1.0,1
mqtt_preprocessed_v2.csv,8851,28,1,1,1.0,1
mqtt_preprocessed_v2.csv,8852,28,1,1,1.0,1
mqtt_preprocessed_v2.csv,8853,28,1,1,1.0,1
mqtt_preprocessed_v2.csv,8854,28,1,1,1.0,1
mqtt_preprocessed_v2.csv,8855,28,1,1,1.0,1
mqtt_preprocessed_v2.csv,8856,28,1,1,1.0,1
mqtt_preprocessed_v2.csv,8857,28,1,1,1.0,1
mqtt_preprocessed_v2.csv,8858,28,1,1,1.0,1
mqtt_preprocessed_v2.csv,8859,28,1,1,1.0,1
mqtt_preprocessed_v2.csv,8860,28,1,1,1.0,1
mqtt_preprocessed_v2.csv,8861,28,1,1,1.0,1
mqtt_preprocessed_v2.csv,8862,28,1,1,1.0,1
mqtt_preprocessed_v2.csv,8863,28,1,1,1.0,1
mqtt_preprocessed_v2.csv,8864,28,1,1,1.0,1
mqtt_preprocessed_v2.csv,8865,28,1,1,1.0,1
mqtt_preprocessed_v2.csv,8866,28,1,1,1.0,1
mqtt_preprocessed_v2.csv,8867,28,1,1,1.0,1
mqtt_preprocessed_v2.csv,8868,28,1,1,1.0,1
mqtt_preprocessed_v2.csv,8869,28,1,1,1.0,1
mqtt_preprocessed_v2.csv,8870,28,1,1,1.0,1
mqtt_preprocessed_v2.csv,8871,28,1,1,1.0,1
mqtt_preprocessed_v2.csv,8872,28,1,1,1.0,1
mqtt_preprocessed_v2.csv,8873,28,1,1,1.0,1
mqtt_preprocessed_v2.csv,8874,28,1,1,1.0,1
mqtt_preprocessed_v2.csv,8875,28,1,1,1.0,1
mqtt_preprocessed_v2.csv,8876,28,1,1,1.0,1
mqtt_preprocessed_v2.csv,8877,28,1,1,1.0,1
mqtt_preprocessed_v2.csv,8878,28,1,1,1.0,1
mqtt_preprocessed_v2.csv,8879,28,1,1,1.0,1
mqtt_preprocessed_v2.csv,8880,28,1,1,1.0,1
mqtt_preprocessed_v2.csv,8881,28,1,1,1.0,1
mqtt_preprocessed_v2.csv,8882,28,1,1,1.0,1
mqtt_preprocessed_v2.csv,8883,28,1,1,1.0,1
mqtt_preprocessed_v2.csv,8884,28,1,1,1.0,1
mqtt_preprocessed_v2.csv,8885,28,1,1,1.0,1
mqtt_preprocessed_v2.csv,8886,28,1,1,1.0,1
mqtt_preprocessed_v2.csv,8887,28,1,1,1.0,1
mqtt_preprocessed_v2.csv,8888,28,1,1,1.0,1
mqtt_preprocessed_v2.csv,8889,28,1,1,1.0,1
mqtt_preprocessed_v2.csv,8890,28,1,1,1.0,1
mqtt_preprocessed_v2.csv,8891,28,1,1,1.0,1
mqtt_preprocessed_v2.csv,8892,28,1,1,1.0,1
mqtt_preprocessed_v2.csv,8893,28,1,1,1.0,1
mqtt_preprocessed_v2.csv,8894,28,1,1,1.0,1
mqtt_preprocessed_v2.csv,8895,28,1,1,1.0,1
mqtt_preprocessed_v2.csv,8896,28,1,1,1.0,1
mqtt_preprocessed_v2.csv,8897,28,1,1,1.0,1
mqtt_preprocessed_v2.csv,8898,29,1,1,1.0,1
mqtt_preprocessed_v2.csv,8899,29,1,1,1.0,1
mqtt_preprocessed_v2.csv,8900,29,1,1,1.0,1
mqtt_preprocessed_v2.csv,8901,29,1,1,1.0,1
mqtt_preprocessed_v2.csv,8902,29,1,1,1.0,1
mqtt_preprocessed_v2.csv,8903,29,1,1,1.0,1
mqtt_preprocessed_v2.csv,8904,29,1,1,1.0,1
mqtt_preprocessed_v2.csv,8905,29,1,1,1.0,1
mqtt_preprocessed_v2.csv,8906,29,1,1,1.0,1
mqtt_preprocessed_v2.csv,8907,29,1,1,1.0,1
mqtt_preprocessed_v2.csv,8908,29,1,1,1.0,1
mqtt_preprocessed_v2.csv,8909,29,1,1,1.0,1
mqtt_preprocessed_v2.csv,8910,29,1,1,1.0,1
mqtt_preprocessed_v2.csv,8911,29,1,1,1.0,1
mqtt_preprocessed_v2.csv,8912,29,1,1,1.0,1
mqtt_preprocessed_v2.csv,8913,29,1,1,1.0,1
mqtt_preprocessed_v2.csv,8914,29,1,1,1.0,1
mqtt_preprocessed_v2.csv,8915,29,1,1,1.0,1
mqtt_preprocessed_v2.csv,8916,29,1,1,1.0,1
mqtt_preprocessed_v2.csv,8917,29,1,1,1.0,1
mqtt_preprocessed_v2.csv,8918,29,1,1,1.0,1
mqtt_preprocessed_v2.csv,8919,29,1,1,1.0,1
mqtt_preprocessed_v2.csv,8920,29,1,1,1.0,1
mqtt_preprocessed_v2.csv,8921,29,1,1,1.0,1
mqtt_preprocessed_v2.csv,8922,29,1,1,1.0,1
mqtt_preprocessed_v2.csv,8923,29,1,1,1.0,1
mqtt_preprocessed_v2.csv,8924,29,1,1,1.0,1
mqtt_preprocessed_v2.csv,8925,29,1,1,1.0,1
mqtt_preprocessed_v2.csv,8926,29,1,1,1.0,1
mqtt_preprocessed_v2.csv,8927,29,1,1,1.0,1
mqtt_preprocessed_v2.csv,8928,29,1,1,1.0,1
mqtt_preprocessed_v2.csv,8929,29,1,1,1.0,1
mqtt_preprocessed_v2.csv,8930,29,1,1,1.0,1
mqtt_preprocessed_v2.csv,8931,29,1,1,1.0,1
mqtt_preprocessed_v2.csv,8932,29,1,1,1.0,1
mqtt_preprocessed_v2.csv,8933,29,1,1,1.0,1
mqtt_preprocessed_v2.csv,8934,29,1,1,1.0,1
mqtt_preprocessed_v2.csv,8935,29,1,1,1.0,1
mqtt_preprocessed_v2.csv,8936,29,1,1,1.0,1
mqtt_preprocessed_v2.csv,8937,29,1,1,1.0,1
mqtt_preprocessed_v2.csv,8938,29,1,1,1.0,1
mqtt_preprocessed_v2.csv,8939,29,1,1,1.0,1
mqtt_preprocessed_v2.csv,8940,29,1,1,1.0,1
mqtt_preprocessed_v2.csv,8941,29,1,1,1.0,1
mqtt_preprocessed_v2.csv,8942,29,1,1,1.0,1
mqtt_preprocessed_v2.csv,8943,29,1,1,1.0,1
mqtt_preprocessed_v2.csv,8944,29,1,1,1.0,1
mqtt_preprocessed_v2.csv,8945,29,1,1,1.0,1
mqtt_preprocessed_v2.csv,8946,29,1,1,1.0,1
mqtt_preprocessed_v2.csv,8947,29,1,1,1.0,1
mqtt_preprocessed_v2.csv,8948,30,1,1,1.0,1
mqtt_preprocessed_v2.csv,8949,30,1,1,1.0,1
mqtt_preprocessed_v2.csv,8950,30,1,1,1.0,1
mqtt_preprocessed_v2.csv,8951,30,1,1,1.0,1
mqtt_preprocessed_v2.csv,8952,30,1,1,1.0,1
mqtt_preprocessed_v2.csv,8953,30,1,1,1.0,1
mqtt_preprocessed_v2.csv,8954,30,1,1,1.0,1
mqtt_preprocessed_v2.csv,8955,30,1,1,1.0,1
mqtt_preprocessed_v2.csv,8956,30,1,1,1.0,1
mqtt_preprocessed_v2.csv,8957,30,1,1,1.0,1
mqtt_preprocessed_v2.csv,8958,30,1,1,1.0,1
mqtt_preprocessed_v2.csv,8959,30,1,1,1.0,1
mqtt_preprocessed_v2.csv,8960,30,1,1,1.0,1
mqtt_preprocessed_v2.csv,8961,30,1,1,1.0,1
mqtt_preprocessed_v2.csv,8962,30,1,1,1.0,1
mqtt_preprocessed_v2.csv,8963,30,1,1,1.0,1
mqtt_preprocessed_v2.csv,8964,30,1,1,1.0,1
mqtt_preprocessed_v2.csv,8965,30,1,1,1.0,1
mqtt_preprocessed_v2.csv,8966,30,1,1,1.0,1
mqtt_preprocessed_v2.csv,8967,30,1,1,1.0,1
mqtt_preprocessed_v2.csv,8968,30,1,1,1.0,1
mqtt_preprocessed_v2.csv,8969,30,1,1,1.0,1
mqtt_preprocessed_v2.csv,8970,30,1,1,1.0,1
mqtt_preprocessed_v2.csv,8971,30,1,1,1.0,1
mqtt_preprocessed_v2.csv,8972,30,1,1,1.0,1
mqtt_preprocessed_v2.csv,8973,30,1,1,1.0,1
mqtt_preprocessed_v2.csv,8974,30,1,1,1.0,1
mqtt_preprocessed_v2.csv,8975,30,1,1,1.0,1
mqtt_preprocessed_v2.csv,8976,30,1,1,1.0,1
mqtt_preprocessed_v2.csv,8977,30,1,1,1.0,1
mqtt_preprocessed_v2.csv,8978,30,1,1,1.0,1
mqtt_preprocessed_v2.csv,8979,30,1,1,1.0,1
mqtt_preprocessed_v2.csv,8980,30,1,1,1.0,1
mqtt_preprocessed_v2.csv,8981,30,1,1,1.0,1
mqtt_preprocessed_v2.csv,8982,30,1,1,1.0,1
mqtt_preprocessed_v2.csv,8983,30,1,1,1.0,1
mqtt_preprocessed_v2.csv,8984,30,1,1,1.0,1
mqtt_preprocessed_v2.csv,8985,30,1,1,1.0,1
mqtt_preprocessed_v2.csv,8986,30,1,1,1.0,1
mqtt_preprocessed_v2.csv,8987,30,1,1,1.0,1
mqtt_preprocessed_v2.csv,8988,30,1,1,1.0,1
mqtt_preprocessed_v2.csv,8989,30,1,1,1.0,1
mqtt_preprocessed_v2.csv,8990,30,1,1,1.0,1
mqtt_preprocessed_v2.csv,8991,30,1,1,1.0,1
mqtt_preprocessed_v2.csv,8992,30,1,1,1.0,1
mqtt_preprocessed_v2.csv,8993,30,1,1,1.0,1
mqtt_preprocessed_v2.csv,8994,30,1,1,1.0,1
mqtt_preprocessed_v2.csv,8995,30,1,1,1.0,1
mqtt_preprocessed_v2.csv,8996,30,1,1,1.0,1
mqtt_preprocessed_v2.csv,8997,30,1,1,1.0,1
mqtt_preprocessed_v2.csv,8998,4,1,1,1.0,1
mqtt_preprocessed_v2.csv,8999,4,1,1,1.0,1
mqtt_preprocessed_v2.csv,9000,4,1,1,1.0,1
mqtt_preprocessed_v2.csv,9001,4,1,1,1.0,1
mqtt_preprocessed_v2.csv,9002,4,1,1,1.0,1
mqtt_preprocessed_v2.csv,9003,4,1,1,1.0,1
mqtt_preprocessed_v2.csv,9004,4,1,1,1.0,1
mqtt_preprocessed_v2.csv,9005,4,1,1,1.0,1
mqtt_preprocessed_v2.csv,9006,4,1,1,1.0,1
mqtt_preprocessed_v2.csv,9007,4,1,1,1.0,1
mqtt_preprocessed_v2.csv,9008,4,1,1,1.0,1
mqtt_preprocessed_v2.csv,9009,4,1,1,1.0,1
mqtt_preprocessed_v2.csv,9010,4,1,1,1.0,1
mqtt_preprocessed_v2.csv,9011,4,1,1,1.0,1
mqtt_preprocessed_v2.csv,9012,4,1,1,1.0,1
mqtt_preprocessed_v2.csv,9013,4,1,1,1.0,1
mqtt_preprocessed_v2.csv,9014,4,1,1,1.0,1
mqtt_preprocessed_v2.csv,9015,4,1,1,1.0,1
mqtt_preprocessed_v2.csv,9016,4,1,1,1.0,1
mqtt_preprocessed_v2.csv,9017,4,1,1,1.0,1
mqtt_preprocessed_v2.csv,9018,4,1,1,0.9998857975006104,1
mqtt_preprocessed_v2.csv,9019,4,1,1,0.9999148845672607,1
mqtt_preprocessed_v2.csv,9020,4,1,1,0.9998738765716553,1
mqtt_preprocessed_v2.csv,9021,4,1,1,0.9999326467514038,1
mqtt_preprocessed_v2.csv,9022,4,1,1,0.9999451637268066,1
mqtt_preprocessed_v2.csv,9023,4,1,1,0.9999593496322632,1
mqtt_preprocessed_v2.csv,9024,4,1,1,0.9999479055404663,1
mqtt_preprocessed_v2.csv,9025,4,1,1,0.9999604225158691,1
mqtt_preprocessed_v2.csv,9026,4,1,1,0.9955341815948486,1
mqtt_preprocessed_v2.csv,9027,4,1,1,0.9998795986175537,1
mqtt_preprocessed_v2.csv,9028,4,1,1,0.9824410080909729,1
mqtt_preprocessed_v2.csv,9029,4,1,1,0.9999716281890869,1
mqtt_preprocessed_v2.csv,9030,4,1,1,0.9999624490737915,1
mqtt_preprocessed_v2.csv,9031,4,1,1,0.9999346733093262,1
mqtt_preprocessed_v2.csv,9032,4,1,1,0.9971892237663269,1
mqtt_preprocessed_v2.csv,9033,4,1,1,0.9999375343322754,1
mqtt_preprocessed_v2.csv,9034,4,1,1,0.9999470710754395,1
mqtt_preprocessed_v2.csv,9035,4,1,1,0.9999586343765259,1
mqtt_preprocessed_v2.csv,9036,4,1,1,0.998238205909729,1
mqtt_preprocessed_v2.csv,9037,4,1,1,0.9999301433563232,1
mqtt_preprocessed_v2.csv,9038,4,1,1,1.0,1
mqtt_preprocessed_v2.csv,9039,4,1,1,1.0,1
mqtt_preprocessed_v2.csv,9040,4,1,1,1.0,1
mqtt_preprocessed_v2.csv,9041,4,1,1,1.0,1
mqtt_preprocessed_v2.csv,9042,4,1,1,1.0,1
mqtt_preprocessed_v2.csv,9043,4,1,1,0.9999996423721313,1
mqtt_preprocessed_v2.csv,9044,4,1,1,0.5580313801765442,1
mqtt_preprocessed_v2.csv,9045,4,1,1,1.0,1
mqtt_preprocessed_v2.csv,9046,4,1,1,1.0,1
mqtt_preprocessed_v2.csv,9047,4,1,1,0.9999995231628418,1
mqtt_preprocessed_v2.csv,9048,4,1,1,1.0,1
mqtt_preprocessed_v2.csv,9049,4,1,1,0.9999996423721313,1
mqtt_preprocessed_v2.csv,9050,4,1,1,1.0,1
mqtt_preprocessed_v2.csv,9051,4,1,1,1.0,1
mqtt_preprocessed_v2.csv,9052,4,1,1,0.9999998807907104,1
mqtt_preprocessed_v2.csv,9053,4,1,1,1.0,1
mqtt_preprocessed_v2.csv,9054,4,1,1,0.9999997615814209,1
mqtt_preprocessed_v2.csv,9055,4,1,1,1.0,1
mqtt_preprocessed_v2.csv,9056,4,1,1,1.0,1
mqtt_preprocessed_v2.csv,9057,4,1,1,0.9999997615814209,1
mqtt_preprocessed_v2.csv,9058,4,1,1,1.0,1
mqtt_preprocessed_v2.csv,9059,4,1,1,1.0,1
mqtt_preprocessed_v2.csv,9060,4,1,1,1.0,1
mqtt_preprocessed_v2.csv,9061,4,1,1,1.0,1
mqtt_preprocessed_v2.csv,9062,4,1,1,1.0,1
mqtt_preprocessed_v2.csv,9063,4,1,1,1.0,1
mqtt_preprocessed_v2.csv,9064,4,1,1,1.0,1
mqtt_preprocessed_v2.csv,9065,4,1,1,1.0,1
mqtt_preprocessed_v2.csv,9066,4,1,1,1.0,1
mqtt_preprocessed_v2.csv,9067,4,1,1,1.0,1
mqtt_preprocessed_v2.csv,9068,4,1,1,1.0,1
mqtt_preprocessed_v2.csv,9069,4,1,1,1.0,1
mqtt_preprocessed_v2.csv,9070,4,1,1,1.0,1
mqtt_preprocessed_v2.csv,9071,4,1,1,1.0,1
mqtt_preprocessed_v2.csv,9072,4,1,1,1.0,1
mqtt_preprocessed_v2.csv,9073,4,1,1,1.0,1
mqtt_preprocessed_v2.csv,9074,4,1,1,1.0,1
mqtt_preprocessed_v2.csv,9075,4,1,1,1.0,1
mqtt_preprocessed_v2.csv,9076,4,1,1,1.0,1
mqtt_preprocessed_v2.csv,9077,4,1,1,1.0,1
mqtt_preprocessed_v2.csv,9078,4,1,1,1.0,1
mqtt_preprocessed_v2.csv,9079,4,1,1,1.0,1
mqtt_preprocessed_v2.csv,9080,4,1,1,1.0,1
mqtt_preprocessed_v2.csv,9081,4,1,1,1.0,1
mqtt_preprocessed_v2.csv,9082,4,1,1,1.0,1
mqtt_preprocessed_v2.csv,9083,4,1,1,1.0,1
mqtt_preprocessed_v2.csv,9084,4,1,1,1.0,1
mqtt_preprocessed_v2.csv,9085,4,1,1,1.0,1
mqtt_preprocessed_v2.csv,9086,4,1,1,1.0,1
mqtt_preprocessed_v2.csv,9087,4,1,1,1.0,1
mqtt_preprocessed_v2.csv,9088,4,1,1,1.0,1
mqtt_preprocessed_v2.csv,9089,4,1,1,1.0,1
mqtt_preprocessed_v2.csv,9090,4,1,1,1.0,1
mqtt_preprocessed_v2.csv,9091,4,1,1,1.0,1
mqtt_preprocessed_v2.csv,9092,4,1,1,1.0,1
mqtt_preprocessed_v2.csv,9093,4,1,1,1.0,1
mqtt_preprocessed_v2.csv,9094,4,1,1,1.0,1
mqtt_preprocessed_v2.csv,9095,4,1,1,1.0,1
mqtt_preprocessed_v2.csv,9096,4,1,1,1.0,1
mqtt_preprocessed_v2.csv,9097,4,1,1,1.0,1
mqtt_preprocessed_v2.csv,9098,32,1,1,1.0,1
mqtt_preprocessed_v2.csv,9099,32,1,1,1.0,1
mqtt_preprocessed_v2.csv,9100,32,1,1,1.0,1
mqtt_preprocessed_v2.csv,9101,32,1,1,1.0,1
mqtt_preprocessed_v2.csv,9102,32,1,1,1.0,1
mqtt_preprocessed_v2.csv,9103,32,1,1,1.0,1
mqtt_preprocessed_v2.csv,9104,32,1,1,1.0,1
mqtt_preprocessed_v2.csv,9105,32,1,1,1.0,1
mqtt_preprocessed_v2.csv,9106,32,1,1,0.9998935461044312,1
mqtt_preprocessed_v2.csv,9107,32,1,1,1.0,1
mqtt_preprocessed_v2.csv,9108,32,1,0,0.21228444576263428,0
mqtt_preprocessed_v2.csv,9109,32,1,1,0.9998440742492676,1
mqtt_preprocessed_v2.csv,9110,32,1,1,1.0,1
mqtt_preprocessed_v2.csv,9111,32,1,1,1.0,1
mqtt_preprocessed_v2.csv,9112,32,1,1,1.0,1
mqtt_preprocessed_v2.csv,9113,32,1,1,1.0,1
mqtt_preprocessed_v2.csv,9114,32,1,1,1.0,1
mqtt_preprocessed_v2.csv,9115,32,1,1,1.0,1
mqtt_preprocessed_v2.csv,9116,32,1,1,1.0,1
mqtt_preprocessed_v2.csv,9117,32,1,1,1.0,1
mqtt_preprocessed_v2.csv,9118,32,1,1,1.0,1
mqtt_preprocessed_v2.csv,9119,32,1,1,1.0,1
mqtt_preprocessed_v2.csv,9120,32,1,0,0.33028745651245117,0
mqtt_preprocessed_v2.csv,9121,32,1,1,1.0,1
mqtt_preprocessed_v2.csv,9122,32,1,1,1.0,1
mqtt_preprocessed_v2.csv,9123,32,1,1,1.0,1
mqtt_preprocessed_v2.csv,9124,32,1,1,0.9996604919433594,1
mqtt_preprocessed_v2.csv,9125,32,1,1,1.0,1
mqtt_preprocessed_v2.csv,9126,32,1,1,1.0,1
mqtt_preprocessed_v2.csv,9127,32,1,1,1.0,1
mqtt_preprocessed_v2.csv,9128,32,1,1,1.0,1
mqtt_preprocessed_v2.csv,9129,32,1,1,1.0,1
mqtt_preprocessed_v2.csv,9130,32,1,1,1.0,1
mqtt_preprocessed_v2.csv,9131,32,1,1,0.9999995231628418,1
mqtt_preprocessed_v2.csv,9132,32,1,1,0.9999376535415649,1
mqtt_preprocessed_v2.csv,9133,32,1,1,1.0,1
mqtt_preprocessed_v2.csv,9134,32,1,1,1.0,1
mqtt_preprocessed_v2.csv,9135,32,1,1,1.0,1
mqtt_preprocessed_v2.csv,9136,32,1,1,1.0,1
mqtt_preprocessed_v2.csv,9137,32,1,1,1.0,1
mqtt_preprocessed_v2.csv,9138,32,1,1,0.9999996423721313,1
mqtt_preprocessed_v2.csv,9139,32,1,1,0.9995138645172119,1
mqtt_preprocessed_v2.csv,9140,32,1,1,1.0,1
mqtt_preprocessed_v2.csv,9141,32,1,1,1.0,1
mqtt_preprocessed_v2.csv,9142,32,1,1,0.999794065952301,1
mqtt_preprocessed_v2.csv,9143,32,1,1,0.9999037981033325,1
mqtt_preprocessed_v2.csv,9144,32,1,1,0.9999998807907104,1
mqtt_preprocessed_v2.csv,9145,32,1,1,1.0,1
mqtt_preprocessed_v2.csv,9146,32,1,1,1.0,1
mqtt_preprocessed_v2.csv,9147,32,1,1,0.9979028701782227,1
mqtt_preprocessed_v2.csv,9148,32,1,1,1.0,1
mqtt_preprocessed_v2.csv,9149,32,1,1,1.0,1
mqtt_preprocessed_v2.csv,9150,32,1,1,1.0,1
mqtt_preprocessed_v2.csv,9151,32,1,1,1.0,1
mqtt_preprocessed_v2.csv,9152,32,1,1,0.9999997615814209,1
mqtt_preprocessed_v2.csv,9153,32,1,1,0.9999997615814209,1
mqtt_preprocessed_v2.csv,9154,32,1,1,0.9999572038650513,1
mqtt_preprocessed_v2.csv,9155,32,1,1,1.0,1
mqtt_preprocessed_v2.csv,9156,32,1,1,1.0,1
mqtt_preprocessed_v2.csv,9157,32,1,1,0.9995265007019043,1
mqtt_preprocessed_v2.csv,9158,32,1,1,1.0,1
mqtt_preprocessed_v2.csv,9159,32,1,1,1.0,1
mqtt_preprocessed_v2.csv,9160,32,1,1,1.0,1
mqtt_preprocessed_v2.csv,9161,32,1,1,0.9998408555984497,1
mqtt_preprocessed_v2.csv,9162,32,1,1,1.0,1
mqtt_preprocessed_v2.csv,9163,32,1,1,1.0,1
mqtt_preprocessed_v2.csv,9164,32,1,1,1.0,1
mqtt_preprocessed_v2.csv,9165,32,1,1,1.0,1
mqtt_preprocessed_v2.csv,9166,32,1,1,1.0,1
mqtt_preprocessed_v2.csv,9167,32,1,1,1.0,1
mqtt_preprocessed_v2.csv,9168,32,1,1,1.0,1
mqtt_preprocessed_v2.csv,9169,32,1,1,1.0,1
mqtt_preprocessed_v2.csv,9170,32,1,1,1.0,1
mqtt_preprocessed_v2.csv,9171,32,1,1,1.0,1
mqtt_preprocessed_v2.csv,9172,32,1,1,1.0,1
mqtt_preprocessed_v2.csv,9173,32,1,1,0.9978218078613281,1
mqtt_preprocessed_v2.csv,9174,32,1,1,0.9999995231628418,1
mqtt_preprocessed_v2.csv,9175,32,1,1,1.0,1
mqtt_preprocessed_v2.csv,9176,32,1,1,0.9999967813491821,1
mqtt_preprocessed_v2.csv,9177,32,1,1,1.0,1
mqtt_preprocessed_v2.csv,9178,32,1,1,0.9998791217803955,1
mqtt_preprocessed_v2.csv,9179,32,1,1,0.9997528195381165,1
mqtt_preprocessed_v2.csv,9180,32,1,1,1.0,1
mqtt_preprocessed_v2.csv,9181,32,1,1,1.0,1
mqtt_preprocessed_v2.csv,9182,32,1,1,1.0,1
mqtt_preprocessed_v2.csv,9183,32,1,1,1.0,1
mqtt_preprocessed_v2.csv,9184,32,1,1,0.999853253364563,1
mqtt_preprocessed_v2.csv,9185,32,1,1,0.9996788501739502,1
mqtt_preprocessed_v2.csv,9186,32,1,1,1.0,1
mqtt_preprocessed_v2.csv,9187,32,1,1,1.0,1
mqtt_preprocessed_v2.csv,9188,32,1,1,1.0,1
mqtt_preprocessed_v2.csv,9189,32,1,1,0.9999998807907104,1
mqtt_preprocessed_v2.csv,9190,32,1,1,1.0,1
mqtt_preprocessed_v2.csv,9191,32,1,1,1.0,1
mqtt_preprocessed_v2.csv,9192,32,1,1,0.9996320009231567,1
mqtt_preprocessed_v2.csv,9193,32,1,1,0.9999281167984009,1
mqtt_preprocessed_v2.csv,9194,32,1,1,1.0,1
mqtt_preprocessed_v2.csv,9195,32,1,1,0.999976634979248,1
mqtt_preprocessed_v2.csv,9196,32,1,1,1.0,1
mqtt_preprocessed_v2.csv,9197,32,1,1,1.0,1
mqtt_preprocessed_v2.csv,9198,4,1,1,0.9999645948410034,1
mqtt_preprocessed_v2.csv,9199,4,1,1,0.9999797344207764,1
mqtt_preprocessed_v2.csv,9200,4,1,1,0.9906876683235168,1
mqtt_preprocessed_v2.csv,9201,4,1,1,0.9999792575836182,1
mqtt_preprocessed_v2.csv,9202,4,1,1,0.9999793767929077,1
mqtt_preprocessed_v2.csv,9203,4,1,1,0.9999394416809082,1
mqtt_preprocessed_v2.csv,9204,4,1,1,0.9842310547828674,1
mqtt_preprocessed_v2.csv,9205,4,1,1,0.9999744892120361,1
mqtt_preprocessed_v2.csv,9206,4,1,1,0.9999746084213257,1
mqtt_preprocessed_v2.csv,9207,4,1,1,0.999993085861206,1
mqtt_preprocessed_v2.csv,9208,4,1,1,0.980968177318573,1
mqtt_preprocessed_v2.csv,9209,4,1,1,0.9999743700027466,1
mqtt_preprocessed_v2.csv,9210,4,1,1,0.9999741315841675,1
mqtt_preprocessed_v2.csv,9211,4,1,1,0.9999768733978271,1
mqtt_preprocessed_v2.csv,9212,4,1,1,0.9691202640533447,1
mqtt_preprocessed_v2.csv,9213,4,1,1,0.9469152092933655,1
mqtt_preprocessed_v2.csv,9214,4,1,1,0.9919849634170532,1
mqtt_preprocessed_v2.csv,9215,4,1,1,0.9683147072792053,1
mqtt_preprocessed_v2.csv,9216,4,1,1,0.9723114371299744,1
mqtt_preprocessed_v2.csv,9217,4,1,1,0.9372867941856384,1
mqtt_preprocessed_v2.csv,9218,4,1,1,0.9703264236450195,1
mqtt_preprocessed_v2.csv,9219,4,1,1,0.9863660335540771,1
mqtt_preprocessed_v2.csv,9220,4,1,1,0.539887547492981,1
mqtt_preprocessed_v2.csv,9221,4,1,1,0.9932498931884766,1
mqtt_preprocessed_v2.csv,9222,4,1,0,0.2894650101661682,0
mqtt_preprocessed_v2.csv,9223,4,1,1,0.9896122813224792,1
mqtt_preprocessed_v2.csv,9224,4,1,1,0.9308056831359863,1
mqtt_preprocessed_v2.csv,9225,4,1,1,0.9698181748390198,1
mqtt_preprocessed_v2.csv,9226,4,1,1,0.9688746929168701,1
mqtt_preprocessed_v2.csv,9227,4,1,1,0.5313390493392944,1
mqtt_preprocessed_v2.csv,9228,4,1,1,0.9902499318122864,1
mqtt_preprocessed_v2.csv,9229,4,1,1,0.968049168586731,1
mqtt_preprocessed_v2.csv,9230,4,1,1,0.9999454021453857,1
mqtt_preprocessed_v2.csv,9231,4,1,1,0.9998027682304382,1
mqtt_preprocessed_v2.csv,9232,4,1,1,0.9998340606689453,1
mqtt_preprocessed_v2.csv,9233,4,1,1,0.9997026324272156,1
mqtt_preprocessed_v2.csv,9234,4,1,1,0.99983811378479,1
mqtt_preprocessed_v2.csv,9235,4,1,1,0.9998114705085754,1
mqtt_preprocessed_v2.csv,9236,4,1,1,0.9997825026512146,1
mqtt_preprocessed_v2.csv,9237,4,1,1,0.9997779726982117,1
mqtt_preprocessed_v2.csv,9238,4,1,1,0.9996762275695801,1
mqtt_preprocessed_v2.csv,9239,4,1,1,0.9998043179512024,1
mqtt_preprocessed_v2.csv,9240,4,1,1,0.9997797608375549,1
mqtt_preprocessed_v2.csv,9241,4,1,1,0.9996181726455688,1
mqtt_preprocessed_v2.csv,9242,4,1,1,0.9998099207878113,1
mqtt_preprocessed_v2.csv,9243,4,1,1,0.9998154044151306,1
mqtt_preprocessed_v2.csv,9244,4,1,1,0.9995631575584412,1
mqtt_preprocessed_v2.csv,9245,4,1,1,0.9998130202293396,1
mqtt_preprocessed_v2.csv,9246,4,1,1,0.9996693134307861,1
mqtt_preprocessed_v2.csv,9247,4,1,1,0.9969659447669983,1
mqtt_preprocessed_v2.csv,9248,4,1,1,0.999081015586853,1
mqtt_preprocessed_v2.csv,9249,4,1,1,0.9992399215698242,1
mqtt_preprocessed_v2.csv,9250,4,1,1,1.0,1
mqtt_preprocessed_v2.csv,9251,4,1,1,1.0,1
mqtt_preprocessed_v2.csv,9252,4,1,1,1.0,1
mqtt_preprocessed_v2.csv,9253,4,1,1,1.0,1
mqtt_preprocessed_v2.csv,9254,4,1,1,1.0,1
mqtt_preprocessed_v2.csv,9255,4,1,1,1.0,1
mqtt_preprocessed_v2.csv,9256,4,1,1,1.0,1
mqtt_preprocessed_v2.csv,9257,4,1,1,1.0,1
mqtt_preprocessed_v2.csv,9258,4,1,1,1.0,1
mqtt_preprocessed_v2.csv,9259,4,1,1,1.0,1
mqtt_preprocessed_v2.csv,9260,4,1,1,1.0,1
mqtt_preprocessed_v2.csv,9261,4,1,1,1.0,1
mqtt_preprocessed_v2.csv,9262,4,1,1,1.0,1
mqtt_preprocessed_v2.csv,9263,4,1,1,1.0,1
mqtt_preprocessed_v2.csv,9264,4,1,1,1.0,1
mqtt_preprocessed_v2.csv,9265,4,1,1,1.0,1
mqtt_preprocessed_v2.csv,9266,4,1,1,1.0,1
mqtt_preprocessed_v2.csv,9267,4,1,1,1.0,1
mqtt_preprocessed_v2.csv,9268,4,1,1,1.0,1
mqtt_preprocessed_v2.csv,9269,4,1,1,1.0,1
mqtt_preprocessed_v2.csv,9270,4,1,1,1.0,1
mqtt_preprocessed_v2.csv,9271,4,1,1,1.0,1
mqtt_preprocessed_v2.csv,9272,4,1,1,1.0,1
mqtt_preprocessed_v2.csv,9273,4,1,1,1.0,1
mqtt_preprocessed_v2.csv,9274,4,1,1,1.0,1
mqtt_preprocessed_v2.csv,9275,4,1,1,1.0,1
mqtt_preprocessed_v2.csv,9276,4,1,1,1.0,1
mqtt_preprocessed_v2.csv,9277,4,1,1,1.0,1
mqtt_preprocessed_v2.csv,9278,4,1,1,1.0,1
mqtt_preprocessed_v2.csv,9279,4,1,1,1.0,1
mqtt_preprocessed_v2.csv,9280,4,1,1,1.0,1
mqtt_preprocessed_v2.csv,9281,4,1,1,1.0,1
mqtt_preprocessed_v2.csv,9282,4,1,1,1.0,1
mqtt_preprocessed_v2.csv,9283,4,1,1,1.0,1
mqtt_preprocessed_v2.csv,9284,4,1,1,1.0,1
mqtt_preprocessed_v2.csv,9285,4,1,1,1.0,1
mqtt_preprocessed_v2.csv,9286,4,1,1,1.0,1
mqtt_preprocessed_v2.csv,9287,4,1,1,1.0,1
mqtt_preprocessed_v2.csv,9288,4,1,1,1.0,1
mqtt_preprocessed_v2.csv,9289,4,1,1,1.0,1
mqtt_preprocessed_v2.csv,9290,4,1,1,1.0,1
mqtt_preprocessed_v2.csv,9291,4,1,1,1.0,1
mqtt_preprocessed_v2.csv,9292,4,1,1,1.0,1
mqtt_preprocessed_v2.csv,9293,4,1,1,1.0,1
mqtt_preprocessed_v2.csv,9294,4,1,1,1.0,1
mqtt_preprocessed_v2.csv,9295,4,1,1,1.0,1
mqtt_preprocessed_v2.csv,9296,4,1,1,1.0,1
mqtt_preprocessed_v2.csv,9297,4,1,1,1.0,1
mqtt_preprocessed_v2.csv,9298,4,1,1,1.0,1
mqtt_preprocessed_v2.csv,9299,4,1,1,1.0,1
mqtt_preprocessed_v2.csv,9300,4,1,1,1.0,1
mqtt_preprocessed_v2.csv,9301,4,1,1,1.0,1
mqtt_preprocessed_v2.csv,9302,4,1,1,0.9999998807907104,1
mqtt_preprocessed_v2.csv,9303,4,1,1,1.0,1
mqtt_preprocessed_v2.csv,9304,4,1,1,0.9999997615814209,1
mqtt_preprocessed_v2.csv,9305,4,1,1,1.0,1
mqtt_preprocessed_v2.csv,9306,4,1,1,1.0,1
mqtt_preprocessed_v2.csv,9307,4,1,1,0.9999994039535522,1
mqtt_preprocessed_v2.csv,9308,4,1,1,0.9999998807907104,1
mqtt_preprocessed_v2.csv,9309,4,1,1,1.0,1
mqtt_preprocessed_v2.csv,9310,4,1,1,0.9999998807907104,1
mqtt_preprocessed_v2.csv,9311,4,1,1,1.0,1
mqtt_preprocessed_v2.csv,9312,4,1,1,1.0,1
mqtt_preprocessed_v2.csv,9313,4,1,1,1.0,1
mqtt_preprocessed_v2.csv,9314,4,1,1,1.0,1
mqtt_preprocessed_v2.csv,9315,4,1,1,1.0,1
mqtt_preprocessed_v2.csv,9316,4,1,1,0.9999923706054688,1
mqtt_preprocessed_v2.csv,9317,4,1,1,0.9999911785125732,1
mqtt_preprocessed_v2.csv,9318,4,1,1,0.9999955892562866,1
mqtt_preprocessed_v2.csv,9319,4,1,1,0.9999188184738159,1
mqtt_preprocessed_v2.csv,9320,4,1,1,0.9996780157089233,1
mqtt_preprocessed_v2.csv,9321,4,1,1,0.9999927282333374,1
mqtt_preprocessed_v2.csv,9322,4,1,1,0.9999955892562866,1
mqtt_preprocessed_v2.csv,9323,4,1,1,0.9999955892562866,1
mqtt_preprocessed_v2.csv,9324,4,1,1,0.9999933242797852,1
mqtt_preprocessed_v2.csv,9325,4,1,1,0.9999748468399048,1
mqtt_preprocessed_v2.csv,9326,4,1,1,0.9999921321868896,1
mqtt_preprocessed_v2.csv,9327,4,1,1,0.9999936819076538,1
mqtt_preprocessed_v2.csv,9328,4,1,0,0.058542415499687195,0
mqtt_preprocessed_v2.csv,9329,4,1,1,0.9999960660934448,1
mqtt_preprocessed_v2.csv,9330,4,1,1,0.9999972581863403,1
mqtt_preprocessed_v2.csv,9331,4,1,1,0.9999927282333374,1
mqtt_preprocessed_v2.csv,9332,4,1,1,0.9999943971633911,1
mqtt_preprocessed_v2.csv,9333,4,1,1,0.9999912977218628,1
mqtt_preprocessed_v2.csv,9334,4,1,1,0.9999994039535522,1
mqtt_preprocessed_v2.csv,9335,4,1,1,0.9999293088912964,1
mqtt_preprocessed_v2.csv,9336,4,1,1,0.9996700286865234,1
mqtt_preprocessed_v2.csv,9337,4,1,1,0.999788224697113,1
mqtt_preprocessed_v2.csv,9338,4,1,1,0.9997754693031311,1
mqtt_preprocessed_v2.csv,9339,4,1,1,0.9999269247055054,1
mqtt_preprocessed_v2.csv,9340,4,1,1,0.9999539852142334,1
mqtt_preprocessed_v2.csv,9341,4,1,1,0.9996455907821655,1
mqtt_preprocessed_v2.csv,9342,4,1,1,0.8834124207496643,1
mqtt_preprocessed_v2.csv,9343,4,1,1,0.9989880919456482,1
mqtt_preprocessed_v2.csv,9344,4,1,1,0.9994016885757446,1
mqtt_preprocessed_v2.csv,9345,4,1,1,0.9612926840782166,1
mqtt_preprocessed_v2.csv,9346,4,1,1,0.9998441934585571,1
mqtt_preprocessed_v2.csv,9347,4,1,1,0.9994276165962219,1
mqtt_preprocessed_v2.csv,9348,4,1,1,0.9997757077217102,1
mqtt_preprocessed_v2.csv,9349,4,1,1,0.999932050704956,1
mqtt_preprocessed_v2.csv,9350,4,1,1,0.9741278886795044,1
mqtt_preprocessed_v2.csv,9351,4,1,1,0.9990240335464478,1
mqtt_preprocessed_v2.csv,9352,4,1,1,0.962130069732666,1
mqtt_preprocessed_v2.csv,9353,4,1,1,0.9995125532150269,1
mqtt_preprocessed_v2.csv,9354,4,1,1,1.0,1
mqtt_preprocessed_v2.csv,9355,4,1,1,1.0,1
mqtt_preprocessed_v2.csv,9356,4,1,1,1.0,1
mqtt_preprocessed_v2.csv,9357,4,1,1,1.0,1
mqtt_preprocessed_v2.csv,9358,4,1,1,1.0,1
mqtt_preprocessed_v2.csv,9359,4,1,1,1.0,1
mqtt_preprocessed_v2.csv,9360,4,1,1,1.0,1
mqtt_preprocessed_v2.csv,9361,4,1,1,1.0,1
mqtt_preprocessed_v2.csv,9362,4,1,1,1.0,1
mqtt_preprocessed_v2.csv,9363,4,1,1,1.0,1
mqtt_preprocessed_v2.csv,9364,4,1,1,1.0,1
mqtt_preprocessed_v2.csv,9365,4,1,1,1.0,1
mqtt_preprocessed_v2.csv,9366,4,1,1,1.0,1
mqtt_preprocessed_v2.csv,9367,4,1,1,1.0,1
mqtt_preprocessed_v2.csv,9368,4,1,1,1.0,1
mqtt_preprocessed_v2.csv,9369,4,1,1,1.0,1
mqtt_preprocessed_v2.csv,9370,4,1,1,1.0,1
mqtt_preprocessed_v2.csv,9371,4,1,1,1.0,1
mqtt_preprocessed_v2.csv,9372,4,1,1,1.0,1
mqtt_preprocessed_v2.csv,9373,4,1,1,1.0,1
mqtt_preprocessed_v2.csv,9374,4,1,1,1.0,1
mqtt_preprocessed_v2.csv,9375,4,1,1,1.0,1
mqtt_preprocessed_v2.csv,9376,4,1,1,1.0,1
mqtt_preprocessed_v2.csv,9377,4,1,1,1.0,1
mqtt_preprocessed_v2.csv,9378,4,1,1,1.0,1
mqtt_preprocessed_v2.csv,9379,4,1,1,1.0,1
mqtt_preprocessed_v2.csv,9380,4,1,1,1.0,1
mqtt_preprocessed_v2.csv,9381,4,1,1,1.0,1
mqtt_preprocessed_v2.csv,9382,4,1,1,1.0,1
mqtt_preprocessed_v2.csv,9383,4,1,1,1.0,1
mqtt_preprocessed_v2.csv,9384,4,1,1,1.0,1
mqtt_preprocessed_v2.csv,9385,4,1,1,1.0,1
mqtt_preprocessed_v2.csv,9386,4,1,1,1.0,1
mqtt_preprocessed_v2.csv,9387,4,1,1,1.0,1
mqtt_preprocessed_v2.csv,9388,4,1,1,1.0,1
mqtt_preprocessed_v2.csv,9389,4,1,1,1.0,1
mqtt_preprocessed_v2.csv,9390,4,1,1,1.0,1
mqtt_preprocessed_v2.csv,9391,4,1,1,1.0,1
mqtt_preprocessed_v2.csv,9392,4,1,1,1.0,1
mqtt_preprocessed_v2.csv,9393,4,1,1,1.0,1
mqtt_preprocessed_v2.csv,9394,4,1,1,1.0,1
mqtt_preprocessed_v2.csv,9395,4,1,1,1.0,1
mqtt_preprocessed_v2.csv,9396,4,1,1,1.0,1
mqtt_preprocessed_v2.csv,9397,4,1,1,1.0,1
mqtt_preprocessed_v2.csv,9498,4,1,1,1.0,1
mqtt_preprocessed_v2.csv,9499,4,1,1,1.0,1
mqtt_preprocessed_v2.csv,9500,4,1,1,0.9999998807907104,1
mqtt_preprocessed_v2.csv,9501,4,1,1,0.9999997615814209,1
mqtt_preprocessed_v2.csv,9502,4,1,1,0.9999997615814209,1
mqtt_preprocessed_v2.csv,9503,4,1,1,0.9999998807907104,1
mqtt_preprocessed_v2.csv,9504,4,1,1,1.0,1
mqtt_preprocessed_v2.csv,9505,4,1,1,1.0,1
mqtt_preprocessed_v2.csv,9506,4,1,1,0.9999998807907104,1
mqtt_preprocessed_v2.csv,9507,4,1,1,1.0,1
mqtt_preprocessed_v2.csv,9508,4,1,1,0.9999997615814209,1
mqtt_preprocessed_v2.csv,9509,4,1,1,0.9999998807907104,1
mqtt_preprocessed_v2.csv,9510,4,1,1,0.9999998807907104,1
mqtt_preprocessed_v2.csv,9511,4,1,1,0.9999998807907104,1
mqtt_preprocessed_v2.csv,9512,4,1,1,1.0,1
mqtt_preprocessed_v2.csv,9513,4,1,1,0.9999978542327881,1
mqtt_preprocessed_v2.csv,9514,4,1,1,0.9999998807907104,1
mqtt_preprocessed_v2.csv,9515,4,1,1,0.9999998807907104,1
mqtt_preprocessed_v2.csv,9516,4,1,1,1.0,1
mqtt_preprocessed_v2.csv,9517,4,1,1,0.9999998807907104,1
mqtt_preprocessed_v2.csv,9518,4,1,1,0.9999982118606567,1
mqtt_preprocessed_v2.csv,9519,4,1,1,1.0,1
mqtt_preprocessed_v2.csv,9520,4,1,1,0.9999988079071045,1
mqtt_preprocessed_v2.csv,9521,4,1,1,1.0,1
mqtt_preprocessed_v2.csv,9522,4,1,1,1.0,1
mqtt_preprocessed_v2.csv,9523,4,1,1,0.9999998807907104,1
mqtt_preprocessed_v2.csv,9524,4,1,1,0.9918459057807922,1
mqtt_preprocessed_v2.csv,9525,4,1,1,0.9999020099639893,1
mqtt_preprocessed_v2.csv,9526,4,1,1,0.9954290390014648,1
mqtt_preprocessed_v2.csv,9527,4,1,1,0.9999216794967651,1
mqtt_preprocessed_v2.csv,9528,4,1,1,0.9994725584983826,1
mqtt_preprocessed_v2.csv,9529,4,1,1,0.9985474944114685,1
mqtt_preprocessed_v2.csv,9530,4,1,1,0.9986182451248169,1
mqtt_preprocessed_v2.csv,9531,4,1,1,0.9896901845932007,1
mqtt_preprocessed_v2.csv,9532,4,1,1,0.9998927116394043,1
mqtt_preprocessed_v2.csv,9533,4,1,1,0.9925293326377869,1
mqtt_preprocessed_v2.csv,9534,4,1,1,0.9983559250831604,1
mqtt_preprocessed_v2.csv,9535,4,1,1,0.9909735321998596,1
mqtt_preprocessed_v2.csv,9536,4,1,1,0.9846864938735962,1
mqtt_preprocessed_v2.csv,9537,4,1,1,0.9575948119163513,1
mqtt_preprocessed_v2.csv,9538,4,1,1,0.9018288254737854,1
mqtt_preprocessed_v2.csv,9539,4,1,1,0.9518335461616516,1
mqtt_preprocessed_v2.csv,9540,4,1,1,0.9869399666786194,1
mqtt_preprocessed_v2.csv,9541,4,1,1,0.9999759197235107,1
mqtt_preprocessed_v2.csv,9542,4,1,1,0.9999213218688965,1
mqtt_preprocessed_v2.csv,9543,4,1,1,0.9486512541770935,1
mqtt_preprocessed_v2.csv,9544,4,1,1,0.9994144439697266,1
mqtt_preprocessed_v2.csv,9545,4,1,1,0.9999940395355225,1
mqtt_preprocessed_v2.csv,9546,4,1,1,0.9999936819076538,1
mqtt_preprocessed_v2.csv,9547,4,1,1,0.9940390586853027,1
mqtt_preprocessed_v2.csv,9548,4,1,1,0.9999703168869019,1
mqtt_preprocessed_v2.csv,9549,4,1,1,0.9999902248382568,1
mqtt_preprocessed_v2.csv,9550,4,1,1,0.9996764659881592,1
mqtt_preprocessed_v2.csv,9551,4,1,1,0.9995354413986206,1
mqtt_preprocessed_v2.csv,9552,4,1,1,0.9999535083770752,1
mqtt_preprocessed_v2.csv,9553,4,1,1,0.9997807145118713,1
mqtt_preprocessed_v2.csv,9554,4,1,1,0.9999912977218628,1
mqtt_preprocessed_v2.csv,9555,4,1,1,0.9998214840888977,1
mqtt_preprocessed_v2.csv,9556,4,1,1,0.9999861717224121,1
mqtt_preprocessed_v2.csv,9557,4,1,1,1.0,1
mqtt_preprocessed_v2.csv,9558,4,1,1,1.0,1
mqtt_preprocessed_v2.csv,9559,4,1,1,1.0,1
mqtt_preprocessed_v2.csv,9560,4,1,1,1.0,1
mqtt_preprocessed_v2.csv,9561,4,1,1,1.0,1
mqtt_preprocessed_v2.csv,9562,4,1,1,1.0,1
mqtt_preprocessed_v2.csv,9563,4,1,1,1.0,1
mqtt_preprocessed_v2.csv,9564,4,1,1,1.0,1
mqtt_preprocessed_v2.csv,9565,4,1,1,1.0,1
mqtt_preprocessed_v2.csv,9566,4,1,1,1.0,1
mqtt_preprocessed_v2.csv,9567,4,1,1,1.0,1
mqtt_preprocessed_v2.csv,9568,4,1,1,1.0,1
mqtt_preprocessed_v2.csv,9569,4,1,1,1.0,1
mqtt_preprocessed_v2.csv,9570,4,1,1,1.0,1
mqtt_preprocessed_v2.csv,9571,4,1,1,1.0,1
mqtt_preprocessed_v2.csv,9572,4,1,1,1.0,1
mqtt_preprocessed_v2.csv,9573,4,1,1,1.0,1
mqtt_preprocessed_v2.csv,9574,4,1,1,1.0,1
mqtt_preprocessed_v2.csv,9575,4,1,1,1.0,1
mqtt_preprocessed_v2.csv,9576,4,1,1,1.0,1
mqtt_preprocessed_v2.csv,9577,4,1,1,1.0,1
mqtt_preprocessed_v2.csv,9578,4,1,1,1.0,1
mqtt_preprocessed_v2.csv,9579,4,1,1,1.0,1
mqtt_preprocessed_v2.csv,9580,4,1,1,1.0,1
mqtt_preprocessed_v2.csv,9581,4,1,1,1.0,1
mqtt_preprocessed_v2.csv,9582,4,1,1,1.0,1
mqtt_preprocessed_v2.csv,9583,4,1,1,1.0,1
mqtt_preprocessed_v2.csv,9584,4,1,1,1.0,1
mqtt_preprocessed_v2.csv,9585,4,1,1,1.0,1
mqtt_preprocessed_v2.csv,9586,4,1,1,1.0,1
mqtt_preprocessed_v2.csv,9587,4,1,1,1.0,1
mqtt_preprocessed_v2.csv,9588,4,1,1,1.0,1
mqtt_preprocessed_v2.csv,9589,4,1,1,1.0,1
mqtt_preprocessed_v2.csv,9590,4,1,1,1.0,1
mqtt_preprocessed_v2.csv,9591,4,1,1,1.0,1
mqtt_preprocessed_v2.csv,9592,4,1,1,1.0,1
mqtt_preprocessed_v2.csv,9593,4,1,1,1.0,1
mqtt_preprocessed_v2.csv,9594,4,1,1,1.0,1
mqtt_preprocessed_v2.csv,9595,4,1,1,1.0,1
mqtt_preprocessed_v2.csv,9596,4,1,1,1.0,1
mqtt_preprocessed_v2.csv,9597,4,1,1,1.0,1
