dataset_name,tcp.stream,true_tag,pred_tag,true_class,pred_class,true_class_name,pred_class_name,pred_prob_class,correct
Final-NanSET_preprocessed.csv,0,-1,-1,0,0,Normal,Normal,0.999879002571106,1
Final-NanSET_preprocessed.csv,1,-1,-1,0,0,Normal,Normal,0.9999483823776245,1
Final-NanSET_preprocessed.csv,2,-1,-1,0,0,Normal,Normal,0.9999169111251831,1
Final-NanSET_preprocessed.csv,3,-1,-1,0,0,Normal,Normal,0.9999370574951172,1
Final-NanSET_preprocessed.csv,4,-1,-1,0,0,Normal,Normal,0.9999445676803589,1
Final-NanSET_preprocessed.csv,5,-1,-1,0,0,Normal,Normal,0.9999428987503052,1
Final-NanSET_preprocessed.csv,6,-1,-1,0,0,Normal,Normal,0.9999469518661499,1
Final-NanSET_preprocessed.csv,7,-1,-1,0,0,Normal,Normal,0.9999523162841797,1
Final-NanSET_preprocessed.csv,8,-1,-1,0,0,Normal,Normal,0.9999010562896729,1
Final-NanSET_preprocessed.csv,9,-1,-1,0,0,Normal,Normal,0.9999337196350098,1
Final-NanSET_preprocessed.csv,10,-1,-1,0,0,Normal,Normal,0.9994038343429565,1
Final-NanSET_preprocessed.csv,11,-1,-1,0,0,Normal,Normal,0.9999476671218872,1
Final-NanSET_preprocessed.csv,12,-1,-1,0,0,Normal,Normal,0.9999368190765381,1
Final-NanSET_preprocessed.csv,13,-1,-1,0,0,Normal,Normal,0.9997627139091492,1
Final-NanSET_preprocessed.csv,14,-1,-1,0,0,Normal,Normal,0.9999005794525146,1
Final-NanSET_preprocessed.csv,15,-1,-1,0,0,Normal,Normal,0.9999438524246216,1
Final-NanSET_preprocessed.csv,16,-1,-1,0,0,Normal,Normal,0.9999454021453857,1
Final-NanSET_preprocessed.csv,17,-1,-1,0,0,Normal,Normal,0.9999386072158813,1
Final-NanSET_preprocessed.csv,18,-1,-1,0,0,Normal,Normal,0.999950647354126,1
Final-NanSET_preprocessed.csv,19,-1,-1,0,0,Normal,Normal,0.9984398484230042,1
Final-NanSET_preprocessed.csv,20,-1,-1,0,0,Normal,Normal,0.9999545812606812,1
Final-NanSET_preprocessed.csv,21,-1,-1,0,0,Normal,Normal,0.9999276399612427,1
Final-NanSET_preprocessed.csv,22,-1,-1,0,0,Normal,Normal,0.9999487400054932,1
Final-NanSET_preprocessed.csv,23,-1,-1,0,0,Normal,Normal,0.999923825263977,1
Final-NanSET_preprocessed.csv,24,-1,-1,0,0,Normal,Normal,0.9999510049819946,1
Final-NanSET_preprocessed.csv,25,-1,-1,0,0,Normal,Normal,0.9999473094940186,1
Final-NanSET_preprocessed.csv,26,-1,-1,0,0,Normal,Normal,0.9999144077301025,1
Final-NanSET_preprocessed.csv,27,-1,-1,0,0,Normal,Normal,0.9999418258666992,1
Final-NanSET_preprocessed.csv,28,-1,-1,0,0,Normal,Normal,0.9999337196350098,1
Final-NanSET_preprocessed.csv,29,-1,-1,0,0,Normal,Normal,0.9999489784240723,1
Final-NanSET_preprocessed.csv,30,-1,-1,0,0,Normal,Normal,0.999924898147583,1
Final-NanSET_preprocessed.csv,31,-1,-1,0,0,Normal,Normal,0.9998676776885986,1
Final-NanSET_preprocessed.csv,32,-1,-1,0,0,Normal,Normal,0.9999443292617798,1
Final-NanSET_preprocessed.csv,33,-1,-1,0,0,Normal,Normal,0.9999376535415649,1
Final-NanSET_preprocessed.csv,34,-1,-1,0,0,Normal,Normal,0.99994957447052,1
Final-NanSET_preprocessed.csv,35,-1,-1,0,0,Normal,Normal,0.9999581575393677,1
Final-NanSET_preprocessed.csv,36,-1,-1,0,0,Normal,Normal,0.9999433755874634,1
Final-NanSET_preprocessed.csv,37,-1,-1,0,0,Normal,Normal,0.9998216032981873,1
Final-NanSET_preprocessed.csv,38,-1,-1,0,0,Normal,Normal,0.9999078512191772,1
Final-NanSET_preprocessed.csv,39,-1,-1,0,0,Normal,Normal,0.999942421913147,1
Final-NanSET_preprocessed.csv,40,-1,-1,0,0,Normal,Normal,0.9999501705169678,1
Final-NanSET_preprocessed.csv,41,-1,-1,0,0,Normal,Normal,0.9999415874481201,1
Final-NanSET_preprocessed.csv,42,-1,-1,0,0,Normal,Normal,0.9999527931213379,1
Final-NanSET_preprocessed.csv,43,-1,-1,0,0,Normal,Normal,0.9999593496322632,1
Final-NanSET_preprocessed.csv,44,-1,-1,0,0,Normal,Normal,0.9971140623092651,1
Final-NanSET_preprocessed.csv,45,-1,-1,0,0,Normal,Normal,0.9999387264251709,1
Final-NanSET_preprocessed.csv,46,-1,-1,0,0,Normal,Normal,0.999948263168335,1
Final-NanSET_preprocessed.csv,47,-1,-1,0,0,Normal,Normal,0.9999536275863647,1
Final-NanSET_preprocessed.csv,48,-1,-1,0,0,Normal,Normal,0.9999476671218872,1
Final-NanSET_preprocessed.csv,49,-1,-1,0,0,Normal,Normal,0.9999508857727051,1
Final-NanSET_preprocessed.csv,50,-1,-1,0,0,Normal,Normal,0.9999160766601562,1
Final-NanSET_preprocessed.csv,51,-1,-1,0,0,Normal,Normal,0.9998685121536255,1
Final-NanSET_preprocessed.csv,52,-1,-1,0,0,Normal,Normal,0.9999364614486694,1
Final-NanSET_preprocessed.csv,53,-1,-1,0,0,Normal,Normal,0.9999430179595947,1
Final-NanSET_preprocessed.csv,54,-1,-1,0,0,Normal,Normal,0.9997711777687073,1
Final-NanSET_preprocessed.csv,55,-1,-1,0,0,Normal,Normal,0.9999516010284424,1
Final-NanSET_preprocessed.csv,56,-1,-1,0,0,Normal,Normal,0.9999332427978516,1
Final-NanSET_preprocessed.csv,57,-1,-1,0,0,Normal,Normal,0.9999327659606934,1
Final-NanSET_preprocessed.csv,58,-1,-1,0,0,Normal,Normal,0.9999511241912842,1
Final-NanSET_preprocessed.csv,59,-1,-1,0,0,Normal,Normal,0.9998654127120972,1
Final-NanSET_preprocessed.csv,60,-1,-1,0,0,Normal,Normal,0.9999516010284424,1
Final-NanSET_preprocessed.csv,61,-1,-1,0,0,Normal,Normal,0.9999014139175415,1
Final-NanSET_preprocessed.csv,62,-1,-1,0,0,Normal,Normal,0.9998736381530762,1
Final-NanSET_preprocessed.csv,63,-1,-1,0,0,Normal,Normal,0.9998726844787598,1
Final-NanSET_preprocessed.csv,64,-1,-1,0,0,Normal,Normal,0.9999477863311768,1
Final-NanSET_preprocessed.csv,65,-1,-1,0,0,Normal,Normal,0.9999022483825684,1
Final-NanSET_preprocessed.csv,66,-1,-1,0,0,Normal,Normal,0.9999494552612305,1
Final-NanSET_preprocessed.csv,67,-1,-1,0,0,Normal,Normal,0.9998917579650879,1
Final-NanSET_preprocessed.csv,68,-1,-1,0,0,Normal,Normal,0.9998786449432373,1
Final-NanSET_preprocessed.csv,69,-1,-1,0,0,Normal,Normal,0.9999319314956665,1
Final-NanSET_preprocessed.csv,70,-1,-1,0,0,Normal,Normal,0.9999492168426514,1
Final-NanSET_preprocessed.csv,71,-1,-1,0,0,Normal,Normal,0.9998984336853027,1
Final-NanSET_preprocessed.csv,72,-1,-1,0,0,Normal,Normal,0.9999115467071533,1
Final-NanSET_preprocessed.csv,73,-1,-1,0,0,Normal,Normal,0.9999417066574097,1
Final-NanSET_preprocessed.csv,74,-1,-1,0,0,Normal,Normal,0.9997102618217468,1
Final-NanSET_preprocessed.csv,75,-1,-1,0,0,Normal,Normal,0.9999382495880127,1
Final-NanSET_preprocessed.csv,76,-1,-1,0,0,Normal,Normal,0.9999406337738037,1
Final-NanSET_preprocessed.csv,77,-1,-1,0,0,Normal,Normal,0.9999432563781738,1
Final-NanSET_preprocessed.csv,78,-1,-1,0,0,Normal,Normal,0.9999505281448364,1
Final-NanSET_preprocessed.csv,79,-1,-1,0,0,Normal,Normal,0.9999486207962036,1
Final-NanSET_preprocessed.csv,80,-1,-1,0,0,Normal,Normal,0.999945878982544,1
Final-NanSET_preprocessed.csv,81,-1,-1,0,0,Normal,Normal,0.999940037727356,1
Final-NanSET_preprocessed.csv,82,-1,-1,0,0,Normal,Normal,0.9998682737350464,1
Final-NanSET_preprocessed.csv,83,-1,-1,0,0,Normal,Normal,0.9998306035995483,1
Final-NanSET_preprocessed.csv,84,-1,-1,0,0,Normal,Normal,0.9995682835578918,1
Final-NanSET_preprocessed.csv,85,-1,-1,0,0,Normal,Normal,0.999934196472168,1
Final-NanSET_preprocessed.csv,86,-1,-1,0,0,Normal,Normal,0.9998611211776733,1
Final-NanSET_preprocessed.csv,87,-1,-1,0,0,Normal,Normal,0.9999477863311768,1
Final-NanSET_preprocessed.csv,88,-1,-1,0,0,Normal,Normal,0.9998742341995239,1
Final-NanSET_preprocessed.csv,89,-1,-1,0,0,Normal,Normal,0.9998360872268677,1
Final-NanSET_preprocessed.csv,90,-1,-1,0,0,Normal,Normal,0.9999284744262695,1
Final-NanSET_preprocessed.csv,91,-1,-1,0,0,Normal,Normal,0.9996219873428345,1
Final-NanSET_preprocessed.csv,92,-1,-1,0,0,Normal,Normal,0.9999434947967529,1
Final-NanSET_preprocessed.csv,93,-1,-1,0,0,Normal,Normal,0.9999548196792603,1
Final-NanSET_preprocessed.csv,94,-1,-1,0,0,Normal,Normal,0.9999474287033081,1
Final-NanSET_preprocessed.csv,95,-1,-1,0,0,Normal,Normal,0.9999138116836548,1
Final-NanSET_preprocessed.csv,96,-1,-1,0,0,Normal,Normal,0.9999057054519653,1
Final-NanSET_preprocessed.csv,97,-1,-1,0,0,Normal,Normal,0.9998960494995117,1
Final-NanSET_preprocessed.csv,98,-1,-1,0,0,Normal,Normal,0.9999587535858154,1
Final-NanSET_preprocessed.csv,99,-1,-1,0,0,Normal,Normal,0.9998984336853027,1
Final-NanSET_preprocessed.csv,100,-1,-1,0,0,Normal,Normal,0.9999501705169678,1
Final-NanSET_preprocessed.csv,101,-1,-1,0,0,Normal,Normal,0.9999412298202515,1
Final-NanSET_preprocessed.csv,102,-1,-1,0,0,Normal,Normal,0.9999239444732666,1
Final-NanSET_preprocessed.csv,103,-1,-1,0,0,Normal,Normal,0.9999361038208008,1
Final-NanSET_preprocessed.csv,104,-1,-1,0,0,Normal,Normal,0.9999115467071533,1
Final-NanSET_preprocessed.csv,105,-1,-1,0,0,Normal,Normal,0.9997629523277283,1
Final-NanSET_preprocessed.csv,106,-1,-1,0,0,Normal,Normal,0.9999462366104126,1
Final-NanSET_preprocessed.csv,107,-1,-1,0,0,Normal,Normal,0.999931812286377,1
Final-NanSET_preprocessed.csv,108,-1,-1,0,0,Normal,Normal,0.9999022483825684,1
Final-NanSET_preprocessed.csv,109,-1,-1,0,0,Normal,Normal,0.9999135732650757,1
Final-NanSET_preprocessed.csv,110,-1,-1,0,0,Normal,Normal,0.99994957447052,1
Final-NanSET_preprocessed.csv,111,-1,-1,0,0,Normal,Normal,0.9999474287033081,1
Final-NanSET_preprocessed.csv,112,-1,-1,0,0,Normal,Normal,0.9999476671218872,1
Final-NanSET_preprocessed.csv,113,-1,-1,0,0,Normal,Normal,0.9999369382858276,1
Final-NanSET_preprocessed.csv,114,-1,-1,0,0,Normal,Normal,0.9999494552612305,1
Final-NanSET_preprocessed.csv,115,-1,-1,0,0,Normal,Normal,0.9999402761459351,1
Final-NanSET_preprocessed.csv,116,-1,-1,0,0,Normal,Normal,0.9999227523803711,1
Final-NanSET_preprocessed.csv,117,-1,-1,0,0,Normal,Normal,0.9999498128890991,1
Final-NanSET_preprocessed.csv,118,-1,-1,0,0,Normal,Normal,0.9999443292617798,1
Final-NanSET_preprocessed.csv,119,-1,-1,0,0,Normal,Normal,0.9999552965164185,1
Final-NanSET_preprocessed.csv,120,-1,-1,0,0,Normal,Normal,0.9999338388442993,1
Final-NanSET_preprocessed.csv,121,-1,-1,0,0,Normal,Normal,0.9998700618743896,1
Final-NanSET_preprocessed.csv,122,-1,-1,0,0,Normal,Normal,0.9999386072158813,1
Final-NanSET_preprocessed.csv,123,-1,-1,0,0,Normal,Normal,0.9999299049377441,1
Final-NanSET_preprocessed.csv,124,-1,-1,0,0,Normal,Normal,0.9998111128807068,1
Final-NanSET_preprocessed.csv,125,-1,-1,0,0,Normal,Normal,0.9999289512634277,1
Final-NanSET_preprocessed.csv,126,-1,-1,0,0,Normal,Normal,0.9999443292617798,1
Final-NanSET_preprocessed.csv,127,-1,-1,0,0,Normal,Normal,0.9999227523803711,1
Final-NanSET_preprocessed.csv,128,-1,-1,0,0,Normal,Normal,0.9998599290847778,1
Final-NanSET_preprocessed.csv,129,-1,-1,0,0,Normal,Normal,0.9999426603317261,1
Final-NanSET_preprocessed.csv,130,-1,-1,0,0,Normal,Normal,0.9999316930770874,1
Final-NanSET_preprocessed.csv,131,-1,-1,0,0,Normal,Normal,0.9999377727508545,1
Final-NanSET_preprocessed.csv,132,-1,-1,0,0,Normal,Normal,0.9999151229858398,1
Final-NanSET_preprocessed.csv,133,-1,-1,0,0,Normal,Normal,0.9999560117721558,1
Final-NanSET_preprocessed.csv,134,-1,-1,0,0,Normal,Normal,0.9999485015869141,1
Final-NanSET_preprocessed.csv,135,-1,-1,0,0,Normal,Normal,0.9987351298332214,1
Final-NanSET_preprocessed.csv,136,-1,-1,0,0,Normal,Normal,0.9999493360519409,1
Final-NanSET_preprocessed.csv,137,-1,-1,0,0,Normal,Normal,0.9999481439590454,1
Final-NanSET_preprocessed.csv,138,-1,-1,0,0,Normal,Normal,0.9999500513076782,1
Final-NanSET_preprocessed.csv,139,-1,-1,0,0,Normal,Normal,0.9998995065689087,1
Final-NanSET_preprocessed.csv,140,-1,-1,0,0,Normal,Normal,0.9995352029800415,1
Final-NanSET_preprocessed.csv,141,-1,-1,0,0,Normal,Normal,0.9999358654022217,1
Final-NanSET_preprocessed.csv,142,-1,-1,0,0,Normal,Normal,0.9999566078186035,1
Final-NanSET_preprocessed.csv,143,-1,-1,0,0,Normal,Normal,0.9999263286590576,1
Final-NanSET_preprocessed.csv,144,-1,-1,0,0,Normal,Normal,0.9999582767486572,1
Final-NanSET_preprocessed.csv,145,-1,-1,0,0,Normal,Normal,0.9999219179153442,1
Final-NanSET_preprocessed.csv,146,-1,-1,0,0,Normal,Normal,0.9997029900550842,1
Final-NanSET_preprocessed.csv,147,-1,-1,0,0,Normal,Normal,0.9999287128448486,1
Final-NanSET_preprocessed.csv,148,-1,-1,0,0,Normal,Normal,0.9999393224716187,1
Final-NanSET_preprocessed.csv,149,-1,-1,0,0,Normal,Normal,0.9999370574951172,1
Final-NanSET_preprocessed.csv,150,-1,-1,0,0,Normal,Normal,0.9999295473098755,1
Final-NanSET_preprocessed.csv,151,-1,-1,0,0,Normal,Normal,0.9999299049377441,1
Final-NanSET_preprocessed.csv,152,-1,-1,0,0,Normal,Normal,0.9998445510864258,1
Final-NanSET_preprocessed.csv,153,-1,-1,0,0,Normal,Normal,0.9998716115951538,1
Final-NanSET_preprocessed.csv,154,-1,-1,0,0,Normal,Normal,0.9999045133590698,1
Final-NanSET_preprocessed.csv,155,-1,-1,0,0,Normal,Normal,0.999870777130127,1
Final-NanSET_preprocessed.csv,156,-1,-1,0,0,Normal,Normal,0.9999480247497559,1
Final-NanSET_preprocessed.csv,157,-1,-1,0,0,Normal,Normal,0.9998998641967773,1
Final-NanSET_preprocessed.csv,158,-1,-1,0,0,Normal,Normal,0.9999357461929321,1
Final-NanSET_preprocessed.csv,159,-1,-1,0,0,Normal,Normal,0.9999237060546875,1
Final-NanSET_preprocessed.csv,160,-1,-1,0,0,Normal,Normal,0.9999102354049683,1
Final-NanSET_preprocessed.csv,161,-1,-1,0,0,Normal,Normal,0.9995641112327576,1
Final-NanSET_preprocessed.csv,162,-1,-1,0,0,Normal,Normal,0.9999600648880005,1
Final-NanSET_preprocessed.csv,163,-1,-1,0,0,Normal,Normal,0.9999136924743652,1
Final-NanSET_preprocessed.csv,164,-1,-1,0,0,Normal,Normal,0.9997684359550476,1
Final-NanSET_preprocessed.csv,165,-1,-1,0,0,Normal,Normal,0.9999170303344727,1
Final-NanSET_preprocessed.csv,166,-1,-1,0,0,Normal,Normal,0.9995347261428833,1
Final-NanSET_preprocessed.csv,167,-1,-1,0,0,Normal,Normal,0.9999467134475708,1
Final-NanSET_preprocessed.csv,168,-1,-1,0,0,Normal,Normal,0.9996166229248047,1
Final-NanSET_preprocessed.csv,169,-1,-1,0,0,Normal,Normal,0.999920129776001,1
Final-NanSET_preprocessed.csv,170,-1,-1,0,0,Normal,Normal,0.9999006986618042,1
Final-NanSET_preprocessed.csv,171,-1,-1,0,0,Normal,Normal,0.9998993873596191,1
Final-NanSET_preprocessed.csv,172,-1,-1,0,0,Normal,Normal,0.9999583959579468,1
Final-NanSET_preprocessed.csv,173,-1,-1,0,0,Normal,Normal,0.9998642206192017,1
Final-NanSET_preprocessed.csv,174,-1,-1,0,0,Normal,Normal,0.9999194145202637,1
Final-NanSET_preprocessed.csv,175,-1,-1,0,0,Normal,Normal,0.999876856803894,1
Final-NanSET_preprocessed.csv,176,-1,-1,0,0,Normal,Normal,0.9999566078186035,1
Final-NanSET_preprocessed.csv,177,-1,-1,0,0,Normal,Normal,0.9999434947967529,1
Final-NanSET_preprocessed.csv,178,-1,-1,0,0,Normal,Normal,0.9999469518661499,1
Final-NanSET_preprocessed.csv,179,-1,-1,0,0,Normal,Normal,0.999897837638855,1
Final-NanSET_preprocessed.csv,180,-1,-1,0,0,Normal,Normal,0.9999405145645142,1
Final-NanSET_preprocessed.csv,181,-1,-1,0,0,Normal,Normal,0.9999444484710693,1
Final-NanSET_preprocessed.csv,182,-1,-1,0,0,Normal,Normal,0.9999289512634277,1
Final-NanSET_preprocessed.csv,183,-1,-1,0,0,Normal,Normal,0.9999308586120605,1
Final-NanSET_preprocessed.csv,184,-1,-1,0,0,Normal,Normal,0.9996416568756104,1
Final-NanSET_preprocessed.csv,185,-1,-1,0,0,Normal,Normal,0.9999418258666992,1
Final-NanSET_preprocessed.csv,186,-1,-1,0,0,Normal,Normal,0.9999381303787231,1
Final-NanSET_preprocessed.csv,187,-1,-1,0,0,Normal,Normal,0.9999264478683472,1
Final-NanSET_preprocessed.csv,188,-1,-1,0,0,Normal,Normal,0.9999428987503052,1
Final-NanSET_preprocessed.csv,189,-1,-1,0,0,Normal,Normal,0.9999575614929199,1
Final-NanSET_preprocessed.csv,190,-1,-1,0,0,Normal,Normal,0.9999346733093262,1
Final-NanSET_preprocessed.csv,191,-1,-1,0,0,Normal,Normal,0.9999353885650635,1
Final-NanSET_preprocessed.csv,192,-1,-1,0,0,Normal,Normal,0.9999333620071411,1
Final-NanSET_preprocessed.csv,193,-1,-1,0,0,Normal,Normal,0.999942421913147,1
Final-NanSET_preprocessed.csv,194,-1,-1,0,0,Normal,Normal,0.9999434947967529,1
Final-NanSET_preprocessed.csv,195,-1,-1,0,0,Normal,Normal,0.9999315738677979,1
Final-NanSET_preprocessed.csv,196,-1,-1,0,0,Normal,Normal,0.9992560744285583,1
Final-NanSET_preprocessed.csv,197,-1,-1,0,0,Normal,Normal,0.9998410940170288,1
Final-NanSET_preprocessed.csv,198,-1,-1,0,0,Normal,Normal,0.9999394416809082,1
Final-NanSET_preprocessed.csv,199,-1,-1,0,0,Normal,Normal,0.9999420642852783,1
Final-NanSET_preprocessed.csv,200,-1,-1,0,0,Normal,Normal,0.9999189376831055,1
Final-NanSET_preprocessed.csv,201,-1,-1,0,0,Normal,Normal,0.9999125003814697,1
Final-NanSET_preprocessed.csv,202,-1,-1,0,0,Normal,Normal,0.9999250173568726,1
Final-NanSET_preprocessed.csv,203,-1,-1,0,0,Normal,Normal,0.999914288520813,1
Final-NanSET_preprocessed.csv,204,-1,-1,0,0,Normal,Normal,0.9999430179595947,1
Final-NanSET_preprocessed.csv,205,-1,-1,0,0,Normal,Normal,0.9998175501823425,1
Final-NanSET_preprocessed.csv,206,-1,-1,0,0,Normal,Normal,0.999921441078186,1
Final-NanSET_preprocessed.csv,207,-1,-1,0,0,Normal,Normal,0.9999477863311768,1
Final-NanSET_preprocessed.csv,208,-1,-1,0,0,Normal,Normal,0.9999439716339111,1
Final-NanSET_preprocessed.csv,209,-1,-1,0,0,Normal,Normal,0.9999423027038574,1
Final-NanSET_preprocessed.csv,210,-1,-1,0,0,Normal,Normal,0.9999513626098633,1
Final-NanSET_preprocessed.csv,211,-1,-1,0,0,Normal,Normal,0.9999500513076782,1
Final-NanSET_preprocessed.csv,212,-1,-1,0,0,Normal,Normal,0.9994345307350159,1
Final-NanSET_preprocessed.csv,213,-1,-1,0,0,Normal,Normal,0.9996697902679443,1
Final-NanSET_preprocessed.csv,214,-1,-1,0,0,Normal,Normal,0.9999433755874634,1
Final-NanSET_preprocessed.csv,215,-1,-1,0,0,Normal,Normal,0.9999058246612549,1
Final-NanSET_preprocessed.csv,216,-1,-1,0,0,Normal,Normal,0.9999383687973022,1
Final-NanSET_preprocessed.csv,217,-1,-1,0,0,Normal,Normal,0.9998936653137207,1
Final-NanSET_preprocessed.csv,218,-1,-1,0,0,Normal,Normal,0.9999523162841797,1
Final-NanSET_preprocessed.csv,219,-1,-1,0,0,Normal,Normal,0.9998759031295776,1
Final-NanSET_preprocessed.csv,220,-1,-1,0,0,Normal,Normal,0.9999480247497559,1
Final-NanSET_preprocessed.csv,221,-1,-1,0,0,Normal,Normal,0.9999338388442993,1
Final-NanSET_preprocessed.csv,222,-1,-1,0,0,Normal,Normal,0.9999418258666992,1
Final-NanSET_preprocessed.csv,223,-1,-1,0,0,Normal,Normal,0.9999514818191528,1
Final-NanSET_preprocessed.csv,224,-1,-1,0,0,Normal,Normal,0.9998985528945923,1
Final-NanSET_preprocessed.csv,225,-1,-1,0,0,Normal,Normal,0.9999442100524902,1
Final-NanSET_preprocessed.csv,226,-1,-1,0,0,Normal,Normal,0.9999393224716187,1
Final-NanSET_preprocessed.csv,227,-1,-1,0,0,Normal,Normal,0.9999247789382935,1
Final-NanSET_preprocessed.csv,228,-1,-1,0,0,Normal,Normal,0.9999483823776245,1
Final-NanSET_preprocessed.csv,229,-1,-1,0,0,Normal,Normal,0.999951958656311,1
Final-NanSET_preprocessed.csv,230,-1,-1,0,0,Normal,Normal,0.9999489784240723,1
Final-NanSET_preprocessed.csv,231,-1,-1,0,0,Normal,Normal,0.9997707009315491,1
Final-NanSET_preprocessed.csv,232,-1,-1,0,0,Normal,Normal,0.9999551773071289,1
Final-NanSET_preprocessed.csv,233,-1,-1,0,0,Normal,Normal,0.9999432563781738,1
Final-NanSET_preprocessed.csv,234,-1,-1,0,0,Normal,Normal,0.9999170303344727,1
Final-NanSET_preprocessed.csv,235,-1,-1,0,0,Normal,Normal,0.9999138116836548,1
Final-NanSET_preprocessed.csv,236,-1,-1,0,0,Normal,Normal,0.999945878982544,1
Final-NanSET_preprocessed.csv,237,-1,-1,0,0,Normal,Normal,0.9999436140060425,1
Final-NanSET_preprocessed.csv,238,-1,-1,0,0,Normal,Normal,0.9999469518661499,1
Final-NanSET_preprocessed.csv,239,-1,-1,0,0,Normal,Normal,0.9945858716964722,1
Final-NanSET_preprocessed.csv,240,-1,-1,0,0,Normal,Normal,0.9999529123306274,1
Final-NanSET_preprocessed.csv,241,-1,-1,0,0,Normal,Normal,0.9999321699142456,1
Final-NanSET_preprocessed.csv,242,-1,-1,0,0,Normal,Normal,0.999805748462677,1
Final-NanSET_preprocessed.csv,243,-1,-1,0,0,Normal,Normal,0.9998347759246826,1
Final-NanSET_preprocessed.csv,244,-1,-1,0,0,Normal,Normal,0.9998724460601807,1
Final-NanSET_preprocessed.csv,245,-1,-1,0,0,Normal,Normal,0.9999369382858276,1
Final-NanSET_preprocessed.csv,246,-1,-1,0,0,Normal,Normal,0.9999514818191528,1
Final-NanSET_preprocessed.csv,247,-1,-1,0,0,Normal,Normal,0.9999406337738037,1
Final-NanSET_preprocessed.csv,248,-1,-1,0,0,Normal,Normal,0.9998956918716431,1
Final-NanSET_preprocessed.csv,249,-1,-1,0,0,Normal,Normal,0.9999527931213379,1
Final-NanSET_preprocessed.csv,250,-1,-1,0,0,Normal,Normal,0.9998216032981873,1
Final-NanSET_preprocessed.csv,251,-1,-1,0,0,Normal,Normal,0.9999399185180664,1
Final-NanSET_preprocessed.csv,252,-1,-1,0,0,Normal,Normal,0.9999192953109741,1
Final-NanSET_preprocessed.csv,253,-1,-1,0,0,Normal,Normal,0.9999352693557739,1
Final-NanSET_preprocessed.csv,254,-1,-1,0,0,Normal,Normal,0.9999175071716309,1
Final-NanSET_preprocessed.csv,255,-1,-1,0,0,Normal,Normal,0.9997296929359436,1
Final-NanSET_preprocessed.csv,256,-1,-1,0,0,Normal,Normal,0.9999462366104126,1
Final-NanSET_preprocessed.csv,257,-1,-1,0,0,Normal,Normal,0.9999502897262573,1
Final-NanSET_preprocessed.csv,258,-1,-1,0,0,Normal,Normal,0.9999290704727173,1
Final-NanSET_preprocessed.csv,259,-1,-1,0,0,Normal,Normal,0.9999507665634155,1
Final-NanSET_preprocessed.csv,260,-1,-1,0,0,Normal,Normal,0.9997795224189758,1
Final-NanSET_preprocessed.csv,261,-1,-1,0,0,Normal,Normal,0.9999423027038574,1
Final-NanSET_preprocessed.csv,262,-1,-1,0,0,Normal,Normal,0.9999463558197021,1
Final-NanSET_preprocessed.csv,263,-1,-1,0,0,Normal,Normal,0.9999135732650757,1
Final-NanSET_preprocessed.csv,264,-1,-1,0,0,Normal,Normal,0.9999219179153442,1
Final-NanSET_preprocessed.csv,265,-1,-1,0,0,Normal,Normal,0.999943733215332,1
Final-NanSET_preprocessed.csv,266,-1,-1,0,0,Normal,Normal,0.9999551773071289,1
Final-NanSET_preprocessed.csv,267,-1,-1,0,0,Normal,Normal,0.9999210834503174,1
Final-NanSET_preprocessed.csv,268,-1,-1,0,0,Normal,Normal,0.996359646320343,1
Final-NanSET_preprocessed.csv,269,-1,-1,0,0,Normal,Normal,0.999937891960144,1
Final-NanSET_preprocessed.csv,270,-1,-1,0,0,Normal,Normal,0.9999353885650635,1
Final-NanSET_preprocessed.csv,271,-1,-1,0,0,Normal,Normal,0.9999303817749023,1
Final-NanSET_preprocessed.csv,272,-1,-1,0,0,Normal,Normal,0.9998602867126465,1
Final-NanSET_preprocessed.csv,273,-1,-1,0,0,Normal,Normal,0.9998817443847656,1
Final-NanSET_preprocessed.csv,274,-1,-1,0,0,Normal,Normal,0.9998656511306763,1
Final-NanSET_preprocessed.csv,275,-1,-1,0,0,Normal,Normal,0.9999507665634155,1
Final-NanSET_preprocessed.csv,276,-1,-1,0,0,Normal,Normal,0.9999388456344604,1
Final-NanSET_preprocessed.csv,277,-1,-1,0,0,Normal,Normal,0.999897837638855,1
Final-NanSET_preprocessed.csv,278,-1,-1,0,0,Normal,Normal,0.9999436140060425,1
Final-NanSET_preprocessed.csv,279,-1,-1,0,0,Normal,Normal,0.9998200535774231,1
Final-NanSET_preprocessed.csv,280,-1,-1,0,0,Normal,Normal,0.9999412298202515,1
Final-NanSET_preprocessed.csv,281,-1,-1,0,0,Normal,Normal,0.9999237060546875,1
Final-NanSET_preprocessed.csv,282,-1,-1,0,0,Normal,Normal,0.9999241828918457,1
Final-NanSET_preprocessed.csv,283,-1,-1,0,0,Normal,Normal,0.9998621940612793,1
Final-NanSET_preprocessed.csv,284,-1,-1,0,0,Normal,Normal,0.9998469352722168,1
Final-NanSET_preprocessed.csv,285,-1,-1,0,0,Normal,Normal,0.9999161958694458,1
Final-NanSET_preprocessed.csv,286,-1,-1,0,0,Normal,Normal,0.9999539852142334,1
Final-NanSET_preprocessed.csv,287,-1,-1,0,0,Normal,Normal,0.9999467134475708,1
Final-NanSET_preprocessed.csv,288,-1,-1,0,0,Normal,Normal,0.999935507774353,1
Final-NanSET_preprocessed.csv,289,-1,-1,0,0,Normal,Normal,0.9999531507492065,1
Final-NanSET_preprocessed.csv,290,-1,-1,0,0,Normal,Normal,0.9999459981918335,1
Final-NanSET_preprocessed.csv,291,-1,-1,0,0,Normal,Normal,0.9998835325241089,1
Final-NanSET_preprocessed.csv,292,-1,-1,0,0,Normal,Normal,0.9999425411224365,1
Final-NanSET_preprocessed.csv,293,-1,-1,0,0,Normal,Normal,0.9999086856842041,1
Final-NanSET_preprocessed.csv,294,-1,-1,0,0,Normal,Normal,0.9999138116836548,1
Final-NanSET_preprocessed.csv,295,-1,-1,0,0,Normal,Normal,0.9999469518661499,1
Final-NanSET_preprocessed.csv,296,-1,-1,0,0,Normal,Normal,0.9998825788497925,1
Final-NanSET_preprocessed.csv,297,-1,-1,0,0,Normal,Normal,0.9900541305541992,1
Final-NanSET_preprocessed.csv,298,-1,-1,0,0,Normal,Normal,0.999945878982544,1
Final-NanSET_preprocessed.csv,299,-1,-1,0,0,Normal,Normal,0.9984869956970215,1
Final-NanSET_preprocessed.csv,300,-1,-1,0,0,Normal,Normal,0.9999356269836426,1
Final-NanSET_preprocessed.csv,301,-1,-1,0,0,Normal,Normal,0.9999395608901978,1
Final-NanSET_preprocessed.csv,302,-1,-1,0,0,Normal,Normal,0.9999499320983887,1
Final-NanSET_preprocessed.csv,303,-1,-1,0,0,Normal,Normal,0.9992947578430176,1
Final-NanSET_preprocessed.csv,304,-1,-1,0,0,Normal,Normal,0.9999443292617798,1
Final-NanSET_preprocessed.csv,305,-1,-1,0,0,Normal,Normal,0.9999411106109619,1
Final-NanSET_preprocessed.csv,306,-1,-1,0,0,Normal,Normal,0.9998996257781982,1
Final-NanSET_preprocessed.csv,307,-1,-1,0,0,Normal,Normal,0.9998193383216858,1
Final-NanSET_preprocessed.csv,308,-1,-1,0,0,Normal,Normal,0.9998718500137329,1
Final-NanSET_preprocessed.csv,309,-1,-1,0,0,Normal,Normal,0.9999525547027588,1
Final-NanSET_preprocessed.csv,310,-1,-1,0,0,Normal,Normal,0.9999209642410278,1
Final-NanSET_preprocessed.csv,311,-1,-1,0,0,Normal,Normal,0.9999512434005737,1
Final-NanSET_preprocessed.csv,312,-1,-1,0,0,Normal,Normal,0.9998372793197632,1
Final-NanSET_preprocessed.csv,313,-1,-1,0,0,Normal,Normal,0.9999501705169678,1
Final-NanSET_preprocessed.csv,314,-1,-1,0,0,Normal,Normal,0.9999489784240723,1
Final-NanSET_preprocessed.csv,315,-1,-1,0,0,Normal,Normal,0.9999433755874634,1
Final-NanSET_preprocessed.csv,316,-1,-1,0,0,Normal,Normal,0.9955433011054993,1
Final-NanSET_preprocessed.csv,317,-1,-1,0,0,Normal,Normal,0.999954342842102,1
Final-NanSET_preprocessed.csv,318,-1,-1,0,0,Normal,Normal,0.9998693466186523,1
Final-NanSET_preprocessed.csv,319,-1,-1,0,0,Normal,Normal,0.9997416138648987,1
Final-NanSET_preprocessed.csv,320,-1,-1,0,0,Normal,Normal,0.9999445676803589,1
Final-NanSET_preprocessed.csv,321,-1,-1,0,0,Normal,Normal,0.9999544620513916,1
Final-NanSET_preprocessed.csv,322,-1,-1,0,0,Normal,Normal,0.9999465942382812,1
Final-NanSET_preprocessed.csv,323,-1,-1,0,0,Normal,Normal,0.9999432563781738,1
Final-NanSET_preprocessed.csv,324,-1,-1,0,0,Normal,Normal,0.9999523162841797,1
Final-NanSET_preprocessed.csv,325,-1,-1,0,0,Normal,Normal,0.999936580657959,1
Final-NanSET_preprocessed.csv,326,-1,-1,0,0,Normal,Normal,0.9999197721481323,1
Final-NanSET_preprocessed.csv,327,-1,-1,0,0,Normal,Normal,0.9999384880065918,1
Final-NanSET_preprocessed.csv,328,-1,-1,0,0,Normal,Normal,0.9999518394470215,1
Final-NanSET_preprocessed.csv,329,-1,-1,0,0,Normal,Normal,0.9998806715011597,1
Final-NanSET_preprocessed.csv,330,-1,-1,0,0,Normal,Normal,0.9991419315338135,1
Final-NanSET_preprocessed.csv,331,-1,-1,0,0,Normal,Normal,0.999919056892395,1
Final-NanSET_preprocessed.csv,332,-1,-1,0,0,Normal,Normal,0.9999556541442871,1
Final-NanSET_preprocessed.csv,333,-1,-1,0,0,Normal,Normal,0.9999524354934692,1
Final-NanSET_preprocessed.csv,334,-1,-1,0,0,Normal,Normal,0.9999438524246216,1
Final-NanSET_preprocessed.csv,335,-1,-1,0,0,Normal,Normal,0.9992606043815613,1
Final-NanSET_preprocessed.csv,336,-1,-1,0,0,Normal,Normal,0.999955415725708,1
Final-NanSET_preprocessed.csv,337,-1,-1,0,0,Normal,Normal,0.9999216794967651,1
Final-NanSET_preprocessed.csv,338,-1,-1,0,0,Normal,Normal,0.9997616410255432,1
Final-NanSET_preprocessed.csv,339,-1,-1,0,0,Normal,Normal,0.9999438524246216,1
Final-NanSET_preprocessed.csv,340,-1,-1,0,0,Normal,Normal,0.9999490976333618,1
Final-NanSET_preprocessed.csv,341,-1,-1,0,0,Normal,Normal,0.9999374151229858,1
Final-NanSET_preprocessed.csv,342,-1,-1,0,0,Normal,Normal,0.9999476671218872,1
Final-NanSET_preprocessed.csv,343,-1,-1,0,0,Normal,Normal,0.999956488609314,1
Final-NanSET_preprocessed.csv,344,-1,-1,0,0,Normal,Normal,0.9999420642852783,1
Final-NanSET_preprocessed.csv,345,-1,-1,0,0,Normal,Normal,0.999958872795105,1
Final-NanSET_preprocessed.csv,346,-1,-1,0,0,Normal,Normal,0.9999411106109619,1
Final-NanSET_preprocessed.csv,347,-1,-1,0,0,Normal,Normal,0.999860405921936,1
Final-NanSET_preprocessed.csv,348,-1,-1,0,0,Normal,Normal,0.9998873472213745,1
Final-NanSET_preprocessed.csv,349,-1,-1,0,0,Normal,Normal,0.9999359846115112,1
Final-NanSET_preprocessed.csv,350,-1,-1,0,0,Normal,Normal,0.9999591112136841,1
Final-NanSET_preprocessed.csv,351,-1,-1,0,0,Normal,Normal,0.9999465942382812,1
Final-NanSET_preprocessed.csv,352,-1,-1,0,0,Normal,Normal,0.9999490976333618,1
Final-NanSET_preprocessed.csv,353,-1,-1,0,0,Normal,Normal,0.9999380111694336,1
Final-NanSET_preprocessed.csv,354,-1,-1,0,0,Normal,Normal,0.9999188184738159,1
Final-NanSET_preprocessed.csv,355,-1,-1,0,0,Normal,Normal,0.9999336004257202,1
Final-NanSET_preprocessed.csv,356,-1,-1,0,0,Normal,Normal,0.9999412298202515,1
Final-NanSET_preprocessed.csv,357,-1,-1,0,0,Normal,Normal,0.9999403953552246,1
Final-NanSET_preprocessed.csv,358,-1,-1,0,0,Normal,Normal,0.9999436140060425,1
Final-NanSET_preprocessed.csv,359,-1,-1,0,0,Normal,Normal,0.9999591112136841,1
Final-NanSET_preprocessed.csv,360,-1,-1,0,0,Normal,Normal,0.9998435974121094,1
Final-NanSET_preprocessed.csv,361,-1,-1,0,0,Normal,Normal,0.999931812286377,1
Final-NanSET_preprocessed.csv,362,-1,-1,0,0,Normal,Normal,0.9999113082885742,1
Final-NanSET_preprocessed.csv,363,-1,-1,0,0,Normal,Normal,0.9997572302818298,1
Final-NanSET_preprocessed.csv,364,-1,-1,0,0,Normal,Normal,0.9999425411224365,1
Final-NanSET_preprocessed.csv,365,-1,-1,0,0,Normal,Normal,0.9999121427536011,1
Final-NanSET_preprocessed.csv,366,-1,-1,0,0,Normal,Normal,0.9999364614486694,1
Final-NanSET_preprocessed.csv,367,-1,-1,0,0,Normal,Normal,0.9999369382858276,1
Final-NanSET_preprocessed.csv,368,-1,-1,0,0,Normal,Normal,0.99974125623703,1
Final-NanSET_preprocessed.csv,369,-1,-1,0,0,Normal,Normal,0.9966945648193359,1
Final-NanSET_preprocessed.csv,370,-1,-1,0,0,Normal,Normal,0.9999409914016724,1
Final-NanSET_preprocessed.csv,371,-1,-1,0,0,Normal,Normal,0.9999439716339111,1
Final-NanSET_preprocessed.csv,372,-1,-1,0,0,Normal,Normal,0.9999463558197021,1
Final-NanSET_preprocessed.csv,373,-1,-1,0,0,Normal,Normal,0.9999114274978638,1
Final-NanSET_preprocessed.csv,374,-1,-1,0,0,Normal,Normal,0.9998492002487183,1
Final-NanSET_preprocessed.csv,375,-1,-1,0,0,Normal,Normal,0.9999200105667114,1
Final-NanSET_preprocessed.csv,376,-1,-1,0,0,Normal,Normal,0.9999310970306396,1
Final-NanSET_preprocessed.csv,377,-1,-1,0,0,Normal,Normal,0.9998608827590942,1
Final-NanSET_preprocessed.csv,378,-1,-1,0,0,Normal,Normal,0.9999549388885498,1
Final-NanSET_preprocessed.csv,379,-1,-1,0,0,Normal,Normal,0.9997590184211731,1
Final-NanSET_preprocessed.csv,380,-1,-1,0,0,Normal,Normal,0.9996024966239929,1
Final-NanSET_preprocessed.csv,381,-1,-1,0,0,Normal,Normal,0.999953031539917,1
Final-NanSET_preprocessed.csv,382,-1,-1,0,0,Normal,Normal,0.9998830556869507,1
Final-NanSET_preprocessed.csv,383,-1,-1,0,0,Normal,Normal,0.9999539852142334,1
Final-NanSET_preprocessed.csv,384,-1,-1,0,0,Normal,Normal,0.9999545812606812,1
Final-NanSET_preprocessed.csv,385,-1,-1,0,0,Normal,Normal,0.9999256134033203,1
Final-NanSET_preprocessed.csv,386,-1,-1,0,0,Normal,Normal,0.9997263550758362,1
Final-NanSET_preprocessed.csv,387,-1,-1,0,0,Normal,Normal,0.999941349029541,1
Final-NanSET_preprocessed.csv,388,-1,-1,0,0,Normal,Normal,0.9998657703399658,1
Final-NanSET_preprocessed.csv,389,-1,-1,0,0,Normal,Normal,0.9999490976333618,1
Final-NanSET_preprocessed.csv,390,-1,-1,0,0,Normal,Normal,0.9999487400054932,1
Final-NanSET_preprocessed.csv,391,-1,-1,0,0,Normal,Normal,0.9997172951698303,1
Final-NanSET_preprocessed.csv,392,-1,-1,0,0,Normal,Normal,0.9999443292617798,1
Final-NanSET_preprocessed.csv,393,-1,-1,0,0,Normal,Normal,0.9997634291648865,1
Final-NanSET_preprocessed.csv,394,-1,-1,0,0,Normal,Normal,0.9999505281448364,1
Final-NanSET_preprocessed.csv,395,-1,-1,0,0,Normal,Normal,0.9999527931213379,1
Final-NanSET_preprocessed.csv,396,-1,-1,0,0,Normal,Normal,0.9999432563781738,1
Final-NanSET_preprocessed.csv,397,-1,-1,0,0,Normal,Normal,0.9999195337295532,1
Final-NanSET_preprocessed.csv,398,-1,-1,0,0,Normal,Normal,0.9999406337738037,1
Final-NanSET_preprocessed.csv,399,-1,-1,0,0,Normal,Normal,0.9999430179595947,1
Final-NanSET_preprocessed.csv,400,-1,-1,0,0,Normal,Normal,0.9998910427093506,1
Final-NanSET_preprocessed.csv,401,-1,-1,0,0,Normal,Normal,0.999923825263977,1
Final-NanSET_preprocessed.csv,402,-1,-1,0,0,Normal,Normal,0.9999207258224487,1
Final-NanSET_preprocessed.csv,403,-1,-1,0,0,Normal,Normal,0.9999340772628784,1
Final-NanSET_preprocessed.csv,404,-1,-1,0,0,Normal,Normal,0.9999316930770874,1
Final-NanSET_preprocessed.csv,405,-1,-1,0,0,Normal,Normal,0.9978814721107483,1
Final-NanSET_preprocessed.csv,406,-1,-1,0,0,Normal,Normal,0.9999343156814575,1
Final-NanSET_preprocessed.csv,407,-1,-1,0,0,Normal,Normal,0.999945878982544,1
Final-NanSET_preprocessed.csv,408,-1,-1,0,0,Normal,Normal,0.9999041557312012,1
Final-NanSET_preprocessed.csv,409,-1,-1,0,0,Normal,Normal,0.999943733215332,1
Final-NanSET_preprocessed.csv,410,-1,-1,0,0,Normal,Normal,0.9999290704727173,1
Final-NanSET_preprocessed.csv,411,-1,-1,0,0,Normal,Normal,0.9999371767044067,1
Final-NanSET_preprocessed.csv,412,-1,-1,0,0,Normal,Normal,0.9998999834060669,1
Final-NanSET_preprocessed.csv,413,-1,-1,0,0,Normal,Normal,0.9999572038650513,1
Final-NanSET_preprocessed.csv,414,-1,-1,0,0,Normal,Normal,0.9999527931213379,1
Final-NanSET_preprocessed.csv,415,-1,-1,0,0,Normal,Normal,0.9999412298202515,1
Final-NanSET_preprocessed.csv,416,-1,-1,0,0,Normal,Normal,0.9999364614486694,1
Final-NanSET_preprocessed.csv,417,-1,-1,0,0,Normal,Normal,0.9999502897262573,1
Final-NanSET_preprocessed.csv,418,-1,-1,0,0,Normal,Normal,0.9999524354934692,1
Final-NanSET_preprocessed.csv,419,-1,-1,0,0,Normal,Normal,0.9999507665634155,1
Final-NanSET_preprocessed.csv,420,-1,-1,0,0,Normal,Normal,0.9999175071716309,1
Final-NanSET_preprocessed.csv,421,-1,-1,0,0,Normal,Normal,0.9999253749847412,1
Final-NanSET_preprocessed.csv,422,-1,-1,0,0,Normal,Normal,0.9998600482940674,1
Final-NanSET_preprocessed.csv,423,-1,-1,0,0,Normal,Normal,0.9999521970748901,1
Final-NanSET_preprocessed.csv,424,-1,-1,0,0,Normal,Normal,0.9999470710754395,1
Final-NanSET_preprocessed.csv,425,-1,-1,0,0,Normal,Normal,0.9999477863311768,1
Final-NanSET_preprocessed.csv,426,-1,-1,0,0,Normal,Normal,0.9999390840530396,1
Final-NanSET_preprocessed.csv,427,-1,-1,0,0,Normal,Normal,0.9998747110366821,1
Final-NanSET_preprocessed.csv,428,-1,-1,0,0,Normal,Normal,0.999955415725708,1
Final-NanSET_preprocessed.csv,429,-1,-1,0,0,Normal,Normal,0.999943733215332,1
Final-NanSET_preprocessed.csv,430,-1,-1,0,0,Normal,Normal,0.999945878982544,1
Final-NanSET_preprocessed.csv,431,-1,-1,0,0,Normal,Normal,0.999958872795105,1
Final-NanSET_preprocessed.csv,432,-1,-1,0,0,Normal,Normal,0.9999250173568726,1
Final-NanSET_preprocessed.csv,433,-1,-1,0,0,Normal,Normal,0.9999195337295532,1
Final-NanSET_preprocessed.csv,434,-1,-1,0,0,Normal,Normal,0.9993409514427185,1
Final-NanSET_preprocessed.csv,435,-1,-1,0,0,Normal,Normal,0.9999556541442871,1
Final-NanSET_preprocessed.csv,436,-1,-1,0,0,Normal,Normal,0.9999533891677856,1
Final-NanSET_preprocessed.csv,437,-1,-1,0,0,Normal,Normal,0.999870777130127,1
Final-NanSET_preprocessed.csv,438,-1,-1,0,0,Normal,Normal,0.9998793601989746,1
Final-NanSET_preprocessed.csv,439,-1,-1,0,0,Normal,Normal,0.999948263168335,1
Final-NanSET_preprocessed.csv,440,-1,-1,0,0,Normal,Normal,0.9998546838760376,1
Final-NanSET_preprocessed.csv,441,-1,-1,0,0,Normal,Normal,0.9999349117279053,1
Final-NanSET_preprocessed.csv,442,-1,-1,0,0,Normal,Normal,0.9998034834861755,1
Final-NanSET_preprocessed.csv,443,-1,-1,0,0,Normal,Normal,0.9999209642410278,1
Final-NanSET_preprocessed.csv,444,-1,-1,0,0,Normal,Normal,0.9999337196350098,1
Final-NanSET_preprocessed.csv,445,-1,-1,0,0,Normal,Normal,0.9998353719711304,1
Final-NanSET_preprocessed.csv,446,-1,-1,0,0,Normal,Normal,0.9999338388442993,1
Final-NanSET_preprocessed.csv,447,-1,-1,0,0,Normal,Normal,0.999882698059082,1
Final-NanSET_preprocessed.csv,448,-1,-1,0,0,Normal,Normal,0.9999454021453857,1
Final-NanSET_preprocessed.csv,449,-1,-1,0,0,Normal,Normal,0.9999375343322754,1
Final-NanSET_preprocessed.csv,450,-1,-1,0,0,Normal,Normal,0.9998297691345215,1
Final-NanSET_preprocessed.csv,451,-1,-1,0,0,Normal,Normal,0.9999545812606812,1
Final-NanSET_preprocessed.csv,452,-1,-1,0,0,Normal,Normal,0.9999275207519531,1
Final-NanSET_preprocessed.csv,453,-1,-1,0,0,Normal,Normal,0.9999504089355469,1
Final-NanSET_preprocessed.csv,454,-1,-1,0,0,Normal,Normal,0.9999480247497559,1
Final-NanSET_preprocessed.csv,455,-1,-1,0,0,Normal,Normal,0.9999321699142456,1
Final-NanSET_preprocessed.csv,456,-1,-1,0,0,Normal,Normal,0.9997876286506653,1
Final-NanSET_preprocessed.csv,457,-1,-1,0,0,Normal,Normal,0.999920129776001,1
Final-NanSET_preprocessed.csv,458,-1,-1,0,0,Normal,Normal,0.9999394416809082,1
Final-NanSET_preprocessed.csv,459,-1,-1,0,0,Normal,Normal,0.9999502897262573,1
Final-NanSET_preprocessed.csv,460,-1,-1,0,0,Normal,Normal,0.9995385408401489,1
Final-NanSET_preprocessed.csv,461,-1,-1,0,0,Normal,Normal,0.9999133348464966,1
Final-NanSET_preprocessed.csv,462,-1,-1,0,0,Normal,Normal,0.9999377727508545,1
Final-NanSET_preprocessed.csv,463,-1,-1,0,0,Normal,Normal,0.995680570602417,1
Final-NanSET_preprocessed.csv,464,-1,-1,0,0,Normal,Normal,0.9999494552612305,1
Final-NanSET_preprocessed.csv,465,-1,-1,0,0,Normal,Normal,0.9999330043792725,1
Final-NanSET_preprocessed.csv,466,-1,-1,0,0,Normal,Normal,0.9999556541442871,1
Final-NanSET_preprocessed.csv,467,-1,-1,0,0,Normal,Normal,0.9998819828033447,1
Final-NanSET_preprocessed.csv,468,-1,-1,0,0,Normal,Normal,0.9999291896820068,1
Final-NanSET_preprocessed.csv,469,-1,-1,0,0,Normal,Normal,0.9999536275863647,1
Final-NanSET_preprocessed.csv,470,-1,-1,0,0,Normal,Normal,0.9998455047607422,1
Final-NanSET_preprocessed.csv,471,-1,-1,0,0,Normal,Normal,0.9985062479972839,1
Final-NanSET_preprocessed.csv,472,-1,-1,0,0,Normal,Normal,0.9996546506881714,1
Final-NanSET_preprocessed.csv,473,-1,-1,0,0,Normal,Normal,0.999930739402771,1
Final-NanSET_preprocessed.csv,474,-1,-1,0,0,Normal,Normal,0.9999473094940186,1
Final-NanSET_preprocessed.csv,475,-1,-1,0,0,Normal,Normal,0.9999401569366455,1
Final-NanSET_preprocessed.csv,476,-1,-1,0,0,Normal,Normal,0.9999129772186279,1
Final-NanSET_preprocessed.csv,477,-1,-1,0,0,Normal,Normal,0.999580442905426,1
Final-NanSET_preprocessed.csv,478,-1,-1,0,0,Normal,Normal,0.9999527931213379,1
Final-NanSET_preprocessed.csv,479,-1,-1,0,0,Normal,Normal,0.9999480247497559,1
Final-NanSET_preprocessed.csv,480,-1,-1,0,0,Normal,Normal,0.9998791217803955,1
Final-NanSET_preprocessed.csv,481,-1,-1,0,0,Normal,Normal,0.9998363256454468,1
Final-NanSET_preprocessed.csv,482,-1,-1,0,0,Normal,Normal,0.9999223947525024,1
Final-NanSET_preprocessed.csv,483,-1,-1,0,0,Normal,Normal,0.9999442100524902,1
Final-NanSET_preprocessed.csv,484,-1,-1,0,0,Normal,Normal,0.9999284744262695,1
Final-NanSET_preprocessed.csv,485,-1,-1,0,0,Normal,Normal,0.9999487400054932,1
Final-NanSET_preprocessed.csv,486,-1,-1,0,0,Normal,Normal,0.9999399185180664,1
Final-NanSET_preprocessed.csv,487,-1,-1,0,0,Normal,Normal,0.9997058510780334,1
Final-NanSET_preprocessed.csv,488,-1,-1,0,0,Normal,Normal,0.9999446868896484,1
Final-NanSET_preprocessed.csv,489,-1,-1,0,0,Normal,Normal,0.9999096393585205,1
Final-NanSET_preprocessed.csv,490,-1,-1,0,0,Normal,Normal,0.9999414682388306,1
Final-NanSET_preprocessed.csv,491,-1,-1,0,0,Normal,Normal,0.9928542971611023,1
Final-NanSET_preprocessed.csv,492,-1,-1,0,0,Normal,Normal,0.9999452829360962,1
Final-NanSET_preprocessed.csv,493,-1,-1,0,0,Normal,Normal,0.9999498128890991,1
Final-NanSET_preprocessed.csv,494,-1,-1,0,0,Normal,Normal,0.9999479055404663,1
Final-NanSET_preprocessed.csv,495,-1,-1,0,0,Normal,Normal,0.9998999834060669,1
Final-NanSET_preprocessed.csv,496,-1,-1,0,0,Normal,Normal,0.9999568462371826,1
Final-NanSET_preprocessed.csv,497,-1,-1,0,0,Normal,Normal,0.9999405145645142,1
Final-NanSET_preprocessed.csv,498,-1,-1,0,0,Normal,Normal,0.9999381303787231,1
Final-NanSET_preprocessed.csv,499,-1,-1,0,0,Normal,Normal,0.9963917136192322,1
Final-NanSET_preprocessed.csv,500,-1,-1,0,0,Normal,Normal,0.9999212026596069,1
Final-NanSET_preprocessed.csv,501,-1,-1,0,0,Normal,Normal,0.9999048709869385,1
Final-NanSET_preprocessed.csv,502,-1,-1,0,0,Normal,Normal,0.9999150037765503,1
Final-NanSET_preprocessed.csv,503,-1,-1,0,0,Normal,Normal,0.999936580657959,1
Final-NanSET_preprocessed.csv,504,-1,-1,0,0,Normal,Normal,0.9999344348907471,1
Final-NanSET_preprocessed.csv,505,-1,-1,0,0,Normal,Normal,0.9999514818191528,1
Final-NanSET_preprocessed.csv,506,-1,-1,0,0,Normal,Normal,0.9999550580978394,1
Final-NanSET_preprocessed.csv,507,-1,-1,0,0,Normal,Normal,0.9999349117279053,1
Final-NanSET_preprocessed.csv,508,-1,-1,0,0,Normal,Normal,0.9999508857727051,1
Final-NanSET_preprocessed.csv,509,-1,-1,0,0,Normal,Normal,0.9999291896820068,1
Final-NanSET_preprocessed.csv,510,-1,-1,0,0,Normal,Normal,0.9999535083770752,1
Final-NanSET_preprocessed.csv,511,-1,-1,0,0,Normal,Normal,0.9999299049377441,1
Final-NanSET_preprocessed.csv,512,-1,-1,0,0,Normal,Normal,0.9999401569366455,1
Final-NanSET_preprocessed.csv,513,-1,-1,0,0,Normal,Normal,0.9999443292617798,1
Final-NanSET_preprocessed.csv,514,-1,-1,0,0,Normal,Normal,0.9999433755874634,1
Final-NanSET_preprocessed.csv,515,-1,-1,0,0,Normal,Normal,0.99994957447052,1
Final-NanSET_preprocessed.csv,516,-1,-1,0,0,Normal,Normal,0.9999110698699951,1
Final-NanSET_preprocessed.csv,517,-1,-1,0,0,Normal,Normal,0.9996991157531738,1
Final-NanSET_preprocessed.csv,518,-1,-1,0,0,Normal,Normal,0.9998615980148315,1
Final-NanSET_preprocessed.csv,519,-1,-1,0,0,Normal,Normal,0.9998202919960022,1
Final-NanSET_preprocessed.csv,520,-1,-1,0,0,Normal,Normal,0.9999276399612427,1
Final-NanSET_preprocessed.csv,521,-1,-1,0,0,Normal,Normal,0.9999430179595947,1
Final-NanSET_preprocessed.csv,522,-1,-1,0,0,Normal,Normal,0.9999514818191528,1
Final-NanSET_preprocessed.csv,523,-1,-1,0,0,Normal,Normal,0.9999475479125977,1
Final-NanSET_preprocessed.csv,524,-1,-1,0,0,Normal,Normal,0.9998984336853027,1
Final-NanSET_preprocessed.csv,525,-1,-1,0,0,Normal,Normal,0.9999462366104126,1
Final-NanSET_preprocessed.csv,526,-1,-1,0,0,Normal,Normal,0.9999314546585083,1
Final-NanSET_preprocessed.csv,527,-1,-1,0,0,Normal,Normal,0.999930739402771,1
Final-NanSET_preprocessed.csv,528,-1,-1,0,0,Normal,Normal,0.9998922348022461,1
Final-NanSET_preprocessed.csv,529,-1,-1,0,0,Normal,Normal,0.9999426603317261,1
Final-NanSET_preprocessed.csv,530,-1,-1,0,0,Normal,Normal,0.9999239444732666,1
Final-NanSET_preprocessed.csv,531,-1,-1,0,0,Normal,Normal,0.9999397993087769,1
Final-NanSET_preprocessed.csv,532,-1,-1,0,0,Normal,Normal,0.9999560117721558,1
Final-NanSET_preprocessed.csv,533,-1,-1,0,0,Normal,Normal,0.9999018907546997,1
Final-NanSET_preprocessed.csv,534,-1,-1,0,0,Normal,Normal,0.9999580383300781,1
Final-NanSET_preprocessed.csv,535,-1,-1,0,0,Normal,Normal,0.999942421913147,1
Final-NanSET_preprocessed.csv,536,-1,-1,0,0,Normal,Normal,0.9999603033065796,1
Final-NanSET_preprocessed.csv,537,-1,-1,0,0,Normal,Normal,0.9999464750289917,1
Final-NanSET_preprocessed.csv,538,-1,-1,0,0,Normal,Normal,0.9999591112136841,1
Final-NanSET_preprocessed.csv,539,-1,-1,0,0,Normal,Normal,0.9999312162399292,1
Final-NanSET_preprocessed.csv,540,-1,-1,0,0,Normal,Normal,0.9999208450317383,1
Final-NanSET_preprocessed.csv,541,-1,-1,0,0,Normal,Normal,0.9997617602348328,1
Final-NanSET_preprocessed.csv,542,-1,-1,0,0,Normal,Normal,0.9999607801437378,1
Final-NanSET_preprocessed.csv,543,-1,-1,0,0,Normal,Normal,0.9999433755874634,1
Final-NanSET_preprocessed.csv,544,-1,-1,0,0,Normal,Normal,0.9999336004257202,1
Final-NanSET_preprocessed.csv,545,-1,-1,0,0,Normal,Normal,0.9999045133590698,1
Final-NanSET_preprocessed.csv,546,-1,-1,0,0,Normal,Normal,0.999942421913147,1
Final-NanSET_preprocessed.csv,547,-1,-1,0,0,Normal,Normal,0.9987832903862,1
Final-NanSET_preprocessed.csv,548,-1,-1,0,0,Normal,Normal,0.9999556541442871,1
Final-NanSET_preprocessed.csv,549,-1,-1,0,0,Normal,Normal,0.9999510049819946,1
Final-NanSET_preprocessed.csv,550,-1,-1,0,0,Normal,Normal,0.999930739402771,1
Final-NanSET_preprocessed.csv,551,-1,-1,0,0,Normal,Normal,0.9881145358085632,1
Final-NanSET_preprocessed.csv,552,-1,-1,0,0,Normal,Normal,0.9998890161514282,1
Final-NanSET_preprocessed.csv,553,-1,-1,0,0,Normal,Normal,0.9999369382858276,1
Final-NanSET_preprocessed.csv,554,-1,-1,0,0,Normal,Normal,0.9998966455459595,1
Final-NanSET_preprocessed.csv,555,-1,-1,0,0,Normal,Normal,0.9999542236328125,1
Final-NanSET_preprocessed.csv,556,-1,-1,0,0,Normal,Normal,0.9998898506164551,1
Final-NanSET_preprocessed.csv,557,-1,-1,0,0,Normal,Normal,0.999922513961792,1
Final-NanSET_preprocessed.csv,558,-1,-1,0,0,Normal,Normal,0.9999523162841797,1
Final-NanSET_preprocessed.csv,559,-1,-1,0,0,Normal,Normal,0.999932050704956,1
Final-NanSET_preprocessed.csv,560,-1,-1,0,0,Normal,Normal,0.9999510049819946,1
Final-NanSET_preprocessed.csv,561,-1,-1,0,0,Normal,Normal,0.9999327659606934,1
Final-NanSET_preprocessed.csv,562,-1,-1,0,0,Normal,Normal,0.9999557733535767,1
Final-NanSET_preprocessed.csv,563,-1,-1,0,0,Normal,Normal,0.9951653480529785,1
Final-NanSET_preprocessed.csv,564,-1,-1,0,0,Normal,Normal,0.9999402761459351,1
Final-NanSET_preprocessed.csv,565,-1,-1,0,0,Normal,Normal,0.9999442100524902,1
Final-NanSET_preprocessed.csv,566,-1,-1,0,0,Normal,Normal,0.9999402761459351,1
Final-NanSET_preprocessed.csv,567,-1,-1,0,0,Normal,Normal,0.9999486207962036,1
Final-NanSET_preprocessed.csv,568,-1,-1,0,0,Normal,Normal,0.9991028308868408,1
Final-NanSET_preprocessed.csv,569,-1,-1,0,0,Normal,Normal,0.999947190284729,1
Final-NanSET_preprocessed.csv,570,-1,-1,0,0,Normal,Normal,0.9999462366104126,1
Final-NanSET_preprocessed.csv,571,-1,-1,0,0,Normal,Normal,0.9999408721923828,1
Final-NanSET_preprocessed.csv,572,-1,-1,0,0,Normal,Normal,0.9999494552612305,1
Final-NanSET_preprocessed.csv,573,-1,-1,0,0,Normal,Normal,0.9999430179595947,1
Final-NanSET_preprocessed.csv,574,-1,-1,0,0,Normal,Normal,0.9995256662368774,1
Final-NanSET_preprocessed.csv,575,-1,-1,0,0,Normal,Normal,0.999941349029541,1
Final-NanSET_preprocessed.csv,576,-1,-1,0,0,Normal,Normal,0.9999512434005737,1
Final-NanSET_preprocessed.csv,577,-1,-1,0,0,Normal,Normal,0.9924155473709106,1
Final-NanSET_preprocessed.csv,578,-1,-1,0,0,Normal,Normal,0.9999129772186279,1
Final-NanSET_preprocessed.csv,579,-1,-1,0,0,Normal,Normal,0.9998412132263184,1
Final-NanSET_preprocessed.csv,580,-1,-1,0,0,Normal,Normal,0.9999454021453857,1
Final-NanSET_preprocessed.csv,581,-1,-1,0,0,Normal,Normal,0.9999444484710693,1
Final-NanSET_preprocessed.csv,582,-1,-1,0,0,Normal,Normal,0.9999439716339111,1
Final-NanSET_preprocessed.csv,583,-1,-1,0,0,Normal,Normal,0.999957799911499,1
Final-NanSET_preprocessed.csv,584,-1,-1,0,0,Normal,Normal,0.9999550580978394,1
Final-NanSET_preprocessed.csv,585,-1,-1,0,0,Normal,Normal,0.9998799562454224,1
Final-NanSET_preprocessed.csv,586,-1,-1,0,0,Normal,Normal,0.9996784925460815,1
Final-NanSET_preprocessed.csv,587,-1,-1,0,0,Normal,Normal,0.9998568296432495,1
Final-NanSET_preprocessed.csv,588,-1,-1,0,0,Normal,Normal,0.9999452829360962,1
Final-NanSET_preprocessed.csv,589,-1,-1,0,0,Normal,Normal,0.9999290704727173,1
Final-NanSET_preprocessed.csv,590,-1,-1,0,0,Normal,Normal,0.9999023675918579,1
Final-NanSET_preprocessed.csv,591,-1,-1,0,0,Normal,Normal,0.9999316930770874,1
Final-NanSET_preprocessed.csv,592,-1,-1,0,0,Normal,Normal,0.9999632835388184,1
Final-NanSET_preprocessed.csv,593,-1,-1,0,0,Normal,Normal,0.9999325275421143,1
Final-NanSET_preprocessed.csv,594,-1,-1,0,0,Normal,Normal,0.9936774373054504,1
Final-NanSET_preprocessed.csv,595,-1,-1,0,0,Normal,Normal,0.9999501705169678,1
Final-NanSET_preprocessed.csv,596,-1,-1,0,0,Normal,Normal,0.9999231100082397,1
Final-NanSET_preprocessed.csv,597,-1,-1,0,0,Normal,Normal,0.9999436140060425,1
Final-NanSET_preprocessed.csv,598,-1,-1,0,0,Normal,Normal,0.9999415874481201,1
Final-NanSET_preprocessed.csv,599,-1,-1,0,0,Normal,Normal,0.9999525547027588,1
Final-NanSET_preprocessed.csv,600,-1,-1,0,0,Normal,Normal,0.9999421834945679,1
Final-NanSET_preprocessed.csv,601,-1,-1,0,0,Normal,Normal,0.9993571639060974,1
Final-NanSET_preprocessed.csv,602,-1,-1,0,0,Normal,Normal,0.9999469518661499,1
Final-NanSET_preprocessed.csv,603,-1,-1,0,0,Normal,Normal,0.9999562501907349,1
Final-NanSET_preprocessed.csv,604,-1,-1,0,0,Normal,Normal,0.9999452829360962,1
Final-NanSET_preprocessed.csv,605,-1,-1,0,0,Normal,Normal,0.9999591112136841,1
Final-NanSET_preprocessed.csv,606,-1,-1,0,0,Normal,Normal,0.9999380111694336,1
Final-NanSET_preprocessed.csv,607,-1,-1,0,0,Normal,Normal,0.999915361404419,1
Final-NanSET_preprocessed.csv,608,-1,-1,0,0,Normal,Normal,0.9999526739120483,1
Final-NanSET_preprocessed.csv,609,-1,-1,0,0,Normal,Normal,0.9999312162399292,1
Final-NanSET_preprocessed.csv,610,-1,-1,0,0,Normal,Normal,0.9999456405639648,1
Final-NanSET_preprocessed.csv,611,-1,-1,0,0,Normal,Normal,0.9998903274536133,1
Final-NanSET_preprocessed.csv,612,-1,-1,0,0,Normal,Normal,0.9999372959136963,1
Final-NanSET_preprocessed.csv,613,-1,-1,0,0,Normal,Normal,0.9999542236328125,1
Final-NanSET_preprocessed.csv,614,-1,-1,0,0,Normal,Normal,0.9997898936271667,1
Final-NanSET_preprocessed.csv,615,-1,-1,0,0,Normal,Normal,0.9999279975891113,1
Final-NanSET_preprocessed.csv,616,-1,-1,0,0,Normal,Normal,0.9999399185180664,1
Final-NanSET_preprocessed.csv,617,-1,-1,0,0,Normal,Normal,0.9999638795852661,1
Final-NanSET_preprocessed.csv,618,-1,-1,0,0,Normal,Normal,0.9999459981918335,1
Final-NanSET_preprocessed.csv,619,-1,-1,0,0,Normal,Normal,0.9997648596763611,1
Final-NanSET_preprocessed.csv,620,-1,-1,0,0,Normal,Normal,0.9999467134475708,1
Final-NanSET_preprocessed.csv,621,-1,-1,0,0,Normal,Normal,0.9905141592025757,1
Final-NanSET_preprocessed.csv,622,-1,-1,0,0,Normal,Normal,0.9999452829360962,1
Final-NanSET_preprocessed.csv,623,-1,-1,0,0,Normal,Normal,0.9985634684562683,1
Final-NanSET_preprocessed.csv,624,-1,-1,0,0,Normal,Normal,0.998753547668457,1
Final-NanSET_preprocessed.csv,625,-1,-1,0,0,Normal,Normal,0.9999197721481323,1
Final-NanSET_preprocessed.csv,626,-1,-1,0,0,Normal,Normal,0.9999216794967651,1
Final-NanSET_preprocessed.csv,627,-1,-1,0,0,Normal,Normal,0.9999138116836548,1
Final-NanSET_preprocessed.csv,628,-1,-1,0,0,Normal,Normal,0.9999542236328125,1
Final-NanSET_preprocessed.csv,629,-1,-1,0,0,Normal,Normal,0.9999450445175171,1
Final-NanSET_preprocessed.csv,630,-1,-1,0,0,Normal,Normal,0.9999325275421143,1
Final-NanSET_preprocessed.csv,631,-1,-1,0,0,Normal,Normal,0.9998855590820312,1
Final-NanSET_preprocessed.csv,632,-1,-1,0,0,Normal,Normal,0.999937891960144,1
Final-NanSET_preprocessed.csv,633,-1,-1,0,0,Normal,Normal,0.9999097585678101,1
Final-NanSET_preprocessed.csv,634,-1,-1,0,0,Normal,Normal,0.9998681545257568,1
Final-NanSET_preprocessed.csv,635,-1,-1,0,0,Normal,Normal,0.9999203681945801,1
Final-NanSET_preprocessed.csv,636,-1,-1,0,0,Normal,Normal,0.9999459981918335,1
Final-NanSET_preprocessed.csv,637,-1,-1,0,0,Normal,Normal,0.9998801946640015,1
Final-NanSET_preprocessed.csv,638,-1,-1,0,0,Normal,Normal,0.9999638795852661,1
Final-NanSET_preprocessed.csv,639,-1,-1,0,0,Normal,Normal,0.9999493360519409,1
Final-NanSET_preprocessed.csv,640,-1,-1,0,0,Normal,Normal,0.9998968839645386,1
Final-NanSET_preprocessed.csv,641,-1,-1,0,0,Normal,Normal,0.9999513626098633,1
Final-NanSET_preprocessed.csv,642,-1,-1,0,0,Normal,Normal,0.999946117401123,1
Final-NanSET_preprocessed.csv,643,-1,-1,0,0,Normal,Normal,0.9999382495880127,1
Final-NanSET_preprocessed.csv,644,-1,-1,0,0,Normal,Normal,0.9999428987503052,1
Final-NanSET_preprocessed.csv,645,-1,-1,0,0,Normal,Normal,0.9998695850372314,1
Final-NanSET_preprocessed.csv,646,-1,-1,0,0,Normal,Normal,0.9998354911804199,1
Final-NanSET_preprocessed.csv,647,-1,-1,0,0,Normal,Normal,0.9999328851699829,1
Final-NanSET_preprocessed.csv,648,-1,-1,0,0,Normal,Normal,0.9999489784240723,1
Final-NanSET_preprocessed.csv,649,-1,-1,0,0,Normal,Normal,0.9999487400054932,1
Final-NanSET_preprocessed.csv,650,-1,-1,0,0,Normal,Normal,0.9999583959579468,1
Final-NanSET_preprocessed.csv,651,-1,-1,0,0,Normal,Normal,0.9999061822891235,1
Final-NanSET_preprocessed.csv,652,-1,-1,0,0,Normal,Normal,0.9999310970306396,1
Final-NanSET_preprocessed.csv,653,-1,-1,0,0,Normal,Normal,0.999933123588562,1
Final-NanSET_preprocessed.csv,654,-1,-1,0,0,Normal,Normal,0.9999189376831055,1
Final-NanSET_preprocessed.csv,655,-1,-1,0,0,Normal,Normal,0.9999483823776245,1
Final-NanSET_preprocessed.csv,656,-1,-1,0,0,Normal,Normal,0.9999527931213379,1
Final-NanSET_preprocessed.csv,657,-1,-1,0,0,Normal,Normal,0.9998860359191895,1
Final-NanSET_preprocessed.csv,658,-1,-1,0,0,Normal,Normal,0.9996765851974487,1
Final-NanSET_preprocessed.csv,659,-1,-1,0,0,Normal,Normal,0.9999394416809082,1
Final-NanSET_preprocessed.csv,660,-1,-1,0,0,Normal,Normal,0.999880313873291,1
Final-NanSET_preprocessed.csv,661,-1,-1,0,0,Normal,Normal,0.9999115467071533,1
Final-NanSET_preprocessed.csv,662,-1,-1,0,0,Normal,Normal,0.9998703002929688,1
Final-NanSET_preprocessed.csv,663,-1,-1,0,0,Normal,Normal,0.9999390840530396,1
Final-NanSET_preprocessed.csv,664,-1,-1,0,0,Normal,Normal,0.9999269247055054,1
Final-NanSET_preprocessed.csv,665,-1,-1,0,0,Normal,Normal,0.9998785257339478,1
Final-NanSET_preprocessed.csv,666,-1,-1,0,0,Normal,Normal,0.9999206066131592,1
Final-NanSET_preprocessed.csv,667,-1,-1,0,0,Normal,Normal,0.9992215633392334,1
Final-NanSET_preprocessed.csv,668,-1,-1,0,0,Normal,Normal,0.9998922348022461,1
Final-NanSET_preprocessed.csv,669,-1,-1,0,0,Normal,Normal,0.9999487400054932,1
Final-NanSET_preprocessed.csv,670,-1,-1,0,0,Normal,Normal,0.9999455213546753,1
Final-NanSET_preprocessed.csv,671,-1,-1,0,0,Normal,Normal,0.9999346733093262,1
Final-NanSET_preprocessed.csv,672,-1,-1,0,0,Normal,Normal,0.9998952150344849,1
Final-NanSET_preprocessed.csv,673,-1,-1,0,0,Normal,Normal,0.9999485015869141,1
Final-NanSET_preprocessed.csv,674,-1,-1,0,0,Normal,Normal,0.9999417066574097,1
Final-NanSET_preprocessed.csv,675,-1,-1,0,0,Normal,Normal,0.9999306201934814,1
Final-NanSET_preprocessed.csv,676,-1,-1,0,0,Normal,Normal,0.9999521970748901,1
Final-NanSET_preprocessed.csv,677,-1,-1,0,0,Normal,Normal,0.9998881816864014,1
Final-NanSET_preprocessed.csv,678,-1,-1,0,0,Normal,Normal,0.9999223947525024,1
Final-NanSET_preprocessed.csv,679,-1,-1,0,0,Normal,Normal,0.9999388456344604,1
Final-NanSET_preprocessed.csv,680,-1,-1,0,0,Normal,Normal,0.9999284744262695,1
Final-NanSET_preprocessed.csv,681,-1,-1,0,0,Normal,Normal,0.9999430179595947,1
Final-NanSET_preprocessed.csv,682,-1,-1,0,0,Normal,Normal,0.999936580657959,1
Final-NanSET_preprocessed.csv,683,-1,-1,0,0,Normal,Normal,0.9998883008956909,1
Final-NanSET_preprocessed.csv,684,-1,-1,0,0,Normal,Normal,0.9995442032814026,1
Final-NanSET_preprocessed.csv,685,-1,-1,0,0,Normal,Normal,0.9999185800552368,1
Final-NanSET_preprocessed.csv,686,-1,-1,0,0,Normal,Normal,0.999961256980896,1
Final-NanSET_preprocessed.csv,687,-1,-1,0,0,Normal,Normal,0.9999352693557739,1
Final-NanSET_preprocessed.csv,688,-1,-1,0,0,Normal,Normal,0.9999202489852905,1
Final-NanSET_preprocessed.csv,689,-1,-1,0,0,Normal,Normal,0.9999518394470215,1
Final-NanSET_preprocessed.csv,690,-1,-1,0,0,Normal,Normal,0.9999473094940186,1
Final-NanSET_preprocessed.csv,691,-1,-1,0,0,Normal,Normal,0.9999467134475708,1
Final-NanSET_preprocessed.csv,692,-1,-1,0,0,Normal,Normal,0.9999104738235474,1
Final-NanSET_preprocessed.csv,693,-1,-1,0,0,Normal,Normal,0.9999537467956543,1
Final-NanSET_preprocessed.csv,694,-1,-1,0,0,Normal,Normal,0.999932050704956,1
Final-NanSET_preprocessed.csv,695,-1,-1,0,0,Normal,Normal,0.9998264908790588,1
Final-NanSET_preprocessed.csv,696,-1,-1,0,0,Normal,Normal,0.999957799911499,1
Final-NanSET_preprocessed.csv,697,-1,-1,0,0,Normal,Normal,0.9999357461929321,1
Final-NanSET_preprocessed.csv,698,-1,-1,0,0,Normal,Normal,0.9999507665634155,1
Final-NanSET_preprocessed.csv,699,-1,-1,0,0,Normal,Normal,0.9998350143432617,1
Final-NanSET_preprocessed.csv,700,-1,-1,0,0,Normal,Normal,0.999953031539917,1
Final-NanSET_preprocessed.csv,701,-1,-1,0,0,Normal,Normal,0.9999090433120728,1
Final-NanSET_preprocessed.csv,702,-1,-1,0,0,Normal,Normal,0.9999281167984009,1
Final-NanSET_preprocessed.csv,703,-1,-1,0,0,Normal,Normal,0.9999427795410156,1
Final-NanSET_preprocessed.csv,704,-1,-1,0,0,Normal,Normal,0.9999275207519531,1
Final-NanSET_preprocessed.csv,705,-1,-1,0,0,Normal,Normal,0.9999516010284424,1
Final-NanSET_preprocessed.csv,706,-1,-1,0,0,Normal,Normal,0.9999277591705322,1
Final-NanSET_preprocessed.csv,707,-1,-1,0,0,Normal,Normal,0.9999496936798096,1
Final-NanSET_preprocessed.csv,708,-1,-1,0,0,Normal,Normal,0.999923825263977,1
Final-NanSET_preprocessed.csv,709,-1,-1,0,0,Normal,Normal,0.9998375177383423,1
Final-NanSET_preprocessed.csv,710,-1,-1,0,0,Normal,Normal,0.9999550580978394,1
Final-NanSET_preprocessed.csv,711,-1,-1,0,0,Normal,Normal,0.9999557733535767,1
Final-NanSET_preprocessed.csv,712,-1,-1,0,0,Normal,Normal,0.9999537467956543,1
Final-NanSET_preprocessed.csv,713,-1,-1,0,0,Normal,Normal,0.9999371767044067,1
Final-NanSET_preprocessed.csv,714,-1,-1,0,0,Normal,Normal,0.9998974800109863,1
Final-NanSET_preprocessed.csv,715,-1,-1,0,0,Normal,Normal,0.999923586845398,1
Final-NanSET_preprocessed.csv,716,-1,-1,0,0,Normal,Normal,0.9998661279678345,1
Final-NanSET_preprocessed.csv,717,-1,-1,0,0,Normal,Normal,0.9999409914016724,1
Final-NanSET_preprocessed.csv,718,-1,-1,0,0,Normal,Normal,0.9996086955070496,1
Final-NanSET_preprocessed.csv,719,-1,-1,0,0,Normal,Normal,0.999956488609314,1
Final-NanSET_preprocessed.csv,720,-1,-1,0,0,Normal,Normal,0.9999423027038574,1
Final-NanSET_preprocessed.csv,721,-1,-1,0,0,Normal,Normal,0.9998890161514282,1
Final-NanSET_preprocessed.csv,722,-1,-1,0,0,Normal,Normal,0.9999613761901855,1
Final-NanSET_preprocessed.csv,723,-1,-1,0,0,Normal,Normal,0.9996980428695679,1
Final-NanSET_preprocessed.csv,724,-1,-1,0,0,Normal,Normal,0.999920129776001,1
Final-NanSET_preprocessed.csv,725,-1,-1,0,0,Normal,Normal,0.9999402761459351,1
Final-NanSET_preprocessed.csv,726,-1,-1,0,0,Normal,Normal,0.9991071820259094,1
Final-NanSET_preprocessed.csv,727,-1,-1,0,0,Normal,Normal,0.9999363422393799,1
Final-NanSET_preprocessed.csv,728,-1,-1,0,0,Normal,Normal,0.9999251365661621,1
Final-NanSET_preprocessed.csv,729,-1,-1,0,0,Normal,Normal,0.9999377727508545,1
Final-NanSET_preprocessed.csv,730,-1,-1,0,0,Normal,Normal,0.9997894167900085,1
Final-NanSET_preprocessed.csv,731,-1,-1,0,0,Normal,Normal,0.9999556541442871,1
Final-NanSET_preprocessed.csv,732,-1,-1,0,0,Normal,Normal,0.9997778534889221,1
Final-NanSET_preprocessed.csv,733,-1,-1,0,0,Normal,Normal,0.9999433755874634,1
Final-NanSET_preprocessed.csv,734,-1,-1,0,0,Normal,Normal,0.9999210834503174,1
Final-NanSET_preprocessed.csv,735,-1,-1,0,0,Normal,Normal,0.9997639060020447,1
Final-NanSET_preprocessed.csv,736,-1,-1,0,0,Normal,Normal,0.9998800754547119,1
Final-NanSET_preprocessed.csv,737,-1,-1,0,0,Normal,Normal,0.9998064637184143,1
Final-NanSET_preprocessed.csv,738,-1,-1,0,0,Normal,Normal,0.9998593330383301,1
Final-NanSET_preprocessed.csv,739,-1,-1,0,0,Normal,Normal,0.9999333620071411,1
Final-NanSET_preprocessed.csv,740,-1,-1,0,0,Normal,Normal,0.999930739402771,1
Final-NanSET_preprocessed.csv,741,-1,-1,0,0,Normal,Normal,0.9998507499694824,1
Final-NanSET_preprocessed.csv,742,-1,-1,0,0,Normal,Normal,0.9999526739120483,1
Final-NanSET_preprocessed.csv,743,-1,-1,0,0,Normal,Normal,0.9998173117637634,1
Final-NanSET_preprocessed.csv,744,-1,-1,0,0,Normal,Normal,0.9999451637268066,1
Final-NanSET_preprocessed.csv,745,-1,-1,0,0,Normal,Normal,0.9998737573623657,1
Final-NanSET_preprocessed.csv,746,-1,-1,0,0,Normal,Normal,0.9998607635498047,1
Final-NanSET_preprocessed.csv,747,-1,-1,0,0,Normal,Normal,0.9999432563781738,1
Final-NanSET_preprocessed.csv,748,-1,-1,0,0,Normal,Normal,0.9998830556869507,1
Final-NanSET_preprocessed.csv,749,-1,-1,0,0,Normal,Normal,0.9997738003730774,1
Final-NanSET_preprocessed.csv,750,-1,-1,0,0,Normal,Normal,0.9999439716339111,1
Final-NanSET_preprocessed.csv,751,-1,-1,0,0,Normal,Normal,0.9999150037765503,1
Final-NanSET_preprocessed.csv,752,-1,-1,0,0,Normal,Normal,0.9997451901435852,1
Final-NanSET_preprocessed.csv,753,-1,-1,0,0,Normal,Normal,0.9999270439147949,1
Final-NanSET_preprocessed.csv,754,-1,-1,0,0,Normal,Normal,0.99993896484375,1
Final-NanSET_preprocessed.csv,755,-1,-1,0,0,Normal,Normal,0.9999407529830933,1
Final-NanSET_preprocessed.csv,756,-1,-1,0,0,Normal,Normal,0.999875545501709,1
Final-NanSET_preprocessed.csv,757,-1,-1,0,0,Normal,Normal,0.9999507665634155,1
Final-NanSET_preprocessed.csv,758,-1,-1,0,0,Normal,Normal,0.9999402761459351,1
Final-NanSET_preprocessed.csv,759,-1,-1,0,0,Normal,Normal,0.9999419450759888,1
Final-NanSET_preprocessed.csv,760,-1,-1,0,0,Normal,Normal,0.9999297857284546,1
Final-NanSET_preprocessed.csv,761,-1,-1,0,0,Normal,Normal,0.9999436140060425,1
Final-NanSET_preprocessed.csv,762,-1,-1,0,0,Normal,Normal,0.9992913007736206,1
Final-NanSET_preprocessed.csv,763,-1,-1,0,0,Normal,Normal,0.9946948885917664,1
Final-NanSET_preprocessed.csv,764,-1,-1,0,0,Normal,Normal,0.9999285936355591,1
Final-NanSET_preprocessed.csv,765,-1,-1,0,0,Normal,Normal,0.9999263286590576,1
Final-NanSET_preprocessed.csv,766,-1,-1,0,0,Normal,Normal,0.9999576807022095,1
Final-NanSET_preprocessed.csv,767,-1,-1,0,0,Normal,Normal,0.9999308586120605,1
Final-NanSET_preprocessed.csv,768,-1,-1,0,0,Normal,Normal,0.9998799562454224,1
Final-NanSET_preprocessed.csv,769,-1,-1,0,0,Normal,Normal,0.999954342842102,1
Final-NanSET_preprocessed.csv,770,-1,-1,0,0,Normal,Normal,0.9999387264251709,1
Final-NanSET_preprocessed.csv,771,-1,-1,0,0,Normal,Normal,0.9999581575393677,1
Final-NanSET_preprocessed.csv,772,-1,-1,0,0,Normal,Normal,0.9999538660049438,1
Final-NanSET_preprocessed.csv,773,-1,-1,0,0,Normal,Normal,0.9999579191207886,1
Final-NanSET_preprocessed.csv,774,-1,-1,0,0,Normal,Normal,0.9999346733093262,1
Final-NanSET_preprocessed.csv,775,-1,-1,0,0,Normal,Normal,0.9997879862785339,1
Final-NanSET_preprocessed.csv,776,-1,-1,0,0,Normal,Normal,0.9999490976333618,1
Final-NanSET_preprocessed.csv,777,-1,-1,0,0,Normal,Normal,0.999925971031189,1
Final-NanSET_preprocessed.csv,778,-1,-1,0,0,Normal,Normal,0.9999436140060425,1
Final-NanSET_preprocessed.csv,779,-1,-1,0,0,Normal,Normal,0.9999253749847412,1
Final-NanSET_preprocessed.csv,780,-1,-1,0,0,Normal,Normal,0.9999213218688965,1
Final-NanSET_preprocessed.csv,781,-1,-1,0,0,Normal,Normal,0.9999480247497559,1
Final-NanSET_preprocessed.csv,782,-1,-1,0,0,Normal,Normal,0.9999465942382812,1
Final-NanSET_preprocessed.csv,783,-1,-1,0,0,Normal,Normal,0.9999333620071411,1
Final-NanSET_preprocessed.csv,784,-1,-1,0,0,Normal,Normal,0.9999439716339111,1
Final-NanSET_preprocessed.csv,785,-1,-1,0,0,Normal,Normal,0.9998793601989746,1
Final-NanSET_preprocessed.csv,786,-1,-1,0,0,Normal,Normal,0.9996538162231445,1
Final-NanSET_preprocessed.csv,787,-1,-1,0,0,Normal,Normal,0.9999550580978394,1
Final-NanSET_preprocessed.csv,788,-1,-1,0,0,Normal,Normal,0.9986635446548462,1
Final-NanSET_preprocessed.csv,789,-1,-1,0,0,Normal,Normal,0.9999408721923828,1
Final-NanSET_preprocessed.csv,790,-1,-1,0,0,Normal,Normal,0.9999552965164185,1
Final-NanSET_preprocessed.csv,791,-1,-1,0,0,Normal,Normal,0.9999366998672485,1
Final-NanSET_preprocessed.csv,792,-1,-1,0,0,Normal,Normal,0.9999535083770752,1
Final-NanSET_preprocessed.csv,793,-1,-1,0,0,Normal,Normal,0.9999176263809204,1
Final-NanSET_preprocessed.csv,794,-1,-1,0,0,Normal,Normal,0.9999178647994995,1
Final-NanSET_preprocessed.csv,795,-1,-1,0,0,Normal,Normal,0.9998923540115356,1
Final-NanSET_preprocessed.csv,796,-1,-1,0,0,Normal,Normal,0.9999579191207886,1
Final-NanSET_preprocessed.csv,797,-1,-1,0,0,Normal,Normal,0.9999511241912842,1
Final-NanSET_preprocessed.csv,798,-1,-1,0,0,Normal,Normal,0.9998955726623535,1
Final-NanSET_preprocessed.csv,799,-1,-1,0,0,Normal,Normal,0.9999573230743408,1
Final-NanSET_preprocessed.csv,800,-1,-1,0,0,Normal,Normal,0.999866247177124,1
Final-NanSET_preprocessed.csv,801,-1,-1,0,0,Normal,Normal,0.9993305206298828,1
Final-NanSET_preprocessed.csv,802,-1,-1,0,0,Normal,Normal,0.9999375343322754,1
Final-NanSET_preprocessed.csv,803,-1,-1,0,0,Normal,Normal,0.9999146461486816,1
Final-NanSET_preprocessed.csv,804,-1,-1,0,0,Normal,Normal,0.9999420642852783,1
Final-NanSET_preprocessed.csv,805,-1,-1,0,0,Normal,Normal,0.9999313354492188,1
Final-NanSET_preprocessed.csv,806,-1,-1,0,0,Normal,Normal,0.99994957447052,1
Final-NanSET_preprocessed.csv,807,-1,-1,0,0,Normal,Normal,0.999961256980896,1
Final-NanSET_preprocessed.csv,808,-1,-1,0,0,Normal,Normal,0.9998656511306763,1
Final-NanSET_preprocessed.csv,809,-1,-1,0,0,Normal,Normal,0.9998800754547119,1
Final-NanSET_preprocessed.csv,810,-1,-1,0,0,Normal,Normal,0.9985156655311584,1
Final-NanSET_preprocessed.csv,811,-1,-1,0,0,Normal,Normal,0.999937891960144,1
Final-NanSET_preprocessed.csv,812,-1,-1,0,0,Normal,Normal,0.9997946619987488,1
Final-NanSET_preprocessed.csv,813,-1,-1,0,0,Normal,Normal,0.9994598031044006,1
Final-NanSET_preprocessed.csv,814,-1,-1,0,0,Normal,Normal,0.9999583959579468,1
Final-NanSET_preprocessed.csv,815,-1,-1,0,0,Normal,Normal,0.9999572038650513,1
Final-NanSET_preprocessed.csv,816,-1,-1,0,0,Normal,Normal,0.9999198913574219,1
Final-NanSET_preprocessed.csv,817,-1,-1,0,0,Normal,Normal,0.9999594688415527,1
Final-NanSET_preprocessed.csv,818,-1,-1,0,0,Normal,Normal,0.9999346733093262,1
Final-NanSET_preprocessed.csv,819,-1,-1,0,0,Normal,Normal,0.9999414682388306,1
Final-NanSET_preprocessed.csv,820,-1,-1,0,0,Normal,Normal,0.9999589920043945,1
Final-NanSET_preprocessed.csv,821,-1,-1,0,0,Normal,Normal,0.9990420937538147,1
Final-NanSET_preprocessed.csv,822,-1,-1,0,0,Normal,Normal,0.9999490976333618,1
Final-NanSET_preprocessed.csv,823,-1,-1,0,0,Normal,Normal,0.9999358654022217,1
Final-NanSET_preprocessed.csv,824,-1,-1,0,0,Normal,Normal,0.9999333620071411,1
Final-NanSET_preprocessed.csv,825,-1,-1,0,0,Normal,Normal,0.9999551773071289,1
Final-NanSET_preprocessed.csv,826,-1,-1,0,0,Normal,Normal,0.9999518394470215,1
Final-NanSET_preprocessed.csv,827,-1,-1,0,0,Normal,Normal,0.9999356269836426,1
Final-NanSET_preprocessed.csv,828,-1,-1,0,0,Normal,Normal,0.9999604225158691,1
Final-NanSET_preprocessed.csv,829,-1,-1,0,0,Normal,Normal,0.9999380111694336,1
Final-NanSET_preprocessed.csv,830,-1,-1,0,0,Normal,Normal,0.9999485015869141,1
Final-NanSET_preprocessed.csv,831,-1,-1,0,0,Normal,Normal,0.9999212026596069,1
Final-NanSET_preprocessed.csv,832,-1,-1,0,0,Normal,Normal,0.999936580657959,1
Final-NanSET_preprocessed.csv,833,-1,-1,0,0,Normal,Normal,0.9999303817749023,1
Final-NanSET_preprocessed.csv,834,-1,-1,0,0,Normal,Normal,0.9999622106552124,1
Final-NanSET_preprocessed.csv,835,-1,-1,0,0,Normal,Normal,0.999945878982544,1
Final-NanSET_preprocessed.csv,836,-1,-1,0,0,Normal,Normal,0.9999396800994873,1
Final-NanSET_preprocessed.csv,837,-1,-1,0,0,Normal,Normal,0.9999433755874634,1
Final-NanSET_preprocessed.csv,838,-1,-1,0,0,Normal,Normal,0.999944806098938,1
Final-NanSET_preprocessed.csv,839,-1,-1,0,0,Normal,Normal,0.9999502897262573,1
Final-NanSET_preprocessed.csv,840,-1,-1,0,0,Normal,Normal,0.9998425245285034,1
Final-NanSET_preprocessed.csv,841,-1,-1,0,0,Normal,Normal,0.999923586845398,1
Final-NanSET_preprocessed.csv,842,-1,-1,0,0,Normal,Normal,0.9998869895935059,1
Final-NanSET_preprocessed.csv,843,-1,-1,0,0,Normal,Normal,0.9999438524246216,1
Final-NanSET_preprocessed.csv,844,-1,-1,0,0,Normal,Normal,0.9999407529830933,1
Final-NanSET_preprocessed.csv,845,-1,-1,0,0,Normal,Normal,0.9999498128890991,1
Final-NanSET_preprocessed.csv,846,-1,-1,0,0,Normal,Normal,0.9999350309371948,1
Final-NanSET_preprocessed.csv,847,-1,-1,0,0,Normal,Normal,0.9999377727508545,1
Final-NanSET_preprocessed.csv,848,-1,-1,0,0,Normal,Normal,0.9999570846557617,1
Final-NanSET_preprocessed.csv,849,-1,-1,0,0,Normal,Normal,0.9999489784240723,1
Final-NanSET_preprocessed.csv,850,-1,-1,0,0,Normal,Normal,0.9999111890792847,1
Final-NanSET_preprocessed.csv,851,-1,-1,0,0,Normal,Normal,0.9999231100082397,1
Final-NanSET_preprocessed.csv,852,-1,-1,0,0,Normal,Normal,0.9999608993530273,1
Final-NanSET_preprocessed.csv,853,-1,-1,0,0,Normal,Normal,0.9999488592147827,1
Final-NanSET_preprocessed.csv,854,-1,-1,0,0,Normal,Normal,0.9998781681060791,1
Final-NanSET_preprocessed.csv,855,-1,-1,0,0,Normal,Normal,0.9999290704727173,1
Final-NanSET_preprocessed.csv,856,-1,-1,0,0,Normal,Normal,0.9999523162841797,1
Final-NanSET_preprocessed.csv,857,-1,-1,0,0,Normal,Normal,0.9999061822891235,1
Final-NanSET_preprocessed.csv,858,-1,-1,0,0,Normal,Normal,0.9999113082885742,1
Final-NanSET_preprocessed.csv,859,-1,-1,0,0,Normal,Normal,0.9999104738235474,1
Final-NanSET_preprocessed.csv,860,-1,-1,0,0,Normal,Normal,0.9999239444732666,1
Final-NanSET_preprocessed.csv,861,-1,-1,0,0,Normal,Normal,0.9999507665634155,1
Final-NanSET_preprocessed.csv,862,-1,-1,0,0,Normal,Normal,0.9987493753433228,1
Final-NanSET_preprocessed.csv,863,-1,-1,0,0,Normal,Normal,0.9999455213546753,1
Final-NanSET_preprocessed.csv,864,-1,-1,0,0,Normal,Normal,0.9999169111251831,1
Final-NanSET_preprocessed.csv,865,-1,-1,0,0,Normal,Normal,0.9999573230743408,1
Final-NanSET_preprocessed.csv,866,-1,-1,0,0,Normal,Normal,0.9998007416725159,1
Final-NanSET_preprocessed.csv,867,-1,-1,0,0,Normal,Normal,0.9999624490737915,1
Final-NanSET_preprocessed.csv,868,-1,-1,0,0,Normal,Normal,0.9997894167900085,1
Final-NanSET_preprocessed.csv,869,-1,-1,0,0,Normal,Normal,0.9999504089355469,1
Final-NanSET_preprocessed.csv,870,-1,-1,0,0,Normal,Normal,0.9999433755874634,1
Final-NanSET_preprocessed.csv,871,-1,-1,0,0,Normal,Normal,0.9999504089355469,1
Final-NanSET_preprocessed.csv,872,-1,-1,0,0,Normal,Normal,0.9999212026596069,1
Final-NanSET_preprocessed.csv,873,-1,-1,0,0,Normal,Normal,0.9998911619186401,1
Final-NanSET_preprocessed.csv,874,-1,-1,0,0,Normal,Normal,0.9999278783798218,1
Final-NanSET_preprocessed.csv,875,-1,-1,0,0,Normal,Normal,0.9999382495880127,1
Final-NanSET_preprocessed.csv,876,-1,-1,0,0,Normal,Normal,0.9999446868896484,1
Final-NanSET_preprocessed.csv,877,-1,-1,0,0,Normal,Normal,0.9999399185180664,1
Final-NanSET_preprocessed.csv,878,-1,-1,0,0,Normal,Normal,0.9926210641860962,1
Final-NanSET_preprocessed.csv,879,-1,-1,0,0,Normal,Normal,0.9996329545974731,1
Final-NanSET_preprocessed.csv,880,-1,-1,0,0,Normal,Normal,0.9999141693115234,1
Final-NanSET_preprocessed.csv,881,-1,-1,0,0,Normal,Normal,0.9999113082885742,1
Final-NanSET_preprocessed.csv,882,-1,-1,0,0,Normal,Normal,0.9998403787612915,1
Final-NanSET_preprocessed.csv,883,-1,-1,0,0,Normal,Normal,0.9999450445175171,1
Final-NanSET_preprocessed.csv,884,-1,-1,0,0,Normal,Normal,0.9999270439147949,1
Final-NanSET_preprocessed.csv,885,-1,-1,0,0,Normal,Normal,0.9998020529747009,1
Final-NanSET_preprocessed.csv,886,-1,-1,0,0,Normal,Normal,0.9999306201934814,1
Final-NanSET_preprocessed.csv,887,-1,-1,0,0,Normal,Normal,0.9998868703842163,1
Final-NanSET_preprocessed.csv,888,-1,-1,0,0,Normal,Normal,0.9999498128890991,1
Final-NanSET_preprocessed.csv,889,-1,-1,0,0,Normal,Normal,0.9999396800994873,1
Final-NanSET_preprocessed.csv,890,-1,-1,0,0,Normal,Normal,0.999945878982544,1
Final-NanSET_preprocessed.csv,891,-1,-1,0,0,Normal,Normal,0.9999512434005737,1
Final-NanSET_preprocessed.csv,892,-1,-1,0,0,Normal,Normal,0.9999568462371826,1
Final-NanSET_preprocessed.csv,893,-1,-1,0,0,Normal,Normal,0.9999483823776245,1
Final-NanSET_preprocessed.csv,894,-1,-1,0,0,Normal,Normal,0.9998651742935181,1
Final-NanSET_preprocessed.csv,895,-1,-1,0,0,Normal,Normal,0.999834418296814,1
Final-NanSET_preprocessed.csv,896,-1,-1,0,0,Normal,Normal,0.9999469518661499,1
Final-NanSET_preprocessed.csv,897,-1,-1,0,0,Normal,Normal,0.9999141693115234,1
Final-NanSET_preprocessed.csv,898,-1,-1,0,0,Normal,Normal,0.9999427795410156,1
Final-NanSET_preprocessed.csv,899,-1,-1,0,0,Normal,Normal,0.999948263168335,1
Final-NanSET_preprocessed.csv,900,-1,-1,0,0,Normal,Normal,0.9999334812164307,1
Final-NanSET_preprocessed.csv,901,-1,-1,0,0,Normal,Normal,0.9999493360519409,1
Final-NanSET_preprocessed.csv,902,-1,-1,0,0,Normal,Normal,0.9999361038208008,1
Final-NanSET_preprocessed.csv,903,-1,-1,0,0,Normal,Normal,0.9999477863311768,1
Final-NanSET_preprocessed.csv,904,-1,-1,0,0,Normal,Normal,0.9999233484268188,1
Final-NanSET_preprocessed.csv,905,-1,-1,0,0,Normal,Normal,0.9964897036552429,1
Final-NanSET_preprocessed.csv,906,-1,-1,0,0,Normal,Normal,0.9998481273651123,1
Final-NanSET_preprocessed.csv,907,-1,-1,0,0,Normal,Normal,0.9997221827507019,1
Final-NanSET_preprocessed.csv,908,-1,-1,0,0,Normal,Normal,0.9999028444290161,1
Final-NanSET_preprocessed.csv,909,-1,-1,0,0,Normal,Normal,0.9999457597732544,1
Final-NanSET_preprocessed.csv,910,-1,-1,0,0,Normal,Normal,0.9999381303787231,1
Final-NanSET_preprocessed.csv,911,-1,-1,0,0,Normal,Normal,0.9999549388885498,1
Final-NanSET_preprocessed.csv,912,-1,-1,0,0,Normal,Normal,0.9998792409896851,1
Final-NanSET_preprocessed.csv,913,-1,-1,0,0,Normal,Normal,0.8641083240509033,1
Final-NanSET_preprocessed.csv,914,-1,-1,0,0,Normal,Normal,0.9999278783798218,1
Final-NanSET_preprocessed.csv,915,-1,-1,0,0,Normal,Normal,0.999775230884552,1
Final-NanSET_preprocessed.csv,916,-1,-1,0,0,Normal,Normal,0.9999523162841797,1
Final-NanSET_preprocessed.csv,917,-1,-1,0,0,Normal,Normal,0.9999488592147827,1
Final-NanSET_preprocessed.csv,918,-1,-1,0,0,Normal,Normal,0.9988697171211243,1
Final-NanSET_preprocessed.csv,919,-1,-1,0,0,Normal,Normal,0.9998642206192017,1
Final-NanSET_preprocessed.csv,920,-1,-1,0,0,Normal,Normal,0.9999467134475708,1
Final-NanSET_preprocessed.csv,921,-1,-1,0,0,Normal,Normal,0.9999432563781738,1
Final-NanSET_preprocessed.csv,922,-1,-1,0,0,Normal,Normal,0.9999572038650513,1
Final-NanSET_preprocessed.csv,923,-1,-1,0,0,Normal,Normal,0.999883770942688,1
Final-NanSET_preprocessed.csv,924,-1,-1,0,0,Normal,Normal,0.9999467134475708,1
Final-NanSET_preprocessed.csv,925,-1,-1,0,0,Normal,Normal,0.9999406337738037,1
Final-NanSET_preprocessed.csv,926,-1,-1,0,0,Normal,Normal,0.9709557294845581,1
Final-NanSET_preprocessed.csv,927,-1,-1,0,0,Normal,Normal,0.9999514818191528,1
Final-NanSET_preprocessed.csv,928,-1,-1,0,0,Normal,Normal,0.9999423027038574,1
Final-NanSET_preprocessed.csv,929,-1,-1,0,0,Normal,Normal,0.999893069267273,1
Final-NanSET_preprocessed.csv,930,-1,-1,0,0,Normal,Normal,0.9999486207962036,1
Final-NanSET_preprocessed.csv,931,-1,-1,0,0,Normal,Normal,0.9999157190322876,1
Final-NanSET_preprocessed.csv,932,-1,-1,0,0,Normal,Normal,0.9998743534088135,1
Final-NanSET_preprocessed.csv,933,-1,-1,0,0,Normal,Normal,0.9999605417251587,1
Final-NanSET_preprocessed.csv,934,-1,-1,0,0,Normal,Normal,0.9999487400054932,1
Final-NanSET_preprocessed.csv,935,-1,-1,0,0,Normal,Normal,0.9921075701713562,1
Final-NanSET_preprocessed.csv,936,-1,-1,0,0,Normal,Normal,0.9998243451118469,1
Final-NanSET_preprocessed.csv,937,-1,-1,0,0,Normal,Normal,0.9999462366104126,1
Final-NanSET_preprocessed.csv,938,-1,-1,0,0,Normal,Normal,0.9999493360519409,1
Final-NanSET_preprocessed.csv,939,-1,-1,0,0,Normal,Normal,0.9986205101013184,1
Final-NanSET_preprocessed.csv,940,-1,-1,0,0,Normal,Normal,0.9999442100524902,1
Final-NanSET_preprocessed.csv,941,-1,-1,0,0,Normal,Normal,0.9999525547027588,1
Final-NanSET_preprocessed.csv,942,-1,-1,0,0,Normal,Normal,0.9997231364250183,1
Final-NanSET_preprocessed.csv,943,-1,-1,0,0,Normal,Normal,0.9999583959579468,1
Final-NanSET_preprocessed.csv,944,-1,-1,0,0,Normal,Normal,0.9999192953109741,1
Final-NanSET_preprocessed.csv,945,-1,-1,0,0,Normal,Normal,0.9998824596405029,1
Final-NanSET_preprocessed.csv,946,-1,-1,0,0,Normal,Normal,0.999963641166687,1
Final-NanSET_preprocessed.csv,947,-1,-1,0,0,Normal,Normal,0.9948318004608154,1
Final-NanSET_preprocessed.csv,948,-1,-1,0,0,Normal,Normal,0.9999289512634277,1
Final-NanSET_preprocessed.csv,949,-1,-1,0,0,Normal,Normal,0.9999468326568604,1
Final-NanSET_preprocessed.csv,950,-1,-1,0,0,Normal,Normal,0.9999294281005859,1
Final-NanSET_preprocessed.csv,951,-1,-1,0,0,Normal,Normal,0.9999198913574219,1
Final-NanSET_preprocessed.csv,952,-1,-1,0,0,Normal,Normal,0.9998350143432617,1
Final-NanSET_preprocessed.csv,953,-1,-1,0,0,Normal,Normal,0.9999502897262573,1
Final-NanSET_preprocessed.csv,954,-1,-1,0,0,Normal,Normal,0.9999549388885498,1
Final-NanSET_preprocessed.csv,955,-1,-1,0,0,Normal,Normal,0.9999278783798218,1
Final-NanSET_preprocessed.csv,956,-1,-1,0,0,Normal,Normal,0.9999432563781738,1
Final-NanSET_preprocessed.csv,957,-1,-1,0,0,Normal,Normal,0.9999401569366455,1
Final-NanSET_preprocessed.csv,958,-1,-1,0,0,Normal,Normal,0.9999407529830933,1
Final-NanSET_preprocessed.csv,959,-1,-1,0,0,Normal,Normal,0.9999521970748901,1
Final-NanSET_preprocessed.csv,960,-1,-1,0,0,Normal,Normal,0.9998695850372314,1
Final-NanSET_preprocessed.csv,961,-1,-1,0,0,Normal,Normal,0.9999481439590454,1
Final-NanSET_preprocessed.csv,962,-1,-1,0,0,Normal,Normal,0.9999440908432007,1
Final-NanSET_preprocessed.csv,963,-1,-1,0,0,Normal,Normal,0.9982668161392212,1
Final-NanSET_preprocessed.csv,964,-1,-1,0,0,Normal,Normal,0.9999281167984009,1
Final-NanSET_preprocessed.csv,965,-1,-1,0,0,Normal,Normal,0.9997233748435974,1
Final-NanSET_preprocessed.csv,966,-1,-1,0,0,Normal,Normal,0.9999492168426514,1
Final-NanSET_preprocessed.csv,967,-1,-1,0,0,Normal,Normal,0.9999524354934692,1
Final-NanSET_preprocessed.csv,968,-1,-1,0,0,Normal,Normal,0.9999432563781738,1
Final-NanSET_preprocessed.csv,969,-1,-1,0,0,Normal,Normal,0.999700665473938,1
Final-NanSET_preprocessed.csv,970,-1,-1,0,0,Normal,Normal,0.9999200105667114,1
Final-NanSET_preprocessed.csv,971,-1,-1,0,0,Normal,Normal,0.9999381303787231,1
Final-NanSET_preprocessed.csv,972,-1,-1,0,0,Normal,Normal,0.999944806098938,1
Final-NanSET_preprocessed.csv,973,-1,-1,0,0,Normal,Normal,0.9999363422393799,1
Final-NanSET_preprocessed.csv,974,-1,-1,0,0,Normal,Normal,0.9999549388885498,1
Final-NanSET_preprocessed.csv,975,-1,-1,0,0,Normal,Normal,0.9995187520980835,1
Final-NanSET_preprocessed.csv,976,-1,-1,0,0,Normal,Normal,0.9998763799667358,1
Final-NanSET_preprocessed.csv,977,-1,-1,0,0,Normal,Normal,0.9993719458580017,1
Final-NanSET_preprocessed.csv,978,-1,-1,0,0,Normal,Normal,0.9998594522476196,1
Final-NanSET_preprocessed.csv,979,-1,-1,0,0,Normal,Normal,0.9997761845588684,1
Final-NanSET_preprocessed.csv,980,-1,-1,0,0,Normal,Normal,0.9999253749847412,1
Final-NanSET_preprocessed.csv,981,-1,-1,0,0,Normal,Normal,0.9999475479125977,1
Final-NanSET_preprocessed.csv,982,-1,-1,0,0,Normal,Normal,0.9999189376831055,1
Final-NanSET_preprocessed.csv,983,-1,-1,0,0,Normal,Normal,0.99764484167099,1
Final-NanSET_preprocessed.csv,984,-1,-1,0,0,Normal,Normal,0.9998592138290405,1
Final-NanSET_preprocessed.csv,985,-1,-1,0,0,Normal,Normal,0.999948263168335,1
Final-NanSET_preprocessed.csv,986,-1,-1,0,0,Normal,Normal,0.9996606111526489,1
Final-NanSET_preprocessed.csv,987,-1,-1,0,0,Normal,Normal,0.999560534954071,1
Final-NanSET_preprocessed.csv,988,-1,-1,0,0,Normal,Normal,0.9999288320541382,1
Final-NanSET_preprocessed.csv,989,-1,-1,0,0,Normal,Normal,0.9998452663421631,1
Final-NanSET_preprocessed.csv,990,-1,-1,0,0,Normal,Normal,0.9999387264251709,1
Final-NanSET_preprocessed.csv,991,-1,-1,0,0,Normal,Normal,0.9999455213546753,1
Final-NanSET_preprocessed.csv,992,-1,-1,0,0,Normal,Normal,0.9999266862869263,1
Final-NanSET_preprocessed.csv,993,-1,-1,0,0,Normal,Normal,0.9999451637268066,1
Final-NanSET_preprocessed.csv,994,-1,-1,0,0,Normal,Normal,0.9997969269752502,1
Final-NanSET_preprocessed.csv,995,-1,-1,0,0,Normal,Normal,0.9999498128890991,1
Final-NanSET_preprocessed.csv,996,-1,-1,0,0,Normal,Normal,0.9998981952667236,1
Final-NanSET_preprocessed.csv,997,-1,-1,0,0,Normal,Normal,0.9999591112136841,1
Final-NanSET_preprocessed.csv,998,-1,-1,0,0,Normal,Normal,0.9999438524246216,1
Final-NanSET_preprocessed.csv,999,-1,-1,0,0,Normal,Normal,0.999945878982544,1
Final-NanSET_preprocessed.csv,1000,-1,-1,0,0,Normal,Normal,0.999946117401123,1
Final-NanSET_preprocessed.csv,1001,-1,-1,0,0,Normal,Normal,0.9999456405639648,1
Final-NanSET_preprocessed.csv,1002,-1,-1,0,0,Normal,Normal,0.9999275207519531,1
Final-NanSET_preprocessed.csv,1003,-1,-1,0,0,Normal,Normal,0.9999213218688965,1
Final-NanSET_preprocessed.csv,1004,-1,-1,0,0,Normal,Normal,0.9998183846473694,1
Final-NanSET_preprocessed.csv,1005,-1,-1,0,0,Normal,Normal,0.9999383687973022,1
Final-NanSET_preprocessed.csv,1006,-1,-1,0,0,Normal,Normal,0.999824583530426,1
Final-NanSET_preprocessed.csv,1007,-1,-1,0,0,Normal,Normal,0.9981735944747925,1
Final-NanSET_preprocessed.csv,1008,-1,-1,0,0,Normal,Normal,0.9999357461929321,1
Final-NanSET_preprocessed.csv,1009,-1,-1,0,0,Normal,Normal,0.9999393224716187,1
Final-NanSET_preprocessed.csv,1010,-1,-1,0,0,Normal,Normal,0.9999431371688843,1
Final-NanSET_preprocessed.csv,1011,-1,-1,0,0,Normal,Normal,0.9999477863311768,1
Final-NanSET_preprocessed.csv,1012,-1,-1,0,0,Normal,Normal,0.999956488609314,1
Final-NanSET_preprocessed.csv,1013,-1,-1,0,0,Normal,Normal,0.9999096393585205,1
Final-NanSET_preprocessed.csv,1014,-1,-1,0,0,Normal,Normal,0.9999270439147949,1
Final-NanSET_preprocessed.csv,1015,-1,-1,0,0,Normal,Normal,0.9999185800552368,1
Final-NanSET_preprocessed.csv,1016,-1,-1,0,0,Normal,Normal,0.999942421913147,1
Final-NanSET_preprocessed.csv,1017,-1,-1,0,0,Normal,Normal,0.9999082088470459,1
Final-NanSET_preprocessed.csv,1018,-1,-1,0,0,Normal,Normal,0.9999496936798096,1
Final-NanSET_preprocessed.csv,1019,-1,-1,0,0,Normal,Normal,0.9998773336410522,1
Final-NanSET_preprocessed.csv,1020,-1,-1,0,0,Normal,Normal,0.9880867004394531,1
Final-NanSET_preprocessed.csv,1021,-1,-1,0,0,Normal,Normal,0.9926702976226807,1
Final-NanSET_preprocessed.csv,1022,-1,-1,0,0,Normal,Normal,0.999946117401123,1
Final-NanSET_preprocessed.csv,1023,-1,-1,0,0,Normal,Normal,0.9999269247055054,1
Final-NanSET_preprocessed.csv,1024,-1,-1,0,0,Normal,Normal,0.9999150037765503,1
Final-NanSET_preprocessed.csv,1025,-1,-1,0,0,Normal,Normal,0.9999387264251709,1
Final-NanSET_preprocessed.csv,1026,-1,-1,0,0,Normal,Normal,0.9999549388885498,1
Final-NanSET_preprocessed.csv,1027,-1,-1,0,0,Normal,Normal,0.9999456405639648,1
Final-NanSET_preprocessed.csv,1028,-1,-1,0,0,Normal,Normal,0.999951958656311,1
Final-NanSET_preprocessed.csv,1029,-1,-1,0,0,Normal,Normal,0.9999043941497803,1
Final-NanSET_preprocessed.csv,1030,-1,-1,0,0,Normal,Normal,0.9999483823776245,1
Final-NanSET_preprocessed.csv,1031,-1,-1,0,0,Normal,Normal,0.9999369382858276,1
Final-NanSET_preprocessed.csv,1032,-1,-1,0,0,Normal,Normal,0.9999467134475708,1
Final-NanSET_preprocessed.csv,1033,-1,-1,0,0,Normal,Normal,0.9999326467514038,1
Final-NanSET_preprocessed.csv,1034,-1,-1,0,0,Normal,Normal,0.9999276399612427,1
Final-NanSET_preprocessed.csv,1035,-1,-1,0,0,Normal,Normal,0.9999464750289917,1
Final-NanSET_preprocessed.csv,1036,-1,-1,0,0,Normal,Normal,0.9999483823776245,1
Final-NanSET_preprocessed.csv,1037,-1,-1,0,0,Normal,Normal,0.9999245405197144,1
Final-NanSET_preprocessed.csv,1038,-1,-1,0,0,Normal,Normal,0.9999481439590454,1
Final-NanSET_preprocessed.csv,1039,-1,-1,0,0,Normal,Normal,0.9999560117721558,1
Final-NanSET_preprocessed.csv,1040,-1,-1,0,0,Normal,Normal,0.9998338222503662,1
Final-NanSET_preprocessed.csv,1041,-1,-1,0,0,Normal,Normal,0.9999430179595947,1
Final-NanSET_preprocessed.csv,1042,-1,-1,0,0,Normal,Normal,0.9999473094940186,1
Final-NanSET_preprocessed.csv,1043,-1,-1,0,0,Normal,Normal,0.9999527931213379,1
Final-NanSET_preprocessed.csv,1044,-1,-1,0,0,Normal,Normal,0.9999059438705444,1
Final-NanSET_preprocessed.csv,1045,-1,-1,0,0,Normal,Normal,0.9999454021453857,1
Final-NanSET_preprocessed.csv,1046,-1,-1,0,0,Normal,Normal,0.9997920393943787,1
Final-NanSET_preprocessed.csv,1047,-1,-1,0,0,Normal,Normal,0.999943733215332,1
Final-NanSET_preprocessed.csv,1048,-1,-1,0,0,Normal,Normal,0.9999408721923828,1
Final-NanSET_preprocessed.csv,1049,-1,-1,0,0,Normal,Normal,0.999747097492218,1
Final-NanSET_preprocessed.csv,1050,-1,-1,0,0,Normal,Normal,0.9998950958251953,1
Final-NanSET_preprocessed.csv,1051,-1,-1,0,0,Normal,Normal,0.9988875985145569,1
Final-NanSET_preprocessed.csv,1052,-1,-1,0,0,Normal,Normal,0.9999440908432007,1
Final-NanSET_preprocessed.csv,1053,-1,-1,0,0,Normal,Normal,0.9999490976333618,1
Final-NanSET_preprocessed.csv,1054,-1,-1,0,0,Normal,Normal,0.9999456405639648,1
Final-NanSET_preprocessed.csv,1055,-1,-1,0,0,Normal,Normal,0.9999308586120605,1
Final-NanSET_preprocessed.csv,1056,-1,-1,0,0,Normal,Normal,0.9997360110282898,1
Final-NanSET_preprocessed.csv,1057,-1,-1,0,0,Normal,Normal,0.9999135732650757,1
Final-NanSET_preprocessed.csv,1058,-1,-1,0,0,Normal,Normal,0.9999350309371948,1
Final-NanSET_preprocessed.csv,1059,-1,-1,0,0,Normal,Normal,0.9999152421951294,1
Final-NanSET_preprocessed.csv,1060,-1,-1,0,0,Normal,Normal,0.9999340772628784,1
Final-NanSET_preprocessed.csv,1061,-1,-1,0,0,Normal,Normal,0.999946117401123,1
Final-NanSET_preprocessed.csv,1062,-1,-1,0,0,Normal,Normal,0.9999459981918335,1
Final-NanSET_preprocessed.csv,1063,-1,-1,0,0,Normal,Normal,0.9999397993087769,1
Final-NanSET_preprocessed.csv,1064,-1,-1,0,0,Normal,Normal,0.9999234676361084,1
Final-NanSET_preprocessed.csv,1065,-1,-1,0,0,Normal,Normal,0.9999094009399414,1
Final-NanSET_preprocessed.csv,1066,-1,-1,0,0,Normal,Normal,0.9999550580978394,1
Final-NanSET_preprocessed.csv,1067,-1,-1,0,0,Normal,Normal,0.999934196472168,1
Final-NanSET_preprocessed.csv,1068,-1,-1,0,0,Normal,Normal,0.9999485015869141,1
Final-NanSET_preprocessed.csv,1069,-1,-1,0,0,Normal,Normal,0.9999165534973145,1
Final-NanSET_preprocessed.csv,1070,-1,-1,0,0,Normal,Normal,0.9998489618301392,1
Final-NanSET_preprocessed.csv,1071,-1,-1,0,0,Normal,Normal,0.9999487400054932,1
Final-NanSET_preprocessed.csv,1072,-1,-1,0,0,Normal,Normal,0.9999526739120483,1
Final-NanSET_preprocessed.csv,1073,-1,-1,0,0,Normal,Normal,0.9999337196350098,1
Final-NanSET_preprocessed.csv,1074,-1,-1,0,0,Normal,Normal,0.999947190284729,1
Final-NanSET_preprocessed.csv,1075,-1,-1,0,0,Normal,Normal,0.9999415874481201,1
Final-NanSET_preprocessed.csv,1076,-1,-1,0,0,Normal,Normal,0.9999158382415771,1
Final-NanSET_preprocessed.csv,1077,-1,-1,0,0,Normal,Normal,0.9999362230300903,1
Final-NanSET_preprocessed.csv,1078,-1,-1,0,0,Normal,Normal,0.9999432563781738,1
Final-NanSET_preprocessed.csv,1079,-1,-1,0,0,Normal,Normal,0.9999436140060425,1
Final-NanSET_preprocessed.csv,1080,-1,-1,0,0,Normal,Normal,0.9999102354049683,1
Final-NanSET_preprocessed.csv,1081,-1,-1,0,0,Normal,Normal,0.9996143579483032,1
Final-NanSET_preprocessed.csv,1082,-1,-1,0,0,Normal,Normal,0.9997383952140808,1
Final-NanSET_preprocessed.csv,1083,-1,-1,0,0,Normal,Normal,0.9998176693916321,1
Final-NanSET_preprocessed.csv,1084,-1,-1,0,0,Normal,Normal,0.9999336004257202,1
Final-NanSET_preprocessed.csv,1085,-1,-1,0,0,Normal,Normal,0.9999309778213501,1
Final-NanSET_preprocessed.csv,1086,-1,-1,0,0,Normal,Normal,0.9997857213020325,1
Final-NanSET_preprocessed.csv,1087,-1,-1,0,0,Normal,Normal,0.9999221563339233,1
Final-NanSET_preprocessed.csv,1088,-1,-1,0,0,Normal,Normal,0.9998868703842163,1
Final-NanSET_preprocessed.csv,1089,-1,-1,0,0,Normal,Normal,0.9999514818191528,1
Final-NanSET_preprocessed.csv,1090,-1,-1,0,0,Normal,Normal,0.9998254179954529,1
Final-NanSET_preprocessed.csv,1091,-1,-1,0,0,Normal,Normal,0.9991207718849182,1
Final-NanSET_preprocessed.csv,1092,-1,-1,0,0,Normal,Normal,0.9998910427093506,1
Final-NanSET_preprocessed.csv,1093,-1,-1,0,0,Normal,Normal,0.9999558925628662,1
Final-NanSET_preprocessed.csv,1094,-1,-1,0,0,Normal,Normal,0.9999274015426636,1
Final-NanSET_preprocessed.csv,1095,-1,-1,0,0,Normal,Normal,0.9999516010284424,1
Final-NanSET_preprocessed.csv,1096,-1,-1,0,0,Normal,Normal,0.9999229907989502,1
Final-NanSET_preprocessed.csv,1097,-1,-1,0,0,Normal,Normal,0.9998974800109863,1
Final-NanSET_preprocessed.csv,1098,-1,-1,0,0,Normal,Normal,0.9999037981033325,1
Final-NanSET_preprocessed.csv,1099,-1,-1,0,0,Normal,Normal,0.9998717308044434,1
Final-NanSET_preprocessed.csv,1100,-1,-1,0,0,Normal,Normal,0.9999220371246338,1
Final-NanSET_preprocessed.csv,1101,-1,-1,0,0,Normal,Normal,0.9998912811279297,1
Final-NanSET_preprocessed.csv,1102,-1,-1,0,0,Normal,Normal,0.9999428987503052,1
Final-NanSET_preprocessed.csv,1103,-1,-1,0,0,Normal,Normal,0.9999309778213501,1
Final-NanSET_preprocessed.csv,1104,-1,-1,0,0,Normal,Normal,0.9999222755432129,1
Final-NanSET_preprocessed.csv,1105,-1,-1,0,0,Normal,Normal,0.9999305009841919,1
Final-NanSET_preprocessed.csv,1106,-1,-1,0,0,Normal,Normal,0.9999567270278931,1
Final-NanSET_preprocessed.csv,1107,-1,-1,0,0,Normal,Normal,0.9999430179595947,1
Final-NanSET_preprocessed.csv,1108,-1,-1,0,0,Normal,Normal,0.99991774559021,1
Final-NanSET_preprocessed.csv,1109,-1,-1,0,0,Normal,Normal,0.9999381303787231,1
Final-NanSET_preprocessed.csv,1110,-1,-1,0,0,Normal,Normal,0.9999333620071411,1
Final-NanSET_preprocessed.csv,1111,-1,-1,0,0,Normal,Normal,0.9998904466629028,1
Final-NanSET_preprocessed.csv,1112,-1,-1,0,0,Normal,Normal,0.9998946189880371,1
Final-NanSET_preprocessed.csv,1113,-1,-1,0,0,Normal,Normal,0.9996820688247681,1
Final-NanSET_preprocessed.csv,1114,-1,-1,0,0,Normal,Normal,0.999868631362915,1
Final-NanSET_preprocessed.csv,1115,-1,-1,0,0,Normal,Normal,0.9999083280563354,1
Final-NanSET_preprocessed.csv,1116,-1,-1,0,0,Normal,Normal,0.99992835521698,1
Final-NanSET_preprocessed.csv,1117,-1,-1,0,0,Normal,Normal,0.9999134540557861,1
Final-NanSET_preprocessed.csv,1118,-1,-1,0,0,Normal,Normal,0.9999246597290039,1
Final-NanSET_preprocessed.csv,1119,-1,-1,0,0,Normal,Normal,0.9999204874038696,1
Final-NanSET_preprocessed.csv,1120,-1,-1,0,0,Normal,Normal,0.9998966455459595,1
Final-NanSET_preprocessed.csv,1121,-1,-1,0,0,Normal,Normal,0.9999593496322632,1
Final-NanSET_preprocessed.csv,1122,-1,-1,0,0,Normal,Normal,0.999916672706604,1
Final-NanSET_preprocessed.csv,1123,-1,-1,0,0,Normal,Normal,0.9999388456344604,1
Final-NanSET_preprocessed.csv,1124,-1,-1,0,0,Normal,Normal,0.9999308586120605,1
Final-NanSET_preprocessed.csv,1125,-1,-1,0,0,Normal,Normal,0.9999402761459351,1
Final-NanSET_preprocessed.csv,1126,-1,-1,0,0,Normal,Normal,0.9999181032180786,1
Final-NanSET_preprocessed.csv,1127,-1,-1,0,0,Normal,Normal,0.9998182654380798,1
Final-NanSET_preprocessed.csv,1128,-1,-1,0,0,Normal,Normal,0.9997662901878357,1
Final-NanSET_preprocessed.csv,1129,-1,-1,0,0,Normal,Normal,0.9998233914375305,1
Final-NanSET_preprocessed.csv,1130,-1,-1,0,0,Normal,Normal,0.9999328851699829,1
Final-NanSET_preprocessed.csv,1131,-1,-1,0,0,Normal,Normal,0.9999065399169922,1
Final-NanSET_preprocessed.csv,1132,-1,-1,0,0,Normal,Normal,0.9999139308929443,1
Final-NanSET_preprocessed.csv,1133,-1,-1,0,0,Normal,Normal,0.9997909665107727,1
Final-NanSET_preprocessed.csv,1134,-1,-1,0,0,Normal,Normal,0.9999426603317261,1
Final-NanSET_preprocessed.csv,1135,-1,-1,0,0,Normal,Normal,0.9999396800994873,1
Final-NanSET_preprocessed.csv,1136,-1,-1,0,0,Normal,Normal,0.9895775318145752,1
Final-NanSET_preprocessed.csv,1137,-1,-1,0,0,Normal,Normal,0.9999206066131592,1
Final-NanSET_preprocessed.csv,1138,-1,-1,0,0,Normal,Normal,0.9999450445175171,1
Final-NanSET_preprocessed.csv,1139,-1,-1,0,0,Normal,Normal,0.9999574422836304,1
Final-NanSET_preprocessed.csv,1140,-1,-1,0,0,Normal,Normal,0.9999293088912964,1
Final-NanSET_preprocessed.csv,1141,-1,-1,0,0,Normal,Normal,0.9999433755874634,1
Final-NanSET_preprocessed.csv,1142,-1,-1,0,0,Normal,Normal,0.9999349117279053,1
Final-NanSET_preprocessed.csv,1143,-1,-1,0,0,Normal,Normal,0.9950255751609802,1
Final-NanSET_preprocessed.csv,1144,-1,-1,0,0,Normal,Normal,0.9999152421951294,1
Final-NanSET_preprocessed.csv,1145,-1,-1,0,0,Normal,Normal,0.9999260902404785,1
Final-NanSET_preprocessed.csv,1146,-1,-1,0,0,Normal,Normal,0.9998797178268433,1
Final-NanSET_preprocessed.csv,1147,-1,-1,0,0,Normal,Normal,0.9999189376831055,1
Final-NanSET_preprocessed.csv,1148,-1,-1,0,0,Normal,Normal,0.9999405145645142,1
Final-NanSET_preprocessed.csv,1149,-1,-1,0,0,Normal,Normal,0.9999521970748901,1
Final-NanSET_preprocessed.csv,1150,-1,-1,0,0,Normal,Normal,0.9999440908432007,1
Final-NanSET_preprocessed.csv,1151,-1,-1,0,0,Normal,Normal,0.9995827078819275,1
Final-NanSET_preprocessed.csv,1152,-1,-1,0,0,Normal,Normal,0.9995850920677185,1
Final-NanSET_preprocessed.csv,1153,-1,-1,0,0,Normal,Normal,0.9999314546585083,1
Final-NanSET_preprocessed.csv,1154,-1,-1,0,0,Normal,Normal,0.9998331069946289,1
Final-NanSET_preprocessed.csv,1155,-1,-1,0,0,Normal,Normal,0.999943733215332,1
Final-NanSET_preprocessed.csv,1156,-1,-1,0,0,Normal,Normal,0.9998966455459595,1
Final-NanSET_preprocessed.csv,1157,-1,-1,0,0,Normal,Normal,0.9999432563781738,1
Final-NanSET_preprocessed.csv,1158,-1,-1,0,0,Normal,Normal,0.9999380111694336,1
Final-NanSET_preprocessed.csv,1159,-1,-1,0,0,Normal,Normal,0.9999445676803589,1
Final-NanSET_preprocessed.csv,1160,-1,-1,0,0,Normal,Normal,0.9999375343322754,1
Final-NanSET_preprocessed.csv,1161,-1,-1,0,0,Normal,Normal,0.9999426603317261,1
Final-NanSET_preprocessed.csv,1162,-1,-1,0,0,Normal,Normal,0.9998148083686829,1
Final-NanSET_preprocessed.csv,1163,-1,-1,0,0,Normal,Normal,0.9999552965164185,1
Final-NanSET_preprocessed.csv,1164,-1,-1,0,0,Normal,Normal,0.9999289512634277,1
Final-NanSET_preprocessed.csv,1165,-1,-1,0,0,Normal,Normal,0.9999332427978516,1
Final-NanSET_preprocessed.csv,1166,-1,-1,0,0,Normal,Normal,0.9999136924743652,1
Final-NanSET_preprocessed.csv,1167,-1,-1,0,0,Normal,Normal,0.9999362230300903,1
Final-NanSET_preprocessed.csv,1168,-1,-1,0,0,Normal,Normal,0.9999467134475708,1
Final-NanSET_preprocessed.csv,1169,-1,-1,0,0,Normal,Normal,0.9999480247497559,1
Final-NanSET_preprocessed.csv,1170,-1,-1,0,0,Normal,Normal,0.9999496936798096,1
Final-NanSET_preprocessed.csv,1171,-1,-1,0,0,Normal,Normal,0.9998501539230347,1
Final-NanSET_preprocessed.csv,1172,-1,-1,0,0,Normal,Normal,0.9999383687973022,1
Final-NanSET_preprocessed.csv,1173,-1,-1,0,0,Normal,Normal,0.9999480247497559,1
Final-NanSET_preprocessed.csv,1174,-1,-1,0,0,Normal,Normal,0.999936580657959,1
Final-NanSET_preprocessed.csv,1175,-1,-1,0,0,Normal,Normal,0.9999223947525024,1
Final-NanSET_preprocessed.csv,1176,-1,-1,0,0,Normal,Normal,0.9989564418792725,1
Final-NanSET_preprocessed.csv,1177,-1,-1,0,0,Normal,Normal,0.9999574422836304,1
Final-NanSET_preprocessed.csv,1178,-1,-1,0,0,Normal,Normal,0.9999161958694458,1
Final-NanSET_preprocessed.csv,1179,-1,-1,0,0,Normal,Normal,0.9999122619628906,1
Final-NanSET_preprocessed.csv,1180,-1,-1,0,0,Normal,Normal,0.9998857975006104,1
Final-NanSET_preprocessed.csv,1181,-1,-1,0,0,Normal,Normal,0.9999198913574219,1
Final-NanSET_preprocessed.csv,1182,-1,-1,0,0,Normal,Normal,0.9854029417037964,1
Final-NanSET_preprocessed.csv,1183,-1,-1,0,0,Normal,Normal,0.9999474287033081,1
Final-NanSET_preprocessed.csv,1184,-1,-1,0,0,Normal,Normal,0.9954433441162109,1
Final-NanSET_preprocessed.csv,1185,-1,-1,0,0,Normal,Normal,0.9999395608901978,1
Final-NanSET_preprocessed.csv,1186,-1,-1,0,0,Normal,Normal,0.999954342842102,1
Final-NanSET_preprocessed.csv,1187,-1,-1,0,0,Normal,Normal,0.9999408721923828,1
Final-NanSET_preprocessed.csv,1188,-1,-1,0,0,Normal,Normal,0.9999421834945679,1
Final-NanSET_preprocessed.csv,1189,-1,-1,0,0,Normal,Normal,0.9999510049819946,1
Final-NanSET_preprocessed.csv,1190,-1,-1,0,0,Normal,Normal,0.9999343156814575,1
Final-NanSET_preprocessed.csv,1191,-1,-1,0,0,Normal,Normal,0.9998937845230103,1
Final-NanSET_preprocessed.csv,1192,-1,-1,0,0,Normal,Normal,0.9999463558197021,1
Final-NanSET_preprocessed.csv,1193,-1,-1,0,0,Normal,Normal,0.9999521970748901,1
Final-NanSET_preprocessed.csv,1194,-1,-1,0,0,Normal,Normal,0.9998725652694702,1
Final-NanSET_preprocessed.csv,1195,-1,-1,0,0,Normal,Normal,0.999930739402771,1
Final-NanSET_preprocessed.csv,1196,-1,-1,0,0,Normal,Normal,0.9998667240142822,1
Final-NanSET_preprocessed.csv,1197,-1,-1,0,0,Normal,Normal,0.9999524354934692,1
Final-NanSET_preprocessed.csv,1198,-1,-1,0,0,Normal,Normal,0.9681328535079956,1
Final-NanSET_preprocessed.csv,1199,-1,-1,0,0,Normal,Normal,0.9999372959136963,1
Final-NanSET_preprocessed.csv,1200,-1,-1,0,0,Normal,Normal,0.9999555349349976,1
Final-NanSET_preprocessed.csv,1201,-1,-1,0,0,Normal,Normal,0.9996340274810791,1
Final-NanSET_preprocessed.csv,1202,-1,-1,0,0,Normal,Normal,0.9999489784240723,1
Final-NanSET_preprocessed.csv,1203,-1,-1,0,0,Normal,Normal,0.9999281167984009,1
Final-NanSET_preprocessed.csv,1204,-1,-1,0,0,Normal,Normal,0.9999486207962036,1
Final-NanSET_preprocessed.csv,1205,-1,-1,0,0,Normal,Normal,0.9998955726623535,1
Final-NanSET_preprocessed.csv,1206,-1,-1,0,0,Normal,Normal,0.9999561309814453,1
Final-NanSET_preprocessed.csv,1207,-1,-1,0,0,Normal,Normal,0.9999452829360962,1
Final-NanSET_preprocessed.csv,1208,-1,-1,0,0,Normal,Normal,0.9999531507492065,1
Final-NanSET_preprocessed.csv,1209,-1,-1,0,0,Normal,Normal,0.9999414682388306,1
Final-NanSET_preprocessed.csv,1210,-1,-1,0,0,Normal,Normal,0.999944806098938,1
Final-NanSET_preprocessed.csv,1211,-1,-1,0,0,Normal,Normal,0.9999492168426514,1
Final-NanSET_preprocessed.csv,1212,-1,-1,0,0,Normal,Normal,0.9997134804725647,1
Final-NanSET_preprocessed.csv,1213,-1,-1,0,0,Normal,Normal,0.999941349029541,1
Final-NanSET_preprocessed.csv,1214,-1,-1,0,0,Normal,Normal,0.9999415874481201,1
Final-NanSET_preprocessed.csv,1215,-1,-1,0,0,Normal,Normal,0.9999256134033203,1
Final-NanSET_preprocessed.csv,1216,-1,-1,0,0,Normal,Normal,0.9999114274978638,1
Final-NanSET_preprocessed.csv,1217,-1,-1,0,0,Normal,Normal,0.9999326467514038,1
Final-NanSET_preprocessed.csv,1218,-1,-1,0,0,Normal,Normal,0.9999449253082275,1
Final-NanSET_preprocessed.csv,1219,-1,-1,0,0,Normal,Normal,0.999908447265625,1
Final-NanSET_preprocessed.csv,1220,-1,-1,0,0,Normal,Normal,0.9999452829360962,1
Final-NanSET_preprocessed.csv,1221,-1,-1,0,0,Normal,Normal,0.9999370574951172,1
Final-NanSET_preprocessed.csv,1222,-1,-1,0,0,Normal,Normal,0.991908609867096,1
Final-NanSET_preprocessed.csv,1223,-1,-1,0,0,Normal,Normal,0.9999076128005981,1
Final-NanSET_preprocessed.csv,1224,-1,-1,0,0,Normal,Normal,0.9998654127120972,1
Final-NanSET_preprocessed.csv,1225,-1,-1,0,0,Normal,Normal,0.9999250173568726,1
Final-NanSET_preprocessed.csv,1226,-1,-1,0,0,Normal,Normal,0.9999485015869141,1
Final-NanSET_preprocessed.csv,1227,-1,-1,0,0,Normal,Normal,0.9999566078186035,1
Final-NanSET_preprocessed.csv,1228,-1,-1,0,0,Normal,Normal,0.9999294281005859,1
Final-NanSET_preprocessed.csv,1229,-1,-1,0,0,Normal,Normal,0.9997749924659729,1
Final-NanSET_preprocessed.csv,1230,-1,-1,0,0,Normal,Normal,0.9999366998672485,1
Final-NanSET_preprocessed.csv,1231,-1,-1,0,0,Normal,Normal,0.9998875856399536,1
Final-NanSET_preprocessed.csv,1232,-1,-1,0,0,Normal,Normal,0.9999171495437622,1
Final-NanSET_preprocessed.csv,1233,-1,-1,0,0,Normal,Normal,0.9999408721923828,1
Final-NanSET_preprocessed.csv,1234,-1,-1,0,0,Normal,Normal,0.999927282333374,1
Final-NanSET_preprocessed.csv,1235,-1,-1,0,0,Normal,Normal,0.9999338388442993,1
Final-NanSET_preprocessed.csv,1236,-1,-1,0,0,Normal,Normal,0.9999154806137085,1
Final-NanSET_preprocessed.csv,1237,-1,-1,0,0,Normal,Normal,0.9999077320098877,1
Final-NanSET_preprocessed.csv,1238,-1,-1,0,0,Normal,Normal,0.9999312162399292,1
Final-NanSET_preprocessed.csv,1239,-1,-1,0,0,Normal,Normal,0.9999493360519409,1
Final-NanSET_preprocessed.csv,1240,-1,-1,0,0,Normal,Normal,0.9999501705169678,1
Final-NanSET_preprocessed.csv,1241,-1,-1,0,0,Normal,Normal,0.9999462366104126,1
Final-NanSET_preprocessed.csv,1242,-1,-1,0,0,Normal,Normal,0.9999548196792603,1
Final-NanSET_preprocessed.csv,1243,-1,-1,0,0,Normal,Normal,0.9999436140060425,1
Final-NanSET_preprocessed.csv,1244,-1,-1,0,0,Normal,Normal,0.999870777130127,1
Final-NanSET_preprocessed.csv,1245,-1,-1,0,0,Normal,Normal,0.9999493360519409,1
Final-NanSET_preprocessed.csv,1246,-1,-1,0,0,Normal,Normal,0.999923586845398,1
Final-NanSET_preprocessed.csv,1247,-1,-1,0,0,Normal,Normal,0.999607264995575,1
Final-NanSET_preprocessed.csv,1248,-1,-1,0,0,Normal,Normal,0.9999315738677979,1
Final-NanSET_preprocessed.csv,1249,-1,-1,0,0,Normal,Normal,0.999562680721283,1
Final-NanSET_preprocessed.csv,1250,-1,-1,0,0,Normal,Normal,0.999923586845398,1
Final-NanSET_preprocessed.csv,1251,-1,-1,0,0,Normal,Normal,0.9997460246086121,1
Final-NanSET_preprocessed.csv,1252,-1,-1,0,0,Normal,Normal,0.9999138116836548,1
Final-NanSET_preprocessed.csv,1253,-1,-1,0,0,Normal,Normal,0.9998977184295654,1
Final-NanSET_preprocessed.csv,1254,-1,-1,0,0,Normal,Normal,0.9998544454574585,1
Final-NanSET_preprocessed.csv,1255,-1,-1,0,0,Normal,Normal,0.999616265296936,1
Final-NanSET_preprocessed.csv,1256,-1,-1,0,0,Normal,Normal,0.9999595880508423,1
Final-NanSET_preprocessed.csv,1257,-1,-1,0,0,Normal,Normal,0.9999483823776245,1
Final-NanSET_preprocessed.csv,1258,-1,-1,0,0,Normal,Normal,0.9999251365661621,1
Final-NanSET_preprocessed.csv,1259,-1,-1,0,0,Normal,Normal,0.9998156428337097,1
Final-NanSET_preprocessed.csv,1260,-1,-1,0,0,Normal,Normal,0.9999275207519531,1
Final-NanSET_preprocessed.csv,1261,-1,-1,0,0,Normal,Normal,0.9999473094940186,1
Final-NanSET_preprocessed.csv,1262,-1,-1,0,0,Normal,Normal,0.9998846054077148,1
Final-NanSET_preprocessed.csv,1263,-1,-1,0,0,Normal,Normal,0.999955415725708,1
Final-NanSET_preprocessed.csv,1264,-1,-1,0,0,Normal,Normal,0.9999430179595947,1
Final-NanSET_preprocessed.csv,1265,-1,-1,0,0,Normal,Normal,0.9999374151229858,1
Final-NanSET_preprocessed.csv,1266,-1,-1,0,0,Normal,Normal,0.9999489784240723,1
Final-NanSET_preprocessed.csv,1267,-1,-1,0,0,Normal,Normal,0.9999140501022339,1
Final-NanSET_preprocessed.csv,1268,-1,-1,0,0,Normal,Normal,0.9999432563781738,1
Final-NanSET_preprocessed.csv,1269,-1,-1,0,0,Normal,Normal,0.9999377727508545,1
Final-NanSET_preprocessed.csv,1270,-1,-1,0,0,Normal,Normal,0.999945878982544,1
Final-NanSET_preprocessed.csv,1271,-1,-1,0,0,Normal,Normal,0.9999303817749023,1
Final-NanSET_preprocessed.csv,1272,-1,-1,0,0,Normal,Normal,0.9628570675849915,1
Final-NanSET_preprocessed.csv,1273,-1,-1,0,0,Normal,Normal,0.9999483823776245,1
Final-NanSET_preprocessed.csv,1274,-1,-1,0,0,Normal,Normal,0.9998549222946167,1
Final-NanSET_preprocessed.csv,1275,-1,-1,0,0,Normal,Normal,0.9999268054962158,1
Final-NanSET_preprocessed.csv,1276,-1,-1,0,0,Normal,Normal,0.9988168478012085,1
Final-NanSET_preprocessed.csv,1277,-1,-1,0,0,Normal,Normal,0.9999269247055054,1
Final-NanSET_preprocessed.csv,1278,-1,-1,0,0,Normal,Normal,0.9998761415481567,1
Final-NanSET_preprocessed.csv,1279,-1,-1,0,0,Normal,Normal,0.9999144077301025,1
Final-NanSET_preprocessed.csv,1280,-1,-1,0,0,Normal,Normal,0.9999549388885498,1
Final-NanSET_preprocessed.csv,1281,-1,-1,0,0,Normal,Normal,0.9999439716339111,1
Final-NanSET_preprocessed.csv,1282,-1,-1,0,0,Normal,Normal,0.9999421834945679,1
Final-NanSET_preprocessed.csv,1283,-1,-1,0,0,Normal,Normal,0.9999439716339111,1
Final-NanSET_preprocessed.csv,1284,-1,-1,0,0,Normal,Normal,0.9998716115951538,1
Final-NanSET_preprocessed.csv,1285,-1,-1,0,0,Normal,Normal,0.9999275207519531,1
Final-NanSET_preprocessed.csv,1286,-1,-1,0,0,Normal,Normal,0.9999277591705322,1
Final-NanSET_preprocessed.csv,1287,-1,-1,0,0,Normal,Normal,0.9999587535858154,1
Final-NanSET_preprocessed.csv,1288,-1,-1,0,0,Normal,Normal,0.9999605417251587,1
Final-NanSET_preprocessed.csv,1289,-1,-1,0,0,Normal,Normal,0.9997454285621643,1
Final-NanSET_preprocessed.csv,1290,-1,-1,0,0,Normal,Normal,0.9999327659606934,1
Final-NanSET_preprocessed.csv,1291,-1,-1,0,0,Normal,Normal,0.9999377727508545,1
Final-NanSET_preprocessed.csv,1292,-1,-1,0,0,Normal,Normal,0.9998754262924194,1
Final-NanSET_preprocessed.csv,1293,-1,-1,0,0,Normal,Normal,0.9994959831237793,1
Final-NanSET_preprocessed.csv,1294,-1,-1,0,0,Normal,Normal,0.9999538660049438,1
Final-NanSET_preprocessed.csv,1295,-1,-1,0,0,Normal,Normal,0.9999237060546875,1
Final-NanSET_preprocessed.csv,1296,-1,-1,0,0,Normal,Normal,0.9999529123306274,1
Final-NanSET_preprocessed.csv,1297,-1,-1,0,0,Normal,Normal,0.999954104423523,1
Final-NanSET_preprocessed.csv,1298,-1,-1,0,0,Normal,Normal,0.9999552965164185,1
Final-NanSET_preprocessed.csv,1299,-1,-1,0,0,Normal,Normal,0.999948263168335,1
Final-NanSET_preprocessed.csv,1300,-1,-1,0,0,Normal,Normal,0.9998235106468201,1
Final-NanSET_preprocessed.csv,1301,-1,-1,0,0,Normal,Normal,0.9999406337738037,1
Final-NanSET_preprocessed.csv,1302,-1,-1,0,0,Normal,Normal,0.9999516010284424,1
Final-NanSET_preprocessed.csv,1303,-1,-1,0,0,Normal,Normal,0.9999496936798096,1
Final-NanSET_preprocessed.csv,1304,-1,-1,0,0,Normal,Normal,0.9998058676719666,1
Final-NanSET_preprocessed.csv,1305,-1,-1,0,0,Normal,Normal,0.9999345541000366,1
Final-NanSET_preprocessed.csv,1306,-1,-1,0,0,Normal,Normal,0.9999603033065796,1
Final-NanSET_preprocessed.csv,1307,-1,-1,0,0,Normal,Normal,0.9998737573623657,1
Final-NanSET_preprocessed.csv,1308,-1,-1,0,0,Normal,Normal,0.9999575614929199,1
Final-NanSET_preprocessed.csv,1309,-1,-1,0,0,Normal,Normal,0.999947190284729,1
Final-NanSET_preprocessed.csv,1310,-1,-1,0,0,Normal,Normal,0.9999387264251709,1
Final-NanSET_preprocessed.csv,1311,-1,-1,0,0,Normal,Normal,0.999945878982544,1
Final-NanSET_preprocessed.csv,1312,-1,-1,0,0,Normal,Normal,0.9999507665634155,1
Final-NanSET_preprocessed.csv,1313,-1,-1,0,0,Normal,Normal,0.999944806098938,1
Final-NanSET_preprocessed.csv,1314,-1,-1,0,0,Normal,Normal,0.999910831451416,1
Final-NanSET_preprocessed.csv,1315,-1,-1,0,0,Normal,Normal,0.9999440908432007,1
Final-NanSET_preprocessed.csv,1316,-1,-1,0,0,Normal,Normal,0.9998987913131714,1
Final-NanSET_preprocessed.csv,1317,-1,-1,0,0,Normal,Normal,0.9999520778656006,1
Final-NanSET_preprocessed.csv,1318,-1,-1,0,0,Normal,Normal,0.9999440908432007,1
Final-NanSET_preprocessed.csv,1319,-1,-1,0,0,Normal,Normal,0.9999058246612549,1
Final-NanSET_preprocessed.csv,1320,-1,-1,0,0,Normal,Normal,0.9999545812606812,1
Final-NanSET_preprocessed.csv,1321,-1,-1,0,0,Normal,Normal,0.9998670816421509,1
Final-NanSET_preprocessed.csv,1322,-1,-1,0,0,Normal,Normal,0.9999549388885498,1
Final-NanSET_preprocessed.csv,1323,-1,-1,0,0,Normal,Normal,0.999943733215332,1
Final-NanSET_preprocessed.csv,1324,-1,-1,0,0,Normal,Normal,0.9999548196792603,1
Final-NanSET_preprocessed.csv,1325,-1,-1,0,0,Normal,Normal,0.9995835423469543,1
Final-NanSET_preprocessed.csv,1326,-1,-1,0,0,Normal,Normal,0.999946117401123,1
Final-NanSET_preprocessed.csv,1327,-1,-1,0,0,Normal,Normal,0.9998477697372437,1
Final-NanSET_preprocessed.csv,1328,-1,-1,0,0,Normal,Normal,0.9999423027038574,1
Final-NanSET_preprocessed.csv,1329,-1,-1,0,0,Normal,Normal,0.9999450445175171,1
Final-NanSET_preprocessed.csv,1330,-1,-1,0,0,Normal,Normal,0.9999451637268066,1
Final-NanSET_preprocessed.csv,1331,-1,-1,0,0,Normal,Normal,0.9991758465766907,1
Final-NanSET_preprocessed.csv,1332,-1,-1,0,0,Normal,Normal,0.9999257326126099,1
Final-NanSET_preprocessed.csv,1333,-1,-1,0,0,Normal,Normal,0.9999524354934692,1
Final-NanSET_preprocessed.csv,1334,-1,-1,0,0,Normal,Normal,0.9999457597732544,1
Final-NanSET_preprocessed.csv,1335,-1,-1,0,0,Normal,Normal,0.9999517202377319,1
Final-NanSET_preprocessed.csv,1336,-1,-1,0,0,Normal,Normal,0.9999278783798218,1
Final-NanSET_preprocessed.csv,1337,-1,-1,0,0,Normal,Normal,0.9999366998672485,1
Final-NanSET_preprocessed.csv,1338,-1,-1,0,0,Normal,Normal,0.9999479055404663,1
Final-NanSET_preprocessed.csv,1339,-1,-1,0,0,Normal,Normal,0.9982008934020996,1
Final-NanSET_preprocessed.csv,1340,-1,-1,0,0,Normal,Normal,0.9998910427093506,1
Final-NanSET_preprocessed.csv,1341,-1,-1,0,0,Normal,Normal,0.9980652928352356,1
Final-NanSET_preprocessed.csv,1342,-1,-1,0,0,Normal,Normal,0.9999434947967529,1
Final-NanSET_preprocessed.csv,1343,-1,-1,0,0,Normal,Normal,0.9999483823776245,1
Final-NanSET_preprocessed.csv,1344,-1,-1,0,0,Normal,Normal,0.9999140501022339,1
Final-NanSET_preprocessed.csv,1345,-1,-1,0,0,Normal,Normal,0.9999455213546753,1
Final-NanSET_preprocessed.csv,1346,-1,-1,0,0,Normal,Normal,0.999950647354126,1
Final-NanSET_preprocessed.csv,1347,-1,-1,0,0,Normal,Normal,0.9999467134475708,1
Final-NanSET_preprocessed.csv,1348,-1,-1,0,0,Normal,Normal,0.9999203681945801,1
Final-NanSET_preprocessed.csv,1349,-1,-1,0,0,Normal,Normal,0.9999207258224487,1
Final-NanSET_preprocessed.csv,1350,-1,-1,0,0,Normal,Normal,0.9999151229858398,1
Final-NanSET_preprocessed.csv,1351,-1,-1,0,0,Normal,Normal,0.9999244213104248,1
Final-NanSET_preprocessed.csv,1352,-1,-1,0,0,Normal,Normal,0.9999589920043945,1
Final-NanSET_preprocessed.csv,1353,-1,-1,0,0,Normal,Normal,0.9997914433479309,1
Final-NanSET_preprocessed.csv,1354,-1,-1,0,0,Normal,Normal,0.9999294281005859,1
Final-NanSET_preprocessed.csv,1355,-1,-1,0,0,Normal,Normal,0.998767614364624,1
Final-NanSET_preprocessed.csv,1356,-1,-1,0,0,Normal,Normal,0.999914288520813,1
Final-NanSET_preprocessed.csv,1357,-1,-1,0,0,Normal,Normal,0.9999480247497559,1
Final-NanSET_preprocessed.csv,1358,-1,-1,0,0,Normal,Normal,0.9998127818107605,1
Final-NanSET_preprocessed.csv,1359,-1,-1,0,0,Normal,Normal,0.9999055862426758,1
Final-NanSET_preprocessed.csv,1360,-1,-1,0,0,Normal,Normal,0.999946117401123,1
Final-NanSET_preprocessed.csv,1361,-1,-1,0,0,Normal,Normal,0.9998013377189636,1
Final-NanSET_preprocessed.csv,1362,-1,-1,0,0,Normal,Normal,0.9999390840530396,1
Final-NanSET_preprocessed.csv,1363,-1,-1,0,0,Normal,Normal,0.99994957447052,1
Final-NanSET_preprocessed.csv,1364,-1,-1,0,0,Normal,Normal,0.9999469518661499,1
Final-NanSET_preprocessed.csv,1365,-1,-1,0,0,Normal,Normal,0.9999287128448486,1
Final-NanSET_preprocessed.csv,1366,-1,-1,0,0,Normal,Normal,0.9999375343322754,1
Final-NanSET_preprocessed.csv,1367,-1,-1,0,0,Normal,Normal,0.9954407215118408,1
Final-NanSET_preprocessed.csv,1368,-1,-1,0,0,Normal,Normal,0.9992262125015259,1
Final-NanSET_preprocessed.csv,1369,-1,-1,0,0,Normal,Normal,0.9999171495437622,1
Final-NanSET_preprocessed.csv,1370,-1,-1,0,0,Normal,Normal,0.9964215755462646,1
Final-NanSET_preprocessed.csv,1371,-1,-1,0,0,Normal,Normal,0.9999428987503052,1
Final-NanSET_preprocessed.csv,1372,-1,-1,0,0,Normal,Normal,0.9999207258224487,1
Final-NanSET_preprocessed.csv,1373,-1,-1,0,0,Normal,Normal,0.999717652797699,1
Final-NanSET_preprocessed.csv,1374,-1,-1,0,0,Normal,Normal,0.9999408721923828,1
Final-NanSET_preprocessed.csv,1375,-1,-1,0,0,Normal,Normal,0.9999439716339111,1
Final-NanSET_preprocessed.csv,1376,-1,-1,0,0,Normal,Normal,0.9999508857727051,1
Final-NanSET_preprocessed.csv,1377,-1,-1,0,0,Normal,Normal,0.9998351335525513,1
Final-NanSET_preprocessed.csv,1378,-1,-1,0,0,Normal,Normal,0.9999440908432007,1
Final-NanSET_preprocessed.csv,1379,-1,-1,0,0,Normal,Normal,0.9999493360519409,1
Final-NanSET_preprocessed.csv,1380,-1,-1,0,0,Normal,Normal,0.9999597072601318,1
Final-NanSET_preprocessed.csv,1381,-1,-1,0,0,Normal,Normal,0.9999265670776367,1
Final-NanSET_preprocessed.csv,1382,-1,-1,0,0,Normal,Normal,0.999904990196228,1
Final-NanSET_preprocessed.csv,1383,-1,-1,0,0,Normal,Normal,0.9998753070831299,1
Final-NanSET_preprocessed.csv,1384,-1,-1,0,0,Normal,Normal,0.9999401569366455,1
Final-NanSET_preprocessed.csv,1385,-1,-1,0,0,Normal,Normal,0.9999387264251709,1
Final-NanSET_preprocessed.csv,1386,-1,-1,0,0,Normal,Normal,0.9997797608375549,1
Final-NanSET_preprocessed.csv,1387,-1,-1,0,0,Normal,Normal,0.9999552965164185,1
Final-NanSET_preprocessed.csv,1388,-1,-1,0,0,Normal,Normal,0.9997479319572449,1
Final-NanSET_preprocessed.csv,1389,-1,-1,0,0,Normal,Normal,0.9999163150787354,1
Final-NanSET_preprocessed.csv,1390,-1,-1,0,0,Normal,Normal,0.9999221563339233,1
Final-NanSET_preprocessed.csv,1391,-1,-1,0,0,Normal,Normal,0.9999463558197021,1
Final-NanSET_preprocessed.csv,1392,-1,-1,0,0,Normal,Normal,0.9997815489768982,1
Final-NanSET_preprocessed.csv,1393,-1,-1,0,0,Normal,Normal,0.993061363697052,1
Final-NanSET_preprocessed.csv,1394,-1,-1,0,0,Normal,Normal,0.999927282333374,1
Final-NanSET_preprocessed.csv,1395,-1,-1,0,0,Normal,Normal,0.9999055862426758,1
Final-NanSET_preprocessed.csv,1396,-1,-1,0,0,Normal,Normal,0.9998846054077148,1
Final-NanSET_preprocessed.csv,1397,-1,-1,0,0,Normal,Normal,0.9999548196792603,1
Final-NanSET_preprocessed.csv,1398,-1,-1,0,0,Normal,Normal,0.9999566078186035,1
Final-NanSET_preprocessed.csv,1399,-1,-1,0,0,Normal,Normal,0.9999572038650513,1
Final-NanSET_preprocessed.csv,1400,-1,-1,0,0,Normal,Normal,0.9998893737792969,1
Final-NanSET_preprocessed.csv,1401,-1,-1,0,0,Normal,Normal,0.9999474287033081,1
Final-NanSET_preprocessed.csv,1402,-1,-1,0,0,Normal,Normal,0.999957799911499,1
Final-NanSET_preprocessed.csv,1403,-1,-1,0,0,Normal,Normal,0.9996442794799805,1
Final-NanSET_preprocessed.csv,1404,-1,-1,0,0,Normal,Normal,0.9999426603317261,1
Final-NanSET_preprocessed.csv,1405,-1,-1,0,0,Normal,Normal,0.9998729228973389,1
Final-NanSET_preprocessed.csv,1406,-1,-1,0,0,Normal,Normal,0.9999377727508545,1
Final-NanSET_preprocessed.csv,1407,-1,-1,0,0,Normal,Normal,0.9965173006057739,1
Final-NanSET_preprocessed.csv,1408,-1,-1,0,0,Normal,Normal,0.9992000460624695,1
Final-NanSET_preprocessed.csv,1409,-1,-1,0,0,Normal,Normal,0.9999141693115234,1
Final-NanSET_preprocessed.csv,1410,-1,-1,0,0,Normal,Normal,0.9997259974479675,1
Final-NanSET_preprocessed.csv,1411,-1,-1,0,0,Normal,Normal,0.9999492168426514,1
Final-NanSET_preprocessed.csv,1412,-1,-1,0,0,Normal,Normal,0.9999569654464722,1
Final-NanSET_preprocessed.csv,1413,-1,-1,0,0,Normal,Normal,0.999945878982544,1
Final-NanSET_preprocessed.csv,1414,-1,-1,0,0,Normal,Normal,0.9999266862869263,1
Final-NanSET_preprocessed.csv,1415,-1,-1,0,0,Normal,Normal,0.9999438524246216,1
Final-NanSET_preprocessed.csv,1416,-1,-1,0,0,Normal,Normal,0.9999358654022217,1
Final-NanSET_preprocessed.csv,1417,-1,-1,0,0,Normal,Normal,0.9999465942382812,1
Final-NanSET_preprocessed.csv,1418,-1,-1,0,0,Normal,Normal,0.999947190284729,1
Final-NanSET_preprocessed.csv,1419,-1,-1,0,0,Normal,Normal,0.9999414682388306,1
Final-NanSET_preprocessed.csv,1420,-1,-1,0,0,Normal,Normal,0.9991958737373352,1
Final-NanSET_preprocessed.csv,1421,-1,-1,0,0,Normal,Normal,0.999941349029541,1
Final-NanSET_preprocessed.csv,1422,-1,-1,0,0,Normal,Normal,0.9999346733093262,1
Final-NanSET_preprocessed.csv,1423,-1,-1,0,0,Normal,Normal,0.9997908473014832,1
Final-NanSET_preprocessed.csv,1424,-1,-1,0,0,Normal,Normal,0.9996416568756104,1
Final-NanSET_preprocessed.csv,1425,-1,-1,0,0,Normal,Normal,0.9999414682388306,1
Final-NanSET_preprocessed.csv,1426,-1,-1,0,0,Normal,Normal,0.9999133348464966,1
Final-NanSET_preprocessed.csv,1427,-1,-1,0,0,Normal,Normal,0.9999574422836304,1
Final-NanSET_preprocessed.csv,1428,-1,-1,0,0,Normal,Normal,0.9999512434005737,1
Final-NanSET_preprocessed.csv,1429,-1,-1,0,0,Normal,Normal,0.9999548196792603,1
Final-NanSET_preprocessed.csv,1430,-1,-1,0,0,Normal,Normal,0.9999346733093262,1
Final-NanSET_preprocessed.csv,1431,-1,-1,0,0,Normal,Normal,0.9999483823776245,1
Final-NanSET_preprocessed.csv,1432,-1,-1,0,0,Normal,Normal,0.999924898147583,1
Final-NanSET_preprocessed.csv,1433,-1,-1,0,0,Normal,Normal,0.9999446868896484,1
Final-NanSET_preprocessed.csv,1434,-1,-1,0,0,Normal,Normal,0.9998862743377686,1
Final-NanSET_preprocessed.csv,1435,-1,-1,0,0,Normal,Normal,0.999935507774353,1
Final-NanSET_preprocessed.csv,1436,-1,-1,0,0,Normal,Normal,0.9999347925186157,1
Final-NanSET_preprocessed.csv,1437,-1,-1,0,0,Normal,Normal,0.9999381303787231,1
Final-NanSET_preprocessed.csv,1438,-1,-1,0,0,Normal,Normal,0.9999450445175171,1
Final-NanSET_preprocessed.csv,1439,-1,-1,0,0,Normal,Normal,0.9999420642852783,1
Final-NanSET_preprocessed.csv,1440,-1,-1,0,0,Normal,Normal,0.9998782873153687,1
Final-NanSET_preprocessed.csv,1441,-1,-1,0,0,Normal,Normal,0.9999572038650513,1
Final-NanSET_preprocessed.csv,1442,-1,-1,0,0,Normal,Normal,0.9999492168426514,1
Final-NanSET_preprocessed.csv,1443,-1,-1,0,0,Normal,Normal,0.9999507665634155,1
Final-NanSET_preprocessed.csv,1444,-1,-1,0,0,Normal,Normal,0.9999382495880127,1
Final-NanSET_preprocessed.csv,1445,-1,-1,0,0,Normal,Normal,0.9999351501464844,1
Final-NanSET_preprocessed.csv,1446,-1,-1,0,0,Normal,Normal,0.9999288320541382,1
Final-NanSET_preprocessed.csv,1447,-1,-1,0,0,Normal,Normal,0.9995629191398621,1
Final-NanSET_preprocessed.csv,1448,-1,-1,0,0,Normal,Normal,0.9442580342292786,1
Final-NanSET_preprocessed.csv,1449,-1,-1,0,0,Normal,Normal,0.999955415725708,1
Final-NanSET_preprocessed.csv,1450,-1,-1,0,0,Normal,Normal,0.9999394416809082,1
Final-NanSET_preprocessed.csv,1451,-1,-1,0,0,Normal,Normal,0.9999349117279053,1
Final-NanSET_preprocessed.csv,1452,-1,-1,0,0,Normal,Normal,0.999954104423523,1
Final-NanSET_preprocessed.csv,1453,-1,-1,0,0,Normal,Normal,0.9999488592147827,1
Final-NanSET_preprocessed.csv,1454,-1,-1,0,0,Normal,Normal,0.9986177682876587,1
Final-NanSET_preprocessed.csv,1455,-1,-1,0,0,Normal,Normal,0.9999520778656006,1
Final-NanSET_preprocessed.csv,1456,-1,-1,0,0,Normal,Normal,0.9994000196456909,1
Final-NanSET_preprocessed.csv,1457,-1,-1,0,0,Normal,Normal,0.9999403953552246,1
Final-NanSET_preprocessed.csv,1458,-1,-1,0,0,Normal,Normal,0.9999436140060425,1
Final-NanSET_preprocessed.csv,1459,-1,-1,0,0,Normal,Normal,0.9999592304229736,1
Final-NanSET_preprocessed.csv,1460,-1,-1,0,0,Normal,Normal,0.9998235106468201,1
Final-NanSET_preprocessed.csv,1461,-1,-1,0,0,Normal,Normal,0.9999477863311768,1
Final-NanSET_preprocessed.csv,1462,-1,-1,0,0,Normal,Normal,0.9998565912246704,1
Final-NanSET_preprocessed.csv,1463,-1,-1,0,0,Normal,Normal,0.9985707998275757,1
Final-NanSET_preprocessed.csv,1464,-1,-1,0,0,Normal,Normal,0.9999103546142578,1
Final-NanSET_preprocessed.csv,1465,-1,-1,0,0,Normal,Normal,0.9999402761459351,1
Final-NanSET_preprocessed.csv,1466,-1,-1,0,0,Normal,Normal,0.9998559951782227,1
Final-NanSET_preprocessed.csv,1467,-1,-1,0,0,Normal,Normal,0.9999431371688843,1
Final-NanSET_preprocessed.csv,1468,-1,-1,0,0,Normal,Normal,0.9999213218688965,1
Final-NanSET_preprocessed.csv,1469,-1,-1,0,0,Normal,Normal,0.9999417066574097,1
Final-NanSET_preprocessed.csv,1470,-1,-1,0,0,Normal,Normal,0.999943733215332,1
Final-NanSET_preprocessed.csv,1471,-1,-1,0,0,Normal,Normal,0.9999489784240723,1
Final-NanSET_preprocessed.csv,1472,-1,-1,0,0,Normal,Normal,0.9998811483383179,1
Final-NanSET_preprocessed.csv,1473,-1,-1,0,0,Normal,Normal,0.9997690320014954,1
Final-NanSET_preprocessed.csv,1474,-1,-1,0,0,Normal,Normal,0.9999504089355469,1
Final-NanSET_preprocessed.csv,1475,-1,-1,0,0,Normal,Normal,0.9999082088470459,1
Final-NanSET_preprocessed.csv,1476,-1,-1,0,0,Normal,Normal,0.9998817443847656,1
Final-NanSET_preprocessed.csv,1477,-1,-1,0,0,Normal,Normal,0.9999384880065918,1
Final-NanSET_preprocessed.csv,1478,-1,-1,0,0,Normal,Normal,0.9999262094497681,1
Final-NanSET_preprocessed.csv,1479,-1,-1,0,0,Normal,Normal,0.9999444484710693,1
Final-NanSET_preprocessed.csv,1480,-1,-1,0,0,Normal,Normal,0.9999350309371948,1
Final-NanSET_preprocessed.csv,1481,-1,-1,0,0,Normal,Normal,0.999901533126831,1
Final-NanSET_preprocessed.csv,1482,-1,-1,0,0,Normal,Normal,0.999947190284729,1
Final-NanSET_preprocessed.csv,1483,-1,-1,0,0,Normal,Normal,0.9999402761459351,1
Final-NanSET_preprocessed.csv,1484,-1,-1,0,0,Normal,Normal,0.999961256980896,1
Final-NanSET_preprocessed.csv,1485,-1,-1,0,0,Normal,Normal,0.999947190284729,1
Final-NanSET_preprocessed.csv,1486,-1,-1,0,0,Normal,Normal,0.9999285936355591,1
Final-NanSET_preprocessed.csv,1487,-1,-1,0,0,Normal,Normal,0.99994957447052,1
Final-NanSET_preprocessed.csv,1488,-1,-1,0,0,Normal,Normal,0.9999252557754517,1
Final-NanSET_preprocessed.csv,1489,-1,-1,0,0,Normal,Normal,0.999916672706604,1
Final-NanSET_preprocessed.csv,1490,-1,-1,0,0,Normal,Normal,0.9999207258224487,1
Final-NanSET_preprocessed.csv,1491,-1,-1,0,0,Normal,Normal,0.9999140501022339,1
Final-NanSET_preprocessed.csv,1492,-1,-1,0,0,Normal,Normal,0.999944806098938,1
Final-NanSET_preprocessed.csv,1493,-1,-1,0,0,Normal,Normal,0.9998871088027954,1
Final-NanSET_preprocessed.csv,1494,-1,-1,0,0,Normal,Normal,0.9999397993087769,1
Final-NanSET_preprocessed.csv,1495,-1,-1,0,0,Normal,Normal,0.9999246597290039,1
Final-NanSET_preprocessed.csv,1496,-1,-1,0,0,Normal,Normal,0.9999454021453857,1
Final-NanSET_preprocessed.csv,1497,-1,-1,0,0,Normal,Normal,0.999944806098938,1
Final-NanSET_preprocessed.csv,1498,-1,-1,0,0,Normal,Normal,0.9999449253082275,1
Final-NanSET_preprocessed.csv,1499,-1,-1,0,0,Normal,Normal,0.9999250173568726,1
Final-NanSET_preprocessed.csv,1500,-1,-1,0,0,Normal,Normal,0.9999579191207886,1
Final-NanSET_preprocessed.csv,1501,-1,-1,0,0,Normal,Normal,0.9998712539672852,1
Final-NanSET_preprocessed.csv,1502,-1,-1,0,0,Normal,Normal,0.9998112320899963,1
Final-NanSET_preprocessed.csv,1503,-1,-1,0,0,Normal,Normal,0.9930012226104736,1
Final-NanSET_preprocessed.csv,1504,-1,-1,0,0,Normal,Normal,0.9998804330825806,1
Final-NanSET_preprocessed.csv,1505,-1,-1,0,0,Normal,Normal,0.999934196472168,1
Final-NanSET_preprocessed.csv,1506,-1,-1,0,0,Normal,Normal,0.9999566078186035,1
Final-NanSET_preprocessed.csv,1507,-1,-1,0,0,Normal,Normal,0.9995343685150146,1
Final-NanSET_preprocessed.csv,1508,-1,-1,0,0,Normal,Normal,0.9999122619628906,1
Final-NanSET_preprocessed.csv,1509,-1,-1,0,0,Normal,Normal,0.9998961687088013,1
Final-NanSET_preprocessed.csv,1510,-1,-1,0,0,Normal,Normal,0.9999113082885742,1
Final-NanSET_preprocessed.csv,1511,-1,-1,0,0,Normal,Normal,0.9999206066131592,1
Final-NanSET_preprocessed.csv,1512,-1,-1,0,0,Normal,Normal,0.999942421913147,1
Final-NanSET_preprocessed.csv,1513,-1,-1,0,0,Normal,Normal,0.9996591806411743,1
Final-NanSET_preprocessed.csv,1514,-1,-1,0,0,Normal,Normal,0.999874472618103,1
Final-NanSET_preprocessed.csv,1515,-1,-1,0,0,Normal,Normal,0.9999451637268066,1
Final-NanSET_preprocessed.csv,1516,-1,-1,0,0,Normal,Normal,0.9999350309371948,1
Final-NanSET_preprocessed.csv,1517,-1,-1,0,0,Normal,Normal,0.9999462366104126,1
Final-NanSET_preprocessed.csv,1518,-1,-1,0,0,Normal,Normal,0.9999397993087769,1
Final-NanSET_preprocessed.csv,1519,-1,-1,0,0,Normal,Normal,0.999945878982544,1
Final-NanSET_preprocessed.csv,1520,-1,-1,0,0,Normal,Normal,0.9999431371688843,1
Final-NanSET_preprocessed.csv,1521,-1,-1,0,0,Normal,Normal,0.9999569654464722,1
Final-NanSET_preprocessed.csv,1522,-1,-1,0,0,Normal,Normal,0.9997968077659607,1
Final-NanSET_preprocessed.csv,1523,-1,-1,0,0,Normal,Normal,0.999847412109375,1
Final-NanSET_preprocessed.csv,1524,-1,-1,0,0,Normal,Normal,0.9999498128890991,1
Final-NanSET_preprocessed.csv,1525,-1,-1,0,0,Normal,Normal,0.9999580383300781,1
Final-NanSET_preprocessed.csv,1526,-1,-1,0,0,Normal,Normal,0.9999256134033203,1
Final-NanSET_preprocessed.csv,1527,-1,-1,0,0,Normal,Normal,0.9999475479125977,1
Final-NanSET_preprocessed.csv,1528,-1,-1,0,0,Normal,Normal,0.9999462366104126,1
Final-NanSET_preprocessed.csv,1529,-1,-1,0,0,Normal,Normal,0.9999479055404663,1
Final-NanSET_preprocessed.csv,1530,-1,-1,0,0,Normal,Normal,0.9999499320983887,1
Final-NanSET_preprocessed.csv,1531,-1,-1,0,0,Normal,Normal,0.9955574870109558,1
Final-NanSET_preprocessed.csv,1532,-1,-1,0,0,Normal,Normal,0.9999525547027588,1
Final-NanSET_preprocessed.csv,1533,-1,-1,0,0,Normal,Normal,0.9999538660049438,1
Final-NanSET_preprocessed.csv,1534,-1,-1,0,0,Normal,Normal,0.9959142804145813,1
Final-NanSET_preprocessed.csv,1535,-1,-1,0,0,Normal,Normal,0.9999492168426514,1
Final-NanSET_preprocessed.csv,1536,-1,-1,0,0,Normal,Normal,0.9999138116836548,1
Final-NanSET_preprocessed.csv,1537,-1,-1,0,0,Normal,Normal,0.9999390840530396,1
Final-NanSET_preprocessed.csv,1538,-1,-1,0,0,Normal,Normal,0.999950647354126,1
Final-NanSET_preprocessed.csv,1539,-1,-1,0,0,Normal,Normal,0.9980539083480835,1
Final-NanSET_preprocessed.csv,1540,-1,-1,0,0,Normal,Normal,0.9996155500411987,1
Final-NanSET_preprocessed.csv,1541,-1,-1,0,0,Normal,Normal,0.9999594688415527,1
Final-NanSET_preprocessed.csv,1542,-1,-1,0,0,Normal,Normal,0.9999561309814453,1
Final-NanSET_preprocessed.csv,1543,-1,-1,0,0,Normal,Normal,0.9999274015426636,1
Final-NanSET_preprocessed.csv,1544,-1,-1,0,0,Normal,Normal,0.9998639822006226,1
Final-NanSET_preprocessed.csv,1545,-1,-1,0,0,Normal,Normal,0.99988853931427,1
Final-NanSET_preprocessed.csv,1546,-1,-1,0,0,Normal,Normal,0.9999483823776245,1
Final-NanSET_preprocessed.csv,1547,-1,-1,0,0,Normal,Normal,0.9998347759246826,1
Final-NanSET_preprocessed.csv,1548,-1,-1,0,0,Normal,Normal,0.9997926354408264,1
Final-NanSET_preprocessed.csv,1549,-1,-1,0,0,Normal,Normal,0.9999479055404663,1
Final-NanSET_preprocessed.csv,1550,-1,-1,0,0,Normal,Normal,0.9999178647994995,1
Final-NanSET_preprocessed.csv,1551,-1,-1,0,0,Normal,Normal,0.9997220635414124,1
Final-NanSET_preprocessed.csv,1552,-1,-1,0,0,Normal,Normal,0.9994328618049622,1
Final-NanSET_preprocessed.csv,1553,-1,-1,0,0,Normal,Normal,0.9999469518661499,1
Final-NanSET_preprocessed.csv,1554,-1,-1,0,0,Normal,Normal,0.9999275207519531,1
Final-NanSET_preprocessed.csv,1555,-1,-1,0,0,Normal,Normal,0.9999082088470459,1
Final-NanSET_preprocessed.csv,1556,-1,-1,0,0,Normal,Normal,0.9999463558197021,1
Final-NanSET_preprocessed.csv,1557,-1,-1,0,0,Normal,Normal,0.9916999936103821,1
Final-NanSET_preprocessed.csv,1558,-1,-1,0,0,Normal,Normal,0.9998974800109863,1
Final-NanSET_preprocessed.csv,1559,-1,-1,0,0,Normal,Normal,0.9995236396789551,1
Final-NanSET_preprocessed.csv,1560,-1,-1,0,0,Normal,Normal,0.9999116659164429,1
Final-NanSET_preprocessed.csv,1561,-1,-1,0,0,Normal,Normal,0.9736985564231873,1
Final-NanSET_preprocessed.csv,1562,-1,-1,0,0,Normal,Normal,0.9999344348907471,1
Final-NanSET_preprocessed.csv,1563,-1,-1,0,0,Normal,Normal,0.9999531507492065,1
Final-NanSET_preprocessed.csv,1564,-1,-1,0,0,Normal,Normal,0.999953031539917,1
Final-NanSET_preprocessed.csv,1565,-1,-1,0,0,Normal,Normal,0.9997876286506653,1
Final-NanSET_preprocessed.csv,1566,-1,-1,0,0,Normal,Normal,0.9998680353164673,1
Final-NanSET_preprocessed.csv,1567,-1,-1,0,0,Normal,Normal,0.999947190284729,1
Final-NanSET_preprocessed.csv,1568,-1,-1,0,0,Normal,Normal,0.9999423027038574,1
Final-NanSET_preprocessed.csv,1569,-1,-1,0,0,Normal,Normal,0.9982559084892273,1
Final-NanSET_preprocessed.csv,1570,-1,-1,0,0,Normal,Normal,0.9998233914375305,1
Final-NanSET_preprocessed.csv,1571,-1,-1,0,0,Normal,Normal,0.9999452829360962,1
Final-NanSET_preprocessed.csv,1572,-1,-1,0,0,Normal,Normal,0.999944806098938,1
Final-NanSET_preprocessed.csv,1573,-1,-1,0,0,Normal,Normal,0.9189489483833313,1
Final-NanSET_preprocessed.csv,1574,-1,-1,0,0,Normal,Normal,0.9999369382858276,1
Final-NanSET_preprocessed.csv,1575,-1,-1,0,0,Normal,Normal,0.9999489784240723,1
Final-NanSET_preprocessed.csv,1576,-1,-1,0,0,Normal,Normal,0.9999569654464722,1
Final-NanSET_preprocessed.csv,1577,-1,-1,0,0,Normal,Normal,0.9755069017410278,1
Final-NanSET_preprocessed.csv,1578,-1,-1,0,0,Normal,Normal,0.999953031539917,1
Final-NanSET_preprocessed.csv,1579,-1,-1,0,0,Normal,Normal,0.9999525547027588,1
Final-NanSET_preprocessed.csv,1580,-1,-1,0,0,Normal,Normal,0.999947190284729,1
Final-NanSET_preprocessed.csv,1581,-1,-1,0,0,Normal,Normal,0.999954104423523,1
Final-NanSET_preprocessed.csv,1582,-1,-1,0,0,Normal,Normal,0.9999488592147827,1
Final-NanSET_preprocessed.csv,1583,-1,-1,0,0,Normal,Normal,0.999958872795105,1
Final-NanSET_preprocessed.csv,1584,-1,-1,0,0,Normal,Normal,0.9998981952667236,1
Final-NanSET_preprocessed.csv,1585,-1,-1,0,0,Normal,Normal,0.999901294708252,1
Final-NanSET_preprocessed.csv,1586,-1,-1,0,0,Normal,Normal,0.9999256134033203,1
Final-NanSET_preprocessed.csv,1587,-1,-1,0,0,Normal,Normal,0.99994957447052,1
Final-NanSET_preprocessed.csv,1588,-1,-1,0,0,Normal,Normal,0.9999326467514038,1
Final-NanSET_preprocessed.csv,1589,-1,-1,0,0,Normal,Normal,0.9998979568481445,1
Final-NanSET_preprocessed.csv,1590,-1,-1,0,0,Normal,Normal,0.9998971223831177,1
Final-NanSET_preprocessed.csv,1591,-1,-1,0,0,Normal,Normal,0.999954104423523,1
Final-NanSET_preprocessed.csv,1592,-1,-1,0,0,Normal,Normal,0.9999567270278931,1
Final-NanSET_preprocessed.csv,1593,-1,-1,0,0,Normal,Normal,0.9999384880065918,1
Final-NanSET_preprocessed.csv,1594,-1,-1,0,0,Normal,Normal,0.9999290704727173,1
Final-NanSET_preprocessed.csv,1595,-1,-1,0,0,Normal,Normal,0.999940037727356,1
Final-NanSET_preprocessed.csv,1596,-1,-1,0,0,Normal,Normal,0.999948263168335,1
Final-NanSET_preprocessed.csv,1597,-1,-1,0,0,Normal,Normal,0.9999234676361084,1
Final-NanSET_preprocessed.csv,1598,-1,-1,0,0,Normal,Normal,0.999833345413208,1
Final-NanSET_preprocessed.csv,1599,-1,-1,0,0,Normal,Normal,0.9999517202377319,1
Final-NanSET_preprocessed.csv,1600,-1,-1,0,0,Normal,Normal,0.9997830986976624,1
Final-NanSET_preprocessed.csv,1601,-1,-1,0,0,Normal,Normal,0.9999518394470215,1
Final-NanSET_preprocessed.csv,1602,-1,-1,0,0,Normal,Normal,0.9999321699142456,1
Final-NanSET_preprocessed.csv,1603,-1,-1,0,0,Normal,Normal,0.9691726565361023,1
Final-NanSET_preprocessed.csv,1604,-1,-1,0,0,Normal,Normal,0.9999489784240723,1
Final-NanSET_preprocessed.csv,1605,-1,-1,0,0,Normal,Normal,0.9999303817749023,1
Final-NanSET_preprocessed.csv,1606,-1,-1,0,0,Normal,Normal,0.9999438524246216,1
Final-NanSET_preprocessed.csv,1607,-1,-1,0,0,Normal,Normal,0.999931812286377,1
Final-NanSET_preprocessed.csv,1608,-1,-1,0,0,Normal,Normal,0.9999545812606812,1
Final-NanSET_preprocessed.csv,1609,-1,-1,0,0,Normal,Normal,0.9999480247497559,1
Final-NanSET_preprocessed.csv,1610,-1,-1,0,0,Normal,Normal,0.9999481439590454,1
Final-NanSET_preprocessed.csv,1611,-1,-1,0,0,Normal,Normal,0.9999306201934814,1
Final-NanSET_preprocessed.csv,1612,-1,-1,0,0,Normal,Normal,0.9999111890792847,1
Final-NanSET_preprocessed.csv,1613,-1,-1,0,0,Normal,Normal,0.997566819190979,1
Final-NanSET_preprocessed.csv,1614,-1,-1,0,0,Normal,Normal,0.9999399185180664,1
Final-NanSET_preprocessed.csv,1615,-1,-1,0,0,Normal,Normal,0.9998430013656616,1
Final-NanSET_preprocessed.csv,1616,-1,-1,0,0,Normal,Normal,0.9999258518218994,1
Final-NanSET_preprocessed.csv,1617,-1,-1,0,0,Normal,Normal,0.9999442100524902,1
Final-NanSET_preprocessed.csv,1618,-1,-1,0,0,Normal,Normal,0.9999271631240845,1
Final-NanSET_preprocessed.csv,1619,-1,-1,0,0,Normal,Normal,0.9999316930770874,1
Final-NanSET_preprocessed.csv,1620,-1,-1,0,0,Normal,Normal,0.9998997449874878,1
Final-NanSET_preprocessed.csv,1621,-1,-1,0,0,Normal,Normal,0.999955415725708,1
Final-NanSET_preprocessed.csv,1622,-1,-1,0,0,Normal,Normal,0.9999234676361084,1
Final-NanSET_preprocessed.csv,1623,-1,-1,0,0,Normal,Normal,0.9999470710754395,1
Final-NanSET_preprocessed.csv,1624,-1,-1,0,0,Normal,Normal,0.9999449253082275,1
Final-NanSET_preprocessed.csv,1625,-1,-1,0,0,Normal,Normal,0.9999381303787231,1
Final-NanSET_preprocessed.csv,1626,-1,-1,0,0,Normal,Normal,0.9999582767486572,1
Final-NanSET_preprocessed.csv,1627,-1,-1,0,0,Normal,Normal,0.9999330043792725,1
Final-NanSET_preprocessed.csv,1628,-1,-1,0,0,Normal,Normal,0.999950647354126,1
Final-NanSET_preprocessed.csv,1629,-1,-1,0,0,Normal,Normal,0.9999505281448364,1
Final-NanSET_preprocessed.csv,1630,-1,-1,0,0,Normal,Normal,0.9999456405639648,1
Final-NanSET_preprocessed.csv,1631,-1,-1,0,0,Normal,Normal,0.9999475479125977,1
Final-NanSET_preprocessed.csv,1632,-1,-1,0,0,Normal,Normal,0.9999175071716309,1
Final-NanSET_preprocessed.csv,1633,-1,-1,0,0,Normal,Normal,0.9999393224716187,1
Final-NanSET_preprocessed.csv,1634,-1,-1,0,0,Normal,Normal,0.9999357461929321,1
Final-NanSET_preprocessed.csv,1635,-1,-1,0,0,Normal,Normal,0.9999412298202515,1
Final-NanSET_preprocessed.csv,1636,-1,-1,0,0,Normal,Normal,0.9988710284233093,1
Final-NanSET_preprocessed.csv,1637,-1,-1,0,0,Normal,Normal,0.9999597072601318,1
Final-NanSET_preprocessed.csv,1638,-1,-1,0,0,Normal,Normal,0.999882698059082,1
Final-NanSET_preprocessed.csv,1639,-1,-1,0,0,Normal,Normal,0.9998695850372314,1
Final-NanSET_preprocessed.csv,1640,-1,-1,0,0,Normal,Normal,0.999950647354126,1
Final-NanSET_preprocessed.csv,1641,-1,-1,0,0,Normal,Normal,0.9999423027038574,1
Final-NanSET_preprocessed.csv,1642,-1,-1,0,0,Normal,Normal,0.9999408721923828,1
Final-NanSET_preprocessed.csv,1643,-1,-1,0,0,Normal,Normal,0.9999521970748901,1
Final-NanSET_preprocessed.csv,1644,-1,-1,0,0,Normal,Normal,0.9999171495437622,1
Final-NanSET_preprocessed.csv,1645,-1,-1,0,0,Normal,Normal,0.9998501539230347,1
Final-NanSET_preprocessed.csv,1646,-1,-1,0,0,Normal,Normal,0.9979183077812195,1
Final-NanSET_preprocessed.csv,1647,-1,-1,0,0,Normal,Normal,0.9999340772628784,1
Final-NanSET_preprocessed.csv,1648,-1,-1,0,0,Normal,Normal,0.9999141693115234,1
Final-NanSET_preprocessed.csv,1649,-1,-1,0,0,Normal,Normal,0.9999529123306274,1
Final-NanSET_preprocessed.csv,1650,-1,-1,0,0,Normal,Normal,0.9997603297233582,1
Final-NanSET_preprocessed.csv,1651,-1,-1,0,0,Normal,Normal,0.9999046325683594,1
Final-NanSET_preprocessed.csv,1652,-1,-1,0,0,Normal,Normal,0.9999430179595947,1
Final-NanSET_preprocessed.csv,1653,-1,-1,0,0,Normal,Normal,0.9999395608901978,1
Final-NanSET_preprocessed.csv,1654,-1,-1,0,0,Normal,Normal,0.9999146461486816,1
Final-NanSET_preprocessed.csv,1655,-1,-1,0,0,Normal,Normal,0.9999358654022217,1
Final-NanSET_preprocessed.csv,1656,-1,-1,0,0,Normal,Normal,0.9999363422393799,1
Final-NanSET_preprocessed.csv,1657,-1,-1,0,0,Normal,Normal,0.9999465942382812,1
Final-NanSET_preprocessed.csv,1658,-1,-1,0,0,Normal,Normal,0.999958872795105,1
Final-NanSET_preprocessed.csv,1659,-1,-1,0,0,Normal,Normal,0.999790608882904,1
Final-NanSET_preprocessed.csv,1660,1,-1,1,0,Tag_1,Normal,0.5214435458183289,0
Final-NanSET_preprocessed.csv,1661,1,1,1,1,Tag_1,Tag_1,0.9993199110031128,1
Final-NanSET_preprocessed.csv,1662,1,-1,1,0,Tag_1,Normal,0.9960541725158691,0
Final-NanSET_preprocessed.csv,1663,1,1,1,1,Tag_1,Tag_1,0.9995468258857727,1
Final-NanSET_preprocessed.csv,1664,1,-1,1,0,Tag_1,Normal,0.990446925163269,0
Final-NanSET_preprocessed.csv,1665,1,1,1,1,Tag_1,Tag_1,0.9997054934501648,1
Final-NanSET_preprocessed.csv,1666,1,1,1,1,Tag_1,Tag_1,0.999351441860199,1
Final-NanSET_preprocessed.csv,1667,1,1,1,1,Tag_1,Tag_1,0.9993353486061096,1
Final-NanSET_preprocessed.csv,1668,1,1,1,1,Tag_1,Tag_1,0.9995208978652954,1
Final-NanSET_preprocessed.csv,1669,1,1,1,1,Tag_1,Tag_1,0.9273285865783691,1
Final-NanSET_preprocessed.csv,1670,1,1,1,1,Tag_1,Tag_1,0.9985376596450806,1
Final-NanSET_preprocessed.csv,1671,1,-1,1,0,Tag_1,Normal,0.9987064599990845,0
Final-NanSET_preprocessed.csv,1672,1,1,1,1,Tag_1,Tag_1,0.9961007833480835,1
Final-NanSET_preprocessed.csv,1673,1,1,1,1,Tag_1,Tag_1,0.998702883720398,1
Final-NanSET_preprocessed.csv,1674,1,1,1,1,Tag_1,Tag_1,0.9997785687446594,1
Final-NanSET_preprocessed.csv,1675,1,1,1,1,Tag_1,Tag_1,0.9961740374565125,1
Final-NanSET_preprocessed.csv,1676,1,1,1,1,Tag_1,Tag_1,0.9969789981842041,1
Final-NanSET_preprocessed.csv,1677,1,1,1,1,Tag_1,Tag_1,0.9130865931510925,1
Final-NanSET_preprocessed.csv,1678,1,1,1,1,Tag_1,Tag_1,0.999052107334137,1
Final-NanSET_preprocessed.csv,1679,1,1,1,1,Tag_1,Tag_1,0.9993089437484741,1
Final-NanSET_preprocessed.csv,1680,2,2,2,2,Tag_2,Tag_2,0.9983933568000793,1
Final-NanSET_preprocessed.csv,1681,2,-1,2,0,Tag_2,Normal,0.9993707537651062,0
Final-NanSET_preprocessed.csv,1682,2,2,2,2,Tag_2,Tag_2,0.9984731078147888,1
Final-NanSET_preprocessed.csv,1683,2,2,2,2,Tag_2,Tag_2,0.9983199238777161,1
Final-NanSET_preprocessed.csv,1684,2,2,2,2,Tag_2,Tag_2,0.9983437061309814,1
Final-NanSET_preprocessed.csv,1685,2,2,2,2,Tag_2,Tag_2,0.9978373646736145,1
Final-NanSET_preprocessed.csv,1686,2,2,2,2,Tag_2,Tag_2,0.9980712532997131,1
Final-NanSET_preprocessed.csv,1687,2,-1,2,0,Tag_2,Normal,0.9998152852058411,0
Final-NanSET_preprocessed.csv,1688,2,-1,2,0,Tag_2,Normal,0.9999415874481201,0
Final-NanSET_preprocessed.csv,1689,2,2,2,2,Tag_2,Tag_2,0.9982494115829468,1
Final-NanSET_preprocessed.csv,1690,2,2,2,2,Tag_2,Tag_2,0.9972524046897888,1
Final-NanSET_preprocessed.csv,1691,2,2,2,2,Tag_2,Tag_2,0.9972199201583862,1
Final-NanSET_preprocessed.csv,1692,2,2,2,2,Tag_2,Tag_2,0.9980886578559875,1
Final-NanSET_preprocessed.csv,1693,2,2,2,2,Tag_2,Tag_2,0.9978345036506653,1
Final-NanSET_preprocessed.csv,1694,2,2,2,2,Tag_2,Tag_2,0.9983144998550415,1
Final-NanSET_preprocessed.csv,1695,2,-1,2,0,Tag_2,Normal,0.9998959302902222,0
Final-NanSET_preprocessed.csv,1696,2,2,2,2,Tag_2,Tag_2,0.9975589513778687,1
Final-NanSET_preprocessed.csv,1697,2,2,2,2,Tag_2,Tag_2,0.9975190162658691,1
Final-NanSET_preprocessed.csv,1698,2,2,2,2,Tag_2,Tag_2,0.9984689354896545,1
Final-NanSET_preprocessed.csv,1699,2,2,2,2,Tag_2,Tag_2,0.9981986880302429,1
Final-NanSET_preprocessed.csv,1700,3,22,3,21,Tag_3,Tag_22,0.8826296925544739,0
Final-NanSET_preprocessed.csv,1701,3,22,3,21,Tag_3,Tag_22,0.8650497198104858,0
Final-NanSET_preprocessed.csv,1702,3,22,3,21,Tag_3,Tag_22,0.9820351600646973,0
Final-NanSET_preprocessed.csv,1703,3,3,3,3,Tag_3,Tag_3,0.9999314546585083,1
Final-NanSET_preprocessed.csv,1704,3,22,3,21,Tag_3,Tag_22,0.8824334144592285,0
Final-NanSET_preprocessed.csv,1705,3,22,3,21,Tag_3,Tag_22,0.9581804275512695,0
Final-NanSET_preprocessed.csv,1706,3,22,3,21,Tag_3,Tag_22,0.9582133889198303,0
Final-NanSET_preprocessed.csv,1707,3,3,3,3,Tag_3,Tag_3,0.7233754396438599,1
Final-NanSET_preprocessed.csv,1708,3,3,3,3,Tag_3,Tag_3,0.9997047781944275,1
Final-NanSET_preprocessed.csv,1709,3,22,3,21,Tag_3,Tag_22,0.8916240930557251,0
Final-NanSET_preprocessed.csv,1710,3,22,3,21,Tag_3,Tag_22,0.8944371938705444,0
Final-NanSET_preprocessed.csv,1711,3,-1,3,0,Tag_3,Normal,0.8688187003135681,0
Final-NanSET_preprocessed.csv,1712,3,22,3,21,Tag_3,Tag_22,0.7665835618972778,0
Final-NanSET_preprocessed.csv,1713,3,22,3,21,Tag_3,Tag_22,0.7508917450904846,0
Final-NanSET_preprocessed.csv,1714,3,22,3,21,Tag_3,Tag_22,0.6417847275733948,0
Final-NanSET_preprocessed.csv,1715,3,22,3,21,Tag_3,Tag_22,0.8615936040878296,0
Final-NanSET_preprocessed.csv,1716,3,3,3,3,Tag_3,Tag_3,0.8605787754058838,1
Final-NanSET_preprocessed.csv,1717,3,22,3,21,Tag_3,Tag_22,0.6542795300483704,0
Final-NanSET_preprocessed.csv,1718,3,22,3,21,Tag_3,Tag_22,0.6422141194343567,0
Final-NanSET_preprocessed.csv,1719,3,-1,3,0,Tag_3,Normal,0.8056069612503052,0
Final-NanSET_preprocessed.csv,1720,4,4,4,4,Tag_4,Tag_4,0.9999823570251465,1
Final-NanSET_preprocessed.csv,1721,4,4,4,4,Tag_4,Tag_4,0.9998432397842407,1
Final-NanSET_preprocessed.csv,1722,4,4,4,4,Tag_4,Tag_4,0.9999916553497314,1
Final-NanSET_preprocessed.csv,1723,4,4,4,4,Tag_4,Tag_4,0.9999915361404419,1
Final-NanSET_preprocessed.csv,1724,4,4,4,4,Tag_4,Tag_4,0.999994158744812,1
Final-NanSET_preprocessed.csv,1725,4,4,4,4,Tag_4,Tag_4,0.999991774559021,1
Final-NanSET_preprocessed.csv,1726,4,4,4,4,Tag_4,Tag_4,0.9999903440475464,1
Final-NanSET_preprocessed.csv,1727,4,4,4,4,Tag_4,Tag_4,0.9999902248382568,1
Final-NanSET_preprocessed.csv,1728,4,4,4,4,Tag_4,Tag_4,0.9999908208847046,1
Final-NanSET_preprocessed.csv,1729,4,4,4,4,Tag_4,Tag_4,0.9998195767402649,1
Final-NanSET_preprocessed.csv,1730,4,4,4,4,Tag_4,Tag_4,0.999947190284729,1
Final-NanSET_preprocessed.csv,1731,4,4,4,4,Tag_4,Tag_4,0.9995465874671936,1
Final-NanSET_preprocessed.csv,1732,4,4,4,4,Tag_4,Tag_4,0.9999934434890747,1
Final-NanSET_preprocessed.csv,1733,4,4,4,4,Tag_4,Tag_4,0.9999932050704956,1
Final-NanSET_preprocessed.csv,1734,4,4,4,4,Tag_4,Tag_4,0.999994158744812,1
Final-NanSET_preprocessed.csv,1735,4,4,4,4,Tag_4,Tag_4,0.9999932050704956,1
Final-NanSET_preprocessed.csv,1736,4,4,4,4,Tag_4,Tag_4,0.9999915361404419,1
Final-NanSET_preprocessed.csv,1737,4,4,4,4,Tag_4,Tag_4,0.9999843835830688,1
Final-NanSET_preprocessed.csv,1738,4,4,4,4,Tag_4,Tag_4,0.9999852180480957,1
Final-NanSET_preprocessed.csv,1739,4,4,4,4,Tag_4,Tag_4,0.9998431205749512,1
Final-NanSET_preprocessed.csv,1740,4,4,4,4,Tag_4,Tag_4,0.9995348453521729,1
Final-NanSET_preprocessed.csv,1741,4,4,4,4,Tag_4,Tag_4,0.6602624654769897,1
Final-NanSET_preprocessed.csv,1742,4,4,4,4,Tag_4,Tag_4,0.9999691247940063,1
Final-NanSET_preprocessed.csv,1743,4,4,4,4,Tag_4,Tag_4,0.9999837875366211,1
Final-NanSET_preprocessed.csv,1744,4,4,4,4,Tag_4,Tag_4,0.9999628067016602,1
Final-NanSET_preprocessed.csv,1745,4,4,4,4,Tag_4,Tag_4,0.9999737739562988,1
Final-NanSET_preprocessed.csv,1746,4,4,4,4,Tag_4,Tag_4,0.9999924898147583,1
Final-NanSET_preprocessed.csv,1747,4,4,4,4,Tag_4,Tag_4,0.9984191656112671,1
Final-NanSET_preprocessed.csv,1748,4,4,4,4,Tag_4,Tag_4,0.9998217225074768,1
Final-NanSET_preprocessed.csv,1749,4,2,4,2,Tag_4,Tag_2,0.9823280572891235,0
Final-NanSET_preprocessed.csv,1750,4,4,4,4,Tag_4,Tag_4,0.9999725818634033,1
Final-NanSET_preprocessed.csv,1751,4,4,4,4,Tag_4,Tag_4,0.9999728202819824,1
Final-NanSET_preprocessed.csv,1752,4,4,4,4,Tag_4,Tag_4,0.9999643564224243,1
Final-NanSET_preprocessed.csv,1753,4,4,4,4,Tag_4,Tag_4,0.9979633092880249,1
Final-NanSET_preprocessed.csv,1754,4,4,4,4,Tag_4,Tag_4,0.9664835929870605,1
Final-NanSET_preprocessed.csv,1755,4,4,4,4,Tag_4,Tag_4,0.999281108379364,1
Final-NanSET_preprocessed.csv,1756,4,-1,4,0,Tag_4,Normal,0.9251111149787903,0
Final-NanSET_preprocessed.csv,1757,4,4,4,4,Tag_4,Tag_4,0.9999874830245972,1
Final-NanSET_preprocessed.csv,1758,4,4,4,4,Tag_4,Tag_4,0.5504180192947388,1
Final-NanSET_preprocessed.csv,1759,4,4,4,4,Tag_4,Tag_4,0.9948065876960754,1
Final-NanSET_preprocessed.csv,1760,4,4,4,4,Tag_4,Tag_4,0.9999804496765137,1
Final-NanSET_preprocessed.csv,1761,4,2,4,2,Tag_4,Tag_2,0.8395942449569702,0
Final-NanSET_preprocessed.csv,1762,4,4,4,4,Tag_4,Tag_4,0.9999817609786987,1
Final-NanSET_preprocessed.csv,1763,4,4,4,4,Tag_4,Tag_4,0.9999934434890747,1
Final-NanSET_preprocessed.csv,1764,4,4,4,4,Tag_4,Tag_4,0.466401606798172,1
Final-NanSET_preprocessed.csv,1765,4,8,4,7,Tag_4,Tag_8,0.997999370098114,0
Final-NanSET_preprocessed.csv,1766,4,2,4,2,Tag_4,Tag_2,0.36501964926719666,0
Final-NanSET_preprocessed.csv,1767,4,2,4,2,Tag_4,Tag_2,0.8210958242416382,0
Final-NanSET_preprocessed.csv,1768,4,-1,4,0,Tag_4,Normal,0.9982553124427795,0
Final-NanSET_preprocessed.csv,1769,4,2,4,2,Tag_4,Tag_2,0.8568412065505981,0
Final-NanSET_preprocessed.csv,1770,4,4,4,4,Tag_4,Tag_4,0.984120786190033,1
Final-NanSET_preprocessed.csv,1771,4,4,4,4,Tag_4,Tag_4,0.9848985075950623,1
Final-NanSET_preprocessed.csv,1772,4,4,4,4,Tag_4,Tag_4,0.9186062216758728,1
Final-NanSET_preprocessed.csv,1773,4,4,4,4,Tag_4,Tag_4,0.9996808767318726,1
Final-NanSET_preprocessed.csv,1774,4,2,4,2,Tag_4,Tag_2,0.9223287105560303,0
Final-NanSET_preprocessed.csv,1775,4,2,4,2,Tag_4,Tag_2,0.9254056811332703,0
Final-NanSET_preprocessed.csv,1776,4,4,4,4,Tag_4,Tag_4,0.6522898077964783,1
Final-NanSET_preprocessed.csv,1777,4,2,4,2,Tag_4,Tag_2,0.8507575988769531,0
Final-NanSET_preprocessed.csv,1778,4,4,4,4,Tag_4,Tag_4,0.9999920129776001,1
Final-NanSET_preprocessed.csv,1779,4,4,4,4,Tag_4,Tag_4,0.8488621711730957,1
Final-NanSET_preprocessed.csv,1780,4,4,4,4,Tag_4,Tag_4,0.9999895095825195,1
Final-NanSET_preprocessed.csv,1781,4,2,4,2,Tag_4,Tag_2,0.4530011713504791,0
Final-NanSET_preprocessed.csv,1782,4,8,4,7,Tag_4,Tag_8,0.7809090614318848,0
Final-NanSET_preprocessed.csv,1783,4,4,4,4,Tag_4,Tag_4,0.9999904632568359,1
Final-NanSET_preprocessed.csv,1784,4,4,4,4,Tag_4,Tag_4,0.9990540146827698,1
Final-NanSET_preprocessed.csv,1785,4,4,4,4,Tag_4,Tag_4,0.9880132675170898,1
Final-NanSET_preprocessed.csv,1786,4,4,4,4,Tag_4,Tag_4,0.9981027245521545,1
Final-NanSET_preprocessed.csv,1787,4,4,4,4,Tag_4,Tag_4,0.9817849397659302,1
Final-NanSET_preprocessed.csv,1788,4,4,4,4,Tag_4,Tag_4,0.9999932050704956,1
Final-NanSET_preprocessed.csv,1789,4,4,4,4,Tag_4,Tag_4,0.8563063144683838,1
Final-NanSET_preprocessed.csv,1790,4,4,4,4,Tag_4,Tag_4,0.9834149479866028,1
Final-NanSET_preprocessed.csv,1791,4,4,4,4,Tag_4,Tag_4,0.9999880790710449,1
Final-NanSET_preprocessed.csv,1792,4,4,4,4,Tag_4,Tag_4,0.9999936819076538,1
Final-NanSET_preprocessed.csv,1793,4,4,4,4,Tag_4,Tag_4,0.9999887943267822,1
Final-NanSET_preprocessed.csv,1794,4,4,4,4,Tag_4,Tag_4,0.9762641191482544,1
Final-NanSET_preprocessed.csv,1795,4,4,4,4,Tag_4,Tag_4,0.9796596169471741,1
Final-NanSET_preprocessed.csv,1796,4,4,4,4,Tag_4,Tag_4,0.6740314364433289,1
Final-NanSET_preprocessed.csv,1797,4,2,4,2,Tag_4,Tag_2,0.7847800254821777,0
Final-NanSET_preprocessed.csv,1798,4,4,4,4,Tag_4,Tag_4,0.9996004700660706,1
Final-NanSET_preprocessed.csv,1799,4,2,4,2,Tag_4,Tag_2,0.6930153965950012,0
Final-NanSET_preprocessed.csv,1800,4,4,4,4,Tag_4,Tag_4,0.9998028874397278,1
Final-NanSET_preprocessed.csv,1801,4,4,4,4,Tag_4,Tag_4,0.9998693466186523,1
Final-NanSET_preprocessed.csv,1802,4,4,4,4,Tag_4,Tag_4,0.9997987151145935,1
Final-NanSET_preprocessed.csv,1803,4,4,4,4,Tag_4,Tag_4,0.9036718606948853,1
Final-NanSET_preprocessed.csv,1804,4,4,4,4,Tag_4,Tag_4,0.9999896287918091,1
Final-NanSET_preprocessed.csv,1805,4,4,4,4,Tag_4,Tag_4,0.4279537796974182,1
Final-NanSET_preprocessed.csv,1806,4,4,4,4,Tag_4,Tag_4,0.8826984167098999,1
Final-NanSET_preprocessed.csv,1807,4,4,4,4,Tag_4,Tag_4,0.9817995429039001,1
Final-NanSET_preprocessed.csv,1808,4,4,4,4,Tag_4,Tag_4,0.9995427131652832,1
Final-NanSET_preprocessed.csv,1809,4,2,4,2,Tag_4,Tag_2,0.77565598487854,0
Final-NanSET_preprocessed.csv,1810,4,4,4,4,Tag_4,Tag_4,0.999992847442627,1
Final-NanSET_preprocessed.csv,1811,4,2,4,2,Tag_4,Tag_2,0.9878354668617249,0
Final-NanSET_preprocessed.csv,1812,4,4,4,4,Tag_4,Tag_4,0.9997878670692444,1
Final-NanSET_preprocessed.csv,1813,4,4,4,4,Tag_4,Tag_4,0.9999797344207764,1
Final-NanSET_preprocessed.csv,1814,4,8,4,7,Tag_4,Tag_8,0.947479784488678,0
Final-NanSET_preprocessed.csv,1815,4,2,4,2,Tag_4,Tag_2,0.7541065216064453,0
Final-NanSET_preprocessed.csv,1816,4,4,4,4,Tag_4,Tag_4,0.9999895095825195,1
Final-NanSET_preprocessed.csv,1817,4,4,4,4,Tag_4,Tag_4,0.9999837875366211,1
Final-NanSET_preprocessed.csv,1818,4,4,4,4,Tag_4,Tag_4,0.9994990825653076,1
Final-NanSET_preprocessed.csv,1819,4,-1,4,0,Tag_4,Normal,0.9068688154220581,0
Final-NanSET_preprocessed.csv,1820,4,13,4,12,Tag_4,Tag_13,0.9996535778045654,0
Final-NanSET_preprocessed.csv,1821,4,4,4,4,Tag_4,Tag_4,0.9999208450317383,1
Final-NanSET_preprocessed.csv,1822,4,2,4,2,Tag_4,Tag_2,0.9934133887290955,0
Final-NanSET_preprocessed.csv,1823,4,13,4,12,Tag_4,Tag_13,0.6227570176124573,0
Final-NanSET_preprocessed.csv,1824,4,2,4,2,Tag_4,Tag_2,0.5190411806106567,0
Final-NanSET_preprocessed.csv,1825,4,-1,4,0,Tag_4,Normal,0.9108273386955261,0
Final-NanSET_preprocessed.csv,1826,4,4,4,4,Tag_4,Tag_4,0.9999849796295166,1
Final-NanSET_preprocessed.csv,1827,4,4,4,4,Tag_4,Tag_4,0.9999715089797974,1
Final-NanSET_preprocessed.csv,1828,4,13,4,12,Tag_4,Tag_13,0.999691367149353,0
Final-NanSET_preprocessed.csv,1829,4,4,4,4,Tag_4,Tag_4,0.9999433755874634,1
Final-NanSET_preprocessed.csv,1830,4,13,4,12,Tag_4,Tag_13,0.9992110729217529,0
Final-NanSET_preprocessed.csv,1831,4,4,4,4,Tag_4,Tag_4,0.9999508857727051,1
Final-NanSET_preprocessed.csv,1832,4,4,4,4,Tag_4,Tag_4,0.9999566078186035,1
Final-NanSET_preprocessed.csv,1833,4,4,4,4,Tag_4,Tag_4,0.9997052550315857,1
Final-NanSET_preprocessed.csv,1834,4,4,4,4,Tag_4,Tag_4,0.9999769926071167,1
Final-NanSET_preprocessed.csv,1835,4,13,4,12,Tag_4,Tag_13,0.9995730519294739,0
Final-NanSET_preprocessed.csv,1836,4,8,4,7,Tag_4,Tag_8,0.46545350551605225,0
Final-NanSET_preprocessed.csv,1837,4,4,4,4,Tag_4,Tag_4,0.5853271484375,1
Final-NanSET_preprocessed.csv,1838,4,13,4,12,Tag_4,Tag_13,0.999118983745575,0
Final-NanSET_preprocessed.csv,1839,4,4,4,4,Tag_4,Tag_4,0.9999159574508667,1
Final-NanSET_preprocessed.csv,1840,4,4,4,4,Tag_4,Tag_4,0.999915361404419,1
Final-NanSET_preprocessed.csv,1841,4,4,4,4,Tag_4,Tag_4,0.9996640682220459,1
Final-NanSET_preprocessed.csv,1842,4,4,4,4,Tag_4,Tag_4,0.9999895095825195,1
Final-NanSET_preprocessed.csv,1843,4,4,4,4,Tag_4,Tag_4,0.997988224029541,1
Final-NanSET_preprocessed.csv,1844,4,4,4,4,Tag_4,Tag_4,0.9999600648880005,1
Final-NanSET_preprocessed.csv,1845,4,2,4,2,Tag_4,Tag_2,0.7916288375854492,0
Final-NanSET_preprocessed.csv,1846,4,13,4,12,Tag_4,Tag_13,0.42587023973464966,0
Final-NanSET_preprocessed.csv,1847,4,4,4,4,Tag_4,Tag_4,0.9999841451644897,1
Final-NanSET_preprocessed.csv,1848,4,2,4,2,Tag_4,Tag_2,0.8396817445755005,0
Final-NanSET_preprocessed.csv,1849,4,4,4,4,Tag_4,Tag_4,0.9926982522010803,1
Final-NanSET_preprocessed.csv,1850,4,2,4,2,Tag_4,Tag_2,0.879220187664032,0
Final-NanSET_preprocessed.csv,1851,4,4,4,4,Tag_4,Tag_4,0.9999923706054688,1
Final-NanSET_preprocessed.csv,1852,4,4,4,4,Tag_4,Tag_4,0.9999964237213135,1
Final-NanSET_preprocessed.csv,1853,4,4,4,4,Tag_4,Tag_4,0.9999898672103882,1
Final-NanSET_preprocessed.csv,1854,4,-1,4,0,Tag_4,Normal,0.8378005027770996,0
Final-NanSET_preprocessed.csv,1855,4,-1,4,0,Tag_4,Normal,0.9976668357849121,0
Final-NanSET_preprocessed.csv,1856,4,4,4,4,Tag_4,Tag_4,0.9999980926513672,1
Final-NanSET_preprocessed.csv,1857,4,4,4,4,Tag_4,Tag_4,0.9998377561569214,1
Final-NanSET_preprocessed.csv,1858,4,4,4,4,Tag_4,Tag_4,0.999990701675415,1
Final-NanSET_preprocessed.csv,1859,4,12,4,11,Tag_4,Tag_12,0.3609524965286255,0
Final-NanSET_preprocessed.csv,1860,4,-1,4,0,Tag_4,Normal,0.9989660978317261,0
Final-NanSET_preprocessed.csv,1861,4,13,4,12,Tag_4,Tag_13,0.6225986480712891,0
Final-NanSET_preprocessed.csv,1862,4,4,4,4,Tag_4,Tag_4,0.9999271631240845,1
Final-NanSET_preprocessed.csv,1863,4,2,4,2,Tag_4,Tag_2,0.9604472517967224,0
Final-NanSET_preprocessed.csv,1864,4,4,4,4,Tag_4,Tag_4,0.9999898672103882,1
Final-NanSET_preprocessed.csv,1865,4,4,4,4,Tag_4,Tag_4,0.9999674558639526,1
Final-NanSET_preprocessed.csv,1866,4,2,4,2,Tag_4,Tag_2,0.8889705538749695,0
Final-NanSET_preprocessed.csv,1867,4,13,4,12,Tag_4,Tag_13,0.46946293115615845,0
Final-NanSET_preprocessed.csv,1868,4,4,4,4,Tag_4,Tag_4,0.9999874830245972,1
Final-NanSET_preprocessed.csv,1869,4,4,4,4,Tag_4,Tag_4,0.9999988079071045,1
Final-NanSET_preprocessed.csv,1870,4,4,4,4,Tag_4,Tag_4,0.9999547004699707,1
Final-NanSET_preprocessed.csv,1871,4,4,4,4,Tag_4,Tag_4,0.9998225569725037,1
Final-NanSET_preprocessed.csv,1872,4,4,4,4,Tag_4,Tag_4,0.9999966621398926,1
Final-NanSET_preprocessed.csv,1873,4,4,4,4,Tag_4,Tag_4,0.9999895095825195,1
Final-NanSET_preprocessed.csv,1874,4,4,4,4,Tag_4,Tag_4,0.9999167919158936,1
Final-NanSET_preprocessed.csv,1875,4,4,4,4,Tag_4,Tag_4,0.9999901056289673,1
Final-NanSET_preprocessed.csv,1876,4,21,4,20,Tag_4,Tag_21,0.9833171963691711,0
Final-NanSET_preprocessed.csv,1877,4,2,4,2,Tag_4,Tag_2,0.9921669960021973,0
Final-NanSET_preprocessed.csv,1878,4,4,4,4,Tag_4,Tag_4,0.9999587535858154,1
Final-NanSET_preprocessed.csv,1879,4,4,4,4,Tag_4,Tag_4,0.9531400203704834,1
Final-NanSET_preprocessed.csv,1880,4,4,4,4,Tag_4,Tag_4,0.9999889135360718,1
Final-NanSET_preprocessed.csv,1881,4,12,4,11,Tag_4,Tag_12,0.43834295868873596,0
Final-NanSET_preprocessed.csv,1882,4,25,4,24,Tag_4,Tag_25,0.6211008429527283,0
Final-NanSET_preprocessed.csv,1883,4,4,4,4,Tag_4,Tag_4,0.9999666213989258,1
Final-NanSET_preprocessed.csv,1884,4,4,4,4,Tag_4,Tag_4,0.9999380111694336,1
Final-NanSET_preprocessed.csv,1885,4,4,4,4,Tag_4,Tag_4,0.9984799027442932,1
Final-NanSET_preprocessed.csv,1886,4,21,4,20,Tag_4,Tag_21,0.9790602922439575,0
Final-NanSET_preprocessed.csv,1887,4,4,4,4,Tag_4,Tag_4,0.9999730587005615,1
Final-NanSET_preprocessed.csv,1888,4,21,4,20,Tag_4,Tag_21,0.7646973133087158,0
Final-NanSET_preprocessed.csv,1889,4,4,4,4,Tag_4,Tag_4,0.9999710321426392,1
Final-NanSET_preprocessed.csv,1890,4,4,4,4,Tag_4,Tag_4,0.8834725618362427,1
Final-NanSET_preprocessed.csv,1891,4,4,4,4,Tag_4,Tag_4,0.9996497631072998,1
Final-NanSET_preprocessed.csv,1892,4,21,4,20,Tag_4,Tag_21,0.7712514400482178,0
Final-NanSET_preprocessed.csv,1893,4,13,4,12,Tag_4,Tag_13,0.8829252123832703,0
Final-NanSET_preprocessed.csv,1894,4,-1,4,0,Tag_4,Normal,0.9962233304977417,0
Final-NanSET_preprocessed.csv,1895,4,2,4,2,Tag_4,Tag_2,0.9523729681968689,0
Final-NanSET_preprocessed.csv,1896,4,4,4,4,Tag_4,Tag_4,0.9999914169311523,1
Final-NanSET_preprocessed.csv,1897,4,4,4,4,Tag_4,Tag_4,0.999956488609314,1
Final-NanSET_preprocessed.csv,1898,4,4,4,4,Tag_4,Tag_4,0.9999966621398926,1
Final-NanSET_preprocessed.csv,1899,4,4,4,4,Tag_4,Tag_4,0.9999905824661255,1
Final-NanSET_preprocessed.csv,1900,4,4,4,4,Tag_4,Tag_4,0.9995129108428955,1
Final-NanSET_preprocessed.csv,1901,4,4,4,4,Tag_4,Tag_4,0.9896388053894043,1
Final-NanSET_preprocessed.csv,1902,4,12,4,11,Tag_4,Tag_12,0.9661973118782043,0
Final-NanSET_preprocessed.csv,1903,4,4,4,4,Tag_4,Tag_4,0.9999176263809204,1
Final-NanSET_preprocessed.csv,1904,4,4,4,4,Tag_4,Tag_4,0.9719488024711609,1
Final-NanSET_preprocessed.csv,1905,4,4,4,4,Tag_4,Tag_4,0.9999933242797852,1
Final-NanSET_preprocessed.csv,1906,4,4,4,4,Tag_4,Tag_4,0.9999281167984009,1
Final-NanSET_preprocessed.csv,1907,4,4,4,4,Tag_4,Tag_4,0.9990966320037842,1
Final-NanSET_preprocessed.csv,1908,4,4,4,4,Tag_4,Tag_4,0.9999480247497559,1
Final-NanSET_preprocessed.csv,1909,4,4,4,4,Tag_4,Tag_4,0.9995967745780945,1
Final-NanSET_preprocessed.csv,1910,4,4,4,4,Tag_4,Tag_4,0.9316062927246094,1
Final-NanSET_preprocessed.csv,1911,4,4,4,4,Tag_4,Tag_4,0.9269164800643921,1
Final-NanSET_preprocessed.csv,1912,4,4,4,4,Tag_4,Tag_4,0.9999212026596069,1
Final-NanSET_preprocessed.csv,1913,4,4,4,4,Tag_4,Tag_4,0.9617759585380554,1
Final-NanSET_preprocessed.csv,1914,4,4,4,4,Tag_4,Tag_4,0.9997380375862122,1
Final-NanSET_preprocessed.csv,1915,4,8,4,7,Tag_4,Tag_8,0.3748798370361328,0
Final-NanSET_preprocessed.csv,1916,4,4,4,4,Tag_4,Tag_4,0.8590967655181885,1
Final-NanSET_preprocessed.csv,1917,4,4,4,4,Tag_4,Tag_4,0.9999735355377197,1
Final-NanSET_preprocessed.csv,1918,4,21,4,20,Tag_4,Tag_21,0.8092585802078247,0
Final-NanSET_preprocessed.csv,1919,4,4,4,4,Tag_4,Tag_4,0.9998268485069275,1
Final-NanSET_preprocessed.csv,1920,5,-1,5,0,Tag_5,Normal,0.9999009370803833,0
Final-NanSET_preprocessed.csv,1921,5,5,5,5,Tag_5,Tag_5,0.9999057054519653,1
Final-NanSET_preprocessed.csv,1922,5,5,5,5,Tag_5,Tag_5,0.999906063079834,1
Final-NanSET_preprocessed.csv,1923,5,5,5,5,Tag_5,Tag_5,0.9999017715454102,1
Final-NanSET_preprocessed.csv,1924,5,5,5,5,Tag_5,Tag_5,0.9999098777770996,1
Final-NanSET_preprocessed.csv,1925,5,5,5,5,Tag_5,Tag_5,0.9998964071273804,1
Final-NanSET_preprocessed.csv,1926,5,5,5,5,Tag_5,Tag_5,0.9999146461486816,1
Final-NanSET_preprocessed.csv,1927,5,5,5,5,Tag_5,Tag_5,0.9998756647109985,1
Final-NanSET_preprocessed.csv,1928,5,5,5,5,Tag_5,Tag_5,0.9998888969421387,1
Final-NanSET_preprocessed.csv,1929,5,-1,5,0,Tag_5,Normal,0.9999171495437622,0
Final-NanSET_preprocessed.csv,1930,5,5,5,5,Tag_5,Tag_5,0.9999189376831055,1
Final-NanSET_preprocessed.csv,1931,5,5,5,5,Tag_5,Tag_5,0.9998911619186401,1
Final-NanSET_preprocessed.csv,1932,5,-1,5,0,Tag_5,Normal,0.9997830986976624,0
Final-NanSET_preprocessed.csv,1933,5,5,5,5,Tag_5,Tag_5,0.9999085664749146,1
Final-NanSET_preprocessed.csv,1934,5,5,5,5,Tag_5,Tag_5,0.9999152421951294,1
Final-NanSET_preprocessed.csv,1935,5,-1,5,0,Tag_5,Normal,0.9997918009757996,0
Final-NanSET_preprocessed.csv,1936,5,-1,5,0,Tag_5,Normal,0.9998437166213989,0
Final-NanSET_preprocessed.csv,1937,5,5,5,5,Tag_5,Tag_5,0.9999059438705444,1
Final-NanSET_preprocessed.csv,1938,5,5,5,5,Tag_5,Tag_5,0.999910831451416,1
Final-NanSET_preprocessed.csv,1939,5,5,5,5,Tag_5,Tag_5,0.9999123811721802,1
Final-NanSET_preprocessed.csv,1940,6,6,6,6,Tag_6,Tag_6,0.999439537525177,1
Final-NanSET_preprocessed.csv,1941,6,6,6,6,Tag_6,Tag_6,0.999812662601471,1
Final-NanSET_preprocessed.csv,1942,6,6,6,6,Tag_6,Tag_6,0.9995898604393005,1
Final-NanSET_preprocessed.csv,1943,6,6,6,6,Tag_6,Tag_6,0.9998843669891357,1
Final-NanSET_preprocessed.csv,1944,6,6,6,6,Tag_6,Tag_6,0.9997518658638,1
Final-NanSET_preprocessed.csv,1945,6,6,6,6,Tag_6,Tag_6,0.9998422861099243,1
Final-NanSET_preprocessed.csv,1946,6,6,6,6,Tag_6,Tag_6,0.9998362064361572,1
Final-NanSET_preprocessed.csv,1947,6,6,6,6,Tag_6,Tag_6,0.9997461438179016,1
Final-NanSET_preprocessed.csv,1948,6,6,6,6,Tag_6,Tag_6,0.9998565912246704,1
Final-NanSET_preprocessed.csv,1949,6,6,6,6,Tag_6,Tag_6,0.999850869178772,1
Final-NanSET_preprocessed.csv,1950,6,6,6,6,Tag_6,Tag_6,0.999757707118988,1
Final-NanSET_preprocessed.csv,1951,6,6,6,6,Tag_6,Tag_6,0.9999146461486816,1
Final-NanSET_preprocessed.csv,1952,6,6,6,6,Tag_6,Tag_6,0.9998038411140442,1
Final-NanSET_preprocessed.csv,1953,6,6,6,6,Tag_6,Tag_6,0.999717652797699,1
Final-NanSET_preprocessed.csv,1954,6,6,6,6,Tag_6,Tag_6,0.9998809099197388,1
Final-NanSET_preprocessed.csv,1955,6,6,6,6,Tag_6,Tag_6,0.999884843826294,1
Final-NanSET_preprocessed.csv,1956,6,6,6,6,Tag_6,Tag_6,0.9993276596069336,1
Final-NanSET_preprocessed.csv,1957,6,6,6,6,Tag_6,Tag_6,0.9996832609176636,1
Final-NanSET_preprocessed.csv,1958,6,6,6,6,Tag_6,Tag_6,0.9994294047355652,1
Final-NanSET_preprocessed.csv,1959,6,6,6,6,Tag_6,Tag_6,0.9999016523361206,1
Final-NanSET_preprocessed.csv,1960,6,6,6,6,Tag_6,Tag_6,0.9998278617858887,1
Final-NanSET_preprocessed.csv,1961,6,6,6,6,Tag_6,Tag_6,0.9999120235443115,1
Final-NanSET_preprocessed.csv,1962,6,6,6,6,Tag_6,Tag_6,0.999894380569458,1
Final-NanSET_preprocessed.csv,1963,6,6,6,6,Tag_6,Tag_6,0.9998925924301147,1
Final-NanSET_preprocessed.csv,1964,6,6,6,6,Tag_6,Tag_6,0.9998942613601685,1
Final-NanSET_preprocessed.csv,1965,6,6,6,6,Tag_6,Tag_6,0.9999169111251831,1
Final-NanSET_preprocessed.csv,1966,6,6,6,6,Tag_6,Tag_6,0.9998667240142822,1
Final-NanSET_preprocessed.csv,1967,6,6,6,6,Tag_6,Tag_6,0.9999006986618042,1
Final-NanSET_preprocessed.csv,1968,6,6,6,6,Tag_6,Tag_6,0.9997318387031555,1
Final-NanSET_preprocessed.csv,1969,6,6,6,6,Tag_6,Tag_6,0.999884843826294,1
Final-NanSET_preprocessed.csv,1970,6,6,6,6,Tag_6,Tag_6,0.9999217987060547,1
Final-NanSET_preprocessed.csv,1971,6,6,6,6,Tag_6,Tag_6,0.9999154806137085,1
Final-NanSET_preprocessed.csv,1972,6,6,6,6,Tag_6,Tag_6,0.9998291730880737,1
Final-NanSET_preprocessed.csv,1973,6,6,6,6,Tag_6,Tag_6,0.9999322891235352,1
Final-NanSET_preprocessed.csv,1974,6,6,6,6,Tag_6,Tag_6,0.9999150037765503,1
Final-NanSET_preprocessed.csv,1975,6,6,6,6,Tag_6,Tag_6,0.9999256134033203,1
Final-NanSET_preprocessed.csv,1976,6,6,6,6,Tag_6,Tag_6,0.9998893737792969,1
Final-NanSET_preprocessed.csv,1977,6,6,6,6,Tag_6,Tag_6,0.9998944997787476,1
Final-NanSET_preprocessed.csv,1978,6,6,6,6,Tag_6,Tag_6,0.9999274015426636,1
Final-NanSET_preprocessed.csv,1979,6,6,6,6,Tag_6,Tag_6,0.9998928308486938,1
Final-NanSET_preprocessed.csv,1980,6,6,6,6,Tag_6,Tag_6,0.9999527931213379,1
Final-NanSET_preprocessed.csv,1981,6,6,6,6,Tag_6,Tag_6,0.9999366998672485,1
Final-NanSET_preprocessed.csv,1982,6,6,6,6,Tag_6,Tag_6,0.9999345541000366,1
Final-NanSET_preprocessed.csv,1983,6,6,6,6,Tag_6,Tag_6,0.9999362230300903,1
Final-NanSET_preprocessed.csv,1984,6,6,6,6,Tag_6,Tag_6,0.9999393224716187,1
Final-NanSET_preprocessed.csv,1985,6,6,6,6,Tag_6,Tag_6,0.9999302625656128,1
Final-NanSET_preprocessed.csv,1986,6,6,6,6,Tag_6,Tag_6,0.9999451637268066,1
Final-NanSET_preprocessed.csv,1987,6,6,6,6,Tag_6,Tag_6,0.9999322891235352,1
Final-NanSET_preprocessed.csv,1988,6,6,6,6,Tag_6,Tag_6,0.9998289346694946,1
Final-NanSET_preprocessed.csv,1989,6,6,6,6,Tag_6,Tag_6,0.9998989105224609,1
Final-NanSET_preprocessed.csv,1990,6,6,6,6,Tag_6,Tag_6,0.9999359846115112,1
Final-NanSET_preprocessed.csv,1991,6,6,6,6,Tag_6,Tag_6,0.99994957447052,1
Final-NanSET_preprocessed.csv,1992,6,6,6,6,Tag_6,Tag_6,0.9998992681503296,1
Final-NanSET_preprocessed.csv,1993,6,6,6,6,Tag_6,Tag_6,0.9997449517250061,1
Final-NanSET_preprocessed.csv,1994,6,6,6,6,Tag_6,Tag_6,0.9999358654022217,1
Final-NanSET_preprocessed.csv,1995,6,6,6,6,Tag_6,Tag_6,0.9998922348022461,1
Final-NanSET_preprocessed.csv,1996,6,6,6,6,Tag_6,Tag_6,0.9999301433563232,1
Final-NanSET_preprocessed.csv,1997,6,6,6,6,Tag_6,Tag_6,0.9999345541000366,1
Final-NanSET_preprocessed.csv,1998,6,6,6,6,Tag_6,Tag_6,0.9999363422393799,1
Final-NanSET_preprocessed.csv,1999,6,9,6,8,Tag_6,Tag_9,0.998275637626648,0
Final-NanSET_preprocessed.csv,2000,8,8,7,7,Tag_8,Tag_8,0.9999090433120728,1
Final-NanSET_preprocessed.csv,2001,8,8,7,7,Tag_8,Tag_8,0.9998929500579834,1
Final-NanSET_preprocessed.csv,2002,8,8,7,7,Tag_8,Tag_8,0.9999039173126221,1
Final-NanSET_preprocessed.csv,2003,8,8,7,7,Tag_8,Tag_8,0.9998830556869507,1
Final-NanSET_preprocessed.csv,2004,8,8,7,7,Tag_8,Tag_8,0.999910831451416,1
Final-NanSET_preprocessed.csv,2005,8,8,7,7,Tag_8,Tag_8,0.9999058246612549,1
Final-NanSET_preprocessed.csv,2006,8,8,7,7,Tag_8,Tag_8,0.9999210834503174,1
Final-NanSET_preprocessed.csv,2007,8,8,7,7,Tag_8,Tag_8,0.9999029636383057,1
Final-NanSET_preprocessed.csv,2008,8,8,7,7,Tag_8,Tag_8,0.9998960494995117,1
Final-NanSET_preprocessed.csv,2009,8,8,7,7,Tag_8,Tag_8,0.9999008178710938,1
Final-NanSET_preprocessed.csv,2010,8,8,7,7,Tag_8,Tag_8,0.9999203681945801,1
Final-NanSET_preprocessed.csv,2011,8,8,7,7,Tag_8,Tag_8,0.9999046325683594,1
Final-NanSET_preprocessed.csv,2012,8,8,7,7,Tag_8,Tag_8,0.9999065399169922,1
Final-NanSET_preprocessed.csv,2013,8,8,7,7,Tag_8,Tag_8,0.9999182224273682,1
Final-NanSET_preprocessed.csv,2014,8,8,7,7,Tag_8,Tag_8,0.9998846054077148,1
Final-NanSET_preprocessed.csv,2015,8,8,7,7,Tag_8,Tag_8,0.9998754262924194,1
Final-NanSET_preprocessed.csv,2016,8,8,7,7,Tag_8,Tag_8,0.9999115467071533,1
Final-NanSET_preprocessed.csv,2017,8,8,7,7,Tag_8,Tag_8,0.9999135732650757,1
Final-NanSET_preprocessed.csv,2018,8,8,7,7,Tag_8,Tag_8,0.9999091625213623,1
Final-NanSET_preprocessed.csv,2019,8,8,7,7,Tag_8,Tag_8,0.9998990297317505,1
Final-NanSET_preprocessed.csv,2020,8,8,7,7,Tag_8,Tag_8,0.9999127388000488,1
Final-NanSET_preprocessed.csv,2021,8,8,7,7,Tag_8,Tag_8,0.9999216794967651,1
Final-NanSET_preprocessed.csv,2022,8,8,7,7,Tag_8,Tag_8,0.9999319314956665,1
Final-NanSET_preprocessed.csv,2023,8,8,7,7,Tag_8,Tag_8,0.9999257326126099,1
Final-NanSET_preprocessed.csv,2024,8,8,7,7,Tag_8,Tag_8,0.9999321699142456,1
Final-NanSET_preprocessed.csv,2025,8,8,7,7,Tag_8,Tag_8,0.9999145269393921,1
Final-NanSET_preprocessed.csv,2026,8,8,7,7,Tag_8,Tag_8,0.9999336004257202,1
Final-NanSET_preprocessed.csv,2027,8,8,7,7,Tag_8,Tag_8,0.9999269247055054,1
Final-NanSET_preprocessed.csv,2028,8,8,7,7,Tag_8,Tag_8,0.9998903274536133,1
Final-NanSET_preprocessed.csv,2029,8,8,7,7,Tag_8,Tag_8,0.999883770942688,1
Final-NanSET_preprocessed.csv,2030,8,8,7,7,Tag_8,Tag_8,0.9999350309371948,1
Final-NanSET_preprocessed.csv,2031,8,8,7,7,Tag_8,Tag_8,0.9998714923858643,1
Final-NanSET_preprocessed.csv,2032,8,8,7,7,Tag_8,Tag_8,0.9998902082443237,1
Final-NanSET_preprocessed.csv,2033,8,8,7,7,Tag_8,Tag_8,0.99991774559021,1
Final-NanSET_preprocessed.csv,2034,8,8,7,7,Tag_8,Tag_8,0.9999125003814697,1
Final-NanSET_preprocessed.csv,2035,8,8,7,7,Tag_8,Tag_8,0.9999067783355713,1
Final-NanSET_preprocessed.csv,2036,8,8,7,7,Tag_8,Tag_8,0.9999247789382935,1
Final-NanSET_preprocessed.csv,2037,8,8,7,7,Tag_8,Tag_8,0.999921441078186,1
Final-NanSET_preprocessed.csv,2038,8,8,7,7,Tag_8,Tag_8,0.9999260902404785,1
Final-NanSET_preprocessed.csv,2039,8,8,7,7,Tag_8,Tag_8,0.9999295473098755,1
Final-NanSET_preprocessed.csv,2040,8,8,7,7,Tag_8,Tag_8,0.9997507929801941,1
Final-NanSET_preprocessed.csv,2041,8,8,7,7,Tag_8,Tag_8,0.9999220371246338,1
Final-NanSET_preprocessed.csv,2042,8,8,7,7,Tag_8,Tag_8,0.9999113082885742,1
Final-NanSET_preprocessed.csv,2043,8,8,7,7,Tag_8,Tag_8,0.9999023675918579,1
Final-NanSET_preprocessed.csv,2044,8,8,7,7,Tag_8,Tag_8,0.9999101161956787,1
Final-NanSET_preprocessed.csv,2045,8,8,7,7,Tag_8,Tag_8,0.9998352527618408,1
Final-NanSET_preprocessed.csv,2046,8,8,7,7,Tag_8,Tag_8,0.9997926354408264,1
Final-NanSET_preprocessed.csv,2047,8,8,7,7,Tag_8,Tag_8,0.999923586845398,1
Final-NanSET_preprocessed.csv,2048,8,8,7,7,Tag_8,Tag_8,0.999805748462677,1
Final-NanSET_preprocessed.csv,2049,8,8,7,7,Tag_8,Tag_8,0.9998186230659485,1
Final-NanSET_preprocessed.csv,2050,8,8,7,7,Tag_8,Tag_8,0.9998989105224609,1
Final-NanSET_preprocessed.csv,2051,8,8,7,7,Tag_8,Tag_8,0.9998775720596313,1
Final-NanSET_preprocessed.csv,2052,8,8,7,7,Tag_8,Tag_8,0.9998767375946045,1
Final-NanSET_preprocessed.csv,2053,8,8,7,7,Tag_8,Tag_8,0.9999301433563232,1
Final-NanSET_preprocessed.csv,2054,8,8,7,7,Tag_8,Tag_8,0.9999122619628906,1
Final-NanSET_preprocessed.csv,2055,8,8,7,7,Tag_8,Tag_8,0.9999006986618042,1
Final-NanSET_preprocessed.csv,2056,8,8,7,7,Tag_8,Tag_8,0.9999092817306519,1
Final-NanSET_preprocessed.csv,2057,8,8,7,7,Tag_8,Tag_8,0.9999122619628906,1
Final-NanSET_preprocessed.csv,2058,8,8,7,7,Tag_8,Tag_8,0.9998924732208252,1
Final-NanSET_preprocessed.csv,2059,8,8,7,7,Tag_8,Tag_8,0.9999256134033203,1
Final-NanSET_preprocessed.csv,2060,8,8,7,7,Tag_8,Tag_8,0.9997324347496033,1
Final-NanSET_preprocessed.csv,2061,8,8,7,7,Tag_8,Tag_8,0.9997820258140564,1
Final-NanSET_preprocessed.csv,2062,8,8,7,7,Tag_8,Tag_8,0.9997077584266663,1
Final-NanSET_preprocessed.csv,2063,8,8,7,7,Tag_8,Tag_8,0.9997072815895081,1
Final-NanSET_preprocessed.csv,2064,8,8,7,7,Tag_8,Tag_8,0.9993935823440552,1
Final-NanSET_preprocessed.csv,2065,8,8,7,7,Tag_8,Tag_8,0.9998413324356079,1
Final-NanSET_preprocessed.csv,2066,8,8,7,7,Tag_8,Tag_8,0.9992733597755432,1
Final-NanSET_preprocessed.csv,2067,8,8,7,7,Tag_8,Tag_8,0.999724805355072,1
Final-NanSET_preprocessed.csv,2068,8,8,7,7,Tag_8,Tag_8,0.9997003078460693,1
Final-NanSET_preprocessed.csv,2069,8,8,7,7,Tag_8,Tag_8,0.9997566342353821,1
Final-NanSET_preprocessed.csv,2070,8,8,7,7,Tag_8,Tag_8,0.9996681213378906,1
Final-NanSET_preprocessed.csv,2071,8,8,7,7,Tag_8,Tag_8,0.999772846698761,1
Final-NanSET_preprocessed.csv,2072,8,8,7,7,Tag_8,Tag_8,0.9994164705276489,1
Final-NanSET_preprocessed.csv,2073,8,8,7,7,Tag_8,Tag_8,0.9998292922973633,1
Final-NanSET_preprocessed.csv,2074,8,8,7,7,Tag_8,Tag_8,0.9996556043624878,1
Final-NanSET_preprocessed.csv,2075,8,8,7,7,Tag_8,Tag_8,0.9997614026069641,1
Final-NanSET_preprocessed.csv,2076,8,8,7,7,Tag_8,Tag_8,0.9974516034126282,1
Final-NanSET_preprocessed.csv,2077,8,8,7,7,Tag_8,Tag_8,0.9998518228530884,1
Final-NanSET_preprocessed.csv,2078,8,8,7,7,Tag_8,Tag_8,0.9997678399085999,1
Final-NanSET_preprocessed.csv,2079,8,8,7,7,Tag_8,Tag_8,0.9997249245643616,1
Final-NanSET_preprocessed.csv,2080,9,9,8,8,Tag_9,Tag_9,0.999876856803894,1
Final-NanSET_preprocessed.csv,2081,9,9,8,8,Tag_9,Tag_9,0.9999154806137085,1
Final-NanSET_preprocessed.csv,2082,9,9,8,8,Tag_9,Tag_9,0.9998959302902222,1
Final-NanSET_preprocessed.csv,2083,9,9,8,8,Tag_9,Tag_9,0.9998986721038818,1
Final-NanSET_preprocessed.csv,2084,9,9,8,8,Tag_9,Tag_9,0.999636173248291,1
Final-NanSET_preprocessed.csv,2085,9,9,8,8,Tag_9,Tag_9,0.9998878240585327,1
Final-NanSET_preprocessed.csv,2086,9,9,8,8,Tag_9,Tag_9,0.9999456405639648,1
Final-NanSET_preprocessed.csv,2087,9,9,8,8,Tag_9,Tag_9,0.9999048709869385,1
Final-NanSET_preprocessed.csv,2088,9,9,8,8,Tag_9,Tag_9,0.9994044303894043,1
Final-NanSET_preprocessed.csv,2089,9,9,8,8,Tag_9,Tag_9,0.9999270439147949,1
Final-NanSET_preprocessed.csv,2090,9,9,8,8,Tag_9,Tag_9,0.9998624324798584,1
Final-NanSET_preprocessed.csv,2091,9,9,8,8,Tag_9,Tag_9,0.9999173879623413,1
Final-NanSET_preprocessed.csv,2092,9,9,8,8,Tag_9,Tag_9,0.999834418296814,1
Final-NanSET_preprocessed.csv,2093,9,9,8,8,Tag_9,Tag_9,0.9999196529388428,1
Final-NanSET_preprocessed.csv,2094,9,9,8,8,Tag_9,Tag_9,0.999871015548706,1
Final-NanSET_preprocessed.csv,2095,9,9,8,8,Tag_9,Tag_9,0.9999374151229858,1
Final-NanSET_preprocessed.csv,2096,9,9,8,8,Tag_9,Tag_9,0.9999178647994995,1
Final-NanSET_preprocessed.csv,2097,9,9,8,8,Tag_9,Tag_9,0.9999197721481323,1
Final-NanSET_preprocessed.csv,2098,9,9,8,8,Tag_9,Tag_9,0.9999173879623413,1
Final-NanSET_preprocessed.csv,2099,9,9,8,8,Tag_9,Tag_9,0.9998300075531006,1
Final-NanSET_preprocessed.csv,2100,9,9,8,8,Tag_9,Tag_9,0.9999313354492188,1
Final-NanSET_preprocessed.csv,2101,9,9,8,8,Tag_9,Tag_9,0.9999727010726929,1
Final-NanSET_preprocessed.csv,2102,9,9,8,8,Tag_9,Tag_9,0.9999536275863647,1
Final-NanSET_preprocessed.csv,2103,9,9,8,8,Tag_9,Tag_9,0.9999474287033081,1
Final-NanSET_preprocessed.csv,2104,9,9,8,8,Tag_9,Tag_9,0.9999682903289795,1
Final-NanSET_preprocessed.csv,2105,9,9,8,8,Tag_9,Tag_9,0.999945878982544,1
Final-NanSET_preprocessed.csv,2106,9,9,8,8,Tag_9,Tag_9,0.9999525547027588,1
Final-NanSET_preprocessed.csv,2107,9,9,8,8,Tag_9,Tag_9,0.9999504089355469,1
Final-NanSET_preprocessed.csv,2108,9,9,8,8,Tag_9,Tag_9,0.9999328851699829,1
Final-NanSET_preprocessed.csv,2109,9,9,8,8,Tag_9,Tag_9,0.9999312162399292,1
Final-NanSET_preprocessed.csv,2110,9,9,8,8,Tag_9,Tag_9,0.998478353023529,1
Final-NanSET_preprocessed.csv,2111,9,9,8,8,Tag_9,Tag_9,0.9997465014457703,1
Final-NanSET_preprocessed.csv,2112,9,9,8,8,Tag_9,Tag_9,0.9999431371688843,1
Final-NanSET_preprocessed.csv,2113,9,9,8,8,Tag_9,Tag_9,0.9999315738677979,1
Final-NanSET_preprocessed.csv,2114,9,9,8,8,Tag_9,Tag_9,0.9999662637710571,1
Final-NanSET_preprocessed.csv,2115,9,9,8,8,Tag_9,Tag_9,0.9998836517333984,1
Final-NanSET_preprocessed.csv,2116,9,9,8,8,Tag_9,Tag_9,0.9998257756233215,1
Final-NanSET_preprocessed.csv,2117,9,9,8,8,Tag_9,Tag_9,0.9998997449874878,1
Final-NanSET_preprocessed.csv,2118,9,9,8,8,Tag_9,Tag_9,0.9999492168426514,1
Final-NanSET_preprocessed.csv,2119,9,9,8,8,Tag_9,Tag_9,0.9999030828475952,1
Final-NanSET_preprocessed.csv,2120,10,10,9,9,Tag_10,Tag_10,0.9999794960021973,1
Final-NanSET_preprocessed.csv,2121,10,10,9,9,Tag_10,Tag_10,0.9999066591262817,1
Final-NanSET_preprocessed.csv,2122,10,10,9,9,Tag_10,Tag_10,0.9999672174453735,1
Final-NanSET_preprocessed.csv,2123,10,10,9,9,Tag_10,Tag_10,0.9999737739562988,1
Final-NanSET_preprocessed.csv,2124,10,10,9,9,Tag_10,Tag_10,0.999963641166687,1
Final-NanSET_preprocessed.csv,2125,10,10,9,9,Tag_10,Tag_10,0.999915361404419,1
Final-NanSET_preprocessed.csv,2126,10,10,9,9,Tag_10,Tag_10,0.9999319314956665,1
Final-NanSET_preprocessed.csv,2127,10,10,9,9,Tag_10,Tag_10,0.9999771118164062,1
Final-NanSET_preprocessed.csv,2128,10,10,9,9,Tag_10,Tag_10,0.9999490976333618,1
Final-NanSET_preprocessed.csv,2129,10,10,9,9,Tag_10,Tag_10,0.9999679327011108,1
Final-NanSET_preprocessed.csv,2130,10,10,9,9,Tag_10,Tag_10,0.9999366998672485,1
Final-NanSET_preprocessed.csv,2131,10,10,9,9,Tag_10,Tag_10,0.999679684638977,1
Final-NanSET_preprocessed.csv,2132,10,10,9,9,Tag_10,Tag_10,0.9997612833976746,1
Final-NanSET_preprocessed.csv,2133,10,10,9,9,Tag_10,Tag_10,0.9997647404670715,1
Final-NanSET_preprocessed.csv,2134,10,10,9,9,Tag_10,Tag_10,0.999966025352478,1
Final-NanSET_preprocessed.csv,2135,10,10,9,9,Tag_10,Tag_10,0.9999736547470093,1
Final-NanSET_preprocessed.csv,2136,10,10,9,9,Tag_10,Tag_10,0.9999148845672607,1
Final-NanSET_preprocessed.csv,2137,10,10,9,9,Tag_10,Tag_10,0.9999465942382812,1
Final-NanSET_preprocessed.csv,2138,10,10,9,9,Tag_10,Tag_10,0.9999794960021973,1
Final-NanSET_preprocessed.csv,2139,10,10,9,9,Tag_10,Tag_10,0.9999713897705078,1
Final-NanSET_preprocessed.csv,2140,10,10,9,9,Tag_10,Tag_10,0.995947539806366,1
Final-NanSET_preprocessed.csv,2141,10,10,9,9,Tag_10,Tag_10,0.9993656277656555,1
Final-NanSET_preprocessed.csv,2142,10,10,9,9,Tag_10,Tag_10,0.9982355833053589,1
Final-NanSET_preprocessed.csv,2143,10,10,9,9,Tag_10,Tag_10,0.9999232292175293,1
Final-NanSET_preprocessed.csv,2144,10,10,9,9,Tag_10,Tag_10,0.999920129776001,1
Final-NanSET_preprocessed.csv,2145,10,10,9,9,Tag_10,Tag_10,0.9966673254966736,1
Final-NanSET_preprocessed.csv,2146,10,10,9,9,Tag_10,Tag_10,0.9997062087059021,1
Final-NanSET_preprocessed.csv,2147,10,10,9,9,Tag_10,Tag_10,0.9990754127502441,1
Final-NanSET_preprocessed.csv,2148,10,10,9,9,Tag_10,Tag_10,0.999866247177124,1
Final-NanSET_preprocessed.csv,2149,10,10,9,9,Tag_10,Tag_10,0.9996968507766724,1
Final-NanSET_preprocessed.csv,2150,10,10,9,9,Tag_10,Tag_10,0.9996628761291504,1
Final-NanSET_preprocessed.csv,2151,10,10,9,9,Tag_10,Tag_10,0.9998389482498169,1
Final-NanSET_preprocessed.csv,2152,10,10,9,9,Tag_10,Tag_10,0.9995653033256531,1
Final-NanSET_preprocessed.csv,2153,10,10,9,9,Tag_10,Tag_10,0.997227132320404,1
Final-NanSET_preprocessed.csv,2154,10,10,9,9,Tag_10,Tag_10,0.997791051864624,1
Final-NanSET_preprocessed.csv,2155,10,10,9,9,Tag_10,Tag_10,0.9999428987503052,1
Final-NanSET_preprocessed.csv,2156,10,10,9,9,Tag_10,Tag_10,0.9954288005828857,1
Final-NanSET_preprocessed.csv,2157,10,10,9,9,Tag_10,Tag_10,0.9996001124382019,1
Final-NanSET_preprocessed.csv,2158,10,10,9,9,Tag_10,Tag_10,0.9995293617248535,1
Final-NanSET_preprocessed.csv,2159,10,10,9,9,Tag_10,Tag_10,0.9958912134170532,1
Final-NanSET_preprocessed.csv,2160,11,11,10,10,Tag_11,Tag_11,0.9993626475334167,1
Final-NanSET_preprocessed.csv,2161,11,11,10,10,Tag_11,Tag_11,0.9994261264801025,1
Final-NanSET_preprocessed.csv,2162,11,11,10,10,Tag_11,Tag_11,0.9984858632087708,1
Final-NanSET_preprocessed.csv,2163,11,11,10,10,Tag_11,Tag_11,0.9994087219238281,1
Final-NanSET_preprocessed.csv,2164,11,11,10,10,Tag_11,Tag_11,0.9993734955787659,1
Final-NanSET_preprocessed.csv,2165,11,11,10,10,Tag_11,Tag_11,0.9993993043899536,1
Final-NanSET_preprocessed.csv,2166,11,11,10,10,Tag_11,Tag_11,0.9995490908622742,1
Final-NanSET_preprocessed.csv,2167,11,11,10,10,Tag_11,Tag_11,0.9989571571350098,1
Final-NanSET_preprocessed.csv,2168,11,11,10,10,Tag_11,Tag_11,0.9994171857833862,1
Final-NanSET_preprocessed.csv,2169,11,11,10,10,Tag_11,Tag_11,0.999299168586731,1
Final-NanSET_preprocessed.csv,2170,11,11,10,10,Tag_11,Tag_11,0.9993392825126648,1
Final-NanSET_preprocessed.csv,2171,11,11,10,10,Tag_11,Tag_11,0.9992955923080444,1
Final-NanSET_preprocessed.csv,2172,11,11,10,10,Tag_11,Tag_11,0.9994493126869202,1
Final-NanSET_preprocessed.csv,2173,11,11,10,10,Tag_11,Tag_11,0.9994611144065857,1
Final-NanSET_preprocessed.csv,2174,11,11,10,10,Tag_11,Tag_11,0.9994915723800659,1
Final-NanSET_preprocessed.csv,2175,11,11,10,10,Tag_11,Tag_11,0.9993777275085449,1
Final-NanSET_preprocessed.csv,2176,11,11,10,10,Tag_11,Tag_11,0.9989076852798462,1
Final-NanSET_preprocessed.csv,2177,11,11,10,10,Tag_11,Tag_11,0.9993699193000793,1
Final-NanSET_preprocessed.csv,2178,11,11,10,10,Tag_11,Tag_11,0.9993035793304443,1
Final-NanSET_preprocessed.csv,2179,11,11,10,10,Tag_11,Tag_11,0.999218225479126,1
Final-NanSET_preprocessed.csv,2180,12,12,11,11,Tag_12,Tag_12,0.9999001026153564,1
Final-NanSET_preprocessed.csv,2181,12,12,11,11,Tag_12,Tag_12,0.9998409748077393,1
Final-NanSET_preprocessed.csv,2182,12,12,11,11,Tag_12,Tag_12,0.9998996257781982,1
Final-NanSET_preprocessed.csv,2183,12,12,11,11,Tag_12,Tag_12,0.9999017715454102,1
Final-NanSET_preprocessed.csv,2184,12,12,11,11,Tag_12,Tag_12,0.9999791383743286,1
Final-NanSET_preprocessed.csv,2185,12,12,11,11,Tag_12,Tag_12,0.9998514652252197,1
Final-NanSET_preprocessed.csv,2186,12,12,11,11,Tag_12,Tag_12,0.9998894929885864,1
Final-NanSET_preprocessed.csv,2187,12,12,11,11,Tag_12,Tag_12,0.9998902082443237,1
Final-NanSET_preprocessed.csv,2188,12,12,11,11,Tag_12,Tag_12,0.9998993873596191,1
Final-NanSET_preprocessed.csv,2189,12,12,11,11,Tag_12,Tag_12,0.9999243021011353,1
Final-NanSET_preprocessed.csv,2190,12,12,11,11,Tag_12,Tag_12,0.9998738765716553,1
Final-NanSET_preprocessed.csv,2191,12,12,11,11,Tag_12,Tag_12,0.9998786449432373,1
Final-NanSET_preprocessed.csv,2192,12,12,11,11,Tag_12,Tag_12,0.9996744394302368,1
Final-NanSET_preprocessed.csv,2193,12,12,11,11,Tag_12,Tag_12,0.9996978044509888,1
Final-NanSET_preprocessed.csv,2194,12,12,11,11,Tag_12,Tag_12,0.9998239874839783,1
Final-NanSET_preprocessed.csv,2195,12,12,11,11,Tag_12,Tag_12,0.9918709993362427,1
Final-NanSET_preprocessed.csv,2196,12,12,11,11,Tag_12,Tag_12,0.9998643398284912,1
Final-NanSET_preprocessed.csv,2197,12,12,11,11,Tag_12,Tag_12,0.9999198913574219,1
Final-NanSET_preprocessed.csv,2198,12,12,11,11,Tag_12,Tag_12,0.9997555613517761,1
Final-NanSET_preprocessed.csv,2199,12,12,11,11,Tag_12,Tag_12,0.9998899698257446,1
Final-NanSET_preprocessed.csv,2200,13,13,12,12,Tag_13,Tag_13,0.9994884729385376,1
Final-NanSET_preprocessed.csv,2201,13,12,12,11,Tag_13,Tag_12,0.99985671043396,0
Final-NanSET_preprocessed.csv,2202,13,13,12,12,Tag_13,Tag_13,0.9996553659439087,1
Final-NanSET_preprocessed.csv,2203,13,13,12,12,Tag_13,Tag_13,0.9987727999687195,1
Final-NanSET_preprocessed.csv,2204,13,13,12,12,Tag_13,Tag_13,0.9981170892715454,1
Final-NanSET_preprocessed.csv,2205,13,13,12,12,Tag_13,Tag_13,0.9997907280921936,1
Final-NanSET_preprocessed.csv,2206,13,13,12,12,Tag_13,Tag_13,0.9997124075889587,1
Final-NanSET_preprocessed.csv,2207,13,13,12,12,Tag_13,Tag_13,0.9997081160545349,1
Final-NanSET_preprocessed.csv,2208,13,13,12,12,Tag_13,Tag_13,0.9980547428131104,1
Final-NanSET_preprocessed.csv,2209,13,13,12,12,Tag_13,Tag_13,0.999816358089447,1
Final-NanSET_preprocessed.csv,2210,13,13,12,12,Tag_13,Tag_13,0.9998202919960022,1
Final-NanSET_preprocessed.csv,2211,13,13,12,12,Tag_13,Tag_13,0.9997698664665222,1
Final-NanSET_preprocessed.csv,2212,13,13,12,12,Tag_13,Tag_13,0.9987660646438599,1
Final-NanSET_preprocessed.csv,2213,13,13,12,12,Tag_13,Tag_13,0.9997203946113586,1
Final-NanSET_preprocessed.csv,2214,13,13,12,12,Tag_13,Tag_13,0.9955207109451294,1
Final-NanSET_preprocessed.csv,2215,13,12,12,11,Tag_13,Tag_12,0.8165695667266846,0
Final-NanSET_preprocessed.csv,2216,13,13,12,12,Tag_13,Tag_13,0.9997230172157288,1
Final-NanSET_preprocessed.csv,2217,13,13,12,12,Tag_13,Tag_13,0.9994860887527466,1
Final-NanSET_preprocessed.csv,2218,13,13,12,12,Tag_13,Tag_13,0.9993318915367126,1
Final-NanSET_preprocessed.csv,2219,13,13,12,12,Tag_13,Tag_13,0.9990260601043701,1
Final-NanSET_preprocessed.csv,2220,14,2,13,2,Tag_14,Tag_2,0.9985454082489014,0
Final-NanSET_preprocessed.csv,2221,14,2,13,2,Tag_14,Tag_2,0.999010443687439,0
Final-NanSET_preprocessed.csv,2222,14,2,13,2,Tag_14,Tag_2,0.9989303946495056,0
Final-NanSET_preprocessed.csv,2223,14,2,13,2,Tag_14,Tag_2,0.9985314607620239,0
Final-NanSET_preprocessed.csv,2224,14,2,13,2,Tag_14,Tag_2,0.9982682466506958,0
Final-NanSET_preprocessed.csv,2225,14,2,13,2,Tag_14,Tag_2,0.9980974793434143,0
Final-NanSET_preprocessed.csv,2226,14,2,13,2,Tag_14,Tag_2,0.9976547956466675,0
Final-NanSET_preprocessed.csv,2227,14,2,13,2,Tag_14,Tag_2,0.9984570741653442,0
Final-NanSET_preprocessed.csv,2228,14,2,13,2,Tag_14,Tag_2,0.9977218508720398,0
Final-NanSET_preprocessed.csv,2229,14,-1,13,0,Tag_14,Normal,0.9998781681060791,0
Final-NanSET_preprocessed.csv,2230,14,2,13,2,Tag_14,Tag_2,0.9987192153930664,0
Final-NanSET_preprocessed.csv,2231,14,2,13,2,Tag_14,Tag_2,0.9979221224784851,0
Final-NanSET_preprocessed.csv,2232,14,2,13,2,Tag_14,Tag_2,0.9985690116882324,0
Final-NanSET_preprocessed.csv,2233,14,2,13,2,Tag_14,Tag_2,0.9976255297660828,0
Final-NanSET_preprocessed.csv,2234,14,2,13,2,Tag_14,Tag_2,0.998514711856842,0
Final-NanSET_preprocessed.csv,2235,14,2,13,2,Tag_14,Tag_2,0.998420000076294,0
Final-NanSET_preprocessed.csv,2236,14,2,13,2,Tag_14,Tag_2,0.9981591105461121,0
Final-NanSET_preprocessed.csv,2237,14,2,13,2,Tag_14,Tag_2,0.9977489113807678,0
Final-NanSET_preprocessed.csv,2238,14,2,13,2,Tag_14,Tag_2,0.9985872507095337,0
Final-NanSET_preprocessed.csv,2239,14,2,13,2,Tag_14,Tag_2,0.9982002973556519,0
Final-NanSET_preprocessed.csv,2240,15,15,14,14,Tag_15,Tag_15,0.9991994500160217,1
Final-NanSET_preprocessed.csv,2241,15,15,14,14,Tag_15,Tag_15,0.999198853969574,1
Final-NanSET_preprocessed.csv,2242,15,15,14,14,Tag_15,Tag_15,0.9991995692253113,1
Final-NanSET_preprocessed.csv,2243,15,15,14,14,Tag_15,Tag_15,0.9991995692253113,1
Final-NanSET_preprocessed.csv,2244,15,15,14,14,Tag_15,Tag_15,0.9992009997367859,1
Final-NanSET_preprocessed.csv,2245,15,15,14,14,Tag_15,Tag_15,0.9991996884346008,1
Final-NanSET_preprocessed.csv,2246,15,15,14,14,Tag_15,Tag_15,0.9991990923881531,1
Final-NanSET_preprocessed.csv,2247,15,15,14,14,Tag_15,Tag_15,0.9992011189460754,1
Final-NanSET_preprocessed.csv,2248,15,15,14,14,Tag_15,Tag_15,0.999201238155365,1
Final-NanSET_preprocessed.csv,2249,15,15,14,14,Tag_15,Tag_15,0.9991995692253113,1
Final-NanSET_preprocessed.csv,2250,15,15,14,14,Tag_15,Tag_15,0.9991995692253113,1
Final-NanSET_preprocessed.csv,2251,15,15,14,14,Tag_15,Tag_15,0.9991994500160217,1
Final-NanSET_preprocessed.csv,2252,15,15,14,14,Tag_15,Tag_15,0.9992011189460754,1
Final-NanSET_preprocessed.csv,2253,15,15,14,14,Tag_15,Tag_15,0.9992008805274963,1
Final-NanSET_preprocessed.csv,2254,15,15,14,14,Tag_15,Tag_15,0.9992008805274963,1
Final-NanSET_preprocessed.csv,2255,15,15,14,14,Tag_15,Tag_15,0.9991994500160217,1
Final-NanSET_preprocessed.csv,2256,15,15,14,14,Tag_15,Tag_15,0.9991993308067322,1
Final-NanSET_preprocessed.csv,2257,15,15,14,14,Tag_15,Tag_15,0.9991970658302307,1
Final-NanSET_preprocessed.csv,2258,15,15,14,14,Tag_15,Tag_15,0.9991996884346008,1
Final-NanSET_preprocessed.csv,2259,15,15,14,14,Tag_15,Tag_15,0.9992011189460754,1
Final-NanSET_preprocessed.csv,2260,15,15,14,14,Tag_15,Tag_15,0.9998756647109985,1
Final-NanSET_preprocessed.csv,2261,15,15,14,14,Tag_15,Tag_15,0.9786804914474487,1
Final-NanSET_preprocessed.csv,2262,15,15,14,14,Tag_15,Tag_15,0.999897837638855,1
Final-NanSET_preprocessed.csv,2263,15,15,14,14,Tag_15,Tag_15,0.9999099969863892,1
Final-NanSET_preprocessed.csv,2264,15,15,14,14,Tag_15,Tag_15,0.99978107213974,1
Final-NanSET_preprocessed.csv,2265,15,15,14,14,Tag_15,Tag_15,0.9993138313293457,1
Final-NanSET_preprocessed.csv,2266,15,15,14,14,Tag_15,Tag_15,0.977944552898407,1
Final-NanSET_preprocessed.csv,2267,15,15,14,14,Tag_15,Tag_15,0.999789297580719,1
Final-NanSET_preprocessed.csv,2268,15,15,14,14,Tag_15,Tag_15,0.9993983507156372,1
Final-NanSET_preprocessed.csv,2269,15,15,14,14,Tag_15,Tag_15,0.9991611242294312,1
Final-NanSET_preprocessed.csv,2270,15,15,14,14,Tag_15,Tag_15,0.9919524788856506,1
Final-NanSET_preprocessed.csv,2271,15,15,14,14,Tag_15,Tag_15,0.9987778067588806,1
Final-NanSET_preprocessed.csv,2272,15,15,14,14,Tag_15,Tag_15,0.9989757537841797,1
Final-NanSET_preprocessed.csv,2273,15,15,14,14,Tag_15,Tag_15,0.9894264936447144,1
Final-NanSET_preprocessed.csv,2274,15,15,14,14,Tag_15,Tag_15,0.9988313317298889,1
Final-NanSET_preprocessed.csv,2275,15,15,14,14,Tag_15,Tag_15,0.9999182224273682,1
Final-NanSET_preprocessed.csv,2276,15,15,14,14,Tag_15,Tag_15,0.9998965263366699,1
Final-NanSET_preprocessed.csv,2277,15,15,14,14,Tag_15,Tag_15,0.9999239444732666,1
Final-NanSET_preprocessed.csv,2278,15,15,14,14,Tag_15,Tag_15,0.9991233944892883,1
Final-NanSET_preprocessed.csv,2279,15,15,14,14,Tag_15,Tag_15,0.9998942613601685,1
Final-NanSET_preprocessed.csv,2280,15,15,14,14,Tag_15,Tag_15,0.9998414516448975,1
Final-NanSET_preprocessed.csv,2281,15,15,14,14,Tag_15,Tag_15,0.9999289512634277,1
Final-NanSET_preprocessed.csv,2282,15,15,14,14,Tag_15,Tag_15,0.9999264478683472,1
Final-NanSET_preprocessed.csv,2283,15,15,14,14,Tag_15,Tag_15,0.9999288320541382,1
Final-NanSET_preprocessed.csv,2284,15,15,14,14,Tag_15,Tag_15,0.9998447895050049,1
Final-NanSET_preprocessed.csv,2285,15,15,14,14,Tag_15,Tag_15,0.9999293088912964,1
Final-NanSET_preprocessed.csv,2286,15,15,14,14,Tag_15,Tag_15,0.999929666519165,1
Final-NanSET_preprocessed.csv,2287,15,15,14,14,Tag_15,Tag_15,0.9999299049377441,1
Final-NanSET_preprocessed.csv,2288,15,15,14,14,Tag_15,Tag_15,0.9998806715011597,1
Final-NanSET_preprocessed.csv,2289,15,15,14,14,Tag_15,Tag_15,0.9999305009841919,1
Final-NanSET_preprocessed.csv,2290,15,15,14,14,Tag_15,Tag_15,0.9999293088912964,1
Final-NanSET_preprocessed.csv,2291,15,15,14,14,Tag_15,Tag_15,0.9999302625656128,1
Final-NanSET_preprocessed.csv,2292,15,15,14,14,Tag_15,Tag_15,0.9998855590820312,1
Final-NanSET_preprocessed.csv,2293,15,15,14,14,Tag_15,Tag_15,0.9998877048492432,1
Final-NanSET_preprocessed.csv,2294,15,15,14,14,Tag_15,Tag_15,0.9998835325241089,1
Final-NanSET_preprocessed.csv,2295,15,15,14,14,Tag_15,Tag_15,0.9998795986175537,1
Final-NanSET_preprocessed.csv,2296,15,15,14,14,Tag_15,Tag_15,0.999930739402771,1
Final-NanSET_preprocessed.csv,2297,15,15,14,14,Tag_15,Tag_15,0.9998717308044434,1
Final-NanSET_preprocessed.csv,2298,15,15,14,14,Tag_15,Tag_15,0.9999288320541382,1
Final-NanSET_preprocessed.csv,2299,15,15,14,14,Tag_15,Tag_15,0.9999279975891113,1
Final-NanSET_preprocessed.csv,2300,15,6,14,6,Tag_15,Tag_6,0.7656902074813843,0
Final-NanSET_preprocessed.csv,2301,15,6,14,6,Tag_15,Tag_6,0.829395592212677,0
Final-NanSET_preprocessed.csv,2302,15,6,14,6,Tag_15,Tag_6,0.83314448595047,0
Final-NanSET_preprocessed.csv,2303,15,6,14,6,Tag_15,Tag_6,0.7270750403404236,0
Final-NanSET_preprocessed.csv,2304,15,6,14,6,Tag_15,Tag_6,0.6725889444351196,0
Final-NanSET_preprocessed.csv,2305,15,6,14,6,Tag_15,Tag_6,0.7978581786155701,0
Final-NanSET_preprocessed.csv,2306,15,6,14,6,Tag_15,Tag_6,0.7277655601501465,0
Final-NanSET_preprocessed.csv,2307,15,6,14,6,Tag_15,Tag_6,0.8457249402999878,0
Final-NanSET_preprocessed.csv,2308,15,6,14,6,Tag_15,Tag_6,0.7767675518989563,0
Final-NanSET_preprocessed.csv,2309,15,6,14,6,Tag_15,Tag_6,0.7962974309921265,0
Final-NanSET_preprocessed.csv,2310,15,6,14,6,Tag_15,Tag_6,0.769988477230072,0
Final-NanSET_preprocessed.csv,2311,15,6,14,6,Tag_15,Tag_6,0.8350369930267334,0
Final-NanSET_preprocessed.csv,2312,15,6,14,6,Tag_15,Tag_6,0.8128386735916138,0
Final-NanSET_preprocessed.csv,2313,15,6,14,6,Tag_15,Tag_6,0.6957096457481384,0
Final-NanSET_preprocessed.csv,2314,15,6,14,6,Tag_15,Tag_6,0.8443741202354431,0
Final-NanSET_preprocessed.csv,2315,15,6,14,6,Tag_15,Tag_6,0.8839360475540161,0
Final-NanSET_preprocessed.csv,2316,15,6,14,6,Tag_15,Tag_6,0.8453726172447205,0
Final-NanSET_preprocessed.csv,2317,15,6,14,6,Tag_15,Tag_6,0.8341819643974304,0
Final-NanSET_preprocessed.csv,2318,15,6,14,6,Tag_15,Tag_6,0.8067244291305542,0
Final-NanSET_preprocessed.csv,2319,15,6,14,6,Tag_15,Tag_6,0.7946944832801819,0
Final-NanSET_preprocessed.csv,2320,16,16,15,15,Tag_16,Tag_16,0.9988678693771362,1
Final-NanSET_preprocessed.csv,2321,16,16,15,15,Tag_16,Tag_16,0.9988687634468079,1
Final-NanSET_preprocessed.csv,2322,16,16,15,15,Tag_16,Tag_16,0.9988327622413635,1
Final-NanSET_preprocessed.csv,2323,16,16,15,15,Tag_16,Tag_16,0.9988393187522888,1
Final-NanSET_preprocessed.csv,2324,16,16,15,15,Tag_16,Tag_16,0.9988395571708679,1
Final-NanSET_preprocessed.csv,2325,16,16,15,15,Tag_16,Tag_16,0.9988394379615784,1
Final-NanSET_preprocessed.csv,2326,16,16,15,15,Tag_16,Tag_16,0.9988686442375183,1
Final-NanSET_preprocessed.csv,2327,16,16,15,15,Tag_16,Tag_16,0.9987871050834656,1
Final-NanSET_preprocessed.csv,2328,16,16,15,15,Tag_16,Tag_16,0.998869001865387,1
Final-NanSET_preprocessed.csv,2329,16,16,15,15,Tag_16,Tag_16,0.9988678693771362,1
Final-NanSET_preprocessed.csv,2330,16,16,15,15,Tag_16,Tag_16,0.9988675117492676,1
Final-NanSET_preprocessed.csv,2331,16,16,15,15,Tag_16,Tag_16,0.998869001865387,1
Final-NanSET_preprocessed.csv,2332,16,16,15,15,Tag_16,Tag_16,0.9988688826560974,1
Final-NanSET_preprocessed.csv,2333,16,16,15,15,Tag_16,Tag_16,0.9988381266593933,1
Final-NanSET_preprocessed.csv,2334,16,16,15,15,Tag_16,Tag_16,0.9988375306129456,1
Final-NanSET_preprocessed.csv,2335,16,16,15,15,Tag_16,Tag_16,0.998868465423584,1
Final-NanSET_preprocessed.csv,2336,16,16,15,15,Tag_16,Tag_16,0.9987873435020447,1
Final-NanSET_preprocessed.csv,2337,16,16,15,15,Tag_16,Tag_16,0.9988682270050049,1
Final-NanSET_preprocessed.csv,2338,16,16,15,15,Tag_16,Tag_16,0.9988677501678467,1
Final-NanSET_preprocessed.csv,2339,16,16,15,15,Tag_16,Tag_16,0.9988686442375183,1
Final-NanSET_preprocessed.csv,2340,16,16,15,15,Tag_16,Tag_16,0.9999936819076538,1
Final-NanSET_preprocessed.csv,2341,16,16,15,15,Tag_16,Tag_16,0.9992713332176208,1
Final-NanSET_preprocessed.csv,2342,16,16,15,15,Tag_16,Tag_16,0.9997666478157043,1
Final-NanSET_preprocessed.csv,2343,16,16,15,15,Tag_16,Tag_16,0.9992005228996277,1
Final-NanSET_preprocessed.csv,2344,16,16,15,15,Tag_16,Tag_16,0.9999910593032837,1
Final-NanSET_preprocessed.csv,2345,16,16,15,15,Tag_16,Tag_16,0.9997960925102234,1
Final-NanSET_preprocessed.csv,2346,16,16,15,15,Tag_16,Tag_16,0.9996767044067383,1
Final-NanSET_preprocessed.csv,2347,16,16,15,15,Tag_16,Tag_16,0.9995803236961365,1
Final-NanSET_preprocessed.csv,2348,16,16,15,15,Tag_16,Tag_16,0.9997386336326599,1
Final-NanSET_preprocessed.csv,2349,16,16,15,15,Tag_16,Tag_16,0.9997575879096985,1
Final-NanSET_preprocessed.csv,2350,16,16,15,15,Tag_16,Tag_16,0.9990824460983276,1
Final-NanSET_preprocessed.csv,2351,16,16,15,15,Tag_16,Tag_16,0.9998075366020203,1
Final-NanSET_preprocessed.csv,2352,16,16,15,15,Tag_16,Tag_16,0.9999942779541016,1
Final-NanSET_preprocessed.csv,2353,16,16,15,15,Tag_16,Tag_16,0.999768078327179,1
Final-NanSET_preprocessed.csv,2354,16,16,15,15,Tag_16,Tag_16,0.9997366070747375,1
Final-NanSET_preprocessed.csv,2355,16,16,15,15,Tag_16,Tag_16,0.9997156262397766,1
Final-NanSET_preprocessed.csv,2356,16,16,15,15,Tag_16,Tag_16,0.999991774559021,1
Final-NanSET_preprocessed.csv,2357,16,16,15,15,Tag_16,Tag_16,0.9999943971633911,1
Final-NanSET_preprocessed.csv,2358,16,16,15,15,Tag_16,Tag_16,0.9997393488883972,1
Final-NanSET_preprocessed.csv,2359,16,16,15,15,Tag_16,Tag_16,0.9996969699859619,1
Final-NanSET_preprocessed.csv,2360,16,16,15,15,Tag_16,Tag_16,0.9999052286148071,1
Final-NanSET_preprocessed.csv,2361,16,16,15,15,Tag_16,Tag_16,0.9998918771743774,1
Final-NanSET_preprocessed.csv,2362,16,16,15,15,Tag_16,Tag_16,0.9998273849487305,1
Final-NanSET_preprocessed.csv,2363,16,16,15,15,Tag_16,Tag_16,0.9998934268951416,1
Final-NanSET_preprocessed.csv,2364,16,16,15,15,Tag_16,Tag_16,0.999868631362915,1
Final-NanSET_preprocessed.csv,2365,16,16,15,15,Tag_16,Tag_16,0.9999020099639893,1
Final-NanSET_preprocessed.csv,2366,16,16,15,15,Tag_16,Tag_16,0.9999244213104248,1
Final-NanSET_preprocessed.csv,2367,16,16,15,15,Tag_16,Tag_16,0.9998632669448853,1
Final-NanSET_preprocessed.csv,2368,16,16,15,15,Tag_16,Tag_16,0.9999419450759888,1
Final-NanSET_preprocessed.csv,2369,16,16,15,15,Tag_16,Tag_16,0.9997913241386414,1
Final-NanSET_preprocessed.csv,2370,16,16,15,15,Tag_16,Tag_16,0.9998261332511902,1
Final-NanSET_preprocessed.csv,2371,16,16,15,15,Tag_16,Tag_16,0.9998631477355957,1
Final-NanSET_preprocessed.csv,2372,16,16,15,15,Tag_16,Tag_16,0.9998677968978882,1
Final-NanSET_preprocessed.csv,2373,16,16,15,15,Tag_16,Tag_16,0.9998481273651123,1
Final-NanSET_preprocessed.csv,2374,16,16,15,15,Tag_16,Tag_16,0.999893069267273,1
Final-NanSET_preprocessed.csv,2375,16,16,15,15,Tag_16,Tag_16,0.9999300241470337,1
Final-NanSET_preprocessed.csv,2376,16,16,15,15,Tag_16,Tag_16,0.9998408555984497,1
Final-NanSET_preprocessed.csv,2377,16,16,15,15,Tag_16,Tag_16,0.9998852014541626,1
Final-NanSET_preprocessed.csv,2378,16,16,15,15,Tag_16,Tag_16,0.9998212456703186,1
Final-NanSET_preprocessed.csv,2379,16,16,15,15,Tag_16,Tag_16,0.9997493624687195,1
Final-NanSET_preprocessed.csv,2380,16,16,15,15,Tag_16,Tag_16,0.9394112229347229,1
Final-NanSET_preprocessed.csv,2381,16,16,15,15,Tag_16,Tag_16,0.9730928540229797,1
Final-NanSET_preprocessed.csv,2382,16,16,15,15,Tag_16,Tag_16,0.9643233418464661,1
Final-NanSET_preprocessed.csv,2383,16,16,15,15,Tag_16,Tag_16,0.9236442446708679,1
Final-NanSET_preprocessed.csv,2384,16,16,15,15,Tag_16,Tag_16,0.9419992566108704,1
Final-NanSET_preprocessed.csv,2385,16,16,15,15,Tag_16,Tag_16,0.9735187888145447,1
Final-NanSET_preprocessed.csv,2386,16,16,15,15,Tag_16,Tag_16,0.9679787158966064,1
Final-NanSET_preprocessed.csv,2387,16,16,15,15,Tag_16,Tag_16,0.9552289843559265,1
Final-NanSET_preprocessed.csv,2388,16,16,15,15,Tag_16,Tag_16,0.9631704688072205,1
Final-NanSET_preprocessed.csv,2389,16,16,15,15,Tag_16,Tag_16,0.911435067653656,1
Final-NanSET_preprocessed.csv,2390,16,16,15,15,Tag_16,Tag_16,0.9987741112709045,1
Final-NanSET_preprocessed.csv,2391,16,16,15,15,Tag_16,Tag_16,0.969499409198761,1
Final-NanSET_preprocessed.csv,2392,16,16,15,15,Tag_16,Tag_16,0.9470753073692322,1
Final-NanSET_preprocessed.csv,2393,16,16,15,15,Tag_16,Tag_16,0.9501814842224121,1
Final-NanSET_preprocessed.csv,2394,16,16,15,15,Tag_16,Tag_16,0.9356942772865295,1
Final-NanSET_preprocessed.csv,2395,16,16,15,15,Tag_16,Tag_16,0.940277636051178,1
Final-NanSET_preprocessed.csv,2396,16,16,15,15,Tag_16,Tag_16,0.9980443716049194,1
Final-NanSET_preprocessed.csv,2397,16,16,15,15,Tag_16,Tag_16,0.9959810972213745,1
Final-NanSET_preprocessed.csv,2398,16,16,15,15,Tag_16,Tag_16,0.9575165510177612,1
Final-NanSET_preprocessed.csv,2399,16,16,15,15,Tag_16,Tag_16,0.9709105491638184,1
Final-NanSET_preprocessed.csv,2400,17,17,16,16,Tag_17,Tag_17,0.34521985054016113,1
Final-NanSET_preprocessed.csv,2401,17,17,16,16,Tag_17,Tag_17,0.38287195563316345,1
Final-NanSET_preprocessed.csv,2402,17,17,16,16,Tag_17,Tag_17,0.34565410017967224,1
Final-NanSET_preprocessed.csv,2403,17,17,16,16,Tag_17,Tag_17,0.3813593089580536,1
Final-NanSET_preprocessed.csv,2404,17,17,16,16,Tag_17,Tag_17,0.3829106092453003,1
Final-NanSET_preprocessed.csv,2405,17,17,16,16,Tag_17,Tag_17,0.3456310033798218,1
Final-NanSET_preprocessed.csv,2406,17,17,16,16,Tag_17,Tag_17,0.34408843517303467,1
Final-NanSET_preprocessed.csv,2407,17,17,16,16,Tag_17,Tag_17,0.3822821378707886,1
Final-NanSET_preprocessed.csv,2408,17,17,16,16,Tag_17,Tag_17,0.3369115889072418,1
Final-NanSET_preprocessed.csv,2409,17,17,16,16,Tag_17,Tag_17,0.3829028606414795,1
Final-NanSET_preprocessed.csv,2410,17,17,16,16,Tag_17,Tag_17,0.3822687566280365,1
Final-NanSET_preprocessed.csv,2411,17,17,16,16,Tag_17,Tag_17,0.345289945602417,1
Final-NanSET_preprocessed.csv,2412,17,17,16,16,Tag_17,Tag_17,0.373654305934906,1
Final-NanSET_preprocessed.csv,2413,17,17,16,16,Tag_17,Tag_17,0.39550814032554626,1
Final-NanSET_preprocessed.csv,2414,17,17,16,16,Tag_17,Tag_17,0.3839090168476105,1
Final-NanSET_preprocessed.csv,2415,17,17,16,16,Tag_17,Tag_17,0.34510916471481323,1
Final-NanSET_preprocessed.csv,2416,17,17,16,16,Tag_17,Tag_17,0.3830060064792633,1
Final-NanSET_preprocessed.csv,2417,17,17,16,16,Tag_17,Tag_17,0.33966732025146484,1
Final-NanSET_preprocessed.csv,2418,17,17,16,16,Tag_17,Tag_17,0.383497029542923,1
Final-NanSET_preprocessed.csv,2419,17,17,16,16,Tag_17,Tag_17,0.35525810718536377,1
Final-NanSET_preprocessed.csv,2420,17,17,16,16,Tag_17,Tag_17,0.9999827146530151,1
Final-NanSET_preprocessed.csv,2421,17,17,16,16,Tag_17,Tag_17,0.9999650716781616,1
Final-NanSET_preprocessed.csv,2422,17,17,16,16,Tag_17,Tag_17,0.9935716390609741,1
Final-NanSET_preprocessed.csv,2423,17,17,16,16,Tag_17,Tag_17,0.9938241243362427,1
Final-NanSET_preprocessed.csv,2424,17,17,16,16,Tag_17,Tag_17,0.9999476671218872,1
Final-NanSET_preprocessed.csv,2425,17,17,16,16,Tag_17,Tag_17,0.9985997080802917,1
Final-NanSET_preprocessed.csv,2426,17,17,16,16,Tag_17,Tag_17,0.9999697208404541,1
Final-NanSET_preprocessed.csv,2427,17,17,16,16,Tag_17,Tag_17,0.8604145050048828,1
Final-NanSET_preprocessed.csv,2428,17,17,16,16,Tag_17,Tag_17,0.9999618530273438,1
Final-NanSET_preprocessed.csv,2429,17,17,16,16,Tag_17,Tag_17,0.9985736608505249,1
Final-NanSET_preprocessed.csv,2430,17,17,16,16,Tag_17,Tag_17,0.9918747544288635,1
Final-NanSET_preprocessed.csv,2431,17,17,16,16,Tag_17,Tag_17,0.9999653100967407,1
Final-NanSET_preprocessed.csv,2432,17,17,16,16,Tag_17,Tag_17,0.9999665021896362,1
Final-NanSET_preprocessed.csv,2433,17,17,16,16,Tag_17,Tag_17,0.9999616146087646,1
Final-NanSET_preprocessed.csv,2434,17,17,16,16,Tag_17,Tag_17,0.9958122372627258,1
Final-NanSET_preprocessed.csv,2435,17,17,16,16,Tag_17,Tag_17,0.9977810978889465,1
Final-NanSET_preprocessed.csv,2436,17,17,16,16,Tag_17,Tag_17,0.9974149465560913,1
Final-NanSET_preprocessed.csv,2437,17,17,16,16,Tag_17,Tag_17,0.9984173774719238,1
Final-NanSET_preprocessed.csv,2438,17,17,16,16,Tag_17,Tag_17,0.9999611377716064,1
Final-NanSET_preprocessed.csv,2439,17,17,16,16,Tag_17,Tag_17,0.9999531507492065,1
Final-NanSET_preprocessed.csv,2440,18,18,17,17,Tag_18,Tag_18,0.9999115467071533,1
Final-NanSET_preprocessed.csv,2441,18,18,17,17,Tag_18,Tag_18,0.9999110698699951,1
Final-NanSET_preprocessed.csv,2442,18,18,17,17,Tag_18,Tag_18,0.9998435974121094,1
Final-NanSET_preprocessed.csv,2443,18,18,17,17,Tag_18,Tag_18,0.9998922348022461,1
Final-NanSET_preprocessed.csv,2444,18,18,17,17,Tag_18,Tag_18,0.9999035596847534,1
Final-NanSET_preprocessed.csv,2445,18,18,17,17,Tag_18,Tag_18,0.9998784065246582,1
Final-NanSET_preprocessed.csv,2446,18,18,17,17,Tag_18,Tag_18,0.9999129772186279,1
Final-NanSET_preprocessed.csv,2447,18,18,17,17,Tag_18,Tag_18,0.999862790107727,1
Final-NanSET_preprocessed.csv,2448,18,18,17,17,Tag_18,Tag_18,0.999921441078186,1
Final-NanSET_preprocessed.csv,2449,18,18,17,17,Tag_18,Tag_18,0.9999150037765503,1
Final-NanSET_preprocessed.csv,2450,18,18,17,17,Tag_18,Tag_18,0.9998408555984497,1
Final-NanSET_preprocessed.csv,2451,18,18,17,17,Tag_18,Tag_18,0.9998935461044312,1
Final-NanSET_preprocessed.csv,2452,18,18,17,17,Tag_18,Tag_18,0.9998815059661865,1
Final-NanSET_preprocessed.csv,2453,18,18,17,17,Tag_18,Tag_18,0.9999175071716309,1
Final-NanSET_preprocessed.csv,2454,18,18,17,17,Tag_18,Tag_18,0.9999145269393921,1
Final-NanSET_preprocessed.csv,2455,18,18,17,17,Tag_18,Tag_18,0.9999151229858398,1
Final-NanSET_preprocessed.csv,2456,18,18,17,17,Tag_18,Tag_18,0.999919056892395,1
Final-NanSET_preprocessed.csv,2457,18,18,17,17,Tag_18,Tag_18,0.9999072551727295,1
Final-NanSET_preprocessed.csv,2458,18,18,17,17,Tag_18,Tag_18,0.9999223947525024,1
Final-NanSET_preprocessed.csv,2459,18,18,17,17,Tag_18,Tag_18,0.9998984336853027,1
Final-NanSET_preprocessed.csv,2460,19,19,18,18,Tag_19,Tag_19,0.9998496770858765,1
Final-NanSET_preprocessed.csv,2461,19,19,18,18,Tag_19,Tag_19,0.5334351062774658,1
Final-NanSET_preprocessed.csv,2462,19,19,18,18,Tag_19,Tag_19,0.9998421669006348,1
Final-NanSET_preprocessed.csv,2463,19,19,18,18,Tag_19,Tag_19,0.9998472929000854,1
Final-NanSET_preprocessed.csv,2464,19,19,18,18,Tag_19,Tag_19,0.9998799562454224,1
Final-NanSET_preprocessed.csv,2465,19,19,18,18,Tag_19,Tag_19,0.9998422861099243,1
Final-NanSET_preprocessed.csv,2466,19,19,18,18,Tag_19,Tag_19,0.9998883008956909,1
Final-NanSET_preprocessed.csv,2467,19,19,18,18,Tag_19,Tag_19,0.9998689889907837,1
Final-NanSET_preprocessed.csv,2468,19,19,18,18,Tag_19,Tag_19,0.9998877048492432,1
Final-NanSET_preprocessed.csv,2469,19,19,18,18,Tag_19,Tag_19,0.6086947321891785,1
Final-NanSET_preprocessed.csv,2470,19,19,18,18,Tag_19,Tag_19,0.4891025125980377,1
Final-NanSET_preprocessed.csv,2471,19,19,18,18,Tag_19,Tag_19,0.5647287964820862,1
Final-NanSET_preprocessed.csv,2472,19,19,18,18,Tag_19,Tag_19,0.9998862743377686,1
Final-NanSET_preprocessed.csv,2473,19,19,18,18,Tag_19,Tag_19,0.999842643737793,1
Final-NanSET_preprocessed.csv,2474,19,19,18,18,Tag_19,Tag_19,0.9998874664306641,1
Final-NanSET_preprocessed.csv,2475,19,19,18,18,Tag_19,Tag_19,0.9998390674591064,1
Final-NanSET_preprocessed.csv,2476,19,19,18,18,Tag_19,Tag_19,0.9998887777328491,1
Final-NanSET_preprocessed.csv,2477,19,23,18,22,Tag_19,Tag_23,0.5903130173683167,0
Final-NanSET_preprocessed.csv,2478,19,19,18,18,Tag_19,Tag_19,0.999840497970581,1
Final-NanSET_preprocessed.csv,2479,19,19,18,18,Tag_19,Tag_19,0.9998631477355957,1
Final-NanSET_preprocessed.csv,2480,20,20,19,19,Tag_20,Tag_20,0.9998711347579956,1
Final-NanSET_preprocessed.csv,2481,20,20,19,19,Tag_20,Tag_20,0.3994596302509308,1
Final-NanSET_preprocessed.csv,2482,20,20,19,19,Tag_20,Tag_20,0.9998992681503296,1
Final-NanSET_preprocessed.csv,2483,20,20,19,19,Tag_20,Tag_20,0.9999186992645264,1
Final-NanSET_preprocessed.csv,2484,20,20,19,19,Tag_20,Tag_20,0.7242699861526489,1
Final-NanSET_preprocessed.csv,2485,20,20,19,19,Tag_20,Tag_20,0.9999158382415771,1
Final-NanSET_preprocessed.csv,2486,20,20,19,19,Tag_20,Tag_20,0.39263904094696045,1
Final-NanSET_preprocessed.csv,2487,20,24,19,23,Tag_20,Tag_24,0.375113844871521,0
Final-NanSET_preprocessed.csv,2488,20,20,19,19,Tag_20,Tag_20,0.9998557567596436,1
Final-NanSET_preprocessed.csv,2489,20,20,19,19,Tag_20,Tag_20,0.9998842477798462,1
Final-NanSET_preprocessed.csv,2490,20,20,19,19,Tag_20,Tag_20,0.9998594522476196,1
Final-NanSET_preprocessed.csv,2491,20,20,19,19,Tag_20,Tag_20,0.9998927116394043,1
Final-NanSET_preprocessed.csv,2492,20,20,19,19,Tag_20,Tag_20,0.9998787641525269,1
Final-NanSET_preprocessed.csv,2493,20,20,19,19,Tag_20,Tag_20,0.9998446702957153,1
Final-NanSET_preprocessed.csv,2494,20,20,19,19,Tag_20,Tag_20,0.9998413324356079,1
Final-NanSET_preprocessed.csv,2495,20,20,19,19,Tag_20,Tag_20,0.7258871793746948,1
Final-NanSET_preprocessed.csv,2496,20,20,19,19,Tag_20,Tag_20,0.9998772144317627,1
Final-NanSET_preprocessed.csv,2497,20,20,19,19,Tag_20,Tag_20,0.9998847246170044,1
Final-NanSET_preprocessed.csv,2498,20,20,19,19,Tag_20,Tag_20,0.9999017715454102,1
Final-NanSET_preprocessed.csv,2499,20,20,19,19,Tag_20,Tag_20,0.4116399884223938,1
Final-NanSET_preprocessed.csv,2500,21,21,20,20,Tag_21,Tag_21,0.9994352459907532,1
Final-NanSET_preprocessed.csv,2501,21,21,20,20,Tag_21,Tag_21,0.9995970129966736,1
Final-NanSET_preprocessed.csv,2502,21,21,20,20,Tag_21,Tag_21,0.9994375109672546,1
Final-NanSET_preprocessed.csv,2503,21,21,20,20,Tag_21,Tag_21,0.999567449092865,1
Final-NanSET_preprocessed.csv,2504,21,21,20,20,Tag_21,Tag_21,0.999565064907074,1
Final-NanSET_preprocessed.csv,2505,21,21,20,20,Tag_21,Tag_21,0.9996289014816284,1
Final-NanSET_preprocessed.csv,2506,21,21,20,20,Tag_21,Tag_21,0.9989414811134338,1
Final-NanSET_preprocessed.csv,2507,21,21,20,20,Tag_21,Tag_21,0.9995399713516235,1
Final-NanSET_preprocessed.csv,2508,21,21,20,20,Tag_21,Tag_21,0.9996486902236938,1
Final-NanSET_preprocessed.csv,2509,21,21,20,20,Tag_21,Tag_21,0.9994816184043884,1
Final-NanSET_preprocessed.csv,2510,21,21,20,20,Tag_21,Tag_21,0.999083399772644,1
Final-NanSET_preprocessed.csv,2511,21,21,20,20,Tag_21,Tag_21,0.9989998936653137,1
Final-NanSET_preprocessed.csv,2512,21,21,20,20,Tag_21,Tag_21,0.9996370077133179,1
Final-NanSET_preprocessed.csv,2513,21,21,20,20,Tag_21,Tag_21,0.9996108412742615,1
Final-NanSET_preprocessed.csv,2514,21,21,20,20,Tag_21,Tag_21,0.9996405839920044,1
Final-NanSET_preprocessed.csv,2515,21,21,20,20,Tag_21,Tag_21,0.9995573163032532,1
Final-NanSET_preprocessed.csv,2516,21,21,20,20,Tag_21,Tag_21,0.9768292307853699,1
Final-NanSET_preprocessed.csv,2517,21,21,20,20,Tag_21,Tag_21,0.9995253086090088,1
Final-NanSET_preprocessed.csv,2518,21,21,20,20,Tag_21,Tag_21,0.9995380640029907,1
Final-NanSET_preprocessed.csv,2519,21,21,20,20,Tag_21,Tag_21,0.977610170841217,1
Final-NanSET_preprocessed.csv,2520,21,21,20,20,Tag_21,Tag_21,0.9994804263114929,1
Final-NanSET_preprocessed.csv,2521,21,21,20,20,Tag_21,Tag_21,0.9993630051612854,1
Final-NanSET_preprocessed.csv,2522,21,21,20,20,Tag_21,Tag_21,0.7034212350845337,1
Final-NanSET_preprocessed.csv,2523,21,21,20,20,Tag_21,Tag_21,0.9832474589347839,1
Final-NanSET_preprocessed.csv,2524,21,21,20,20,Tag_21,Tag_21,0.9986263513565063,1
Final-NanSET_preprocessed.csv,2525,21,21,20,20,Tag_21,Tag_21,0.9995129108428955,1
Final-NanSET_preprocessed.csv,2526,21,21,20,20,Tag_21,Tag_21,0.9994897842407227,1
Final-NanSET_preprocessed.csv,2527,21,21,20,20,Tag_21,Tag_21,0.9995299577713013,1
Final-NanSET_preprocessed.csv,2528,21,21,20,20,Tag_21,Tag_21,0.9957921504974365,1
Final-NanSET_preprocessed.csv,2529,21,21,20,20,Tag_21,Tag_21,0.9995447993278503,1
Final-NanSET_preprocessed.csv,2530,21,21,20,20,Tag_21,Tag_21,0.999358594417572,1
Final-NanSET_preprocessed.csv,2531,21,21,20,20,Tag_21,Tag_21,0.9964170455932617,1
Final-NanSET_preprocessed.csv,2532,21,21,20,20,Tag_21,Tag_21,0.9990585446357727,1
Final-NanSET_preprocessed.csv,2533,21,21,20,20,Tag_21,Tag_21,0.9804565906524658,1
Final-NanSET_preprocessed.csv,2534,21,21,20,20,Tag_21,Tag_21,0.9981209635734558,1
Final-NanSET_preprocessed.csv,2535,21,21,20,20,Tag_21,Tag_21,0.9986948370933533,1
Final-NanSET_preprocessed.csv,2536,21,21,20,20,Tag_21,Tag_21,0.9994038343429565,1
Final-NanSET_preprocessed.csv,2537,21,21,20,20,Tag_21,Tag_21,0.9996320009231567,1
Final-NanSET_preprocessed.csv,2538,21,21,20,20,Tag_21,Tag_21,0.9986716508865356,1
Final-NanSET_preprocessed.csv,2539,21,21,20,20,Tag_21,Tag_21,0.9994475245475769,1
Final-NanSET_preprocessed.csv,2540,21,21,20,20,Tag_21,Tag_21,0.9994871616363525,1
Final-NanSET_preprocessed.csv,2541,21,21,20,20,Tag_21,Tag_21,0.9803755879402161,1
Final-NanSET_preprocessed.csv,2542,21,21,20,20,Tag_21,Tag_21,0.9984477758407593,1
Final-NanSET_preprocessed.csv,2543,21,21,20,20,Tag_21,Tag_21,0.9991458654403687,1
Final-NanSET_preprocessed.csv,2544,21,21,20,20,Tag_21,Tag_21,0.9993019104003906,1
Final-NanSET_preprocessed.csv,2545,21,21,20,20,Tag_21,Tag_21,0.9992467164993286,1
Final-NanSET_preprocessed.csv,2546,21,21,20,20,Tag_21,Tag_21,0.9980508089065552,1
Final-NanSET_preprocessed.csv,2547,21,21,20,20,Tag_21,Tag_21,0.9996383190155029,1
Final-NanSET_preprocessed.csv,2548,21,21,20,20,Tag_21,Tag_21,0.9976728558540344,1
Final-NanSET_preprocessed.csv,2549,21,21,20,20,Tag_21,Tag_21,0.999040424823761,1
Final-NanSET_preprocessed.csv,2550,21,21,20,20,Tag_21,Tag_21,0.9911092519760132,1
Final-NanSET_preprocessed.csv,2551,21,21,20,20,Tag_21,Tag_21,0.9996269941329956,1
Final-NanSET_preprocessed.csv,2552,21,21,20,20,Tag_21,Tag_21,0.99901282787323,1
Final-NanSET_preprocessed.csv,2553,21,21,20,20,Tag_21,Tag_21,0.983849048614502,1
Final-NanSET_preprocessed.csv,2554,21,21,20,20,Tag_21,Tag_21,0.9990712404251099,1
Final-NanSET_preprocessed.csv,2555,21,21,20,20,Tag_21,Tag_21,0.9987536668777466,1
Final-NanSET_preprocessed.csv,2556,21,21,20,20,Tag_21,Tag_21,0.9989235997200012,1
Final-NanSET_preprocessed.csv,2557,21,21,20,20,Tag_21,Tag_21,0.7679349184036255,1
Final-NanSET_preprocessed.csv,2558,21,21,20,20,Tag_21,Tag_21,0.9994811415672302,1
Final-NanSET_preprocessed.csv,2559,21,21,20,20,Tag_21,Tag_21,0.9992220401763916,1
Final-NanSET_preprocessed.csv,2560,22,22,21,21,Tag_22,Tag_22,0.9996312856674194,1
Final-NanSET_preprocessed.csv,2561,22,22,21,21,Tag_22,Tag_22,0.9995562434196472,1
Final-NanSET_preprocessed.csv,2562,22,22,21,21,Tag_22,Tag_22,0.9996219873428345,1
Final-NanSET_preprocessed.csv,2563,22,22,21,21,Tag_22,Tag_22,0.9996398687362671,1
Final-NanSET_preprocessed.csv,2564,22,22,21,21,Tag_22,Tag_22,0.9996004700660706,1
Final-NanSET_preprocessed.csv,2565,22,22,21,21,Tag_22,Tag_22,0.9996016621589661,1
Final-NanSET_preprocessed.csv,2566,22,22,21,21,Tag_22,Tag_22,0.9996496438980103,1
Final-NanSET_preprocessed.csv,2567,22,22,21,21,Tag_22,Tag_22,0.9995744824409485,1
Final-NanSET_preprocessed.csv,2568,22,22,21,21,Tag_22,Tag_22,0.9994632601737976,1
Final-NanSET_preprocessed.csv,2569,22,22,21,21,Tag_22,Tag_22,0.9995734095573425,1
Final-NanSET_preprocessed.csv,2570,22,22,21,21,Tag_22,Tag_22,0.9995864033699036,1
Final-NanSET_preprocessed.csv,2571,22,22,21,21,Tag_22,Tag_22,0.9996098875999451,1
Final-NanSET_preprocessed.csv,2572,22,22,21,21,Tag_22,Tag_22,0.9994714856147766,1
Final-NanSET_preprocessed.csv,2573,22,22,21,21,Tag_22,Tag_22,0.9995971322059631,1
Final-NanSET_preprocessed.csv,2574,22,22,21,21,Tag_22,Tag_22,0.9995954632759094,1
Final-NanSET_preprocessed.csv,2575,22,22,21,21,Tag_22,Tag_22,0.9995918869972229,1
Final-NanSET_preprocessed.csv,2576,22,22,21,21,Tag_22,Tag_22,0.9994696974754333,1
Final-NanSET_preprocessed.csv,2577,22,22,21,21,Tag_22,Tag_22,0.9993935823440552,1
Final-NanSET_preprocessed.csv,2578,22,22,21,21,Tag_22,Tag_22,0.9996287822723389,1
Final-NanSET_preprocessed.csv,2579,22,22,21,21,Tag_22,Tag_22,0.9996464252471924,1
Final-NanSET_preprocessed.csv,2580,23,23,22,22,Tag_23,Tag_23,0.9981132745742798,1
Final-NanSET_preprocessed.csv,2581,23,23,22,22,Tag_23,Tag_23,0.992095410823822,1
Final-NanSET_preprocessed.csv,2582,23,23,22,22,Tag_23,Tag_23,0.9999496936798096,1
Final-NanSET_preprocessed.csv,2583,23,23,22,22,Tag_23,Tag_23,0.9999783039093018,1
Final-NanSET_preprocessed.csv,2584,23,23,22,22,Tag_23,Tag_23,0.5603654384613037,1
Final-NanSET_preprocessed.csv,2585,23,23,22,22,Tag_23,Tag_23,0.9901444911956787,1
Final-NanSET_preprocessed.csv,2586,23,23,22,22,Tag_23,Tag_23,0.6839239597320557,1
Final-NanSET_preprocessed.csv,2587,23,23,22,22,Tag_23,Tag_23,0.9754560589790344,1
Final-NanSET_preprocessed.csv,2588,23,23,22,22,Tag_23,Tag_23,0.9977735877037048,1
Final-NanSET_preprocessed.csv,2589,23,23,22,22,Tag_23,Tag_23,0.9979028701782227,1
Final-NanSET_preprocessed.csv,2590,23,23,22,22,Tag_23,Tag_23,0.9902854561805725,1
Final-NanSET_preprocessed.csv,2591,23,23,22,22,Tag_23,Tag_23,0.9979988932609558,1
Final-NanSET_preprocessed.csv,2592,23,23,22,22,Tag_23,Tag_23,0.9999001026153564,1
Final-NanSET_preprocessed.csv,2593,23,23,22,22,Tag_23,Tag_23,0.9092593193054199,1
Final-NanSET_preprocessed.csv,2594,23,23,22,22,Tag_23,Tag_23,0.9999574422836304,1
Final-NanSET_preprocessed.csv,2595,23,23,22,22,Tag_23,Tag_23,0.9097901582717896,1
Final-NanSET_preprocessed.csv,2596,23,23,22,22,Tag_23,Tag_23,0.9924807548522949,1
Final-NanSET_preprocessed.csv,2597,23,23,22,22,Tag_23,Tag_23,0.9975898265838623,1
Final-NanSET_preprocessed.csv,2598,23,23,22,22,Tag_23,Tag_23,0.8782206177711487,1
Final-NanSET_preprocessed.csv,2599,23,23,22,22,Tag_23,Tag_23,0.9999508857727051,1
Final-NanSET_preprocessed.csv,2600,24,21,23,20,Tag_24,Tag_21,0.5352704524993896,0
Final-NanSET_preprocessed.csv,2601,24,24,23,23,Tag_24,Tag_24,0.9985778331756592,1
Final-NanSET_preprocessed.csv,2602,24,19,23,18,Tag_24,Tag_19,0.45861440896987915,0
Final-NanSET_preprocessed.csv,2603,24,21,23,20,Tag_24,Tag_21,0.5347164273262024,0
Final-NanSET_preprocessed.csv,2604,24,24,23,23,Tag_24,Tag_24,0.9981027245521545,1
Final-NanSET_preprocessed.csv,2605,24,24,23,23,Tag_24,Tag_24,0.9987624883651733,1
Final-NanSET_preprocessed.csv,2606,24,24,23,23,Tag_24,Tag_24,0.9989099502563477,1
Final-NanSET_preprocessed.csv,2607,24,19,23,18,Tag_24,Tag_19,0.5222437977790833,0
Final-NanSET_preprocessed.csv,2608,24,21,23,20,Tag_24,Tag_21,0.50579434633255,0
Final-NanSET_preprocessed.csv,2609,24,24,23,23,Tag_24,Tag_24,0.9989691972732544,1
Final-NanSET_preprocessed.csv,2610,24,24,23,23,Tag_24,Tag_24,0.49813124537467957,1
Final-NanSET_preprocessed.csv,2611,24,24,23,23,Tag_24,Tag_24,0.5378347039222717,1
Final-NanSET_preprocessed.csv,2612,24,24,23,23,Tag_24,Tag_24,0.9990655779838562,1
Final-NanSET_preprocessed.csv,2613,24,24,23,23,Tag_24,Tag_24,0.9983634352684021,1
Final-NanSET_preprocessed.csv,2614,24,21,23,20,Tag_24,Tag_21,0.5825027227401733,0
Final-NanSET_preprocessed.csv,2615,24,24,23,23,Tag_24,Tag_24,0.9968140721321106,1
Final-NanSET_preprocessed.csv,2616,24,21,23,20,Tag_24,Tag_21,0.575456976890564,0
Final-NanSET_preprocessed.csv,2617,24,24,23,23,Tag_24,Tag_24,0.47966718673706055,1
Final-NanSET_preprocessed.csv,2618,24,24,23,23,Tag_24,Tag_24,0.8122467994689941,1
Final-NanSET_preprocessed.csv,2619,24,24,23,23,Tag_24,Tag_24,0.9987677335739136,1
Final-NanSET_preprocessed.csv,2620,25,25,24,24,Tag_25,Tag_25,0.8031729459762573,1
Final-NanSET_preprocessed.csv,2621,25,25,24,24,Tag_25,Tag_25,0.508330225944519,1
Final-NanSET_preprocessed.csv,2622,25,4,24,4,Tag_25,Tag_4,0.9100024104118347,0
Final-NanSET_preprocessed.csv,2623,25,4,24,4,Tag_25,Tag_4,0.58933025598526,0
Final-NanSET_preprocessed.csv,2624,25,25,24,24,Tag_25,Tag_25,0.8245816826820374,1
Final-NanSET_preprocessed.csv,2625,25,25,24,24,Tag_25,Tag_25,0.7439547181129456,1
Final-NanSET_preprocessed.csv,2626,25,25,24,24,Tag_25,Tag_25,0.7634886503219604,1
Final-NanSET_preprocessed.csv,2627,25,25,24,24,Tag_25,Tag_25,0.6821804642677307,1
Final-NanSET_preprocessed.csv,2628,25,25,24,24,Tag_25,Tag_25,0.6850410103797913,1
Final-NanSET_preprocessed.csv,2629,25,25,24,24,Tag_25,Tag_25,0.5965654253959656,1
Final-NanSET_preprocessed.csv,2630,25,25,24,24,Tag_25,Tag_25,0.6697536706924438,1
Final-NanSET_preprocessed.csv,2631,25,4,24,4,Tag_25,Tag_4,0.894705057144165,0
Final-NanSET_preprocessed.csv,2632,25,25,24,24,Tag_25,Tag_25,0.8169369697570801,1
Final-NanSET_preprocessed.csv,2633,25,25,24,24,Tag_25,Tag_25,0.724875271320343,1
Final-NanSET_preprocessed.csv,2634,25,25,24,24,Tag_25,Tag_25,0.6836961507797241,1
Final-NanSET_preprocessed.csv,2635,25,4,24,4,Tag_25,Tag_4,0.6890480518341064,0
Final-NanSET_preprocessed.csv,2636,25,4,24,4,Tag_25,Tag_4,0.6077431440353394,0
Final-NanSET_preprocessed.csv,2637,25,4,24,4,Tag_25,Tag_4,0.6409173011779785,0
Final-NanSET_preprocessed.csv,2638,25,25,24,24,Tag_25,Tag_25,0.6938202977180481,1
Final-NanSET_preprocessed.csv,2639,25,25,24,24,Tag_25,Tag_25,0.6522532105445862,1
Final-NanSET_preprocessed.csv,2640,26,4,25,4,Tag_26,Tag_4,0.9999794960021973,0
Final-NanSET_preprocessed.csv,2641,26,4,25,4,Tag_26,Tag_4,0.9999819993972778,0
Final-NanSET_preprocessed.csv,2642,26,4,25,4,Tag_26,Tag_4,0.9999786615371704,0
Final-NanSET_preprocessed.csv,2643,26,4,25,4,Tag_26,Tag_4,0.9999822378158569,0
Final-NanSET_preprocessed.csv,2644,26,4,25,4,Tag_26,Tag_4,0.9999799728393555,0
Final-NanSET_preprocessed.csv,2645,26,4,25,4,Tag_26,Tag_4,0.9999823570251465,0
Final-NanSET_preprocessed.csv,2646,26,4,25,4,Tag_26,Tag_4,0.9999812841415405,0
Final-NanSET_preprocessed.csv,2647,26,4,25,4,Tag_26,Tag_4,0.9999792575836182,0
Final-NanSET_preprocessed.csv,2648,26,4,25,4,Tag_26,Tag_4,0.9999803304672241,0
Final-NanSET_preprocessed.csv,2649,26,4,25,4,Tag_26,Tag_4,0.9999823570251465,0
Final-NanSET_preprocessed.csv,2650,26,4,25,4,Tag_26,Tag_4,0.9999759197235107,0
Final-NanSET_preprocessed.csv,2651,26,4,25,4,Tag_26,Tag_4,0.9999765157699585,0
Final-NanSET_preprocessed.csv,2652,26,4,25,4,Tag_26,Tag_4,0.9999809265136719,0
Final-NanSET_preprocessed.csv,2653,26,4,25,4,Tag_26,Tag_4,0.9999778270721436,0
Final-NanSET_preprocessed.csv,2654,26,4,25,4,Tag_26,Tag_4,0.9999843835830688,0
Final-NanSET_preprocessed.csv,2655,26,4,25,4,Tag_26,Tag_4,0.9999829530715942,0
Final-NanSET_preprocessed.csv,2656,26,4,25,4,Tag_26,Tag_4,0.9999814033508301,0
Final-NanSET_preprocessed.csv,2657,26,4,25,4,Tag_26,Tag_4,0.9999781847000122,0
Final-NanSET_preprocessed.csv,2658,26,4,25,4,Tag_26,Tag_4,0.9999816417694092,0
Final-NanSET_preprocessed.csv,2659,26,4,25,4,Tag_26,Tag_4,0.9999822378158569,0
Final-NanSET_preprocessed.csv,2660,27,-1,26,0,Tag_27,Normal,0.9998050332069397,0
Final-NanSET_preprocessed.csv,2661,27,-1,26,0,Tag_27,Normal,0.9991740584373474,0
Final-NanSET_preprocessed.csv,2662,27,-1,26,0,Tag_27,Normal,0.9924789667129517,0
Final-NanSET_preprocessed.csv,2663,27,-1,26,0,Tag_27,Normal,0.9933673739433289,0
Final-NanSET_preprocessed.csv,2664,27,-1,26,0,Tag_27,Normal,0.8996747732162476,0
Final-NanSET_preprocessed.csv,2665,27,-1,26,0,Tag_27,Normal,0.8624336123466492,0
Final-NanSET_preprocessed.csv,2666,27,-1,26,0,Tag_27,Normal,0.987509548664093,0
Final-NanSET_preprocessed.csv,2667,27,-1,26,0,Tag_27,Normal,0.9984084963798523,0
Final-NanSET_preprocessed.csv,2668,27,-1,26,0,Tag_27,Normal,0.9970616698265076,0
Final-NanSET_preprocessed.csv,2669,27,-1,26,0,Tag_27,Normal,0.9767212867736816,0
Final-NanSET_preprocessed.csv,2670,27,-1,26,0,Tag_27,Normal,0.9994992017745972,0
Final-NanSET_preprocessed.csv,2671,27,-1,26,0,Tag_27,Normal,0.9998385906219482,0
Final-NanSET_preprocessed.csv,2672,27,-1,26,0,Tag_27,Normal,0.9996747970581055,0
Final-NanSET_preprocessed.csv,2673,27,8,26,7,Tag_27,Tag_8,0.8904163241386414,0
Final-NanSET_preprocessed.csv,2674,27,-1,26,0,Tag_27,Normal,0.9987109899520874,0
Final-NanSET_preprocessed.csv,2675,27,-1,26,0,Tag_27,Normal,0.999819815158844,0
Final-NanSET_preprocessed.csv,2676,27,8,26,7,Tag_27,Tag_8,0.8855814337730408,0
Final-NanSET_preprocessed.csv,2677,27,-1,26,0,Tag_27,Normal,0.6159822940826416,0
Final-NanSET_preprocessed.csv,2678,27,8,26,7,Tag_27,Tag_8,0.9119628071784973,0
Final-NanSET_preprocessed.csv,2679,27,-1,26,0,Tag_27,Normal,0.9994938373565674,0
Final-NanSET_preprocessed.csv,2680,28,28,27,27,Tag_28,Tag_28,0.9999868869781494,1
Final-NanSET_preprocessed.csv,2681,28,28,27,27,Tag_28,Tag_28,0.9999908208847046,1
Final-NanSET_preprocessed.csv,2682,28,28,27,27,Tag_28,Tag_28,0.9999895095825195,1
Final-NanSET_preprocessed.csv,2683,28,28,27,27,Tag_28,Tag_28,0.99679034948349,1
Final-NanSET_preprocessed.csv,2684,28,28,27,27,Tag_28,Tag_28,0.9976194500923157,1
Final-NanSET_preprocessed.csv,2685,28,28,27,27,Tag_28,Tag_28,0.9950522780418396,1
Final-NanSET_preprocessed.csv,2686,28,28,27,27,Tag_28,Tag_28,0.9999878406524658,1
Final-NanSET_preprocessed.csv,2687,28,28,27,27,Tag_28,Tag_28,0.999966025352478,1
Final-NanSET_preprocessed.csv,2688,28,28,27,27,Tag_28,Tag_28,0.9999867677688599,1
Final-NanSET_preprocessed.csv,2689,28,28,27,27,Tag_28,Tag_28,0.9978023171424866,1
Final-NanSET_preprocessed.csv,2690,28,28,27,27,Tag_28,Tag_28,0.9985818862915039,1
Final-NanSET_preprocessed.csv,2691,28,28,27,27,Tag_28,Tag_28,0.9999635219573975,1
Final-NanSET_preprocessed.csv,2692,28,28,27,27,Tag_28,Tag_28,0.9999896287918091,1
Final-NanSET_preprocessed.csv,2693,28,28,27,27,Tag_28,Tag_28,0.9999927282333374,1
Final-NanSET_preprocessed.csv,2694,28,28,27,27,Tag_28,Tag_28,0.9971440434455872,1
Final-NanSET_preprocessed.csv,2695,28,28,27,27,Tag_28,Tag_28,0.9999867677688599,1
Final-NanSET_preprocessed.csv,2696,28,28,27,27,Tag_28,Tag_28,0.9999904632568359,1
Final-NanSET_preprocessed.csv,2697,28,28,27,27,Tag_28,Tag_28,0.9977055191993713,1
Final-NanSET_preprocessed.csv,2698,28,28,27,27,Tag_28,Tag_28,0.9999867677688599,1
Final-NanSET_preprocessed.csv,2699,28,28,27,27,Tag_28,Tag_28,0.9972569346427917,1
Final-NanSET_preprocessed.csv,2700,29,29,28,28,Tag_29,Tag_29,0.9999837875366211,1
Final-NanSET_preprocessed.csv,2701,29,29,28,28,Tag_29,Tag_29,0.9999784231185913,1
Final-NanSET_preprocessed.csv,2702,29,29,28,28,Tag_29,Tag_29,0.9999781847000122,1
Final-NanSET_preprocessed.csv,2703,29,29,28,28,Tag_29,Tag_29,0.9999710321426392,1
Final-NanSET_preprocessed.csv,2704,29,29,28,28,Tag_29,Tag_29,0.999957799911499,1
Final-NanSET_preprocessed.csv,2705,29,29,28,28,Tag_29,Tag_29,0.99997878074646,1
Final-NanSET_preprocessed.csv,2706,29,29,28,28,Tag_29,Tag_29,0.9999760389328003,1
Final-NanSET_preprocessed.csv,2707,29,29,28,28,Tag_29,Tag_29,0.9999815225601196,1
Final-NanSET_preprocessed.csv,2708,29,29,28,28,Tag_29,Tag_29,0.9999843835830688,1
Final-NanSET_preprocessed.csv,2709,29,29,28,28,Tag_29,Tag_29,0.999983549118042,1
Final-NanSET_preprocessed.csv,2710,29,29,28,28,Tag_29,Tag_29,0.9999734163284302,1
Final-NanSET_preprocessed.csv,2711,29,29,28,28,Tag_29,Tag_29,0.9999855756759644,1
Final-NanSET_preprocessed.csv,2712,29,29,28,28,Tag_29,Tag_29,0.999972939491272,1
Final-NanSET_preprocessed.csv,2713,29,29,28,28,Tag_29,Tag_29,0.999977707862854,1
Final-NanSET_preprocessed.csv,2714,29,29,28,28,Tag_29,Tag_29,0.999984622001648,1
Final-NanSET_preprocessed.csv,2715,29,29,28,28,Tag_29,Tag_29,0.9999736547470093,1
Final-NanSET_preprocessed.csv,2716,29,29,28,28,Tag_29,Tag_29,0.9999781847000122,1
Final-NanSET_preprocessed.csv,2717,29,29,28,28,Tag_29,Tag_29,0.9999779462814331,1
Final-NanSET_preprocessed.csv,2718,29,29,28,28,Tag_29,Tag_29,0.9999731779098511,1
Final-NanSET_preprocessed.csv,2719,29,29,28,28,Tag_29,Tag_29,0.9999804496765137,1
Final-NanSET_preprocessed.csv,2720,30,28,29,27,Tag_30,Tag_28,0.4980935752391815,0
Final-NanSET_preprocessed.csv,2721,30,28,29,27,Tag_30,Tag_28,0.5001501441001892,0
Final-NanSET_preprocessed.csv,2722,30,28,29,27,Tag_30,Tag_28,0.5269649624824524,0
Final-NanSET_preprocessed.csv,2723,30,28,29,27,Tag_30,Tag_28,0.5071775317192078,0
Final-NanSET_preprocessed.csv,2724,30,28,29,27,Tag_30,Tag_28,0.42631348967552185,0
Final-NanSET_preprocessed.csv,2725,30,28,29,27,Tag_30,Tag_28,0.49399253726005554,0
Final-NanSET_preprocessed.csv,2726,30,28,29,27,Tag_30,Tag_28,0.4922157824039459,0
Final-NanSET_preprocessed.csv,2727,30,28,29,27,Tag_30,Tag_28,0.6577144861221313,0
Final-NanSET_preprocessed.csv,2728,30,28,29,27,Tag_30,Tag_28,0.5268551707267761,0
Final-NanSET_preprocessed.csv,2729,30,28,29,27,Tag_30,Tag_28,0.6558716297149658,0
Final-NanSET_preprocessed.csv,2730,30,13,29,12,Tag_30,Tag_13,0.4324704110622406,0
Final-NanSET_preprocessed.csv,2731,30,28,29,27,Tag_30,Tag_28,0.5065340399742126,0
Final-NanSET_preprocessed.csv,2732,30,13,29,12,Tag_30,Tag_13,0.4202853739261627,0
Final-NanSET_preprocessed.csv,2733,30,28,29,27,Tag_30,Tag_28,0.6574110388755798,0
Final-NanSET_preprocessed.csv,2734,30,28,29,27,Tag_30,Tag_28,0.6574263572692871,0
Final-NanSET_preprocessed.csv,2735,30,28,29,27,Tag_30,Tag_28,0.42443525791168213,0
Final-NanSET_preprocessed.csv,2736,30,28,29,27,Tag_30,Tag_28,0.604548990726471,0
Final-NanSET_preprocessed.csv,2737,30,28,29,27,Tag_30,Tag_28,0.6565450429916382,0
Final-NanSET_preprocessed.csv,2738,30,28,29,27,Tag_30,Tag_28,0.49935686588287354,0
Final-NanSET_preprocessed.csv,2739,30,28,29,27,Tag_30,Tag_28,0.4109632968902588,0
Final-NanSET_preprocessed.csv,2740,32,32,30,30,Tag_32,Tag_32,0.9984810948371887,1
Final-NanSET_preprocessed.csv,2741,32,32,30,30,Tag_32,Tag_32,0.9998099207878113,1
Final-NanSET_preprocessed.csv,2742,32,32,30,30,Tag_32,Tag_32,0.9994762539863586,1
Final-NanSET_preprocessed.csv,2743,32,32,30,30,Tag_32,Tag_32,0.9996135830879211,1
Final-NanSET_preprocessed.csv,2744,32,32,30,30,Tag_32,Tag_32,0.9994586110115051,1
Final-NanSET_preprocessed.csv,2745,32,32,30,30,Tag_32,Tag_32,0.9997233748435974,1
Final-NanSET_preprocessed.csv,2746,32,32,30,30,Tag_32,Tag_32,0.9996041655540466,1
Final-NanSET_preprocessed.csv,2747,32,32,30,30,Tag_32,Tag_32,0.9997614026069641,1
Final-NanSET_preprocessed.csv,2748,32,32,30,30,Tag_32,Tag_32,0.9993312358856201,1
Final-NanSET_preprocessed.csv,2749,32,32,30,30,Tag_32,Tag_32,0.9998015761375427,1
Final-NanSET_preprocessed.csv,2750,32,32,30,30,Tag_32,Tag_32,0.9997881054878235,1
Final-NanSET_preprocessed.csv,2751,32,32,30,30,Tag_32,Tag_32,0.9997333884239197,1
Final-NanSET_preprocessed.csv,2752,32,32,30,30,Tag_32,Tag_32,0.9995032548904419,1
Final-NanSET_preprocessed.csv,2753,32,32,30,30,Tag_32,Tag_32,0.9996663331985474,1
Final-NanSET_preprocessed.csv,2754,32,32,30,30,Tag_32,Tag_32,0.9986093044281006,1
Final-NanSET_preprocessed.csv,2755,32,32,30,30,Tag_32,Tag_32,0.9996054768562317,1
Final-NanSET_preprocessed.csv,2756,32,32,30,30,Tag_32,Tag_32,0.9997151494026184,1
Final-NanSET_preprocessed.csv,2757,32,32,30,30,Tag_32,Tag_32,0.999729335308075,1
Final-NanSET_preprocessed.csv,2758,32,32,30,30,Tag_32,Tag_32,0.9983439445495605,1
Final-NanSET_preprocessed.csv,2759,32,32,30,30,Tag_32,Tag_32,0.9996540546417236,1
