dataset_name,tcp.stream,true_tag,pred_tag,true_class,pred_class,true_class_name,pred_class_name,pred_prob_class,correct
EMQX_preprocessed.csv,0,-1,-1,0,0,Normal,Normal,0.9999257326126099,1
EMQX_preprocessed.csv,1,-1,-1,0,0,Normal,Normal,0.9999232292175293,1
EMQX_preprocessed.csv,2,-1,-1,0,0,Normal,Normal,0.9979225993156433,1
EMQX_preprocessed.csv,3,-1,-1,0,0,Normal,Normal,0.9997953772544861,1
EMQX_preprocessed.csv,4,-1,-1,0,0,Normal,Normal,0.9997783303260803,1
EMQX_preprocessed.csv,5,-1,-1,0,0,Normal,Normal,0.9999111890792847,1
EMQX_preprocessed.csv,6,-1,-1,0,0,Normal,Normal,0.9997895359992981,1
EMQX_preprocessed.csv,7,-1,-1,0,0,Normal,Normal,0.9999274015426636,1
EMQX_preprocessed.csv,8,-1,-1,0,0,Normal,Normal,0.999915361404419,1
EMQX_preprocessed.csv,9,-1,-1,0,0,Normal,Normal,0.9999370574951172,1
EMQX_preprocessed.csv,10,-1,-1,0,0,Normal,Normal,0.9999262094497681,1
EMQX_preprocessed.csv,11,-1,-1,0,0,Normal,Normal,0.9998960494995117,1
EMQX_preprocessed.csv,12,-1,-1,0,0,Normal,Normal,0.999910831451416,1
EMQX_preprocessed.csv,13,-1,-1,0,0,Normal,Normal,0.9999537467956543,1
EMQX_preprocessed.csv,14,-1,-1,0,0,Normal,Normal,0.9998661279678345,1
EMQX_preprocessed.csv,15,-1,-1,0,0,Normal,Normal,0.999937891960144,1
EMQX_preprocessed.csv,16,-1,-1,0,0,Normal,Normal,0.9999394416809082,1
EMQX_preprocessed.csv,17,-1,-1,0,0,Normal,Normal,0.9999473094940186,1
EMQX_preprocessed.csv,18,-1,-1,0,0,Normal,Normal,0.9999233484268188,1
EMQX_preprocessed.csv,19,-1,-1,0,0,Normal,Normal,0.9999269247055054,1
EMQX_preprocessed.csv,20,-1,-1,0,0,Normal,Normal,0.9999290704727173,1
EMQX_preprocessed.csv,21,-1,-1,0,0,Normal,Normal,0.9999382495880127,1
EMQX_preprocessed.csv,22,-1,-1,0,0,Normal,Normal,0.9986407160758972,1
EMQX_preprocessed.csv,23,-1,-1,0,0,Normal,Normal,0.9999451637268066,1
EMQX_preprocessed.csv,24,-1,-1,0,0,Normal,Normal,0.9999145269393921,1
EMQX_preprocessed.csv,25,-1,-1,0,0,Normal,Normal,0.9999305009841919,1
EMQX_preprocessed.csv,26,-1,-1,0,0,Normal,Normal,0.9999226331710815,1
EMQX_preprocessed.csv,27,-1,-1,0,0,Normal,Normal,0.9998176693916321,1
EMQX_preprocessed.csv,28,-1,-1,0,0,Normal,Normal,0.9992724061012268,1
EMQX_preprocessed.csv,29,-1,-1,0,0,Normal,Normal,0.9998975992202759,1
EMQX_preprocessed.csv,30,-1,-1,0,0,Normal,Normal,0.999937891960144,1
EMQX_preprocessed.csv,31,-1,-1,0,0,Normal,Normal,0.9999393224716187,1
EMQX_preprocessed.csv,32,-1,-1,0,0,Normal,Normal,0.9999507665634155,1
EMQX_preprocessed.csv,33,-1,-1,0,0,Normal,Normal,0.9999415874481201,1
EMQX_preprocessed.csv,34,-1,-1,0,0,Normal,Normal,0.9998751878738403,1
EMQX_preprocessed.csv,35,-1,-1,0,0,Normal,Normal,0.9999057054519653,1
EMQX_preprocessed.csv,36,-1,-1,0,0,Normal,Normal,0.9998482465744019,1
EMQX_preprocessed.csv,37,-1,-1,0,0,Normal,Normal,0.99985671043396,1
EMQX_preprocessed.csv,38,-1,-1,0,0,Normal,Normal,0.9999258518218994,1
EMQX_preprocessed.csv,39,-1,-1,0,0,Normal,Normal,0.999925971031189,1
EMQX_preprocessed.csv,40,-1,-1,0,0,Normal,Normal,0.9999146461486816,1
EMQX_preprocessed.csv,41,-1,-1,0,0,Normal,Normal,0.9999451637268066,1
EMQX_preprocessed.csv,42,-1,-1,0,0,Normal,Normal,0.9999529123306274,1
EMQX_preprocessed.csv,43,-1,-1,0,0,Normal,Normal,0.9999372959136963,1
EMQX_preprocessed.csv,44,-1,-1,0,0,Normal,Normal,0.9999368190765381,1
EMQX_preprocessed.csv,45,-1,-1,0,0,Normal,Normal,0.9999163150787354,1
EMQX_preprocessed.csv,46,-1,-1,0,0,Normal,Normal,0.9999377727508545,1
EMQX_preprocessed.csv,47,-1,-1,0,0,Normal,Normal,0.9985659718513489,1
EMQX_preprocessed.csv,48,-1,-1,0,0,Normal,Normal,0.9999096393585205,1
EMQX_preprocessed.csv,49,-1,-1,0,0,Normal,Normal,0.9999423027038574,1
EMQX_preprocessed.csv,50,-1,-1,0,0,Normal,Normal,0.9999339580535889,1
EMQX_preprocessed.csv,51,-1,-1,0,0,Normal,Normal,0.9996057152748108,1
EMQX_preprocessed.csv,52,-1,-1,0,0,Normal,Normal,0.9999475479125977,1
EMQX_preprocessed.csv,53,-1,-1,0,0,Normal,Normal,0.9997599720954895,1
EMQX_preprocessed.csv,54,-1,-1,0,0,Normal,Normal,0.9998007416725159,1
EMQX_preprocessed.csv,55,-1,-1,0,0,Normal,Normal,0.9995737671852112,1
EMQX_preprocessed.csv,56,-1,-1,0,0,Normal,Normal,0.9998935461044312,1
EMQX_preprocessed.csv,57,-1,-1,0,0,Normal,Normal,0.9998389482498169,1
EMQX_preprocessed.csv,58,-1,-1,0,0,Normal,Normal,0.999945878982544,1
EMQX_preprocessed.csv,59,-1,-1,0,0,Normal,Normal,0.999853253364563,1
EMQX_preprocessed.csv,60,-1,-1,0,0,Normal,Normal,0.9999386072158813,1
EMQX_preprocessed.csv,61,-1,-1,0,0,Normal,Normal,0.9999150037765503,1
EMQX_preprocessed.csv,62,-1,-1,0,0,Normal,Normal,0.9997444748878479,1
EMQX_preprocessed.csv,63,-1,-1,0,0,Normal,Normal,0.9998857975006104,1
EMQX_preprocessed.csv,64,-1,-1,0,0,Normal,Normal,0.9999240636825562,1
EMQX_preprocessed.csv,65,-1,-1,0,0,Normal,Normal,0.9999226331710815,1
EMQX_preprocessed.csv,66,-1,-1,0,0,Normal,Normal,0.9999154806137085,1
EMQX_preprocessed.csv,67,-1,-1,0,0,Normal,Normal,0.9999001026153564,1
EMQX_preprocessed.csv,68,-1,-1,0,0,Normal,Normal,0.9998958110809326,1
EMQX_preprocessed.csv,69,-1,-1,0,0,Normal,Normal,0.9999287128448486,1
EMQX_preprocessed.csv,70,-1,-1,0,0,Normal,Normal,0.9998736381530762,1
EMQX_preprocessed.csv,71,-1,-1,0,0,Normal,Normal,0.9998143315315247,1
EMQX_preprocessed.csv,72,-1,-1,0,0,Normal,Normal,0.9983591437339783,1
EMQX_preprocessed.csv,73,-1,-1,0,0,Normal,Normal,0.9999281167984009,1
EMQX_preprocessed.csv,74,-1,-1,0,0,Normal,Normal,0.9999226331710815,1
EMQX_preprocessed.csv,75,-1,-1,0,0,Normal,Normal,0.9998929500579834,1
EMQX_preprocessed.csv,76,-1,-1,0,0,Normal,Normal,0.9999325275421143,1
EMQX_preprocessed.csv,77,-1,-1,0,0,Normal,Normal,0.9999393224716187,1
EMQX_preprocessed.csv,78,-1,-1,0,0,Normal,Normal,0.9999469518661499,1
EMQX_preprocessed.csv,79,-1,-1,0,0,Normal,Normal,0.9999415874481201,1
EMQX_preprocessed.csv,80,-1,-1,0,0,Normal,Normal,0.9999370574951172,1
EMQX_preprocessed.csv,81,-1,-1,0,0,Normal,Normal,0.999902606010437,1
EMQX_preprocessed.csv,82,-1,-1,0,0,Normal,Normal,0.9998723268508911,1
EMQX_preprocessed.csv,83,-1,-1,0,0,Normal,Normal,0.9998724460601807,1
EMQX_preprocessed.csv,84,-1,-1,0,0,Normal,Normal,0.999922513961792,1
EMQX_preprocessed.csv,85,-1,-1,0,0,Normal,Normal,0.9999417066574097,1
EMQX_preprocessed.csv,86,-1,-1,0,0,Normal,Normal,0.9998180270195007,1
EMQX_preprocessed.csv,87,-1,-1,0,0,Normal,Normal,0.9999215602874756,1
EMQX_preprocessed.csv,88,-1,-1,0,0,Normal,Normal,0.9988584518432617,1
EMQX_preprocessed.csv,89,-1,-1,0,0,Normal,Normal,0.9998561143875122,1
EMQX_preprocessed.csv,90,-1,-1,0,0,Normal,Normal,0.9999313354492188,1
EMQX_preprocessed.csv,91,-1,-1,0,0,Normal,Normal,0.994762122631073,1
EMQX_preprocessed.csv,92,-1,-1,0,0,Normal,Normal,0.9999279975891113,1
EMQX_preprocessed.csv,93,-1,-1,0,0,Normal,Normal,0.9999516010284424,1
EMQX_preprocessed.csv,94,-1,-1,0,0,Normal,Normal,0.9998492002487183,1
EMQX_preprocessed.csv,95,-1,-1,0,0,Normal,Normal,0.9998810291290283,1
EMQX_preprocessed.csv,96,-1,-1,0,0,Normal,Normal,0.9999196529388428,1
EMQX_preprocessed.csv,97,-1,-1,0,0,Normal,Normal,0.9999004602432251,1
EMQX_preprocessed.csv,98,-1,-1,0,0,Normal,Normal,0.9999362230300903,1
EMQX_preprocessed.csv,99,-1,-1,0,0,Normal,Normal,0.9998886585235596,1
EMQX_preprocessed.csv,100,-1,-1,0,0,Normal,Normal,0.99994957447052,1
EMQX_preprocessed.csv,101,-1,-1,0,0,Normal,Normal,0.9999260902404785,1
EMQX_preprocessed.csv,102,-1,-1,0,0,Normal,Normal,0.999937891960144,1
EMQX_preprocessed.csv,103,-1,-1,0,0,Normal,Normal,0.9999384880065918,1
EMQX_preprocessed.csv,104,-1,-1,0,0,Normal,Normal,0.9999258518218994,1
EMQX_preprocessed.csv,105,-1,-1,0,0,Normal,Normal,0.9998513460159302,1
EMQX_preprocessed.csv,106,-1,-1,0,0,Normal,Normal,0.9999176263809204,1
EMQX_preprocessed.csv,107,-1,-1,0,0,Normal,Normal,0.9999160766601562,1
EMQX_preprocessed.csv,108,-1,-1,0,0,Normal,Normal,0.9998644590377808,1
EMQX_preprocessed.csv,109,-1,-1,0,0,Normal,Normal,0.9999139308929443,1
EMQX_preprocessed.csv,110,-1,-1,0,0,Normal,Normal,0.999945878982544,1
EMQX_preprocessed.csv,111,-1,-1,0,0,Normal,Normal,0.9999467134475708,1
EMQX_preprocessed.csv,112,-1,-1,0,0,Normal,Normal,0.9999233484268188,1
EMQX_preprocessed.csv,113,-1,-1,0,0,Normal,Normal,0.9999263286590576,1
EMQX_preprocessed.csv,114,-1,-1,0,0,Normal,Normal,0.999954104423523,1
EMQX_preprocessed.csv,115,-1,-1,0,0,Normal,Normal,0.9999361038208008,1
EMQX_preprocessed.csv,116,-1,-1,0,0,Normal,Normal,0.9997698664665222,1
EMQX_preprocessed.csv,117,-1,-1,0,0,Normal,Normal,0.9999525547027588,1
EMQX_preprocessed.csv,118,-1,-1,0,0,Normal,Normal,0.9999294281005859,1
EMQX_preprocessed.csv,119,-1,-1,0,0,Normal,Normal,0.9999500513076782,1
EMQX_preprocessed.csv,120,-1,-1,0,0,Normal,Normal,0.9999316930770874,1
EMQX_preprocessed.csv,121,-1,-1,0,0,Normal,Normal,0.9996453523635864,1
EMQX_preprocessed.csv,122,-1,-1,0,0,Normal,Normal,0.9999395608901978,1
EMQX_preprocessed.csv,123,-1,-1,0,0,Normal,Normal,0.9999207258224487,1
EMQX_preprocessed.csv,124,-1,-1,0,0,Normal,Normal,0.9998407363891602,1
EMQX_preprocessed.csv,125,-1,-1,0,0,Normal,Normal,0.9999459981918335,1
EMQX_preprocessed.csv,126,-1,-1,0,0,Normal,Normal,0.9999364614486694,1
EMQX_preprocessed.csv,127,-1,-1,0,0,Normal,Normal,0.9999144077301025,1
EMQX_preprocessed.csv,128,-1,-1,0,0,Normal,Normal,0.9998165965080261,1
EMQX_preprocessed.csv,129,-1,-1,0,0,Normal,Normal,0.9999113082885742,1
EMQX_preprocessed.csv,130,-1,-1,0,0,Normal,Normal,0.9999107122421265,1
EMQX_preprocessed.csv,131,-1,-1,0,0,Normal,Normal,0.9999308586120605,1
EMQX_preprocessed.csv,132,-1,-1,0,0,Normal,Normal,0.9999061822891235,1
EMQX_preprocessed.csv,133,-1,-1,0,0,Normal,Normal,0.9999504089355469,1
EMQX_preprocessed.csv,134,-1,-1,0,0,Normal,Normal,0.9999467134475708,1
EMQX_preprocessed.csv,135,-1,-1,0,0,Normal,Normal,0.999451220035553,1
EMQX_preprocessed.csv,136,-1,-1,0,0,Normal,Normal,0.9999480247497559,1
EMQX_preprocessed.csv,137,-1,-1,0,0,Normal,Normal,0.9999470710754395,1
EMQX_preprocessed.csv,138,-1,-1,0,0,Normal,Normal,0.9999409914016724,1
EMQX_preprocessed.csv,139,-1,-1,0,0,Normal,Normal,0.999901533126831,1
EMQX_preprocessed.csv,140,-1,-1,0,0,Normal,Normal,0.9995922446250916,1
EMQX_preprocessed.csv,141,-1,-1,0,0,Normal,Normal,0.9999324083328247,1
EMQX_preprocessed.csv,142,-1,-1,0,0,Normal,Normal,0.9999322891235352,1
EMQX_preprocessed.csv,143,-1,-1,0,0,Normal,Normal,0.9999226331710815,1
EMQX_preprocessed.csv,144,-1,-1,0,0,Normal,Normal,0.9999336004257202,1
EMQX_preprocessed.csv,145,-1,-1,0,0,Normal,Normal,0.9997958540916443,1
EMQX_preprocessed.csv,146,-1,-1,0,0,Normal,Normal,0.9994063377380371,1
EMQX_preprocessed.csv,147,-1,-1,0,0,Normal,Normal,0.9998979568481445,1
EMQX_preprocessed.csv,148,-1,-1,0,0,Normal,Normal,0.9998846054077148,1
EMQX_preprocessed.csv,149,-1,-1,0,0,Normal,Normal,0.9998962879180908,1
EMQX_preprocessed.csv,150,-1,-1,0,0,Normal,Normal,0.9998931884765625,1
EMQX_preprocessed.csv,151,-1,-1,0,0,Normal,Normal,0.9999281167984009,1
EMQX_preprocessed.csv,152,-1,-1,0,0,Normal,Normal,0.9998892545700073,1
EMQX_preprocessed.csv,153,-1,-1,0,0,Normal,Normal,0.9999122619628906,1
EMQX_preprocessed.csv,154,-1,-1,0,0,Normal,Normal,0.9998927116394043,1
EMQX_preprocessed.csv,155,-1,-1,0,0,Normal,Normal,0.9998784065246582,1
EMQX_preprocessed.csv,156,-1,-1,0,0,Normal,Normal,0.9998977184295654,1
EMQX_preprocessed.csv,157,-1,-1,0,0,Normal,Normal,0.9993184804916382,1
EMQX_preprocessed.csv,158,-1,-1,0,0,Normal,Normal,0.9998340606689453,1
EMQX_preprocessed.csv,159,-1,-1,0,0,Normal,Normal,0.9999141693115234,1
EMQX_preprocessed.csv,160,-1,-1,0,0,Normal,Normal,0.9997765421867371,1
EMQX_preprocessed.csv,161,-1,-1,0,0,Normal,Normal,0.9996674060821533,1
EMQX_preprocessed.csv,162,-1,-1,0,0,Normal,Normal,0.9999358654022217,1
EMQX_preprocessed.csv,163,-1,-1,0,0,Normal,Normal,0.9999092817306519,1
EMQX_preprocessed.csv,164,-1,-1,0,0,Normal,Normal,0.9998076558113098,1
EMQX_preprocessed.csv,165,-1,-1,0,0,Normal,Normal,0.9999399185180664,1
EMQX_preprocessed.csv,166,-1,-1,0,0,Normal,Normal,0.999643087387085,1
EMQX_preprocessed.csv,167,-1,-1,0,0,Normal,Normal,0.9999415874481201,1
EMQX_preprocessed.csv,168,-1,-1,0,0,Normal,Normal,0.9998800754547119,1
EMQX_preprocessed.csv,169,-1,-1,0,0,Normal,Normal,0.9999210834503174,1
EMQX_preprocessed.csv,170,-1,-1,0,0,Normal,Normal,0.9999173879623413,1
EMQX_preprocessed.csv,171,-1,-1,0,0,Normal,Normal,0.9998642206192017,1
EMQX_preprocessed.csv,172,-1,-1,0,0,Normal,Normal,0.9999465942382812,1
EMQX_preprocessed.csv,173,-1,-1,0,0,Normal,Normal,0.9999363422393799,1
EMQX_preprocessed.csv,174,-1,-1,0,0,Normal,Normal,0.9999159574508667,1
EMQX_preprocessed.csv,175,-1,-1,0,0,Normal,Normal,0.9999176263809204,1
EMQX_preprocessed.csv,176,-1,-1,0,0,Normal,Normal,0.9999408721923828,1
EMQX_preprocessed.csv,177,-1,-1,0,0,Normal,Normal,0.9998883008956909,1
EMQX_preprocessed.csv,178,-1,-1,0,0,Normal,Normal,0.9999405145645142,1
EMQX_preprocessed.csv,179,-1,-1,0,0,Normal,Normal,0.9998563528060913,1
EMQX_preprocessed.csv,180,-1,-1,0,0,Normal,Normal,0.9999284744262695,1
EMQX_preprocessed.csv,181,-1,-1,0,0,Normal,Normal,0.9996485710144043,1
EMQX_preprocessed.csv,182,-1,-1,0,0,Normal,Normal,0.9999434947967529,1
EMQX_preprocessed.csv,183,-1,-1,0,0,Normal,Normal,0.9998812675476074,1
EMQX_preprocessed.csv,184,-1,-1,0,0,Normal,Normal,0.9976438879966736,1
EMQX_preprocessed.csv,185,-1,-1,0,0,Normal,Normal,0.9998739957809448,1
EMQX_preprocessed.csv,186,-1,-1,0,0,Normal,Normal,0.9999454021453857,1
EMQX_preprocessed.csv,187,-1,-1,0,0,Normal,Normal,0.9999344348907471,1
EMQX_preprocessed.csv,188,-1,-1,0,0,Normal,Normal,0.9999411106109619,1
EMQX_preprocessed.csv,189,-1,-1,0,0,Normal,Normal,0.9999148845672607,1
EMQX_preprocessed.csv,190,-1,-1,0,0,Normal,Normal,0.9999237060546875,1
EMQX_preprocessed.csv,191,-1,-1,0,0,Normal,Normal,0.9999239444732666,1
EMQX_preprocessed.csv,192,-1,-1,0,0,Normal,Normal,0.9998252987861633,1
EMQX_preprocessed.csv,193,-1,-1,0,0,Normal,Normal,0.9999022483825684,1
EMQX_preprocessed.csv,194,-1,-1,0,0,Normal,Normal,0.9999262094497681,1
EMQX_preprocessed.csv,195,-1,-1,0,0,Normal,Normal,0.9999212026596069,1
EMQX_preprocessed.csv,196,-1,-1,0,0,Normal,Normal,0.9998069405555725,1
EMQX_preprocessed.csv,197,-1,-1,0,0,Normal,Normal,0.9996246099472046,1
EMQX_preprocessed.csv,198,-1,-1,0,0,Normal,Normal,0.9999258518218994,1
EMQX_preprocessed.csv,199,-1,-1,0,0,Normal,Normal,0.9998993873596191,1
EMQX_preprocessed.csv,200,-1,-1,0,0,Normal,Normal,0.9999158382415771,1
EMQX_preprocessed.csv,201,-1,-1,0,0,Normal,Normal,0.9998750686645508,1
EMQX_preprocessed.csv,202,-1,-1,0,0,Normal,Normal,0.9998912811279297,1
EMQX_preprocessed.csv,203,-1,-1,0,0,Normal,Normal,0.999933123588562,1
EMQX_preprocessed.csv,204,-1,-1,0,0,Normal,Normal,0.9999401569366455,1
EMQX_preprocessed.csv,205,-1,-1,0,0,Normal,Normal,0.999858021736145,1
EMQX_preprocessed.csv,206,-1,-1,0,0,Normal,Normal,0.9998582601547241,1
EMQX_preprocessed.csv,207,-1,-1,0,0,Normal,Normal,0.9999438524246216,1
EMQX_preprocessed.csv,208,-1,-1,0,0,Normal,Normal,0.9924206137657166,1
EMQX_preprocessed.csv,209,-1,-1,0,0,Normal,Normal,0.9999409914016724,1
EMQX_preprocessed.csv,210,-1,-1,0,0,Normal,Normal,0.9998884201049805,1
EMQX_preprocessed.csv,211,-1,-1,0,0,Normal,Normal,0.9997329115867615,1
EMQX_preprocessed.csv,212,-1,-1,0,0,Normal,Normal,0.9944188594818115,1
EMQX_preprocessed.csv,213,-1,-1,0,0,Normal,Normal,0.99969482421875,1
EMQX_preprocessed.csv,214,-1,-1,0,0,Normal,Normal,0.9999462366104126,1
EMQX_preprocessed.csv,215,-1,-1,0,0,Normal,Normal,0.999846339225769,1
EMQX_preprocessed.csv,216,-1,-1,0,0,Normal,Normal,0.9999257326126099,1
EMQX_preprocessed.csv,217,-1,-1,0,0,Normal,Normal,0.9999004602432251,1
EMQX_preprocessed.csv,218,-1,-1,0,0,Normal,Normal,0.9999223947525024,1
EMQX_preprocessed.csv,219,-1,-1,0,0,Normal,Normal,0.9998598098754883,1
EMQX_preprocessed.csv,220,-1,-1,0,0,Normal,Normal,0.9998112320899963,1
EMQX_preprocessed.csv,221,-1,-1,0,0,Normal,Normal,0.9999436140060425,1
EMQX_preprocessed.csv,222,-1,-1,0,0,Normal,Normal,0.9999312162399292,1
EMQX_preprocessed.csv,223,-1,-1,0,0,Normal,Normal,0.9999364614486694,1
EMQX_preprocessed.csv,224,-1,-1,0,0,Normal,Normal,0.9959027171134949,1
EMQX_preprocessed.csv,225,-1,-1,0,0,Normal,Normal,0.9999393224716187,1
EMQX_preprocessed.csv,226,-1,-1,0,0,Normal,Normal,0.9999370574951172,1
EMQX_preprocessed.csv,227,-1,-1,0,0,Normal,Normal,0.9999449253082275,1
EMQX_preprocessed.csv,228,-1,-1,0,0,Normal,Normal,0.9999179840087891,1
EMQX_preprocessed.csv,229,-1,-1,0,0,Normal,Normal,0.9999440908432007,1
EMQX_preprocessed.csv,230,-1,-1,0,0,Normal,Normal,0.9999349117279053,1
EMQX_preprocessed.csv,231,-1,-1,0,0,Normal,Normal,0.9997618794441223,1
EMQX_preprocessed.csv,232,-1,-1,0,0,Normal,Normal,0.9999368190765381,1
EMQX_preprocessed.csv,233,-1,-1,0,0,Normal,Normal,0.9999375343322754,1
EMQX_preprocessed.csv,234,-1,-1,0,0,Normal,Normal,0.9999183416366577,1
EMQX_preprocessed.csv,235,-1,-1,0,0,Normal,Normal,0.9999138116836548,1
EMQX_preprocessed.csv,236,-1,-1,0,0,Normal,Normal,0.9999364614486694,1
EMQX_preprocessed.csv,237,-1,-1,0,0,Normal,Normal,0.9996293783187866,1
EMQX_preprocessed.csv,238,-1,-1,0,0,Normal,Normal,0.9999377727508545,1
EMQX_preprocessed.csv,239,-1,-1,0,0,Normal,Normal,0.999230146408081,1
EMQX_preprocessed.csv,240,-1,-1,0,0,Normal,Normal,0.9999476671218872,1
EMQX_preprocessed.csv,241,-1,-1,0,0,Normal,Normal,0.9999397993087769,1
EMQX_preprocessed.csv,242,-1,-1,0,0,Normal,Normal,0.9997803568840027,1
EMQX_preprocessed.csv,243,-1,-1,0,0,Normal,Normal,0.9999278783798218,1
EMQX_preprocessed.csv,244,-1,-1,0,0,Normal,Normal,0.9999245405197144,1
EMQX_preprocessed.csv,245,-1,-1,0,0,Normal,Normal,0.9999123811721802,1
EMQX_preprocessed.csv,246,-1,-1,0,0,Normal,Normal,0.9999462366104126,1
EMQX_preprocessed.csv,247,-1,-1,0,0,Normal,Normal,0.9999163150787354,1
EMQX_preprocessed.csv,248,-1,-1,0,0,Normal,Normal,0.9998946189880371,1
EMQX_preprocessed.csv,249,-1,-1,0,0,Normal,Normal,0.9999105930328369,1
EMQX_preprocessed.csv,250,-1,-1,0,0,Normal,Normal,0.9998948574066162,1
EMQX_preprocessed.csv,251,-1,-1,0,0,Normal,Normal,0.9999381303787231,1
EMQX_preprocessed.csv,252,-1,-1,0,0,Normal,Normal,0.9999159574508667,1
EMQX_preprocessed.csv,253,-1,-1,0,0,Normal,Normal,0.9999152421951294,1
EMQX_preprocessed.csv,254,-1,-1,0,0,Normal,Normal,0.9996730089187622,1
EMQX_preprocessed.csv,255,-1,-1,0,0,Normal,Normal,0.9999130964279175,1
EMQX_preprocessed.csv,256,-1,-1,0,0,Normal,Normal,0.9999434947967529,1
EMQX_preprocessed.csv,257,-1,-1,0,0,Normal,Normal,0.9999529123306274,1
EMQX_preprocessed.csv,258,-1,-1,0,0,Normal,Normal,0.9999395608901978,1
EMQX_preprocessed.csv,259,-1,-1,0,0,Normal,Normal,0.99994957447052,1
EMQX_preprocessed.csv,260,-1,-1,0,0,Normal,Normal,0.9992852807044983,1
EMQX_preprocessed.csv,261,-1,-1,0,0,Normal,Normal,0.9999368190765381,1
EMQX_preprocessed.csv,262,-1,-1,0,0,Normal,Normal,0.9999161958694458,1
EMQX_preprocessed.csv,263,-1,-1,0,0,Normal,Normal,0.9997802376747131,1
EMQX_preprocessed.csv,264,-1,-1,0,0,Normal,Normal,0.9999198913574219,1
EMQX_preprocessed.csv,265,-1,-1,0,0,Normal,Normal,0.9999127388000488,1
EMQX_preprocessed.csv,266,-1,-1,0,0,Normal,Normal,0.9999494552612305,1
EMQX_preprocessed.csv,267,-1,-1,0,0,Normal,Normal,0.999916672706604,1
EMQX_preprocessed.csv,268,-1,-1,0,0,Normal,Normal,0.999390721321106,1
EMQX_preprocessed.csv,269,-1,-1,0,0,Normal,Normal,0.9999455213546753,1
EMQX_preprocessed.csv,270,-1,-1,0,0,Normal,Normal,0.9999425411224365,1
EMQX_preprocessed.csv,271,-1,-1,0,0,Normal,Normal,0.9997298121452332,1
EMQX_preprocessed.csv,272,-1,-1,0,0,Normal,Normal,0.9998133778572083,1
EMQX_preprocessed.csv,273,-1,-1,0,0,Normal,Normal,0.9999204874038696,1
EMQX_preprocessed.csv,274,-1,-1,0,0,Normal,Normal,0.999882698059082,1
EMQX_preprocessed.csv,275,-1,-1,0,0,Normal,Normal,0.9997531771659851,1
EMQX_preprocessed.csv,276,-1,-1,0,0,Normal,Normal,0.9999188184738159,1
EMQX_preprocessed.csv,277,-1,-1,0,0,Normal,Normal,0.9998680353164673,1
EMQX_preprocessed.csv,278,-1,-1,0,0,Normal,Normal,0.999921441078186,1
EMQX_preprocessed.csv,279,-1,-1,0,0,Normal,Normal,0.9999258518218994,1
EMQX_preprocessed.csv,280,-1,-1,0,0,Normal,Normal,0.9999138116836548,1
EMQX_preprocessed.csv,281,-1,-1,0,0,Normal,Normal,0.9999228715896606,1
EMQX_preprocessed.csv,282,-1,-1,0,0,Normal,Normal,0.9999232292175293,1
EMQX_preprocessed.csv,283,-1,-1,0,0,Normal,Normal,0.9998792409896851,1
EMQX_preprocessed.csv,284,-1,-1,0,0,Normal,Normal,0.9998311996459961,1
EMQX_preprocessed.csv,285,-1,-1,0,0,Normal,Normal,0.999946117401123,1
EMQX_preprocessed.csv,286,-1,-1,0,0,Normal,Normal,0.9999463558197021,1
EMQX_preprocessed.csv,287,-1,-1,0,0,Normal,Normal,0.9999368190765381,1
EMQX_preprocessed.csv,288,-1,-1,0,0,Normal,Normal,0.999934196472168,1
EMQX_preprocessed.csv,289,-1,-1,0,0,Normal,Normal,0.999945878982544,1
EMQX_preprocessed.csv,290,-1,-1,0,0,Normal,Normal,0.9999526739120483,1
EMQX_preprocessed.csv,291,-1,-1,0,0,Normal,Normal,0.9999040365219116,1
EMQX_preprocessed.csv,292,-1,-1,0,0,Normal,Normal,0.9999352693557739,1
EMQX_preprocessed.csv,293,-1,-1,0,0,Normal,Normal,0.998331606388092,1
EMQX_preprocessed.csv,294,-1,-1,0,0,Normal,Normal,0.9973178505897522,1
EMQX_preprocessed.csv,295,-1,-1,0,0,Normal,Normal,0.9999406337738037,1
EMQX_preprocessed.csv,296,-1,-1,0,0,Normal,Normal,0.9998950958251953,1
EMQX_preprocessed.csv,297,-1,-1,0,0,Normal,Normal,0.9990204572677612,1
EMQX_preprocessed.csv,298,-1,-1,0,0,Normal,Normal,0.9999070167541504,1
EMQX_preprocessed.csv,299,-1,-1,0,0,Normal,Normal,0.9962257146835327,1
EMQX_preprocessed.csv,300,-1,-1,0,0,Normal,Normal,0.9999139308929443,1
EMQX_preprocessed.csv,301,-1,-1,0,0,Normal,Normal,0.9999371767044067,1
EMQX_preprocessed.csv,302,-1,-1,0,0,Normal,Normal,0.9998759031295776,1
EMQX_preprocessed.csv,303,-1,-1,0,0,Normal,Normal,0.9990195035934448,1
EMQX_preprocessed.csv,304,-1,-1,0,0,Normal,Normal,0.9999383687973022,1
EMQX_preprocessed.csv,305,-1,-1,0,0,Normal,Normal,0.9999324083328247,1
EMQX_preprocessed.csv,306,-1,-1,0,0,Normal,Normal,0.9998942613601685,1
EMQX_preprocessed.csv,307,-1,-1,0,0,Normal,Normal,0.9997039437294006,1
EMQX_preprocessed.csv,308,-1,-1,0,0,Normal,Normal,0.9984596967697144,1
EMQX_preprocessed.csv,309,-1,-1,0,0,Normal,Normal,0.999896764755249,1
EMQX_preprocessed.csv,310,-1,-1,0,0,Normal,Normal,0.9999222755432129,1
EMQX_preprocessed.csv,311,-1,-1,0,0,Normal,Normal,0.9999504089355469,1
EMQX_preprocessed.csv,312,-1,-1,0,0,Normal,Normal,0.9998072981834412,1
EMQX_preprocessed.csv,313,-1,-1,0,0,Normal,Normal,0.9999431371688843,1
EMQX_preprocessed.csv,314,-1,-1,0,0,Normal,Normal,0.9999405145645142,1
EMQX_preprocessed.csv,315,-1,-1,0,0,Normal,Normal,0.9999412298202515,1
EMQX_preprocessed.csv,316,-1,-1,0,0,Normal,Normal,0.9994971752166748,1
EMQX_preprocessed.csv,317,-1,-1,0,0,Normal,Normal,0.9999442100524902,1
EMQX_preprocessed.csv,318,-1,-1,0,0,Normal,Normal,0.9992914199829102,1
EMQX_preprocessed.csv,319,-1,-1,0,0,Normal,Normal,0.9999231100082397,1
EMQX_preprocessed.csv,320,-1,-1,0,0,Normal,Normal,0.9999070167541504,1
EMQX_preprocessed.csv,321,-1,-1,0,0,Normal,Normal,0.9998961687088013,1
EMQX_preprocessed.csv,322,-1,-1,0,0,Normal,Normal,0.9999332427978516,1
EMQX_preprocessed.csv,323,-1,-1,0,0,Normal,Normal,0.9999428987503052,1
EMQX_preprocessed.csv,324,-1,-1,0,0,Normal,Normal,0.9997766613960266,1
EMQX_preprocessed.csv,325,-1,-1,0,0,Normal,Normal,0.9999419450759888,1
EMQX_preprocessed.csv,326,-1,-1,0,0,Normal,Normal,0.9999147653579712,1
EMQX_preprocessed.csv,327,-1,-1,0,0,Normal,Normal,0.9999369382858276,1
EMQX_preprocessed.csv,328,-1,-1,0,0,Normal,Normal,0.9999282360076904,1
EMQX_preprocessed.csv,329,-1,-1,0,0,Normal,Normal,0.9998944997787476,1
EMQX_preprocessed.csv,330,-1,-1,0,0,Normal,Normal,0.9989349246025085,1
EMQX_preprocessed.csv,331,-1,-1,0,0,Normal,Normal,0.9999158382415771,1
EMQX_preprocessed.csv,332,-1,-1,0,0,Normal,Normal,0.9999101161956787,1
EMQX_preprocessed.csv,333,-1,-1,0,0,Normal,Normal,0.9999493360519409,1
EMQX_preprocessed.csv,334,-1,-1,0,0,Normal,Normal,0.9999377727508545,1
EMQX_preprocessed.csv,335,-1,-1,0,0,Normal,Normal,0.999934196472168,1
EMQX_preprocessed.csv,336,-1,-1,0,0,Normal,Normal,0.9999279975891113,1
EMQX_preprocessed.csv,337,-1,-1,0,0,Normal,Normal,0.999884843826294,1
EMQX_preprocessed.csv,338,-1,-1,0,0,Normal,Normal,0.9995810389518738,1
EMQX_preprocessed.csv,339,-1,-1,0,0,Normal,Normal,0.9998987913131714,1
EMQX_preprocessed.csv,340,-1,-1,0,0,Normal,Normal,0.9999247789382935,1
EMQX_preprocessed.csv,341,-1,-1,0,0,Normal,Normal,0.9999309778213501,1
EMQX_preprocessed.csv,342,-1,-1,0,0,Normal,Normal,0.9999455213546753,1
EMQX_preprocessed.csv,343,-1,-1,0,0,Normal,Normal,0.9999451637268066,1
EMQX_preprocessed.csv,344,-1,-1,0,0,Normal,Normal,0.999922513961792,1
EMQX_preprocessed.csv,345,-1,-1,0,0,Normal,Normal,0.9999345541000366,1
EMQX_preprocessed.csv,346,-1,-1,0,0,Normal,Normal,0.9998762607574463,1
EMQX_preprocessed.csv,347,-1,-1,0,0,Normal,Normal,0.9998409748077393,1
EMQX_preprocessed.csv,348,-1,-1,0,0,Normal,Normal,0.9999241828918457,1
EMQX_preprocessed.csv,349,-1,-1,0,0,Normal,Normal,0.9997321963310242,1
EMQX_preprocessed.csv,350,-1,-1,0,0,Normal,Normal,0.9999498128890991,1
EMQX_preprocessed.csv,351,-1,-1,0,0,Normal,Normal,0.9999428987503052,1
EMQX_preprocessed.csv,352,-1,-1,0,0,Normal,Normal,0.99994957447052,1
EMQX_preprocessed.csv,353,-1,-1,0,0,Normal,Normal,0.9998983144760132,1
EMQX_preprocessed.csv,354,-1,-1,0,0,Normal,Normal,0.9999158382415771,1
EMQX_preprocessed.csv,355,-1,-1,0,0,Normal,Normal,0.9996819496154785,1
EMQX_preprocessed.csv,356,-1,-1,0,0,Normal,Normal,0.9998806715011597,1
EMQX_preprocessed.csv,357,-1,-1,0,0,Normal,Normal,0.9999394416809082,1
EMQX_preprocessed.csv,358,-1,-1,0,0,Normal,Normal,0.999921441078186,1
EMQX_preprocessed.csv,359,-1,-1,0,0,Normal,Normal,0.9999483823776245,1
EMQX_preprocessed.csv,360,-1,-1,0,0,Normal,Normal,0.9998811483383179,1
EMQX_preprocessed.csv,361,-1,-1,0,0,Normal,Normal,0.9999372959136963,1
EMQX_preprocessed.csv,362,-1,-1,0,0,Normal,Normal,0.9998817443847656,1
EMQX_preprocessed.csv,363,-1,-1,0,0,Normal,Normal,0.9967145919799805,1
EMQX_preprocessed.csv,364,-1,-1,0,0,Normal,Normal,0.999923825263977,1
EMQX_preprocessed.csv,365,-1,-1,0,0,Normal,Normal,0.9997557997703552,1
EMQX_preprocessed.csv,366,-1,-1,0,0,Normal,Normal,0.9999512434005737,1
EMQX_preprocessed.csv,367,-1,-1,0,0,Normal,Normal,0.9999246597290039,1
EMQX_preprocessed.csv,368,-1,-1,0,0,Normal,Normal,0.9999231100082397,1
EMQX_preprocessed.csv,369,-1,-1,0,0,Normal,Normal,0.9999294281005859,1
EMQX_preprocessed.csv,370,-1,-1,0,0,Normal,Normal,0.9997232556343079,1
EMQX_preprocessed.csv,371,-1,-1,0,0,Normal,Normal,0.9998471736907959,1
EMQX_preprocessed.csv,372,-1,-1,0,0,Normal,Normal,0.9999204874038696,1
EMQX_preprocessed.csv,373,-1,-1,0,0,Normal,Normal,0.9999511241912842,1
EMQX_preprocessed.csv,374,-1,-1,0,0,Normal,Normal,0.9998598098754883,1
EMQX_preprocessed.csv,375,-1,-1,0,0,Normal,Normal,0.9999160766601562,1
EMQX_preprocessed.csv,376,-1,-1,0,0,Normal,Normal,0.9999209642410278,1
EMQX_preprocessed.csv,377,-1,-1,0,0,Normal,Normal,0.9998738765716553,1
EMQX_preprocessed.csv,378,-1,-1,0,0,Normal,Normal,0.9999454021453857,1
EMQX_preprocessed.csv,379,-1,-1,0,0,Normal,Normal,0.9998745918273926,1
EMQX_preprocessed.csv,380,-1,-1,0,0,Normal,Normal,0.9998465776443481,1
EMQX_preprocessed.csv,381,-1,-1,0,0,Normal,Normal,0.9999501705169678,1
EMQX_preprocessed.csv,382,-1,-1,0,0,Normal,Normal,0.9998786449432373,1
EMQX_preprocessed.csv,383,-1,-1,0,0,Normal,Normal,0.9999414682388306,1
EMQX_preprocessed.csv,384,-1,-1,0,0,Normal,Normal,0.9999457597732544,1
EMQX_preprocessed.csv,385,-1,-1,0,0,Normal,Normal,0.9998871088027954,1
EMQX_preprocessed.csv,386,-1,-1,0,0,Normal,Normal,0.9998339414596558,1
EMQX_preprocessed.csv,387,-1,-1,0,0,Normal,Normal,0.9999396800994873,1
EMQX_preprocessed.csv,388,-1,-1,0,0,Normal,Normal,0.999937891960144,1
EMQX_preprocessed.csv,389,-1,-1,0,0,Normal,Normal,0.999915599822998,1
EMQX_preprocessed.csv,390,-1,-1,0,0,Normal,Normal,0.9999363422393799,1
EMQX_preprocessed.csv,391,-1,-1,0,0,Normal,Normal,0.9998088479042053,1
EMQX_preprocessed.csv,392,-1,-1,0,0,Normal,Normal,0.9992389678955078,1
EMQX_preprocessed.csv,393,-1,-1,0,0,Normal,Normal,0.9993438124656677,1
EMQX_preprocessed.csv,394,-1,-1,0,0,Normal,Normal,0.9999396800994873,1
EMQX_preprocessed.csv,395,-1,-1,0,0,Normal,Normal,0.9999440908432007,1
EMQX_preprocessed.csv,396,-1,-1,0,0,Normal,Normal,0.9999221563339233,1
EMQX_preprocessed.csv,397,-1,-1,0,0,Normal,Normal,0.9998455047607422,1
EMQX_preprocessed.csv,398,-1,-1,0,0,Normal,Normal,0.9999427795410156,1
EMQX_preprocessed.csv,399,-1,-1,0,0,Normal,Normal,0.9999428987503052,1
EMQX_preprocessed.csv,400,-1,-1,0,0,Normal,Normal,0.9998038411140442,1
EMQX_preprocessed.csv,401,-1,-1,0,0,Normal,Normal,0.9999415874481201,1
EMQX_preprocessed.csv,402,-1,-1,0,0,Normal,Normal,0.9996330738067627,1
EMQX_preprocessed.csv,403,-1,-1,0,0,Normal,Normal,0.9998836517333984,1
EMQX_preprocessed.csv,404,-1,-1,0,0,Normal,Normal,0.9999463558197021,1
EMQX_preprocessed.csv,405,-1,-1,0,0,Normal,Normal,0.9989320635795593,1
EMQX_preprocessed.csv,406,-1,-1,0,0,Normal,Normal,0.9999412298202515,1
EMQX_preprocessed.csv,407,-1,-1,0,0,Normal,Normal,0.9999408721923828,1
EMQX_preprocessed.csv,408,-1,-1,0,0,Normal,Normal,0.9999005794525146,1
EMQX_preprocessed.csv,409,-1,-1,0,0,Normal,Normal,0.9998979568481445,1
EMQX_preprocessed.csv,410,-1,-1,0,0,Normal,Normal,0.9999203681945801,1
EMQX_preprocessed.csv,411,-1,-1,0,0,Normal,Normal,0.999944806098938,1
EMQX_preprocessed.csv,412,-1,-1,0,0,Normal,Normal,0.9999361038208008,1
EMQX_preprocessed.csv,413,-1,-1,0,0,Normal,Normal,0.9999480247497559,1
EMQX_preprocessed.csv,414,-1,-1,0,0,Normal,Normal,0.9999529123306274,1
EMQX_preprocessed.csv,415,-1,-1,0,0,Normal,Normal,0.9999399185180664,1
EMQX_preprocessed.csv,416,-1,-1,0,0,Normal,Normal,0.9998641014099121,1
EMQX_preprocessed.csv,417,-1,-1,0,0,Normal,Normal,0.9999271631240845,1
EMQX_preprocessed.csv,418,-1,-1,0,0,Normal,Normal,0.9999551773071289,1
EMQX_preprocessed.csv,419,-1,-1,0,0,Normal,Normal,0.9999445676803589,1
EMQX_preprocessed.csv,420,-1,-1,0,0,Normal,Normal,0.9997739195823669,1
EMQX_preprocessed.csv,421,-1,-1,0,0,Normal,Normal,0.9999302625656128,1
EMQX_preprocessed.csv,422,-1,-1,0,0,Normal,Normal,0.9998412132263184,1
EMQX_preprocessed.csv,423,-1,-1,0,0,Normal,Normal,0.9998821020126343,1
EMQX_preprocessed.csv,424,-1,-1,0,0,Normal,Normal,0.9999352693557739,1
EMQX_preprocessed.csv,425,-1,-1,0,0,Normal,Normal,0.9999415874481201,1
EMQX_preprocessed.csv,426,-1,-1,0,0,Normal,Normal,0.9999332427978516,1
EMQX_preprocessed.csv,427,-1,-1,0,0,Normal,Normal,0.9998849630355835,1
EMQX_preprocessed.csv,428,-1,-1,0,0,Normal,Normal,0.9999319314956665,1
EMQX_preprocessed.csv,429,-1,-1,0,0,Normal,Normal,0.9998490810394287,1
EMQX_preprocessed.csv,430,-1,-1,0,0,Normal,Normal,0.9999352693557739,1
EMQX_preprocessed.csv,431,-1,-1,0,0,Normal,Normal,0.9999488592147827,1
EMQX_preprocessed.csv,432,-1,-1,0,0,Normal,Normal,0.9999425411224365,1
EMQX_preprocessed.csv,433,-1,-1,0,0,Normal,Normal,0.9999067783355713,1
EMQX_preprocessed.csv,434,-1,-1,0,0,Normal,Normal,0.9999148845672607,1
EMQX_preprocessed.csv,435,-1,-1,0,0,Normal,Normal,0.999942421913147,1
EMQX_preprocessed.csv,436,-1,-1,0,0,Normal,Normal,0.9999499320983887,1
EMQX_preprocessed.csv,437,-1,-1,0,0,Normal,Normal,0.99988853931427,1
EMQX_preprocessed.csv,438,-1,-1,0,0,Normal,Normal,0.9998942613601685,1
EMQX_preprocessed.csv,439,-1,-1,0,0,Normal,Normal,0.9999390840530396,1
EMQX_preprocessed.csv,440,-1,-1,0,0,Normal,Normal,0.9998151659965515,1
EMQX_preprocessed.csv,441,-1,-1,0,0,Normal,Normal,0.9998891353607178,1
EMQX_preprocessed.csv,442,-1,-1,0,0,Normal,Normal,0.9999154806137085,1
EMQX_preprocessed.csv,443,-1,-1,0,0,Normal,Normal,0.9997219443321228,1
EMQX_preprocessed.csv,444,-1,-1,0,0,Normal,Normal,0.9998965263366699,1
EMQX_preprocessed.csv,445,-1,-1,0,0,Normal,Normal,0.9998644590377808,1
EMQX_preprocessed.csv,446,-1,-1,0,0,Normal,Normal,0.9999351501464844,1
EMQX_preprocessed.csv,447,-1,-1,0,0,Normal,Normal,0.9999219179153442,1
EMQX_preprocessed.csv,448,-1,-1,0,0,Normal,Normal,0.9999337196350098,1
EMQX_preprocessed.csv,449,-1,-1,0,0,Normal,Normal,0.999927282333374,1
EMQX_preprocessed.csv,450,-1,-1,0,0,Normal,Normal,0.9988803267478943,1
EMQX_preprocessed.csv,451,-1,-1,0,0,Normal,Normal,0.9998447895050049,1
EMQX_preprocessed.csv,452,-1,-1,0,0,Normal,Normal,0.9998855590820312,1
EMQX_preprocessed.csv,453,-1,-1,0,0,Normal,Normal,0.9999301433563232,1
EMQX_preprocessed.csv,454,-1,-1,0,0,Normal,Normal,0.9998513460159302,1
EMQX_preprocessed.csv,455,-1,-1,0,0,Normal,Normal,0.9999463558197021,1
EMQX_preprocessed.csv,456,-1,-1,0,0,Normal,Normal,0.9999217987060547,1
EMQX_preprocessed.csv,457,-1,-1,0,0,Normal,Normal,0.9946346282958984,1
EMQX_preprocessed.csv,458,-1,-1,0,0,Normal,Normal,0.9998942613601685,1
EMQX_preprocessed.csv,459,-1,-1,0,0,Normal,Normal,0.9996861219406128,1
EMQX_preprocessed.csv,460,-1,-1,0,0,Normal,Normal,0.9997444748878479,1
EMQX_preprocessed.csv,461,-1,-1,0,0,Normal,Normal,0.9999113082885742,1
EMQX_preprocessed.csv,462,-1,-1,0,0,Normal,Normal,0.9999439716339111,1
EMQX_preprocessed.csv,463,-1,-1,0,0,Normal,Normal,0.9950472116470337,1
EMQX_preprocessed.csv,464,-1,-1,0,0,Normal,Normal,0.9999463558197021,1
EMQX_preprocessed.csv,465,-1,-1,0,0,Normal,Normal,0.9998990297317505,1
EMQX_preprocessed.csv,466,-1,-1,0,0,Normal,Normal,0.9999529123306274,1
EMQX_preprocessed.csv,467,-1,-1,0,0,Normal,Normal,0.9998950958251953,1
EMQX_preprocessed.csv,468,-1,-1,0,0,Normal,Normal,0.9999203681945801,1
EMQX_preprocessed.csv,469,-1,-1,0,0,Normal,Normal,0.9999419450759888,1
EMQX_preprocessed.csv,470,-1,-1,0,0,Normal,Normal,0.9997617602348328,1
EMQX_preprocessed.csv,471,-1,-1,0,0,Normal,Normal,0.9929524064064026,1
EMQX_preprocessed.csv,472,-1,-1,0,0,Normal,Normal,0.9995926022529602,1
EMQX_preprocessed.csv,473,-1,-1,0,0,Normal,Normal,0.9999209642410278,1
EMQX_preprocessed.csv,474,-1,-1,0,0,Normal,Normal,0.9999314546585083,1
EMQX_preprocessed.csv,475,-1,-1,0,0,Normal,Normal,0.9998729228973389,1
EMQX_preprocessed.csv,476,-1,-1,0,0,Normal,Normal,0.9999350309371948,1
EMQX_preprocessed.csv,477,-1,-1,0,0,Normal,Normal,0.9974000453948975,1
EMQX_preprocessed.csv,478,-1,-1,0,0,Normal,Normal,0.9998471736907959,1
EMQX_preprocessed.csv,479,-1,-1,0,0,Normal,Normal,0.9997982382774353,1
EMQX_preprocessed.csv,480,-1,-1,0,0,Normal,Normal,0.9998941421508789,1
EMQX_preprocessed.csv,481,-1,-1,0,0,Normal,Normal,0.9997751116752625,1
EMQX_preprocessed.csv,482,-1,-1,0,0,Normal,Normal,0.9997585415840149,1
EMQX_preprocessed.csv,483,-1,-1,0,0,Normal,Normal,0.9999377727508545,1
EMQX_preprocessed.csv,484,-1,-1,0,0,Normal,Normal,0.9999181032180786,1
EMQX_preprocessed.csv,485,-1,-1,0,0,Normal,Normal,0.9999415874481201,1
EMQX_preprocessed.csv,486,-1,-1,0,0,Normal,Normal,0.9999432563781738,1
EMQX_preprocessed.csv,487,-1,-1,0,0,Normal,Normal,0.9998574256896973,1
EMQX_preprocessed.csv,488,-1,-1,0,0,Normal,Normal,0.9998992681503296,1
EMQX_preprocessed.csv,489,-1,-1,0,0,Normal,Normal,0.9999080896377563,1
EMQX_preprocessed.csv,490,-1,-1,0,0,Normal,Normal,0.9999397993087769,1
EMQX_preprocessed.csv,491,-1,-1,0,0,Normal,Normal,0.9985325336456299,1
EMQX_preprocessed.csv,492,-1,-1,0,0,Normal,Normal,0.9998514652252197,1
EMQX_preprocessed.csv,493,-1,-1,0,0,Normal,Normal,0.9999494552612305,1
EMQX_preprocessed.csv,494,-1,-1,0,0,Normal,Normal,0.9999381303787231,1
EMQX_preprocessed.csv,495,-1,-1,0,0,Normal,Normal,0.9998903274536133,1
EMQX_preprocessed.csv,496,-1,-1,0,0,Normal,Normal,0.9999179840087891,1
EMQX_preprocessed.csv,497,-1,-1,0,0,Normal,Normal,0.9999364614486694,1
EMQX_preprocessed.csv,498,-1,-1,0,0,Normal,Normal,0.9999452829360962,1
EMQX_preprocessed.csv,499,-1,-1,0,0,Normal,Normal,0.9998723268508911,1
EMQX_preprocessed.csv,500,-1,-1,0,0,Normal,Normal,0.9999165534973145,1
EMQX_preprocessed.csv,501,-1,-1,0,0,Normal,Normal,0.9999209642410278,1
EMQX_preprocessed.csv,502,-1,-1,0,0,Normal,Normal,0.999184787273407,1
EMQX_preprocessed.csv,503,-1,-1,0,0,Normal,Normal,0.999873161315918,1
EMQX_preprocessed.csv,504,-1,-1,0,0,Normal,Normal,0.9997637867927551,1
EMQX_preprocessed.csv,505,-1,-1,0,0,Normal,Normal,0.9999384880065918,1
EMQX_preprocessed.csv,506,-1,-1,0,0,Normal,Normal,0.9999432563781738,1
EMQX_preprocessed.csv,507,-1,-1,0,0,Normal,Normal,0.9998865127563477,1
EMQX_preprocessed.csv,508,-1,-1,0,0,Normal,Normal,0.9999438524246216,1
EMQX_preprocessed.csv,509,-1,-1,0,0,Normal,Normal,0.9999339580535889,1
EMQX_preprocessed.csv,510,-1,-1,0,0,Normal,Normal,0.9999427795410156,1
EMQX_preprocessed.csv,511,-1,-1,0,0,Normal,Normal,0.9999207258224487,1
EMQX_preprocessed.csv,512,-1,-1,0,0,Normal,Normal,0.9999397993087769,1
EMQX_preprocessed.csv,513,-1,-1,0,0,Normal,Normal,0.9999364614486694,1
EMQX_preprocessed.csv,514,-1,-1,0,0,Normal,Normal,0.9999446868896484,1
EMQX_preprocessed.csv,515,-1,-1,0,0,Normal,Normal,0.999947190284729,1
EMQX_preprocessed.csv,516,-1,-1,0,0,Normal,Normal,0.9998582601547241,1
EMQX_preprocessed.csv,517,-1,-1,0,0,Normal,Normal,0.9997376799583435,1
EMQX_preprocessed.csv,518,-1,-1,0,0,Normal,Normal,0.999866247177124,1
EMQX_preprocessed.csv,519,-1,-1,0,0,Normal,Normal,0.9998667240142822,1
EMQX_preprocessed.csv,520,-1,-1,0,0,Normal,Normal,0.9999264478683472,1
EMQX_preprocessed.csv,521,-1,-1,0,0,Normal,Normal,0.9999215602874756,1
EMQX_preprocessed.csv,522,-1,-1,0,0,Normal,Normal,0.9998883008956909,1
EMQX_preprocessed.csv,523,-1,-1,0,0,Normal,Normal,0.9999494552612305,1
EMQX_preprocessed.csv,524,-1,-1,0,0,Normal,Normal,0.9999358654022217,1
EMQX_preprocessed.csv,525,-1,-1,0,0,Normal,Normal,0.9999386072158813,1
EMQX_preprocessed.csv,526,-1,-1,0,0,Normal,Normal,0.9999321699142456,1
EMQX_preprocessed.csv,527,-1,-1,0,0,Normal,Normal,0.9999209642410278,1
EMQX_preprocessed.csv,528,-1,-1,0,0,Normal,Normal,0.9999127388000488,1
EMQX_preprocessed.csv,529,-1,-1,0,0,Normal,Normal,0.9999418258666992,1
EMQX_preprocessed.csv,530,-1,-1,0,0,Normal,Normal,0.9999260902404785,1
EMQX_preprocessed.csv,531,-1,-1,0,0,Normal,Normal,0.9999443292617798,1
EMQX_preprocessed.csv,532,-1,-1,0,0,Normal,Normal,0.9999465942382812,1
EMQX_preprocessed.csv,533,-1,-1,0,0,Normal,Normal,0.9999340772628784,1
EMQX_preprocessed.csv,534,-1,-1,0,0,Normal,Normal,0.9999573230743408,1
EMQX_preprocessed.csv,535,-1,-1,0,0,Normal,Normal,0.9999517202377319,1
EMQX_preprocessed.csv,536,-1,-1,0,0,Normal,Normal,0.9999372959136963,1
EMQX_preprocessed.csv,537,-1,-1,0,0,Normal,Normal,0.9999446868896484,1
EMQX_preprocessed.csv,538,-1,-1,0,0,Normal,Normal,0.999951958656311,1
EMQX_preprocessed.csv,539,-1,-1,0,0,Normal,Normal,0.9999462366104126,1
EMQX_preprocessed.csv,540,-1,-1,0,0,Normal,Normal,0.9999032020568848,1
EMQX_preprocessed.csv,541,-1,-1,0,0,Normal,Normal,0.9999268054962158,1
EMQX_preprocessed.csv,542,-1,-1,0,0,Normal,Normal,0.9999549388885498,1
EMQX_preprocessed.csv,543,-1,-1,0,0,Normal,Normal,0.9999376535415649,1
EMQX_preprocessed.csv,544,-1,-1,0,0,Normal,Normal,0.9999027252197266,1
EMQX_preprocessed.csv,545,-1,-1,0,0,Normal,Normal,0.9998874664306641,1
EMQX_preprocessed.csv,546,-1,-1,0,0,Normal,Normal,0.9999322891235352,1
EMQX_preprocessed.csv,547,-1,-1,0,0,Normal,Normal,0.9994261264801025,1
EMQX_preprocessed.csv,548,-1,-1,0,0,Normal,Normal,0.9999498128890991,1
EMQX_preprocessed.csv,549,-1,-1,0,0,Normal,Normal,0.9999328851699829,1
EMQX_preprocessed.csv,550,-1,-1,0,0,Normal,Normal,0.9999209642410278,1
EMQX_preprocessed.csv,551,-1,-1,0,0,Normal,Normal,0.9970280528068542,1
EMQX_preprocessed.csv,552,-1,-1,0,0,Normal,Normal,0.9980239868164062,1
EMQX_preprocessed.csv,553,-1,-1,0,0,Normal,Normal,0.9999139308929443,1
EMQX_preprocessed.csv,554,-1,-1,0,0,Normal,Normal,0.9998668432235718,1
EMQX_preprocessed.csv,555,-1,-1,0,0,Normal,Normal,0.9999381303787231,1
EMQX_preprocessed.csv,556,-1,-1,0,0,Normal,Normal,0.999915599822998,1
EMQX_preprocessed.csv,557,-1,-1,0,0,Normal,Normal,0.9995867609977722,1
EMQX_preprocessed.csv,558,-1,-1,0,0,Normal,Normal,0.9999499320983887,1
EMQX_preprocessed.csv,559,-1,-1,0,0,Normal,Normal,0.9999463558197021,1
EMQX_preprocessed.csv,560,-1,-1,0,0,Normal,Normal,0.9999438524246216,1
EMQX_preprocessed.csv,561,-1,-1,0,0,Normal,Normal,0.9998823404312134,1
EMQX_preprocessed.csv,562,-1,-1,0,0,Normal,Normal,0.9999475479125977,1
EMQX_preprocessed.csv,563,-1,-1,0,0,Normal,Normal,0.9980971217155457,1
EMQX_preprocessed.csv,564,-1,-1,0,0,Normal,Normal,0.9999465942382812,1
EMQX_preprocessed.csv,565,-1,-1,0,0,Normal,Normal,0.9999412298202515,1
EMQX_preprocessed.csv,566,-1,-1,0,0,Normal,Normal,0.9997088313102722,1
EMQX_preprocessed.csv,567,-1,-1,0,0,Normal,Normal,0.9999492168426514,1
EMQX_preprocessed.csv,568,-1,-1,0,0,Normal,Normal,0.9997866749763489,1
EMQX_preprocessed.csv,569,-1,-1,0,0,Normal,Normal,0.9995222091674805,1
EMQX_preprocessed.csv,570,-1,-1,0,0,Normal,Normal,0.9999426603317261,1
EMQX_preprocessed.csv,571,-1,-1,0,0,Normal,Normal,0.9999171495437622,1
EMQX_preprocessed.csv,572,-1,-1,0,0,Normal,Normal,0.9999493360519409,1
EMQX_preprocessed.csv,573,-1,-1,0,0,Normal,Normal,0.9999455213546753,1
EMQX_preprocessed.csv,574,-1,-1,0,0,Normal,Normal,0.9997724890708923,1
EMQX_preprocessed.csv,575,-1,-1,0,0,Normal,Normal,0.9999396800994873,1
EMQX_preprocessed.csv,576,-1,-1,0,0,Normal,Normal,0.9999411106109619,1
EMQX_preprocessed.csv,577,-1,-1,0,0,Normal,Normal,0.9746983647346497,1
EMQX_preprocessed.csv,578,-1,-1,0,0,Normal,Normal,0.9999126195907593,1
EMQX_preprocessed.csv,579,-1,-1,0,0,Normal,Normal,0.9998341798782349,1
EMQX_preprocessed.csv,580,-1,-1,0,0,Normal,Normal,0.999946117401123,1
EMQX_preprocessed.csv,581,-1,-1,0,0,Normal,Normal,0.999751627445221,1
EMQX_preprocessed.csv,582,-1,-1,0,0,Normal,Normal,0.9999444484710693,1
EMQX_preprocessed.csv,583,-1,-1,0,0,Normal,Normal,0.9999527931213379,1
EMQX_preprocessed.csv,584,-1,-1,0,0,Normal,Normal,0.9999500513076782,1
EMQX_preprocessed.csv,585,-1,-1,0,0,Normal,Normal,0.9998432397842407,1
EMQX_preprocessed.csv,586,-1,-1,0,0,Normal,Normal,0.9997835755348206,1
EMQX_preprocessed.csv,587,-1,-1,0,0,Normal,Normal,0.9998499155044556,1
EMQX_preprocessed.csv,588,-1,-1,0,0,Normal,Normal,0.9999227523803711,1
EMQX_preprocessed.csv,589,-1,-1,0,0,Normal,Normal,0.9998663663864136,1
EMQX_preprocessed.csv,590,-1,-1,0,0,Normal,Normal,0.9999163150787354,1
EMQX_preprocessed.csv,591,-1,-1,0,0,Normal,Normal,0.9999463558197021,1
EMQX_preprocessed.csv,592,-1,-1,0,0,Normal,Normal,0.9999542236328125,1
EMQX_preprocessed.csv,593,-1,-1,0,0,Normal,Normal,0.9999345541000366,1
EMQX_preprocessed.csv,594,-1,-1,0,0,Normal,Normal,0.9907922744750977,1
EMQX_preprocessed.csv,595,-1,-1,0,0,Normal,Normal,0.9999247789382935,1
EMQX_preprocessed.csv,596,-1,-1,0,0,Normal,Normal,0.9998685121536255,1
EMQX_preprocessed.csv,597,-1,-1,0,0,Normal,Normal,0.9999315738677979,1
EMQX_preprocessed.csv,598,-1,-1,0,0,Normal,Normal,0.9999325275421143,1
EMQX_preprocessed.csv,599,-1,-1,0,0,Normal,Normal,0.9999291896820068,1
EMQX_preprocessed.csv,600,-1,-1,0,0,Normal,Normal,0.9999377727508545,1
EMQX_preprocessed.csv,601,-1,-1,0,0,Normal,Normal,0.9997907280921936,1
EMQX_preprocessed.csv,602,-1,-1,0,0,Normal,Normal,0.9999173879623413,1
EMQX_preprocessed.csv,603,-1,-1,0,0,Normal,Normal,0.9998888969421387,1
EMQX_preprocessed.csv,604,-1,-1,0,0,Normal,Normal,0.9958937168121338,1
EMQX_preprocessed.csv,605,-1,-1,0,0,Normal,Normal,0.9999477863311768,1
EMQX_preprocessed.csv,606,-1,-1,0,0,Normal,Normal,0.9999029636383057,1
EMQX_preprocessed.csv,607,-1,-1,0,0,Normal,Normal,0.9992159605026245,1
EMQX_preprocessed.csv,608,-1,-1,0,0,Normal,Normal,0.9999457597732544,1
EMQX_preprocessed.csv,609,-1,-1,0,0,Normal,Normal,0.9999246597290039,1
EMQX_preprocessed.csv,610,-1,-1,0,0,Normal,Normal,0.9999167919158936,1
EMQX_preprocessed.csv,611,-1,-1,0,0,Normal,Normal,0.9999517202377319,1
EMQX_preprocessed.csv,612,-1,-1,0,0,Normal,Normal,0.9998437166213989,1
EMQX_preprocessed.csv,613,-1,-1,0,0,Normal,Normal,0.999512791633606,1
EMQX_preprocessed.csv,614,-1,-1,0,0,Normal,Normal,0.9999027252197266,1
EMQX_preprocessed.csv,615,-1,-1,0,0,Normal,Normal,0.9998770952224731,1
EMQX_preprocessed.csv,616,-1,-1,0,0,Normal,Normal,0.9999456405639648,1
EMQX_preprocessed.csv,617,-1,-1,0,0,Normal,Normal,0.999957799911499,1
EMQX_preprocessed.csv,618,-1,-1,0,0,Normal,Normal,0.999948263168335,1
EMQX_preprocessed.csv,619,-1,-1,0,0,Normal,Normal,0.9997825026512146,1
EMQX_preprocessed.csv,620,-1,-1,0,0,Normal,Normal,0.9998853206634521,1
EMQX_preprocessed.csv,621,-1,-1,0,0,Normal,Normal,0.9993641972541809,1
EMQX_preprocessed.csv,622,-1,-1,0,0,Normal,Normal,0.9999485015869141,1
EMQX_preprocessed.csv,623,-1,-1,0,0,Normal,Normal,0.9999040365219116,1
EMQX_preprocessed.csv,624,-1,-1,0,0,Normal,Normal,0.9995896220207214,1
EMQX_preprocessed.csv,625,-1,-1,0,0,Normal,Normal,0.999895453453064,1
EMQX_preprocessed.csv,626,-1,-1,0,0,Normal,Normal,0.9998865127563477,1
EMQX_preprocessed.csv,627,-1,-1,0,0,Normal,Normal,0.997309684753418,1
EMQX_preprocessed.csv,628,-1,-1,0,0,Normal,Normal,0.9999371767044067,1
EMQX_preprocessed.csv,629,-1,-1,0,0,Normal,Normal,0.9999508857727051,1
EMQX_preprocessed.csv,630,-1,-1,0,0,Normal,Normal,0.999948263168335,1
EMQX_preprocessed.csv,631,-1,-1,0,0,Normal,Normal,0.9992786049842834,1
EMQX_preprocessed.csv,632,-1,-1,0,0,Normal,Normal,0.99993896484375,1
EMQX_preprocessed.csv,633,-1,-1,0,0,Normal,Normal,0.999937891960144,1
EMQX_preprocessed.csv,634,-1,-1,0,0,Normal,Normal,0.9999163150787354,1
EMQX_preprocessed.csv,635,-1,-1,0,0,Normal,Normal,0.9998863935470581,1
EMQX_preprocessed.csv,636,-1,-1,0,0,Normal,Normal,0.9999349117279053,1
EMQX_preprocessed.csv,637,-1,-1,0,0,Normal,Normal,0.999894380569458,1
EMQX_preprocessed.csv,638,-1,-1,0,0,Normal,Normal,0.9999412298202515,1
EMQX_preprocessed.csv,639,-1,-1,0,0,Normal,Normal,0.9999282360076904,1
EMQX_preprocessed.csv,640,-1,-1,0,0,Normal,Normal,0.9998605251312256,1
EMQX_preprocessed.csv,641,-1,-1,0,0,Normal,Normal,0.9998558759689331,1
EMQX_preprocessed.csv,642,-1,-1,0,0,Normal,Normal,0.999809205532074,1
EMQX_preprocessed.csv,643,-1,-1,0,0,Normal,Normal,0.9999369382858276,1
EMQX_preprocessed.csv,644,-1,-1,0,0,Normal,Normal,0.9999457597732544,1
EMQX_preprocessed.csv,645,-1,-1,0,0,Normal,Normal,0.9998828172683716,1
EMQX_preprocessed.csv,646,-1,-1,0,0,Normal,Normal,0.9998679161071777,1
EMQX_preprocessed.csv,647,-1,-1,0,0,Normal,Normal,0.9997562766075134,1
EMQX_preprocessed.csv,648,-1,-1,0,0,Normal,Normal,0.9999514818191528,1
EMQX_preprocessed.csv,649,-1,-1,0,0,Normal,Normal,0.999850869178772,1
EMQX_preprocessed.csv,650,-1,-1,0,0,Normal,Normal,0.999953031539917,1
EMQX_preprocessed.csv,651,-1,-1,0,0,Normal,Normal,0.9999402761459351,1
EMQX_preprocessed.csv,652,-1,-1,0,0,Normal,Normal,0.9999212026596069,1
EMQX_preprocessed.csv,653,-1,-1,0,0,Normal,Normal,0.9999110698699951,1
EMQX_preprocessed.csv,654,-1,-1,0,0,Normal,Normal,0.9998099207878113,1
EMQX_preprocessed.csv,655,-1,-1,0,0,Normal,Normal,0.9999459981918335,1
EMQX_preprocessed.csv,656,-1,-1,0,0,Normal,Normal,0.9999476671218872,1
EMQX_preprocessed.csv,657,-1,-1,0,0,Normal,Normal,0.9998773336410522,1
EMQX_preprocessed.csv,658,-1,-1,0,0,Normal,Normal,0.9998950958251953,1
EMQX_preprocessed.csv,659,-1,-1,0,0,Normal,Normal,0.999790370464325,1
EMQX_preprocessed.csv,660,-1,-1,0,0,Normal,Normal,0.999542236328125,1
EMQX_preprocessed.csv,661,-1,-1,0,0,Normal,Normal,0.9998488426208496,1
EMQX_preprocessed.csv,662,-1,-1,0,0,Normal,Normal,0.9998651742935181,1
EMQX_preprocessed.csv,663,-1,-1,0,0,Normal,Normal,0.9998428821563721,1
EMQX_preprocessed.csv,664,-1,-1,0,0,Normal,Normal,0.9999247789382935,1
EMQX_preprocessed.csv,665,-1,-1,0,0,Normal,Normal,0.9999425411224365,1
EMQX_preprocessed.csv,666,-1,-1,0,0,Normal,Normal,0.9999181032180786,1
EMQX_preprocessed.csv,667,-1,-1,0,0,Normal,Normal,0.999860405921936,1
EMQX_preprocessed.csv,668,-1,-1,0,0,Normal,Normal,0.9999120235443115,1
EMQX_preprocessed.csv,669,-1,-1,0,0,Normal,Normal,0.9999191761016846,1
EMQX_preprocessed.csv,670,-1,-1,0,0,Normal,Normal,0.9999442100524902,1
EMQX_preprocessed.csv,671,-1,-1,0,0,Normal,Normal,0.9999353885650635,1
EMQX_preprocessed.csv,672,-1,-1,0,0,Normal,Normal,0.9999376535415649,1
EMQX_preprocessed.csv,673,-1,-1,0,0,Normal,Normal,0.9998408555984497,1
EMQX_preprocessed.csv,674,-1,-1,0,0,Normal,Normal,0.9999431371688843,1
EMQX_preprocessed.csv,675,-1,-1,0,0,Normal,Normal,0.9999336004257202,1
EMQX_preprocessed.csv,676,-1,-1,0,0,Normal,Normal,0.9999449253082275,1
EMQX_preprocessed.csv,677,-1,-1,0,0,Normal,Normal,0.9999183416366577,1
EMQX_preprocessed.csv,678,-1,-1,0,0,Normal,Normal,0.9999253749847412,1
EMQX_preprocessed.csv,679,-1,-1,0,0,Normal,Normal,0.9999305009841919,1
EMQX_preprocessed.csv,680,-1,-1,0,0,Normal,Normal,0.9996532201766968,1
EMQX_preprocessed.csv,681,-1,-1,0,0,Normal,Normal,0.999945878982544,1
EMQX_preprocessed.csv,682,-1,-1,0,0,Normal,Normal,0.999904990196228,1
EMQX_preprocessed.csv,683,-1,-1,0,0,Normal,Normal,0.9988210797309875,1
EMQX_preprocessed.csv,684,-1,-1,0,0,Normal,Normal,0.9991582632064819,1
EMQX_preprocessed.csv,685,-1,-1,0,0,Normal,Normal,0.9999158382415771,1
EMQX_preprocessed.csv,686,-1,-1,0,0,Normal,Normal,0.9999529123306274,1
EMQX_preprocessed.csv,687,-1,-1,0,0,Normal,Normal,0.9998975992202759,1
EMQX_preprocessed.csv,688,-1,-1,0,0,Normal,Normal,0.9999164342880249,1
EMQX_preprocessed.csv,689,-1,-1,0,0,Normal,Normal,0.9999085664749146,1
EMQX_preprocessed.csv,690,-1,-1,0,0,Normal,Normal,0.999591052532196,1
EMQX_preprocessed.csv,691,-1,-1,0,0,Normal,Normal,0.9999294281005859,1
EMQX_preprocessed.csv,692,-1,-1,0,0,Normal,Normal,0.9998676776885986,1
EMQX_preprocessed.csv,693,-1,-1,0,0,Normal,Normal,0.999944806098938,1
EMQX_preprocessed.csv,694,-1,-1,0,0,Normal,Normal,0.999930739402771,1
EMQX_preprocessed.csv,695,-1,-1,0,0,Normal,Normal,0.9997101426124573,1
EMQX_preprocessed.csv,696,-1,-1,0,0,Normal,Normal,0.9999512434005737,1
EMQX_preprocessed.csv,697,-1,-1,0,0,Normal,Normal,0.99992835521698,1
EMQX_preprocessed.csv,698,-1,-1,0,0,Normal,Normal,0.9999486207962036,1
EMQX_preprocessed.csv,699,-1,-1,0,0,Normal,Normal,0.9999325275421143,1
EMQX_preprocessed.csv,700,-1,-1,0,0,Normal,Normal,0.9999397993087769,1
EMQX_preprocessed.csv,701,-1,-1,0,0,Normal,Normal,0.9999125003814697,1
EMQX_preprocessed.csv,702,-1,-1,0,0,Normal,Normal,0.9998453855514526,1
EMQX_preprocessed.csv,703,-1,-1,0,0,Normal,Normal,0.9999338388442993,1
EMQX_preprocessed.csv,704,-1,-1,0,0,Normal,Normal,0.9999216794967651,1
EMQX_preprocessed.csv,705,-1,-1,0,0,Normal,Normal,0.9998958110809326,1
EMQX_preprocessed.csv,706,-1,-1,0,0,Normal,Normal,0.9999353885650635,1
EMQX_preprocessed.csv,707,-1,-1,0,0,Normal,Normal,0.9999369382858276,1
EMQX_preprocessed.csv,708,-1,-1,0,0,Normal,Normal,0.9999444484710693,1
EMQX_preprocessed.csv,709,-1,-1,0,0,Normal,Normal,0.9999022483825684,1
EMQX_preprocessed.csv,710,-1,-1,0,0,Normal,Normal,0.9999303817749023,1
EMQX_preprocessed.csv,711,-1,-1,0,0,Normal,Normal,0.9999314546585083,1
EMQX_preprocessed.csv,712,-1,-1,0,0,Normal,Normal,0.9999505281448364,1
EMQX_preprocessed.csv,713,-1,-1,0,0,Normal,Normal,0.9999399185180664,1
EMQX_preprocessed.csv,714,-1,-1,0,0,Normal,Normal,0.9999136924743652,1
EMQX_preprocessed.csv,715,-1,-1,0,0,Normal,Normal,0.999821126461029,1
EMQX_preprocessed.csv,716,-1,-1,0,0,Normal,Normal,0.9998910427093506,1
EMQX_preprocessed.csv,717,-1,-1,0,0,Normal,Normal,0.9999274015426636,1
EMQX_preprocessed.csv,718,-1,-1,0,0,Normal,Normal,0.9998502731323242,1
EMQX_preprocessed.csv,719,-1,-1,0,0,Normal,Normal,0.9999288320541382,1
EMQX_preprocessed.csv,720,-1,-1,0,0,Normal,Normal,0.9999374151229858,1
EMQX_preprocessed.csv,721,-1,-1,0,0,Normal,Normal,0.9999368190765381,1
EMQX_preprocessed.csv,722,-1,-1,0,0,Normal,Normal,0.9999074935913086,1
EMQX_preprocessed.csv,723,-1,-1,0,0,Normal,Normal,0.9998947381973267,1
EMQX_preprocessed.csv,724,-1,-1,0,0,Normal,Normal,0.9999161958694458,1
EMQX_preprocessed.csv,725,-1,-1,0,0,Normal,Normal,0.9998726844787598,1
EMQX_preprocessed.csv,726,-1,-1,0,0,Normal,Normal,0.9997671246528625,1
EMQX_preprocessed.csv,727,-1,-1,0,0,Normal,Normal,0.9998841285705566,1
EMQX_preprocessed.csv,728,-1,-1,0,0,Normal,Normal,0.9999366998672485,1
EMQX_preprocessed.csv,729,-1,-1,0,0,Normal,Normal,0.9999516010284424,1
EMQX_preprocessed.csv,730,-1,-1,0,0,Normal,Normal,0.9999217987060547,1
EMQX_preprocessed.csv,731,-1,-1,0,0,Normal,Normal,0.9999395608901978,1
EMQX_preprocessed.csv,732,-1,-1,0,0,Normal,Normal,0.9999171495437622,1
EMQX_preprocessed.csv,733,-1,-1,0,0,Normal,Normal,0.9998373985290527,1
EMQX_preprocessed.csv,734,-1,-1,0,0,Normal,Normal,0.9999260902404785,1
EMQX_preprocessed.csv,735,-1,-1,0,0,Normal,Normal,0.9998795986175537,1
EMQX_preprocessed.csv,736,-1,-1,0,0,Normal,Normal,0.9999021291732788,1
EMQX_preprocessed.csv,737,-1,-1,0,0,Normal,Normal,0.9997569918632507,1
EMQX_preprocessed.csv,738,-1,-1,0,0,Normal,Normal,0.9999113082885742,1
EMQX_preprocessed.csv,739,-1,-1,0,0,Normal,Normal,0.9998995065689087,1
EMQX_preprocessed.csv,740,-1,-1,0,0,Normal,Normal,0.9998323917388916,1
EMQX_preprocessed.csv,741,-1,-1,0,0,Normal,Normal,0.9998231530189514,1
EMQX_preprocessed.csv,742,-1,-1,0,0,Normal,Normal,0.9999442100524902,1
EMQX_preprocessed.csv,743,-1,-1,0,0,Normal,Normal,0.9997215867042542,1
EMQX_preprocessed.csv,744,-1,-1,0,0,Normal,Normal,0.999893069267273,1
EMQX_preprocessed.csv,745,-1,-1,0,0,Normal,Normal,0.99985671043396,1
EMQX_preprocessed.csv,746,-1,-1,0,0,Normal,Normal,0.9992650151252747,1
EMQX_preprocessed.csv,747,-1,-1,0,0,Normal,Normal,0.9999476671218872,1
EMQX_preprocessed.csv,748,-1,-1,0,0,Normal,Normal,0.9998867511749268,1
EMQX_preprocessed.csv,749,-1,-1,0,0,Normal,Normal,0.9998836517333984,1
EMQX_preprocessed.csv,750,-1,-1,0,0,Normal,Normal,0.999937891960144,1
EMQX_preprocessed.csv,751,-1,-1,0,0,Normal,Normal,0.9999114274978638,1
EMQX_preprocessed.csv,752,-1,-1,0,0,Normal,Normal,0.9998438358306885,1
EMQX_preprocessed.csv,753,-1,-1,0,0,Normal,Normal,0.9999399185180664,1
EMQX_preprocessed.csv,754,-1,-1,0,0,Normal,Normal,0.9999371767044067,1
EMQX_preprocessed.csv,755,-1,-1,0,0,Normal,Normal,0.9999173879623413,1
EMQX_preprocessed.csv,756,-1,-1,0,0,Normal,Normal,0.9998852014541626,1
EMQX_preprocessed.csv,757,-1,-1,0,0,Normal,Normal,0.9999383687973022,1
EMQX_preprocessed.csv,758,-1,-1,0,0,Normal,Normal,0.9999394416809082,1
EMQX_preprocessed.csv,759,-1,-1,0,0,Normal,Normal,0.9999474287033081,1
EMQX_preprocessed.csv,760,-1,-1,0,0,Normal,Normal,0.999797523021698,1
EMQX_preprocessed.csv,761,-1,-1,0,0,Normal,Normal,0.9999232292175293,1
EMQX_preprocessed.csv,762,-1,-1,0,0,Normal,Normal,0.9997203946113586,1
EMQX_preprocessed.csv,763,-1,-1,0,0,Normal,Normal,0.9951128363609314,1
EMQX_preprocessed.csv,764,-1,-1,0,0,Normal,Normal,0.9998630285263062,1
EMQX_preprocessed.csv,765,-1,-1,0,0,Normal,Normal,0.9999223947525024,1
EMQX_preprocessed.csv,766,-1,-1,0,0,Normal,Normal,0.9999215602874756,1
EMQX_preprocessed.csv,767,-1,-1,0,0,Normal,Normal,0.9999302625656128,1
EMQX_preprocessed.csv,768,-1,-1,0,0,Normal,Normal,0.999894380569458,1
EMQX_preprocessed.csv,769,-1,-1,0,0,Normal,Normal,0.9999127388000488,1
EMQX_preprocessed.csv,770,-1,-1,0,0,Normal,Normal,0.999797523021698,1
EMQX_preprocessed.csv,771,-1,-1,0,0,Normal,Normal,0.9999078512191772,1
EMQX_preprocessed.csv,772,-1,-1,0,0,Normal,Normal,0.9999364614486694,1
EMQX_preprocessed.csv,773,-1,-1,0,0,Normal,Normal,0.9999490976333618,1
EMQX_preprocessed.csv,774,-1,-1,0,0,Normal,Normal,0.9999344348907471,1
EMQX_preprocessed.csv,775,-1,-1,0,0,Normal,Normal,0.9998698234558105,1
EMQX_preprocessed.csv,776,-1,-1,0,0,Normal,Normal,0.9999498128890991,1
EMQX_preprocessed.csv,777,-1,-1,0,0,Normal,Normal,0.9998008608818054,1
EMQX_preprocessed.csv,778,-1,-1,0,0,Normal,Normal,0.9999480247497559,1
EMQX_preprocessed.csv,779,-1,-1,0,0,Normal,Normal,0.9998574256896973,1
EMQX_preprocessed.csv,780,-1,-1,0,0,Normal,Normal,0.9999227523803711,1
EMQX_preprocessed.csv,781,-1,-1,0,0,Normal,Normal,0.9999523162841797,1
EMQX_preprocessed.csv,782,-1,-1,0,0,Normal,Normal,0.9999301433563232,1
EMQX_preprocessed.csv,783,-1,-1,0,0,Normal,Normal,0.9999486207962036,1
EMQX_preprocessed.csv,784,-1,-1,0,0,Normal,Normal,0.9999321699142456,1
EMQX_preprocessed.csv,785,-1,-1,0,0,Normal,Normal,0.9998939037322998,1
EMQX_preprocessed.csv,786,-1,-1,0,0,Normal,Normal,0.999908447265625,1
EMQX_preprocessed.csv,787,-1,-1,0,0,Normal,Normal,0.9999501705169678,1
EMQX_preprocessed.csv,788,-1,-1,0,0,Normal,Normal,0.9998025298118591,1
EMQX_preprocessed.csv,789,-1,-1,0,0,Normal,Normal,0.999923586845398,1
EMQX_preprocessed.csv,790,-1,-1,0,0,Normal,Normal,0.9998584985733032,1
EMQX_preprocessed.csv,791,-1,-1,0,0,Normal,Normal,0.9999152421951294,1
EMQX_preprocessed.csv,792,-1,-1,0,0,Normal,Normal,0.9999499320983887,1
EMQX_preprocessed.csv,793,-1,-1,0,0,Normal,Normal,0.9997664093971252,1
EMQX_preprocessed.csv,794,-1,-1,0,0,Normal,Normal,0.9985899329185486,1
EMQX_preprocessed.csv,795,-1,-1,0,0,Normal,Normal,0.9999114274978638,1
EMQX_preprocessed.csv,796,-1,-1,0,0,Normal,Normal,0.9999475479125977,1
EMQX_preprocessed.csv,797,-1,-1,0,0,Normal,Normal,0.9998444318771362,1
EMQX_preprocessed.csv,798,-1,-1,0,0,Normal,Normal,0.9999196529388428,1
EMQX_preprocessed.csv,799,-1,-1,0,0,Normal,Normal,0.9999451637268066,1
EMQX_preprocessed.csv,800,-1,-1,0,0,Normal,Normal,0.9998998641967773,1
EMQX_preprocessed.csv,801,-1,-1,0,0,Normal,Normal,0.9975622892379761,1
EMQX_preprocessed.csv,802,-1,-1,0,0,Normal,Normal,0.9999443292617798,1
EMQX_preprocessed.csv,803,-1,-1,0,0,Normal,Normal,0.9996830224990845,1
EMQX_preprocessed.csv,804,-1,-1,0,0,Normal,Normal,0.999932050704956,1
EMQX_preprocessed.csv,805,-1,-1,0,0,Normal,Normal,0.999923586845398,1
EMQX_preprocessed.csv,806,-1,-1,0,0,Normal,Normal,0.9999366998672485,1
EMQX_preprocessed.csv,807,-1,-1,0,0,Normal,Normal,0.9999120235443115,1
EMQX_preprocessed.csv,808,-1,-1,0,0,Normal,Normal,0.9999172687530518,1
EMQX_preprocessed.csv,809,-1,-1,0,0,Normal,Normal,0.9997946619987488,1
EMQX_preprocessed.csv,810,-1,-1,0,0,Normal,Normal,0.9997817873954773,1
EMQX_preprocessed.csv,811,-1,-1,0,0,Normal,Normal,0.9999399185180664,1
EMQX_preprocessed.csv,812,-1,-1,0,0,Normal,Normal,0.999782383441925,1
EMQX_preprocessed.csv,813,-1,-1,0,0,Normal,Normal,0.9995935559272766,1
EMQX_preprocessed.csv,814,-1,-1,0,0,Normal,Normal,0.9999339580535889,1
EMQX_preprocessed.csv,815,-1,-1,0,0,Normal,Normal,0.9999090433120728,1
EMQX_preprocessed.csv,816,-1,-1,0,0,Normal,Normal,0.9999401569366455,1
EMQX_preprocessed.csv,817,-1,-1,0,0,Normal,Normal,0.9999301433563232,1
EMQX_preprocessed.csv,818,-1,-1,0,0,Normal,Normal,0.9993094205856323,1
EMQX_preprocessed.csv,819,-1,-1,0,0,Normal,Normal,0.9999300241470337,1
EMQX_preprocessed.csv,820,-1,-1,0,0,Normal,Normal,0.9999468326568604,1
EMQX_preprocessed.csv,821,-1,-1,0,0,Normal,Normal,0.9996602535247803,1
EMQX_preprocessed.csv,822,-1,-1,0,0,Normal,Normal,0.9999347925186157,1
EMQX_preprocessed.csv,823,-1,-1,0,0,Normal,Normal,0.9998409748077393,1
EMQX_preprocessed.csv,824,-1,-1,0,0,Normal,Normal,0.9999140501022339,1
EMQX_preprocessed.csv,825,-1,-1,0,0,Normal,Normal,0.999901533126831,1
EMQX_preprocessed.csv,826,-1,-1,0,0,Normal,Normal,0.9999294281005859,1
EMQX_preprocessed.csv,827,-1,-1,0,0,Normal,Normal,0.9992820620536804,1
EMQX_preprocessed.csv,828,-1,-1,0,0,Normal,Normal,0.9999358654022217,1
EMQX_preprocessed.csv,829,-1,-1,0,0,Normal,Normal,0.9999477863311768,1
EMQX_preprocessed.csv,830,-1,-1,0,0,Normal,Normal,0.9999405145645142,1
EMQX_preprocessed.csv,831,-1,-1,0,0,Normal,Normal,0.9997223019599915,1
EMQX_preprocessed.csv,832,-1,-1,0,0,Normal,Normal,0.9999313354492188,1
EMQX_preprocessed.csv,833,-1,-1,0,0,Normal,Normal,0.9999208450317383,1
EMQX_preprocessed.csv,834,-1,-1,0,0,Normal,Normal,0.9999446868896484,1
EMQX_preprocessed.csv,835,-1,-1,0,0,Normal,Normal,0.9999324083328247,1
EMQX_preprocessed.csv,836,-1,-1,0,0,Normal,Normal,0.9998503923416138,1
EMQX_preprocessed.csv,837,-1,-1,0,0,Normal,Normal,0.9999402761459351,1
EMQX_preprocessed.csv,838,-1,-1,0,0,Normal,Normal,0.9999234676361084,1
EMQX_preprocessed.csv,839,-1,-1,0,0,Normal,Normal,0.9999455213546753,1
EMQX_preprocessed.csv,840,-1,-1,0,0,Normal,Normal,0.999937891960144,1
EMQX_preprocessed.csv,841,-1,-1,0,0,Normal,Normal,0.9999488592147827,1
EMQX_preprocessed.csv,842,-1,-1,0,0,Normal,Normal,0.9998688697814941,1
EMQX_preprocessed.csv,843,-1,-1,0,0,Normal,Normal,0.999937891960144,1
EMQX_preprocessed.csv,844,-1,-1,0,0,Normal,Normal,0.9999202489852905,1
EMQX_preprocessed.csv,845,-1,-1,0,0,Normal,Normal,0.9999315738677979,1
EMQX_preprocessed.csv,846,-1,-1,0,0,Normal,Normal,0.9999340772628784,1
EMQX_preprocessed.csv,847,-1,-1,0,0,Normal,Normal,0.9999228715896606,1
EMQX_preprocessed.csv,848,-1,-1,0,0,Normal,Normal,0.9999412298202515,1
EMQX_preprocessed.csv,849,-1,-1,0,0,Normal,Normal,0.9999284744262695,1
EMQX_preprocessed.csv,850,-1,-1,0,0,Normal,Normal,0.9999237060546875,1
EMQX_preprocessed.csv,851,-1,-1,0,0,Normal,Normal,0.9999182224273682,1
EMQX_preprocessed.csv,852,-1,-1,0,0,Normal,Normal,0.9999319314956665,1
EMQX_preprocessed.csv,853,-1,-1,0,0,Normal,Normal,0.9999275207519531,1
EMQX_preprocessed.csv,854,-1,-1,0,0,Normal,Normal,0.9997707009315491,1
EMQX_preprocessed.csv,855,-1,-1,0,0,Normal,Normal,0.999884843826294,1
EMQX_preprocessed.csv,856,-1,-1,0,0,Normal,Normal,0.9999357461929321,1
EMQX_preprocessed.csv,857,-1,-1,0,0,Normal,Normal,0.9999183416366577,1
EMQX_preprocessed.csv,858,-1,-1,0,0,Normal,Normal,0.9999464750289917,1
EMQX_preprocessed.csv,859,-1,-1,0,0,Normal,Normal,0.9999382495880127,1
EMQX_preprocessed.csv,860,-1,-1,0,0,Normal,Normal,0.9999316930770874,1
EMQX_preprocessed.csv,861,-1,-1,0,0,Normal,Normal,0.9999270439147949,1
EMQX_preprocessed.csv,862,-1,-1,0,0,Normal,Normal,0.9999359846115112,1
EMQX_preprocessed.csv,863,-1,-1,0,0,Normal,Normal,0.997136116027832,1
EMQX_preprocessed.csv,864,-1,-1,0,0,Normal,Normal,0.9999165534973145,1
EMQX_preprocessed.csv,865,-1,-1,0,0,Normal,Normal,0.9999333620071411,1
EMQX_preprocessed.csv,866,-1,-1,0,0,Normal,Normal,0.9998469352722168,1
EMQX_preprocessed.csv,867,-1,-1,0,0,Normal,Normal,0.9999363422393799,1
EMQX_preprocessed.csv,868,-1,-1,0,0,Normal,Normal,0.9999217987060547,1
EMQX_preprocessed.csv,869,-1,-1,0,0,Normal,Normal,0.9999440908432007,1
EMQX_preprocessed.csv,870,-1,-1,0,0,Normal,Normal,0.9999136924743652,1
EMQX_preprocessed.csv,871,-1,-1,0,0,Normal,Normal,0.9999521970748901,1
EMQX_preprocessed.csv,872,-1,-1,0,0,Normal,Normal,0.9992055296897888,1
EMQX_preprocessed.csv,873,-1,-1,0,0,Normal,Normal,0.9999175071716309,1
EMQX_preprocessed.csv,874,-1,-1,0,0,Normal,Normal,0.9998536109924316,1
EMQX_preprocessed.csv,875,-1,-1,0,0,Normal,Normal,0.9999452829360962,1
EMQX_preprocessed.csv,876,-1,-1,0,0,Normal,Normal,0.9999327659606934,1
EMQX_preprocessed.csv,877,-1,-1,0,0,Normal,Normal,0.9999333620071411,1
EMQX_preprocessed.csv,878,-1,-1,0,0,Normal,Normal,0.9985767602920532,1
EMQX_preprocessed.csv,879,-1,-1,0,0,Normal,Normal,0.9998875856399536,1
EMQX_preprocessed.csv,880,-1,-1,0,0,Normal,Normal,0.9998918771743774,1
EMQX_preprocessed.csv,881,-1,-1,0,0,Normal,Normal,0.9999377727508545,1
EMQX_preprocessed.csv,882,-1,-1,0,0,Normal,Normal,0.9998251795768738,1
EMQX_preprocessed.csv,883,-1,-1,0,0,Normal,Normal,0.9999295473098755,1
EMQX_preprocessed.csv,884,-1,-1,0,0,Normal,Normal,0.9998646974563599,1
EMQX_preprocessed.csv,885,-1,-1,0,0,Normal,Normal,0.9998517036437988,1
EMQX_preprocessed.csv,886,-1,-1,0,0,Normal,Normal,0.9999030828475952,1
EMQX_preprocessed.csv,887,-1,-1,0,0,Normal,Normal,0.9998158812522888,1
EMQX_preprocessed.csv,888,-1,-1,0,0,Normal,Normal,0.9999134540557861,1
EMQX_preprocessed.csv,889,-1,-1,0,0,Normal,Normal,0.9999330043792725,1
EMQX_preprocessed.csv,890,-1,-1,0,0,Normal,Normal,0.999943733215332,1
EMQX_preprocessed.csv,891,-1,-1,0,0,Normal,Normal,0.9999452829360962,1
EMQX_preprocessed.csv,892,-1,-1,0,0,Normal,Normal,0.9999538660049438,1
EMQX_preprocessed.csv,893,-1,-1,0,0,Normal,Normal,0.9998518228530884,1
EMQX_preprocessed.csv,894,-1,-1,0,0,Normal,Normal,0.9997001886367798,1
EMQX_preprocessed.csv,895,-1,-1,0,0,Normal,Normal,0.9995834231376648,1
EMQX_preprocessed.csv,896,-1,-1,0,0,Normal,Normal,0.9999197721481323,1
EMQX_preprocessed.csv,897,-1,-1,0,0,Normal,Normal,0.9999092817306519,1
EMQX_preprocessed.csv,898,-1,-1,0,0,Normal,Normal,0.9998941421508789,1
EMQX_preprocessed.csv,899,-1,-1,0,0,Normal,Normal,0.9998942613601685,1
EMQX_preprocessed.csv,900,-1,-1,0,0,Normal,Normal,0.9999229907989502,1
EMQX_preprocessed.csv,901,-1,-1,0,0,Normal,Normal,0.9999438524246216,1
EMQX_preprocessed.csv,902,-1,-1,0,0,Normal,Normal,0.9998950958251953,1
EMQX_preprocessed.csv,903,-1,-1,0,0,Normal,Normal,0.9999204874038696,1
EMQX_preprocessed.csv,904,-1,-1,0,0,Normal,Normal,0.9999449253082275,1
EMQX_preprocessed.csv,905,-1,-1,0,0,Normal,Normal,0.9999157190322876,1
EMQX_preprocessed.csv,906,-1,-1,0,0,Normal,Normal,0.9998539686203003,1
EMQX_preprocessed.csv,907,-1,-1,0,0,Normal,Normal,0.9999399185180664,1
EMQX_preprocessed.csv,908,-1,-1,0,0,Normal,Normal,0.9999125003814697,1
EMQX_preprocessed.csv,909,-1,-1,0,0,Normal,Normal,0.9999381303787231,1
EMQX_preprocessed.csv,910,-1,-1,0,0,Normal,Normal,0.9998774528503418,1
EMQX_preprocessed.csv,911,-1,-1,0,0,Normal,Normal,0.9999386072158813,1
EMQX_preprocessed.csv,912,-1,-1,0,0,Normal,Normal,0.9999203681945801,1
EMQX_preprocessed.csv,913,-1,-1,0,0,Normal,Normal,0.9935036301612854,1
EMQX_preprocessed.csv,914,-1,-1,0,0,Normal,Normal,0.9998576641082764,1
EMQX_preprocessed.csv,915,-1,-1,0,0,Normal,Normal,0.9971628785133362,1
EMQX_preprocessed.csv,916,-1,-1,0,0,Normal,Normal,0.9999468326568604,1
EMQX_preprocessed.csv,917,-1,-1,0,0,Normal,Normal,0.9998251795768738,1
EMQX_preprocessed.csv,918,-1,-1,0,0,Normal,Normal,0.9994767308235168,1
EMQX_preprocessed.csv,919,-1,-1,0,0,Normal,Normal,0.9998571872711182,1
EMQX_preprocessed.csv,920,-1,-1,0,0,Normal,Normal,0.9999281167984009,1
EMQX_preprocessed.csv,921,-1,-1,0,0,Normal,Normal,0.9999463558197021,1
EMQX_preprocessed.csv,922,-1,-1,0,0,Normal,Normal,0.9999277591705322,1
EMQX_preprocessed.csv,923,-1,-1,0,0,Normal,Normal,0.9999241828918457,1
EMQX_preprocessed.csv,924,-1,-1,0,0,Normal,Normal,0.9999504089355469,1
EMQX_preprocessed.csv,925,-1,-1,0,0,Normal,Normal,0.9999387264251709,1
EMQX_preprocessed.csv,926,-1,-1,0,0,Normal,Normal,0.9975579977035522,1
EMQX_preprocessed.csv,927,-1,-1,0,0,Normal,Normal,0.9998526573181152,1
EMQX_preprocessed.csv,928,-1,-1,0,0,Normal,Normal,0.9999282360076904,1
EMQX_preprocessed.csv,929,-1,-1,0,0,Normal,Normal,0.9998784065246582,1
EMQX_preprocessed.csv,930,-1,-1,0,0,Normal,Normal,0.9999390840530396,1
EMQX_preprocessed.csv,931,-1,-1,0,0,Normal,Normal,0.999884843826294,1
EMQX_preprocessed.csv,932,-1,-1,0,0,Normal,Normal,0.999883770942688,1
EMQX_preprocessed.csv,933,-1,-1,0,0,Normal,Normal,0.9999544620513916,1
EMQX_preprocessed.csv,934,-1,-1,0,0,Normal,Normal,0.9999359846115112,1
EMQX_preprocessed.csv,935,-1,-1,0,0,Normal,Normal,0.9974433183670044,1
EMQX_preprocessed.csv,936,-1,-1,0,0,Normal,Normal,0.9998243451118469,1
EMQX_preprocessed.csv,937,-1,-1,0,0,Normal,Normal,0.9999427795410156,1
EMQX_preprocessed.csv,938,-1,-1,0,0,Normal,Normal,0.9998981952667236,1
EMQX_preprocessed.csv,939,-1,-1,0,0,Normal,Normal,0.9996569156646729,1
EMQX_preprocessed.csv,940,-1,-1,0,0,Normal,Normal,0.9999344348907471,1
EMQX_preprocessed.csv,941,-1,-1,0,0,Normal,Normal,0.9999532699584961,1
EMQX_preprocessed.csv,942,-1,-1,0,0,Normal,Normal,0.9998724460601807,1
EMQX_preprocessed.csv,943,-1,-1,0,0,Normal,Normal,0.9999344348907471,1
EMQX_preprocessed.csv,944,-1,-1,0,0,Normal,Normal,0.9999023675918579,1
EMQX_preprocessed.csv,945,-1,-1,0,0,Normal,Normal,0.9999063014984131,1
EMQX_preprocessed.csv,946,-1,-1,0,0,Normal,Normal,0.9999417066574097,1
EMQX_preprocessed.csv,947,-1,-1,0,0,Normal,Normal,0.9998687505722046,1
EMQX_preprocessed.csv,948,-1,-1,0,0,Normal,Normal,0.9998894929885864,1
EMQX_preprocessed.csv,949,-1,-1,0,0,Normal,Normal,0.9999395608901978,1
EMQX_preprocessed.csv,950,-1,-1,0,0,Normal,Normal,0.9999349117279053,1
EMQX_preprocessed.csv,951,-1,-1,0,0,Normal,Normal,0.999927282333374,1
EMQX_preprocessed.csv,952,-1,-1,0,0,Normal,Normal,0.9997536540031433,1
EMQX_preprocessed.csv,953,-1,-1,0,0,Normal,Normal,0.9999359846115112,1
EMQX_preprocessed.csv,954,-1,-1,0,0,Normal,Normal,0.9999314546585083,1
EMQX_preprocessed.csv,955,-1,-1,0,0,Normal,Normal,0.9999215602874756,1
EMQX_preprocessed.csv,956,-1,-1,0,0,Normal,Normal,0.9999353885650635,1
EMQX_preprocessed.csv,957,-1,-1,0,0,Normal,Normal,0.9999008178710938,1
EMQX_preprocessed.csv,958,-1,-1,0,0,Normal,Normal,0.9999454021453857,1
EMQX_preprocessed.csv,959,-1,-1,0,0,Normal,Normal,0.9999463558197021,1
EMQX_preprocessed.csv,960,-1,-1,0,0,Normal,Normal,0.9998828172683716,1
EMQX_preprocessed.csv,961,-1,-1,0,0,Normal,Normal,0.9999350309371948,1
EMQX_preprocessed.csv,962,-1,-1,0,0,Normal,Normal,0.9999330043792725,1
EMQX_preprocessed.csv,963,-1,-1,0,0,Normal,Normal,0.9935125708580017,1
EMQX_preprocessed.csv,964,-1,-1,0,0,Normal,Normal,0.9999208450317383,1
EMQX_preprocessed.csv,965,-1,-1,0,0,Normal,Normal,0.9999346733093262,1
EMQX_preprocessed.csv,966,-1,-1,0,0,Normal,Normal,0.9998327493667603,1
EMQX_preprocessed.csv,967,-1,-1,0,0,Normal,Normal,0.9999402761459351,1
EMQX_preprocessed.csv,968,-1,-1,0,0,Normal,Normal,0.9998598098754883,1
EMQX_preprocessed.csv,969,-1,-1,0,0,Normal,Normal,0.9996943473815918,1
EMQX_preprocessed.csv,970,-1,-1,0,0,Normal,Normal,0.9999077320098877,1
EMQX_preprocessed.csv,971,-1,-1,0,0,Normal,Normal,0.9999425411224365,1
EMQX_preprocessed.csv,972,-1,-1,0,0,Normal,Normal,0.9999446868896484,1
EMQX_preprocessed.csv,973,-1,-1,0,0,Normal,Normal,0.9999293088912964,1
EMQX_preprocessed.csv,974,-1,-1,0,0,Normal,Normal,0.9999467134475708,1
EMQX_preprocessed.csv,975,-1,-1,0,0,Normal,Normal,0.9999221563339233,1
EMQX_preprocessed.csv,976,-1,-1,0,0,Normal,Normal,0.9999055862426758,1
EMQX_preprocessed.csv,977,-1,-1,0,0,Normal,Normal,0.9991201758384705,1
EMQX_preprocessed.csv,978,-1,-1,0,0,Normal,Normal,0.9999206066131592,1
EMQX_preprocessed.csv,979,-1,-1,0,0,Normal,Normal,0.9998334646224976,1
EMQX_preprocessed.csv,980,-1,-1,0,0,Normal,Normal,0.9995517134666443,1
EMQX_preprocessed.csv,981,-1,-1,0,0,Normal,Normal,0.9999388456344604,1
EMQX_preprocessed.csv,982,-1,-1,0,0,Normal,Normal,0.9999158382415771,1
EMQX_preprocessed.csv,983,-1,-1,0,0,Normal,Normal,0.9997585415840149,1
EMQX_preprocessed.csv,984,-1,-1,0,0,Normal,Normal,0.9996777772903442,1
EMQX_preprocessed.csv,985,-1,-1,0,0,Normal,Normal,0.9999425411224365,1
EMQX_preprocessed.csv,986,-1,-1,0,0,Normal,Normal,0.9992221593856812,1
EMQX_preprocessed.csv,987,-1,-1,0,0,Normal,Normal,0.999371349811554,1
EMQX_preprocessed.csv,988,-1,-1,0,0,Normal,Normal,0.9999285936355591,1
EMQX_preprocessed.csv,989,-1,-1,0,0,Normal,Normal,0.9999289512634277,1
EMQX_preprocessed.csv,990,-1,-1,0,0,Normal,Normal,0.9998372793197632,1
EMQX_preprocessed.csv,991,-1,-1,0,0,Normal,Normal,0.9999028444290161,1
EMQX_preprocessed.csv,992,-1,-1,0,0,Normal,Normal,0.999901533126831,1
EMQX_preprocessed.csv,993,-1,-1,0,0,Normal,Normal,0.9999475479125977,1
EMQX_preprocessed.csv,994,-1,-1,0,0,Normal,Normal,0.9998512268066406,1
EMQX_preprocessed.csv,995,-1,-1,0,0,Normal,Normal,0.9999426603317261,1
EMQX_preprocessed.csv,996,-1,-1,0,0,Normal,Normal,0.9999009370803833,1
EMQX_preprocessed.csv,997,-1,-1,0,0,Normal,Normal,0.9999308586120605,1
EMQX_preprocessed.csv,998,-1,-1,0,0,Normal,Normal,0.9999467134475708,1
EMQX_preprocessed.csv,999,-1,-1,0,0,Normal,Normal,0.9999452829360962,1
EMQX_preprocessed.csv,1000,-1,-1,0,0,Normal,Normal,0.9999479055404663,1
EMQX_preprocessed.csv,1001,-1,-1,0,0,Normal,Normal,0.9999443292617798,1
EMQX_preprocessed.csv,1002,-1,-1,0,0,Normal,Normal,0.9999178647994995,1
EMQX_preprocessed.csv,1003,-1,-1,0,0,Normal,Normal,0.9993315935134888,1
EMQX_preprocessed.csv,1004,-1,-1,0,0,Normal,Normal,0.9999302625656128,1
EMQX_preprocessed.csv,1005,-1,-1,0,0,Normal,Normal,0.9999477863311768,1
EMQX_preprocessed.csv,1006,-1,-1,0,0,Normal,Normal,0.9998972415924072,1
EMQX_preprocessed.csv,1007,-1,-1,0,0,Normal,Normal,0.9985999464988708,1
EMQX_preprocessed.csv,1008,-1,-1,0,0,Normal,Normal,0.9999251365661621,1
EMQX_preprocessed.csv,1009,-1,-1,0,0,Normal,Normal,0.9999017715454102,1
EMQX_preprocessed.csv,1010,-1,-1,0,0,Normal,Normal,0.9999403953552246,1
EMQX_preprocessed.csv,1011,-1,-1,0,0,Normal,Normal,0.999940037727356,1
EMQX_preprocessed.csv,1012,-1,-1,0,0,Normal,Normal,0.9999387264251709,1
EMQX_preprocessed.csv,1013,-1,-1,0,0,Normal,Normal,0.9999176263809204,1
EMQX_preprocessed.csv,1014,-1,-1,0,0,Normal,Normal,0.9999210834503174,1
EMQX_preprocessed.csv,1015,-1,-1,0,0,Normal,Normal,0.9998979568481445,1
EMQX_preprocessed.csv,1016,-1,-1,0,0,Normal,Normal,0.9999427795410156,1
EMQX_preprocessed.csv,1017,-1,-1,0,0,Normal,Normal,0.9997935891151428,1
EMQX_preprocessed.csv,1018,-1,-1,0,0,Normal,Normal,0.9999037981033325,1
EMQX_preprocessed.csv,1019,-1,-1,0,0,Normal,Normal,0.9998745918273926,1
EMQX_preprocessed.csv,1020,-1,-1,0,0,Normal,Normal,0.9990860223770142,1
EMQX_preprocessed.csv,1021,-1,-1,0,0,Normal,Normal,0.9989200830459595,1
EMQX_preprocessed.csv,1022,-1,-1,0,0,Normal,Normal,0.9999340772628784,1
EMQX_preprocessed.csv,1023,-1,-1,0,0,Normal,Normal,0.9998399019241333,1
EMQX_preprocessed.csv,1024,-1,-1,0,0,Normal,Normal,0.999900221824646,1
EMQX_preprocessed.csv,1025,-1,-1,0,0,Normal,Normal,0.9999268054962158,1
EMQX_preprocessed.csv,1026,-1,-1,0,0,Normal,Normal,0.9999536275863647,1
EMQX_preprocessed.csv,1027,-1,-1,0,0,Normal,Normal,0.9999336004257202,1
EMQX_preprocessed.csv,1028,-1,-1,0,0,Normal,Normal,0.9999507665634155,1
EMQX_preprocessed.csv,1029,-1,-1,0,0,Normal,Normal,0.9996892213821411,1
EMQX_preprocessed.csv,1030,-1,-1,0,0,Normal,Normal,0.9999243021011353,1
EMQX_preprocessed.csv,1031,-1,-1,0,0,Normal,Normal,0.9998904466629028,1
EMQX_preprocessed.csv,1032,-1,-1,0,0,Normal,Normal,0.9999487400054932,1
EMQX_preprocessed.csv,1033,-1,-1,0,0,Normal,Normal,0.9999102354049683,1
EMQX_preprocessed.csv,1034,-1,-1,0,0,Normal,Normal,0.9999221563339233,1
EMQX_preprocessed.csv,1035,-1,-1,0,0,Normal,Normal,0.999942421913147,1
EMQX_preprocessed.csv,1036,-1,-1,0,0,Normal,Normal,0.9999402761459351,1
EMQX_preprocessed.csv,1037,-1,-1,0,0,Normal,Normal,0.9999116659164429,1
EMQX_preprocessed.csv,1038,-1,-1,0,0,Normal,Normal,0.9999263286590576,1
EMQX_preprocessed.csv,1039,-1,-1,0,0,Normal,Normal,0.999944806098938,1
EMQX_preprocessed.csv,1040,-1,-1,0,0,Normal,Normal,0.9999204874038696,1
EMQX_preprocessed.csv,1041,-1,-1,0,0,Normal,Normal,0.9999411106109619,1
EMQX_preprocessed.csv,1042,-1,-1,0,0,Normal,Normal,0.9997332692146301,1
EMQX_preprocessed.csv,1043,-1,-1,0,0,Normal,Normal,0.9999465942382812,1
EMQX_preprocessed.csv,1044,-1,-1,0,0,Normal,Normal,0.9995299577713013,1
EMQX_preprocessed.csv,1045,-1,-1,0,0,Normal,Normal,0.999943733215332,1
EMQX_preprocessed.csv,1046,-1,-1,0,0,Normal,Normal,0.9999213218688965,1
EMQX_preprocessed.csv,1047,-1,-1,0,0,Normal,Normal,0.9999455213546753,1
EMQX_preprocessed.csv,1048,-1,-1,0,0,Normal,Normal,0.9999338388442993,1
EMQX_preprocessed.csv,1049,-1,-1,0,0,Normal,Normal,0.9998144507408142,1
EMQX_preprocessed.csv,1050,-1,-1,0,0,Normal,Normal,0.9999101161956787,1
EMQX_preprocessed.csv,1051,-1,-1,0,0,Normal,Normal,0.9998831748962402,1
EMQX_preprocessed.csv,1052,-1,-1,0,0,Normal,Normal,0.9999240636825562,1
EMQX_preprocessed.csv,1053,-1,-1,0,0,Normal,Normal,0.9999347925186157,1
EMQX_preprocessed.csv,1054,-1,-1,0,0,Normal,Normal,0.9999364614486694,1
EMQX_preprocessed.csv,1055,-1,-1,0,0,Normal,Normal,0.9998880624771118,1
EMQX_preprocessed.csv,1056,-1,-1,0,0,Normal,Normal,0.999854564666748,1
EMQX_preprocessed.csv,1057,-1,-1,0,0,Normal,Normal,0.9999057054519653,1
EMQX_preprocessed.csv,1058,-1,-1,0,0,Normal,Normal,0.9998911619186401,1
EMQX_preprocessed.csv,1059,-1,-1,0,0,Normal,Normal,0.9999191761016846,1
EMQX_preprocessed.csv,1060,-1,-1,0,0,Normal,Normal,0.9999428987503052,1
EMQX_preprocessed.csv,1061,-1,-1,0,0,Normal,Normal,0.9999439716339111,1
EMQX_preprocessed.csv,1062,-1,-1,0,0,Normal,Normal,0.999936580657959,1
EMQX_preprocessed.csv,1063,-1,-1,0,0,Normal,Normal,0.9998693466186523,1
EMQX_preprocessed.csv,1064,-1,-1,0,0,Normal,Normal,0.9998879432678223,1
EMQX_preprocessed.csv,1065,-1,-1,0,0,Normal,Normal,0.9998425245285034,1
EMQX_preprocessed.csv,1066,-1,-1,0,0,Normal,Normal,0.99994957447052,1
EMQX_preprocessed.csv,1067,-1,-1,0,0,Normal,Normal,0.9999357461929321,1
EMQX_preprocessed.csv,1068,-1,-1,0,0,Normal,Normal,0.9999308586120605,1
EMQX_preprocessed.csv,1069,-1,-1,0,0,Normal,Normal,0.999782145023346,1
EMQX_preprocessed.csv,1070,-1,-1,0,0,Normal,Normal,0.9997126460075378,1
EMQX_preprocessed.csv,1071,-1,-1,0,0,Normal,Normal,0.9999321699142456,1
EMQX_preprocessed.csv,1072,-1,-1,0,0,Normal,Normal,0.9999442100524902,1
EMQX_preprocessed.csv,1073,-1,-1,0,0,Normal,Normal,0.9999351501464844,1
EMQX_preprocessed.csv,1074,-1,-1,0,0,Normal,Normal,0.9999366998672485,1
EMQX_preprocessed.csv,1075,-1,-1,0,0,Normal,Normal,0.9999419450759888,1
EMQX_preprocessed.csv,1076,-1,-1,0,0,Normal,Normal,0.9998005032539368,1
EMQX_preprocessed.csv,1077,-1,-1,0,0,Normal,Normal,0.9997749924659729,1
EMQX_preprocessed.csv,1078,-1,-1,0,0,Normal,Normal,0.9998528957366943,1
EMQX_preprocessed.csv,1079,-1,-1,0,0,Normal,Normal,0.9999337196350098,1
EMQX_preprocessed.csv,1080,-1,-1,0,0,Normal,Normal,0.9999325275421143,1
EMQX_preprocessed.csv,1081,-1,-1,0,0,Normal,Normal,0.9992586970329285,1
EMQX_preprocessed.csv,1082,-1,-1,0,0,Normal,Normal,0.9996970891952515,1
EMQX_preprocessed.csv,1083,-1,-1,0,0,Normal,Normal,0.9998525381088257,1
EMQX_preprocessed.csv,1084,-1,-1,0,0,Normal,Normal,0.9998894929885864,1
EMQX_preprocessed.csv,1085,-1,-1,0,0,Normal,Normal,0.9999480247497559,1
EMQX_preprocessed.csv,1086,-1,-1,0,0,Normal,Normal,0.9999275207519531,1
EMQX_preprocessed.csv,1087,-1,-1,0,0,Normal,Normal,0.9999039173126221,1
EMQX_preprocessed.csv,1088,-1,-1,0,0,Normal,Normal,0.9999072551727295,1
EMQX_preprocessed.csv,1089,-1,-1,0,0,Normal,Normal,0.999937891960144,1
EMQX_preprocessed.csv,1090,-1,-1,0,0,Normal,Normal,0.9999034404754639,1
EMQX_preprocessed.csv,1091,-1,-1,0,0,Normal,Normal,0.9997861981391907,1
EMQX_preprocessed.csv,1092,-1,-1,0,0,Normal,Normal,0.9999427795410156,1
EMQX_preprocessed.csv,1093,-1,-1,0,0,Normal,Normal,0.9999492168426514,1
EMQX_preprocessed.csv,1094,-1,-1,0,0,Normal,Normal,0.9999375343322754,1
EMQX_preprocessed.csv,1095,-1,-1,0,0,Normal,Normal,0.9997848868370056,1
EMQX_preprocessed.csv,1096,-1,-1,0,0,Normal,Normal,0.9999508857727051,1
EMQX_preprocessed.csv,1097,-1,-1,0,0,Normal,Normal,0.9998581409454346,1
EMQX_preprocessed.csv,1098,-1,-1,0,0,Normal,Normal,0.99991774559021,1
EMQX_preprocessed.csv,1099,-1,-1,0,0,Normal,Normal,0.9998816251754761,1
EMQX_preprocessed.csv,1100,-1,-1,0,0,Normal,Normal,0.9999016523361206,1
EMQX_preprocessed.csv,1101,-1,-1,0,0,Normal,Normal,0.9999333620071411,1
EMQX_preprocessed.csv,1102,-1,-1,0,0,Normal,Normal,0.9998975992202759,1
EMQX_preprocessed.csv,1103,-1,-1,0,0,Normal,Normal,0.9998738765716553,1
EMQX_preprocessed.csv,1104,-1,-1,0,0,Normal,Normal,0.9999053478240967,1
EMQX_preprocessed.csv,1105,-1,-1,0,0,Normal,Normal,0.9999275207519531,1
EMQX_preprocessed.csv,1106,-1,-1,0,0,Normal,Normal,0.9997863173484802,1
EMQX_preprocessed.csv,1107,-1,-1,0,0,Normal,Normal,0.9999412298202515,1
EMQX_preprocessed.csv,1108,-1,-1,0,0,Normal,Normal,0.9999008178710938,1
EMQX_preprocessed.csv,1109,-1,-1,0,0,Normal,Normal,0.9999408721923828,1
EMQX_preprocessed.csv,1110,-1,-1,0,0,Normal,Normal,0.9999397993087769,1
EMQX_preprocessed.csv,1111,-1,-1,0,0,Normal,Normal,0.9998799562454224,1
EMQX_preprocessed.csv,1112,-1,-1,0,0,Normal,Normal,0.9999014139175415,1
EMQX_preprocessed.csv,1113,-1,-1,0,0,Normal,Normal,0.9997566342353821,1
EMQX_preprocessed.csv,1114,-1,-1,0,0,Normal,Normal,0.9997830986976624,1
EMQX_preprocessed.csv,1115,-1,-1,0,0,Normal,Normal,0.9998453855514526,1
EMQX_preprocessed.csv,1116,-1,-1,0,0,Normal,Normal,0.999927282333374,1
EMQX_preprocessed.csv,1117,-1,-1,0,0,Normal,Normal,0.9999468326568604,1
EMQX_preprocessed.csv,1118,-1,-1,0,0,Normal,Normal,0.9999115467071533,1
EMQX_preprocessed.csv,1119,-1,-1,0,0,Normal,Normal,0.9999209642410278,1
EMQX_preprocessed.csv,1120,-1,-1,0,0,Normal,Normal,0.9998800754547119,1
EMQX_preprocessed.csv,1121,-1,-1,0,0,Normal,Normal,0.9999228715896606,1
EMQX_preprocessed.csv,1122,-1,-1,0,0,Normal,Normal,0.9999450445175171,1
EMQX_preprocessed.csv,1123,-1,-1,0,0,Normal,Normal,0.9999258518218994,1
EMQX_preprocessed.csv,1124,-1,-1,0,0,Normal,Normal,0.9999006986618042,1
EMQX_preprocessed.csv,1125,-1,-1,0,0,Normal,Normal,0.9999340772628784,1
EMQX_preprocessed.csv,1126,-1,-1,0,0,Normal,Normal,0.9999425411224365,1
EMQX_preprocessed.csv,1127,-1,-1,0,0,Normal,Normal,0.9946637153625488,1
EMQX_preprocessed.csv,1128,-1,-1,0,0,Normal,Normal,0.9999185800552368,1
EMQX_preprocessed.csv,1129,-1,-1,0,0,Normal,Normal,0.9997019171714783,1
EMQX_preprocessed.csv,1130,-1,-1,0,0,Normal,Normal,0.9997758269309998,1
EMQX_preprocessed.csv,1131,-1,-1,0,0,Normal,Normal,0.9998267292976379,1
EMQX_preprocessed.csv,1132,-1,-1,0,0,Normal,Normal,0.9999072551727295,1
EMQX_preprocessed.csv,1133,-1,-1,0,0,Normal,Normal,0.9999215602874756,1
EMQX_preprocessed.csv,1134,-1,-1,0,0,Normal,Normal,0.9999409914016724,1
EMQX_preprocessed.csv,1135,-1,-1,0,0,Normal,Normal,0.9999097585678101,1
EMQX_preprocessed.csv,1136,-1,-1,0,0,Normal,Normal,0.9992964267730713,1
EMQX_preprocessed.csv,1137,-1,-1,0,0,Normal,Normal,0.99874347448349,1
EMQX_preprocessed.csv,1138,-1,-1,0,0,Normal,Normal,0.9999464750289917,1
EMQX_preprocessed.csv,1139,-1,-1,0,0,Normal,Normal,0.9999421834945679,1
EMQX_preprocessed.csv,1140,-1,-1,0,0,Normal,Normal,0.9998812675476074,1
EMQX_preprocessed.csv,1141,-1,-1,0,0,Normal,Normal,0.9999474287033081,1
EMQX_preprocessed.csv,1142,-1,-1,0,0,Normal,Normal,0.9998987913131714,1
EMQX_preprocessed.csv,1143,-1,-1,0,0,Normal,Normal,0.9998557567596436,1
EMQX_preprocessed.csv,1144,-1,-1,0,0,Normal,Normal,0.9998716115951538,1
EMQX_preprocessed.csv,1145,-1,-1,0,0,Normal,Normal,0.9999366998672485,1
EMQX_preprocessed.csv,1146,-1,-1,0,0,Normal,Normal,0.9998921155929565,1
EMQX_preprocessed.csv,1147,-1,-1,0,0,Normal,Normal,0.9974876642227173,1
EMQX_preprocessed.csv,1148,-1,-1,0,0,Normal,Normal,0.9999386072158813,1
EMQX_preprocessed.csv,1149,-1,-1,0,0,Normal,Normal,0.999945878982544,1
EMQX_preprocessed.csv,1150,-1,-1,0,0,Normal,Normal,0.9999430179595947,1
EMQX_preprocessed.csv,1151,-1,-1,0,0,Normal,Normal,0.9979156851768494,1
EMQX_preprocessed.csv,1152,-1,-1,0,0,Normal,Normal,0.9999150037765503,1
EMQX_preprocessed.csv,1153,-1,-1,0,0,Normal,Normal,0.9999493360519409,1
EMQX_preprocessed.csv,1154,-1,-1,0,0,Normal,Normal,0.9997345805168152,1
EMQX_preprocessed.csv,1155,-1,-1,0,0,Normal,Normal,0.9999322891235352,1
EMQX_preprocessed.csv,1156,-1,-1,0,0,Normal,Normal,0.9999257326126099,1
EMQX_preprocessed.csv,1157,-1,-1,0,0,Normal,Normal,0.9999463558197021,1
EMQX_preprocessed.csv,1158,-1,-1,0,0,Normal,Normal,0.9999340772628784,1
EMQX_preprocessed.csv,1159,-1,-1,0,0,Normal,Normal,0.999923825263977,1
EMQX_preprocessed.csv,1160,-1,-1,0,0,Normal,Normal,0.9996227025985718,1
EMQX_preprocessed.csv,1161,-1,-1,0,0,Normal,Normal,0.9999021291732788,1
EMQX_preprocessed.csv,1162,-1,-1,0,0,Normal,Normal,0.999771773815155,1
EMQX_preprocessed.csv,1163,-1,-1,0,0,Normal,Normal,0.9997888207435608,1
EMQX_preprocessed.csv,1164,-1,-1,0,0,Normal,Normal,0.9999443292617798,1
EMQX_preprocessed.csv,1165,-1,-1,0,0,Normal,Normal,0.9999154806137085,1
EMQX_preprocessed.csv,1166,-1,-1,0,0,Normal,Normal,0.9999067783355713,1
EMQX_preprocessed.csv,1167,-1,-1,0,0,Normal,Normal,0.9999158382415771,1
EMQX_preprocessed.csv,1168,-1,-1,0,0,Normal,Normal,0.9999091625213623,1
EMQX_preprocessed.csv,1169,-1,-1,0,0,Normal,Normal,0.9999028444290161,1
EMQX_preprocessed.csv,1170,-1,-1,0,0,Normal,Normal,0.9999480247497559,1
EMQX_preprocessed.csv,1171,-1,-1,0,0,Normal,Normal,0.9996684789657593,1
EMQX_preprocessed.csv,1172,-1,-1,0,0,Normal,Normal,0.9999496936798096,1
EMQX_preprocessed.csv,1173,-1,-1,0,0,Normal,Normal,0.9999430179595947,1
EMQX_preprocessed.csv,1174,-1,-1,0,0,Normal,Normal,0.999866247177124,1
EMQX_preprocessed.csv,1175,-1,-1,0,0,Normal,Normal,0.999491810798645,1
EMQX_preprocessed.csv,1176,-1,-1,0,0,Normal,Normal,0.9994093179702759,1
EMQX_preprocessed.csv,1177,-1,-1,0,0,Normal,Normal,0.9999508857727051,1
EMQX_preprocessed.csv,1178,-1,-1,0,0,Normal,Normal,0.9999165534973145,1
EMQX_preprocessed.csv,1179,-1,-1,0,0,Normal,Normal,0.9999059438705444,1
EMQX_preprocessed.csv,1180,-1,-1,0,0,Normal,Normal,0.9998549222946167,1
EMQX_preprocessed.csv,1181,-1,-1,0,0,Normal,Normal,0.9999414682388306,1
EMQX_preprocessed.csv,1182,-1,-1,0,0,Normal,Normal,0.9908964037895203,1
EMQX_preprocessed.csv,1183,-1,-1,0,0,Normal,Normal,0.9999096393585205,1
EMQX_preprocessed.csv,1184,-1,-1,0,0,Normal,Normal,0.9999375343322754,1
EMQX_preprocessed.csv,1185,-1,-1,0,0,Normal,Normal,0.9994983673095703,1
EMQX_preprocessed.csv,1186,-1,-1,0,0,Normal,Normal,0.9998277425765991,1
EMQX_preprocessed.csv,1187,-1,-1,0,0,Normal,Normal,0.9999240636825562,1
EMQX_preprocessed.csv,1188,-1,-1,0,0,Normal,Normal,0.999942421913147,1
EMQX_preprocessed.csv,1189,-1,-1,0,0,Normal,Normal,0.9999332427978516,1
EMQX_preprocessed.csv,1190,-1,-1,0,0,Normal,Normal,0.9998698234558105,1
EMQX_preprocessed.csv,1191,-1,-1,0,0,Normal,Normal,0.9998941421508789,1
EMQX_preprocessed.csv,1192,-1,-1,0,0,Normal,Normal,0.9999299049377441,1
EMQX_preprocessed.csv,1193,-1,-1,0,0,Normal,Normal,0.9999077320098877,1
EMQX_preprocessed.csv,1194,-1,-1,0,0,Normal,Normal,0.9998735189437866,1
EMQX_preprocessed.csv,1195,-1,-1,0,0,Normal,Normal,0.999885082244873,1
EMQX_preprocessed.csv,1196,-1,-1,0,0,Normal,Normal,0.9997912049293518,1
EMQX_preprocessed.csv,1197,-1,-1,0,0,Normal,Normal,0.9999392032623291,1
EMQX_preprocessed.csv,1198,-1,-1,0,0,Normal,Normal,0.9973457455635071,1
EMQX_preprocessed.csv,1199,-1,-1,0,0,Normal,Normal,0.999933123588562,1
EMQX_preprocessed.csv,1200,-1,-1,0,0,Normal,Normal,0.9997432827949524,1
EMQX_preprocessed.csv,1201,-1,-1,0,0,Normal,Normal,0.9996482133865356,1
EMQX_preprocessed.csv,1202,-1,-1,0,0,Normal,Normal,0.9999443292617798,1
EMQX_preprocessed.csv,1203,-1,-1,0,0,Normal,Normal,0.9995570778846741,1
EMQX_preprocessed.csv,1204,-1,-1,0,0,Normal,Normal,0.9999227523803711,1
EMQX_preprocessed.csv,1205,-1,-1,0,0,Normal,Normal,0.9999091625213623,1
EMQX_preprocessed.csv,1206,-1,-1,0,0,Normal,Normal,0.9999479055404663,1
EMQX_preprocessed.csv,1207,-1,-1,0,0,Normal,Normal,0.9999375343322754,1
EMQX_preprocessed.csv,1208,-1,-1,0,0,Normal,Normal,0.999940037727356,1
EMQX_preprocessed.csv,1209,-1,-1,0,0,Normal,Normal,0.9999195337295532,1
EMQX_preprocessed.csv,1210,-1,-1,0,0,Normal,Normal,0.9999502897262573,1
EMQX_preprocessed.csv,1211,-1,-1,0,0,Normal,Normal,0.9999315738677979,1
EMQX_preprocessed.csv,1212,-1,-1,0,0,Normal,Normal,0.999811589717865,1
EMQX_preprocessed.csv,1213,-1,-1,0,0,Normal,Normal,0.9998992681503296,1
EMQX_preprocessed.csv,1214,-1,-1,0,0,Normal,Normal,0.9999346733093262,1
EMQX_preprocessed.csv,1215,-1,-1,0,0,Normal,Normal,0.9999387264251709,1
EMQX_preprocessed.csv,1216,-1,-1,0,0,Normal,Normal,0.9997777342796326,1
EMQX_preprocessed.csv,1217,-1,-1,0,0,Normal,Normal,0.9999020099639893,1
EMQX_preprocessed.csv,1218,-1,-1,0,0,Normal,Normal,0.9999321699142456,1
EMQX_preprocessed.csv,1219,-1,-1,0,0,Normal,Normal,0.9995779395103455,1
EMQX_preprocessed.csv,1220,-1,-1,0,0,Normal,Normal,0.9999333620071411,1
EMQX_preprocessed.csv,1221,-1,-1,0,0,Normal,Normal,0.9999082088470459,1
EMQX_preprocessed.csv,1222,-1,-1,0,0,Normal,Normal,0.9998780488967896,1
EMQX_preprocessed.csv,1223,-1,-1,0,0,Normal,Normal,0.9998396635055542,1
EMQX_preprocessed.csv,1224,-1,-1,0,0,Normal,Normal,0.9999412298202515,1
EMQX_preprocessed.csv,1225,-1,-1,0,0,Normal,Normal,0.9999197721481323,1
EMQX_preprocessed.csv,1226,-1,-1,0,0,Normal,Normal,0.999942421913147,1
EMQX_preprocessed.csv,1227,-1,-1,0,0,Normal,Normal,0.9999324083328247,1
EMQX_preprocessed.csv,1228,-1,-1,0,0,Normal,Normal,0.9998136162757874,1
EMQX_preprocessed.csv,1229,-1,-1,0,0,Normal,Normal,0.9997565150260925,1
EMQX_preprocessed.csv,1230,-1,-1,0,0,Normal,Normal,0.9999438524246216,1
EMQX_preprocessed.csv,1231,-1,-1,0,0,Normal,Normal,0.9996275901794434,1
EMQX_preprocessed.csv,1232,-1,-1,0,0,Normal,Normal,0.9998480081558228,1
EMQX_preprocessed.csv,1233,-1,-1,0,0,Normal,Normal,0.9999436140060425,1
EMQX_preprocessed.csv,1234,-1,-1,0,0,Normal,Normal,0.999777615070343,1
EMQX_preprocessed.csv,1235,-1,-1,0,0,Normal,Normal,0.9999477863311768,1
EMQX_preprocessed.csv,1236,-1,-1,0,0,Normal,Normal,0.9999312162399292,1
EMQX_preprocessed.csv,1237,-1,-1,0,0,Normal,Normal,0.9999027252197266,1
EMQX_preprocessed.csv,1238,-1,-1,0,0,Normal,Normal,0.9999264478683472,1
EMQX_preprocessed.csv,1239,-1,-1,0,0,Normal,Normal,0.9999438524246216,1
EMQX_preprocessed.csv,1240,-1,-1,0,0,Normal,Normal,0.9996248483657837,1
EMQX_preprocessed.csv,1241,-1,-1,0,0,Normal,Normal,0.9999339580535889,1
EMQX_preprocessed.csv,1242,-1,-1,0,0,Normal,Normal,0.9999227523803711,1
EMQX_preprocessed.csv,1243,-1,-1,0,0,Normal,Normal,0.9999253749847412,1
EMQX_preprocessed.csv,1244,-1,-1,0,0,Normal,Normal,0.999881386756897,1
EMQX_preprocessed.csv,1245,-1,-1,0,0,Normal,Normal,0.9999477863311768,1
EMQX_preprocessed.csv,1246,-1,-1,0,0,Normal,Normal,0.9996894598007202,1
EMQX_preprocessed.csv,1247,-1,-1,0,0,Normal,Normal,0.9999027252197266,1
EMQX_preprocessed.csv,1248,-1,-1,0,0,Normal,Normal,0.9999246597290039,1
EMQX_preprocessed.csv,1249,-1,-1,0,0,Normal,Normal,0.9997878670692444,1
EMQX_preprocessed.csv,1250,-1,-1,0,0,Normal,Normal,0.9998587369918823,1
EMQX_preprocessed.csv,1251,-1,-1,0,0,Normal,Normal,0.9999228715896606,1
EMQX_preprocessed.csv,1252,-1,-1,0,0,Normal,Normal,0.9999315738677979,1
EMQX_preprocessed.csv,1253,-1,-1,0,0,Normal,Normal,0.999921441078186,1
EMQX_preprocessed.csv,1254,-1,-1,0,0,Normal,Normal,0.9997819066047668,1
EMQX_preprocessed.csv,1255,-1,-1,0,0,Normal,Normal,0.9973124265670776,1
EMQX_preprocessed.csv,1256,-1,-1,0,0,Normal,Normal,0.9999449253082275,1
EMQX_preprocessed.csv,1257,-1,-1,0,0,Normal,Normal,0.9997417330741882,1
EMQX_preprocessed.csv,1258,-1,-1,0,0,Normal,Normal,0.999931812286377,1
EMQX_preprocessed.csv,1259,-1,-1,0,0,Normal,Normal,0.9995080232620239,1
EMQX_preprocessed.csv,1260,-1,-1,0,0,Normal,Normal,0.999940037727356,1
EMQX_preprocessed.csv,1261,-1,-1,0,0,Normal,Normal,0.9999344348907471,1
EMQX_preprocessed.csv,1262,-1,-1,0,0,Normal,Normal,0.9998773336410522,1
EMQX_preprocessed.csv,1263,-1,-1,0,0,Normal,Normal,0.9999430179595947,1
EMQX_preprocessed.csv,1264,-1,-1,0,0,Normal,Normal,0.9999310970306396,1
EMQX_preprocessed.csv,1265,-1,-1,0,0,Normal,Normal,0.9999314546585083,1
EMQX_preprocessed.csv,1266,-1,-1,0,0,Normal,Normal,0.9999415874481201,1
EMQX_preprocessed.csv,1267,-1,-1,0,0,Normal,Normal,0.9998874664306641,1
EMQX_preprocessed.csv,1268,-1,-1,0,0,Normal,Normal,0.9999204874038696,1
EMQX_preprocessed.csv,1269,-1,-1,0,0,Normal,Normal,0.9998608827590942,1
EMQX_preprocessed.csv,1270,-1,-1,0,0,Normal,Normal,0.9999083280563354,1
EMQX_preprocessed.csv,1271,-1,-1,0,0,Normal,Normal,0.9999086856842041,1
EMQX_preprocessed.csv,1272,-1,-1,0,0,Normal,Normal,0.9688475728034973,1
EMQX_preprocessed.csv,1273,-1,-1,0,0,Normal,Normal,0.9999393224716187,1
EMQX_preprocessed.csv,1274,-1,-1,0,0,Normal,Normal,0.9919252991676331,1
EMQX_preprocessed.csv,1275,-1,-1,0,0,Normal,Normal,0.9999123811721802,1
EMQX_preprocessed.csv,1276,-1,-1,0,0,Normal,Normal,0.9934697151184082,1
EMQX_preprocessed.csv,1277,-1,-1,0,0,Normal,Normal,0.9999206066131592,1
EMQX_preprocessed.csv,1278,-1,-1,0,0,Normal,Normal,0.9997430443763733,1
EMQX_preprocessed.csv,1279,-1,-1,0,0,Normal,Normal,0.999943733215332,1
EMQX_preprocessed.csv,1280,-1,-1,0,0,Normal,Normal,0.9999208450317383,1
EMQX_preprocessed.csv,1281,-1,-1,0,0,Normal,Normal,0.9999344348907471,1
EMQX_preprocessed.csv,1282,-1,-1,0,0,Normal,Normal,0.9998974800109863,1
EMQX_preprocessed.csv,1283,-1,-1,0,0,Normal,Normal,0.9998832941055298,1
EMQX_preprocessed.csv,1284,-1,-1,0,0,Normal,Normal,0.9999195337295532,1
EMQX_preprocessed.csv,1285,-1,-1,0,0,Normal,Normal,0.99992835521698,1
EMQX_preprocessed.csv,1286,-1,-1,0,0,Normal,Normal,0.999869704246521,1
EMQX_preprocessed.csv,1287,-1,-1,0,0,Normal,Normal,0.9999388456344604,1
EMQX_preprocessed.csv,1288,-1,-1,0,0,Normal,Normal,0.9999091625213623,1
EMQX_preprocessed.csv,1289,-1,-1,0,0,Normal,Normal,0.9999229907989502,1
EMQX_preprocessed.csv,1290,-1,-1,0,0,Normal,Normal,0.9999034404754639,1
EMQX_preprocessed.csv,1291,-1,-1,0,0,Normal,Normal,0.9992200136184692,1
EMQX_preprocessed.csv,1292,-1,-1,0,0,Normal,Normal,0.9998745918273926,1
EMQX_preprocessed.csv,1293,-1,-1,0,0,Normal,Normal,0.9999455213546753,1
EMQX_preprocessed.csv,1294,-1,-1,0,0,Normal,Normal,0.9999409914016724,1
EMQX_preprocessed.csv,1295,-1,-1,0,0,Normal,Normal,0.9998968839645386,1
EMQX_preprocessed.csv,1296,-1,-1,0,0,Normal,Normal,0.9999090433120728,1
EMQX_preprocessed.csv,1297,-1,-1,0,0,Normal,Normal,0.9999443292617798,1
EMQX_preprocessed.csv,1298,-1,-1,0,0,Normal,Normal,0.9999387264251709,1
EMQX_preprocessed.csv,1299,-1,-1,0,0,Normal,Normal,0.9999508857727051,1
EMQX_preprocessed.csv,1300,-1,-1,0,0,Normal,Normal,0.9997801184654236,1
EMQX_preprocessed.csv,1301,-1,-1,0,0,Normal,Normal,0.9999427795410156,1
EMQX_preprocessed.csv,1302,-1,-1,0,0,Normal,Normal,0.9999039173126221,1
EMQX_preprocessed.csv,1303,-1,-1,0,0,Normal,Normal,0.9999464750289917,1
EMQX_preprocessed.csv,1304,-1,-1,0,0,Normal,Normal,0.9998217225074768,1
EMQX_preprocessed.csv,1305,-1,-1,0,0,Normal,Normal,0.9999321699142456,1
EMQX_preprocessed.csv,1306,-1,-1,0,0,Normal,Normal,0.999942421913147,1
EMQX_preprocessed.csv,1307,-1,-1,0,0,Normal,Normal,0.9998871088027954,1
EMQX_preprocessed.csv,1308,-1,-1,0,0,Normal,Normal,0.9999510049819946,1
EMQX_preprocessed.csv,1309,-1,-1,0,0,Normal,Normal,0.9998856782913208,1
EMQX_preprocessed.csv,1310,-1,-1,0,0,Normal,Normal,0.9999058246612549,1
EMQX_preprocessed.csv,1311,-1,-1,0,0,Normal,Normal,0.9999426603317261,1
EMQX_preprocessed.csv,1312,-1,-1,0,0,Normal,Normal,0.9999328851699829,1
EMQX_preprocessed.csv,1313,-1,-1,0,0,Normal,Normal,0.9997313618659973,1
EMQX_preprocessed.csv,1314,-1,-1,0,0,Normal,Normal,0.9999051094055176,1
EMQX_preprocessed.csv,1315,-1,-1,0,0,Normal,Normal,0.9999421834945679,1
EMQX_preprocessed.csv,1316,-1,-1,0,0,Normal,Normal,0.999748170375824,1
EMQX_preprocessed.csv,1317,-1,-1,0,0,Normal,Normal,0.9999467134475708,1
EMQX_preprocessed.csv,1318,-1,-1,0,0,Normal,Normal,0.9999333620071411,1
EMQX_preprocessed.csv,1319,-1,-1,0,0,Normal,Normal,0.9999290704727173,1
EMQX_preprocessed.csv,1320,-1,-1,0,0,Normal,Normal,0.9998304843902588,1
EMQX_preprocessed.csv,1321,-1,-1,0,0,Normal,Normal,0.9998486042022705,1
EMQX_preprocessed.csv,1322,-1,-1,0,0,Normal,Normal,0.9999465942382812,1
EMQX_preprocessed.csv,1323,-1,-1,0,0,Normal,Normal,0.9998512268066406,1
EMQX_preprocessed.csv,1324,-1,-1,0,0,Normal,Normal,0.9999529123306274,1
EMQX_preprocessed.csv,1325,-1,-1,0,0,Normal,Normal,0.9998995065689087,1
EMQX_preprocessed.csv,1326,-1,-1,0,0,Normal,Normal,0.9999409914016724,1
EMQX_preprocessed.csv,1327,-1,-1,0,0,Normal,Normal,0.9989394545555115,1
EMQX_preprocessed.csv,1328,-1,-1,0,0,Normal,Normal,0.995334804058075,1
EMQX_preprocessed.csv,1329,-1,-1,0,0,Normal,Normal,0.9999521970748901,1
EMQX_preprocessed.csv,1330,-1,-1,0,0,Normal,Normal,0.9999455213546753,1
EMQX_preprocessed.csv,1331,-1,-1,0,0,Normal,Normal,0.9996693134307861,1
EMQX_preprocessed.csv,1332,-1,-1,0,0,Normal,Normal,0.9999443292617798,1
EMQX_preprocessed.csv,1333,-1,-1,0,0,Normal,Normal,0.9999434947967529,1
EMQX_preprocessed.csv,1334,-1,-1,0,0,Normal,Normal,0.9999213218688965,1
EMQX_preprocessed.csv,1335,-1,-1,0,0,Normal,Normal,0.9999423027038574,1
EMQX_preprocessed.csv,1336,-1,-1,0,0,Normal,Normal,0.9999167919158936,1
EMQX_preprocessed.csv,1337,-1,-1,0,0,Normal,Normal,0.9999074935913086,1
EMQX_preprocessed.csv,1338,-1,-1,0,0,Normal,Normal,0.9999411106109619,1
EMQX_preprocessed.csv,1339,-1,-1,0,0,Normal,Normal,0.9952644109725952,1
EMQX_preprocessed.csv,1340,-1,-1,0,0,Normal,Normal,0.9998979568481445,1
EMQX_preprocessed.csv,1341,-1,-1,0,0,Normal,Normal,0.9986292123794556,1
EMQX_preprocessed.csv,1342,-1,-1,0,0,Normal,Normal,0.9999421834945679,1
EMQX_preprocessed.csv,1343,-1,-1,0,0,Normal,Normal,0.9999498128890991,1
EMQX_preprocessed.csv,1344,-1,-1,0,0,Normal,Normal,0.9999063014984131,1
EMQX_preprocessed.csv,1345,-1,-1,0,0,Normal,Normal,0.9999421834945679,1
EMQX_preprocessed.csv,1346,-1,-1,0,0,Normal,Normal,0.9999470710754395,1
EMQX_preprocessed.csv,1347,-1,-1,0,0,Normal,Normal,0.9999324083328247,1
EMQX_preprocessed.csv,1348,-1,-1,0,0,Normal,Normal,0.999913215637207,1
EMQX_preprocessed.csv,1349,-1,-1,0,0,Normal,Normal,0.9999185800552368,1
EMQX_preprocessed.csv,1350,-1,-1,0,0,Normal,Normal,0.9999117851257324,1
EMQX_preprocessed.csv,1351,-1,-1,0,0,Normal,Normal,0.9999115467071533,1
EMQX_preprocessed.csv,1352,-1,-1,0,0,Normal,Normal,0.9999525547027588,1
EMQX_preprocessed.csv,1353,-1,-1,0,0,Normal,Normal,0.9999215602874756,1
EMQX_preprocessed.csv,1354,-1,-1,0,0,Normal,Normal,0.9999029636383057,1
EMQX_preprocessed.csv,1355,-1,-1,0,0,Normal,Normal,0.9998747110366821,1
EMQX_preprocessed.csv,1356,-1,-1,0,0,Normal,Normal,0.9999182224273682,1
EMQX_preprocessed.csv,1357,-1,-1,0,0,Normal,Normal,0.9999502897262573,1
EMQX_preprocessed.csv,1358,-1,-1,0,0,Normal,Normal,0.9997170567512512,1
EMQX_preprocessed.csv,1359,-1,-1,0,0,Normal,Normal,0.9999302625656128,1
EMQX_preprocessed.csv,1360,-1,-1,0,0,Normal,Normal,0.9999532699584961,1
EMQX_preprocessed.csv,1361,-1,-1,0,0,Normal,Normal,0.9998873472213745,1
EMQX_preprocessed.csv,1362,-1,-1,0,0,Normal,Normal,0.9999480247497559,1
EMQX_preprocessed.csv,1363,-1,-1,0,0,Normal,Normal,0.9999270439147949,1
EMQX_preprocessed.csv,1364,-1,-1,0,0,Normal,Normal,0.9999440908432007,1
EMQX_preprocessed.csv,1365,-1,-1,0,0,Normal,Normal,0.9999133348464966,1
EMQX_preprocessed.csv,1366,-1,-1,0,0,Normal,Normal,0.9999388456344604,1
EMQX_preprocessed.csv,1367,-1,-1,0,0,Normal,Normal,0.9999276399612427,1
EMQX_preprocessed.csv,1368,-1,-1,0,0,Normal,Normal,0.9996107220649719,1
EMQX_preprocessed.csv,1369,-1,-1,0,0,Normal,Normal,0.9999234676361084,1
EMQX_preprocessed.csv,1370,-1,-1,0,0,Normal,Normal,0.9918147921562195,1
EMQX_preprocessed.csv,1371,-1,-1,0,0,Normal,Normal,0.999924898147583,1
EMQX_preprocessed.csv,1372,-1,-1,0,0,Normal,Normal,0.9998376369476318,1
EMQX_preprocessed.csv,1373,-1,-1,0,0,Normal,Normal,0.9998207688331604,1
EMQX_preprocessed.csv,1374,-1,-1,0,0,Normal,Normal,0.999908447265625,1
EMQX_preprocessed.csv,1375,-1,-1,0,0,Normal,Normal,0.9997995495796204,1
EMQX_preprocessed.csv,1376,-1,-1,0,0,Normal,Normal,0.9999121427536011,1
EMQX_preprocessed.csv,1377,-1,-1,0,0,Normal,Normal,0.999772846698761,1
EMQX_preprocessed.csv,1378,-1,-1,0,0,Normal,Normal,0.999852180480957,1
EMQX_preprocessed.csv,1379,-1,-1,0,0,Normal,Normal,0.9999371767044067,1
EMQX_preprocessed.csv,1380,-1,-1,0,0,Normal,Normal,0.9999133348464966,1
EMQX_preprocessed.csv,1381,-1,-1,0,0,Normal,Normal,0.9999125003814697,1
EMQX_preprocessed.csv,1382,-1,-1,0,0,Normal,Normal,0.9998878240585327,1
EMQX_preprocessed.csv,1383,-1,-1,0,0,Normal,Normal,0.9998762607574463,1
EMQX_preprocessed.csv,1384,-1,-1,0,0,Normal,Normal,0.9999161958694458,1
EMQX_preprocessed.csv,1385,-1,-1,0,0,Normal,Normal,0.9998252987861633,1
EMQX_preprocessed.csv,1386,-1,-1,0,0,Normal,Normal,0.9998611211776733,1
EMQX_preprocessed.csv,1387,-1,-1,0,0,Normal,Normal,0.9999254941940308,1
EMQX_preprocessed.csv,1388,-1,-1,0,0,Normal,Normal,0.9989776611328125,1
EMQX_preprocessed.csv,1389,-1,-1,0,0,Normal,Normal,0.9998432397842407,1
EMQX_preprocessed.csv,1390,-1,-1,0,0,Normal,Normal,0.9999316930770874,1
EMQX_preprocessed.csv,1391,-1,-1,0,0,Normal,Normal,0.9999260902404785,1
EMQX_preprocessed.csv,1392,-1,-1,0,0,Normal,Normal,0.9998395442962646,1
EMQX_preprocessed.csv,1393,-1,-1,0,0,Normal,Normal,0.9986360669136047,1
EMQX_preprocessed.csv,1394,-1,-1,0,0,Normal,Normal,0.9999276399612427,1
EMQX_preprocessed.csv,1395,-1,-1,0,0,Normal,Normal,0.9999327659606934,1
EMQX_preprocessed.csv,1396,-1,-1,0,0,Normal,Normal,0.9998425245285034,1
EMQX_preprocessed.csv,1397,-1,-1,0,0,Normal,Normal,0.9999392032623291,1
EMQX_preprocessed.csv,1398,-1,-1,0,0,Normal,Normal,0.999947190284729,1
EMQX_preprocessed.csv,1399,-1,-1,0,0,Normal,Normal,0.9999465942382812,1
EMQX_preprocessed.csv,1400,-1,-1,0,0,Normal,Normal,0.9998815059661865,1
EMQX_preprocessed.csv,1401,-1,-1,0,0,Normal,Normal,0.9997603297233582,1
EMQX_preprocessed.csv,1402,-1,-1,0,0,Normal,Normal,0.9999074935913086,1
EMQX_preprocessed.csv,1403,-1,-1,0,0,Normal,Normal,0.9897797703742981,1
EMQX_preprocessed.csv,1404,-1,-1,0,0,Normal,Normal,0.9999431371688843,1
EMQX_preprocessed.csv,1405,-1,-1,0,0,Normal,Normal,0.9998483657836914,1
EMQX_preprocessed.csv,1406,-1,-1,0,0,Normal,Normal,0.9998693466186523,1
EMQX_preprocessed.csv,1407,-1,-1,0,0,Normal,Normal,0.9921181797981262,1
EMQX_preprocessed.csv,1408,-1,-1,0,0,Normal,Normal,0.9997509121894836,1
EMQX_preprocessed.csv,1409,-1,-1,0,0,Normal,Normal,0.999871015548706,1
EMQX_preprocessed.csv,1410,-1,-1,0,0,Normal,Normal,0.9997974038124084,1
EMQX_preprocessed.csv,1411,-1,-1,0,0,Normal,Normal,0.9999386072158813,1
EMQX_preprocessed.csv,1412,-1,-1,0,0,Normal,Normal,0.9999527931213379,1
EMQX_preprocessed.csv,1413,-1,-1,0,0,Normal,Normal,0.999936580657959,1
EMQX_preprocessed.csv,1414,-1,-1,0,0,Normal,Normal,0.9999125003814697,1
EMQX_preprocessed.csv,1415,-1,-1,0,0,Normal,Normal,0.9999327659606934,1
EMQX_preprocessed.csv,1416,-1,-1,0,0,Normal,Normal,0.9998767375946045,1
EMQX_preprocessed.csv,1417,-1,-1,0,0,Normal,Normal,0.9999371767044067,1
EMQX_preprocessed.csv,1418,-1,-1,0,0,Normal,Normal,0.9999545812606812,1
EMQX_preprocessed.csv,1419,-1,-1,0,0,Normal,Normal,0.9999006986618042,1
EMQX_preprocessed.csv,1420,-1,-1,0,0,Normal,Normal,0.9996731281280518,1
EMQX_preprocessed.csv,1421,-1,-1,0,0,Normal,Normal,0.9999347925186157,1
EMQX_preprocessed.csv,1422,-1,-1,0,0,Normal,Normal,0.9999312162399292,1
EMQX_preprocessed.csv,1423,-1,-1,0,0,Normal,Normal,0.999921441078186,1
EMQX_preprocessed.csv,1424,-1,-1,0,0,Normal,Normal,0.9998302459716797,1
EMQX_preprocessed.csv,1425,-1,-1,0,0,Normal,Normal,0.9999420642852783,1
EMQX_preprocessed.csv,1426,-1,-1,0,0,Normal,Normal,0.9999064207077026,1
EMQX_preprocessed.csv,1427,-1,-1,0,0,Normal,Normal,0.9999274015426636,1
EMQX_preprocessed.csv,1428,-1,-1,0,0,Normal,Normal,0.9999480247497559,1
EMQX_preprocessed.csv,1429,-1,-1,0,0,Normal,Normal,0.9999474287033081,1
EMQX_preprocessed.csv,1430,-1,-1,0,0,Normal,Normal,0.9999271631240845,1
EMQX_preprocessed.csv,1431,-1,-1,0,0,Normal,Normal,0.9999159574508667,1
EMQX_preprocessed.csv,1432,-1,-1,0,0,Normal,Normal,0.9999115467071533,1
EMQX_preprocessed.csv,1433,-1,-1,0,0,Normal,Normal,0.9999417066574097,1
EMQX_preprocessed.csv,1434,-1,-1,0,0,Normal,Normal,0.9998704195022583,1
EMQX_preprocessed.csv,1435,-1,-1,0,0,Normal,Normal,0.9998810291290283,1
EMQX_preprocessed.csv,1436,-1,-1,0,0,Normal,Normal,0.9999352693557739,1
EMQX_preprocessed.csv,1437,-1,-1,0,0,Normal,Normal,0.9997181296348572,1
EMQX_preprocessed.csv,1438,-1,-1,0,0,Normal,Normal,0.9999263286590576,1
EMQX_preprocessed.csv,1439,-1,-1,0,0,Normal,Normal,0.9999005794525146,1
EMQX_preprocessed.csv,1440,-1,-1,0,0,Normal,Normal,0.999782145023346,1
EMQX_preprocessed.csv,1441,-1,-1,0,0,Normal,Normal,0.9999157190322876,1
EMQX_preprocessed.csv,1442,-1,-1,0,0,Normal,Normal,0.9999376535415649,1
EMQX_preprocessed.csv,1443,-1,-1,0,0,Normal,Normal,0.9999088048934937,1
EMQX_preprocessed.csv,1444,-1,-1,0,0,Normal,Normal,0.9997085928916931,1
EMQX_preprocessed.csv,1445,-1,-1,0,0,Normal,Normal,0.999936580657959,1
EMQX_preprocessed.csv,1446,-1,2,0,2,Normal,Tag_2,0.9970889687538147,0
EMQX_preprocessed.csv,1447,-1,-1,0,0,Normal,Normal,0.9998774528503418,1
EMQX_preprocessed.csv,1448,-1,-1,0,0,Normal,Normal,0.9938467144966125,1
EMQX_preprocessed.csv,1449,-1,-1,0,0,Normal,Normal,0.9999173879623413,1
EMQX_preprocessed.csv,1450,-1,-1,0,0,Normal,Normal,0.9999418258666992,1
EMQX_preprocessed.csv,1451,-1,-1,0,0,Normal,Normal,0.9998650550842285,1
EMQX_preprocessed.csv,1452,-1,-1,0,0,Normal,Normal,0.9999374151229858,1
EMQX_preprocessed.csv,1453,-1,-1,0,0,Normal,Normal,0.9998377561569214,1
EMQX_preprocessed.csv,1454,-1,-1,0,0,Normal,Normal,0.9950011372566223,1
EMQX_preprocessed.csv,1455,-1,-1,0,0,Normal,Normal,0.9999405145645142,1
EMQX_preprocessed.csv,1456,-1,-1,0,0,Normal,Normal,0.9997623562812805,1
EMQX_preprocessed.csv,1457,-1,-1,0,0,Normal,Normal,0.9999212026596069,1
EMQX_preprocessed.csv,1458,-1,-1,0,0,Normal,Normal,0.9999125003814697,1
EMQX_preprocessed.csv,1459,-1,-1,0,0,Normal,Normal,0.9999033212661743,1
EMQX_preprocessed.csv,1460,-1,-1,0,0,Normal,Normal,0.9997796416282654,1
EMQX_preprocessed.csv,1461,-1,-1,0,0,Normal,Normal,0.999941349029541,1
EMQX_preprocessed.csv,1462,-1,-1,0,0,Normal,Normal,0.998730480670929,1
EMQX_preprocessed.csv,1463,-1,-1,0,0,Normal,Normal,0.9999058246612549,1
EMQX_preprocessed.csv,1464,-1,-1,0,0,Normal,Normal,0.9999362230300903,1
EMQX_preprocessed.csv,1465,-1,-1,0,0,Normal,Normal,0.99991774559021,1
EMQX_preprocessed.csv,1466,-1,-1,0,0,Normal,Normal,0.9999148845672607,1
EMQX_preprocessed.csv,1467,-1,-1,0,0,Normal,Normal,0.999946117401123,1
EMQX_preprocessed.csv,1468,-1,-1,0,0,Normal,Normal,0.9999339580535889,1
EMQX_preprocessed.csv,1469,-1,-1,0,0,Normal,Normal,0.9999256134033203,1
EMQX_preprocessed.csv,1470,-1,-1,0,0,Normal,Normal,0.9996143579483032,1
EMQX_preprocessed.csv,1471,-1,-1,0,0,Normal,Normal,0.9999475479125977,1
EMQX_preprocessed.csv,1472,-1,-1,0,0,Normal,Normal,0.9999094009399414,1
EMQX_preprocessed.csv,1473,-1,-1,0,0,Normal,Normal,0.9994637370109558,1
EMQX_preprocessed.csv,1474,-1,-1,0,0,Normal,Normal,0.9999228715896606,1
EMQX_preprocessed.csv,1475,-1,-1,0,0,Normal,Normal,0.999651312828064,1
EMQX_preprocessed.csv,1476,-1,-1,0,0,Normal,Normal,0.999893069267273,1
EMQX_preprocessed.csv,1477,-1,-1,0,0,Normal,Normal,0.999934196472168,1
EMQX_preprocessed.csv,1478,-1,-1,0,0,Normal,Normal,0.9999091625213623,1
EMQX_preprocessed.csv,1479,-1,-1,0,0,Normal,Normal,0.996795117855072,1
EMQX_preprocessed.csv,1480,-1,-1,0,0,Normal,Normal,0.999902606010437,1
EMQX_preprocessed.csv,1481,-1,-1,0,0,Normal,Normal,0.9997698664665222,1
EMQX_preprocessed.csv,1482,-1,-1,0,0,Normal,Normal,0.9999514818191528,1
EMQX_preprocessed.csv,1483,-1,-1,0,0,Normal,Normal,0.9999366998672485,1
EMQX_preprocessed.csv,1484,-1,-1,0,0,Normal,Normal,0.9997128844261169,1
EMQX_preprocessed.csv,1485,-1,-1,0,0,Normal,Normal,0.9999265670776367,1
EMQX_preprocessed.csv,1486,-1,-1,0,0,Normal,Normal,0.9999301433563232,1
EMQX_preprocessed.csv,1487,-1,-1,0,0,Normal,Normal,0.9999485015869141,1
EMQX_preprocessed.csv,1488,-1,-1,0,0,Normal,Normal,0.9999405145645142,1
EMQX_preprocessed.csv,1489,-1,-1,0,0,Normal,Normal,0.9997524619102478,1
EMQX_preprocessed.csv,1490,-1,-1,0,0,Normal,Normal,0.999859094619751,1
EMQX_preprocessed.csv,1491,-1,-1,0,0,Normal,Normal,0.9998195767402649,1
EMQX_preprocessed.csv,1492,-1,-1,0,0,Normal,Normal,0.9999402761459351,1
EMQX_preprocessed.csv,1493,-1,-1,0,0,Normal,Normal,0.9997788071632385,1
EMQX_preprocessed.csv,1494,-1,-1,0,0,Normal,Normal,0.9999223947525024,1
EMQX_preprocessed.csv,1495,-1,-1,0,0,Normal,Normal,0.9996625185012817,1
EMQX_preprocessed.csv,1496,-1,-1,0,0,Normal,Normal,0.9999353885650635,1
EMQX_preprocessed.csv,1497,-1,-1,0,0,Normal,Normal,0.9999409914016724,1
EMQX_preprocessed.csv,1498,-1,-1,0,0,Normal,Normal,0.99993896484375,1
EMQX_preprocessed.csv,1499,-1,-1,0,0,Normal,Normal,0.9999116659164429,1
EMQX_preprocessed.csv,1500,-1,-1,0,0,Normal,Normal,0.9999141693115234,1
EMQX_preprocessed.csv,1501,-1,-1,0,0,Normal,Normal,0.9999061822891235,1
EMQX_preprocessed.csv,1502,-1,-1,0,0,Normal,Normal,0.9998117089271545,1
EMQX_preprocessed.csv,1503,-1,-1,0,0,Normal,Normal,0.9998911619186401,1
EMQX_preprocessed.csv,1504,-1,-1,0,0,Normal,Normal,0.9999210834503174,1
EMQX_preprocessed.csv,1505,-1,-1,0,0,Normal,Normal,0.9999282360076904,1
EMQX_preprocessed.csv,1506,-1,-1,0,0,Normal,Normal,0.9999316930770874,1
EMQX_preprocessed.csv,1507,-1,-1,0,0,Normal,Normal,0.9998621940612793,1
EMQX_preprocessed.csv,1508,-1,-1,0,0,Normal,Normal,0.9999065399169922,1
EMQX_preprocessed.csv,1509,-1,-1,0,0,Normal,Normal,0.9995706677436829,1
EMQX_preprocessed.csv,1510,-1,-1,0,0,Normal,Normal,0.9999052286148071,1
EMQX_preprocessed.csv,1511,-1,-1,0,0,Normal,Normal,0.9997157454490662,1
EMQX_preprocessed.csv,1512,-1,-1,0,0,Normal,Normal,0.9999457597732544,1
EMQX_preprocessed.csv,1513,-1,-1,0,0,Normal,Normal,0.999923825263977,1
EMQX_preprocessed.csv,1514,-1,-1,0,0,Normal,Normal,0.9998810291290283,1
EMQX_preprocessed.csv,1515,-1,-1,0,0,Normal,Normal,0.9998868703842163,1
EMQX_preprocessed.csv,1516,-1,-1,0,0,Normal,Normal,0.9996020197868347,1
EMQX_preprocessed.csv,1517,-1,-1,0,0,Normal,Normal,0.9997585415840149,1
EMQX_preprocessed.csv,1518,-1,-1,0,0,Normal,Normal,0.9999395608901978,1
EMQX_preprocessed.csv,1519,-1,-1,0,0,Normal,Normal,0.9999339580535889,1
EMQX_preprocessed.csv,1520,-1,-1,0,0,Normal,Normal,0.9999040365219116,1
EMQX_preprocessed.csv,1521,-1,-1,0,0,Normal,Normal,0.9999361038208008,1
EMQX_preprocessed.csv,1522,-1,-1,0,0,Normal,Normal,0.999834418296814,1
EMQX_preprocessed.csv,1523,-1,-1,0,0,Normal,Normal,0.9999327659606934,1
EMQX_preprocessed.csv,1524,-1,-1,0,0,Normal,Normal,0.999516487121582,1
EMQX_preprocessed.csv,1525,-1,-1,0,0,Normal,Normal,0.9999547004699707,1
EMQX_preprocessed.csv,1526,-1,-1,0,0,Normal,Normal,0.9999377727508545,1
EMQX_preprocessed.csv,1527,-1,-1,0,0,Normal,Normal,0.9999284744262695,1
EMQX_preprocessed.csv,1528,-1,-1,0,0,Normal,Normal,0.9999412298202515,1
EMQX_preprocessed.csv,1529,-1,-1,0,0,Normal,Normal,0.9996325969696045,1
EMQX_preprocessed.csv,1530,-1,-1,0,0,Normal,Normal,0.9999450445175171,1
EMQX_preprocessed.csv,1531,-1,-1,0,0,Normal,Normal,0.9952747821807861,1
EMQX_preprocessed.csv,1532,-1,-1,0,0,Normal,Normal,0.9999116659164429,1
EMQX_preprocessed.csv,1533,-1,-1,0,0,Normal,Normal,0.9999440908432007,1
EMQX_preprocessed.csv,1534,-1,-1,0,0,Normal,Normal,0.9993478655815125,1
EMQX_preprocessed.csv,1535,-1,-1,0,0,Normal,Normal,0.999914288520813,1
EMQX_preprocessed.csv,1536,-1,-1,0,0,Normal,Normal,0.9999058246612549,1
EMQX_preprocessed.csv,1537,-1,-1,0,0,Normal,Normal,0.9998892545700073,1
EMQX_preprocessed.csv,1538,-1,-1,0,0,Normal,Normal,0.9998587369918823,1
EMQX_preprocessed.csv,1539,-1,-1,0,0,Normal,Normal,0.999890923500061,1
EMQX_preprocessed.csv,1540,-1,-1,0,0,Normal,Normal,0.999642014503479,1
EMQX_preprocessed.csv,1541,-1,-1,0,0,Normal,Normal,0.9999206066131592,1
EMQX_preprocessed.csv,1542,-1,-1,0,0,Normal,Normal,0.9999513626098633,1
EMQX_preprocessed.csv,1543,-1,-1,0,0,Normal,Normal,0.9999127388000488,1
EMQX_preprocessed.csv,1544,-1,-1,0,0,Normal,Normal,0.9998677968978882,1
EMQX_preprocessed.csv,1545,-1,-1,0,0,Normal,Normal,0.9998601675033569,1
EMQX_preprocessed.csv,1546,-1,-1,0,0,Normal,Normal,0.9999430179595947,1
EMQX_preprocessed.csv,1547,-1,-1,0,0,Normal,Normal,0.9997449517250061,1
EMQX_preprocessed.csv,1548,-1,-1,0,0,Normal,Normal,0.9999213218688965,1
EMQX_preprocessed.csv,1549,-1,-1,0,0,Normal,Normal,0.99991774559021,1
EMQX_preprocessed.csv,1550,-1,-1,0,0,Normal,Normal,0.9999122619628906,1
EMQX_preprocessed.csv,1551,-1,-1,0,0,Normal,Normal,0.9999099969863892,1
EMQX_preprocessed.csv,1552,-1,-1,0,0,Normal,Normal,0.999784529209137,1
EMQX_preprocessed.csv,1553,-1,-1,0,0,Normal,Normal,0.9999475479125977,1
EMQX_preprocessed.csv,1554,-1,-1,0,0,Normal,Normal,0.9999328851699829,1
EMQX_preprocessed.csv,1555,-1,-1,0,0,Normal,Normal,0.9999123811721802,1
EMQX_preprocessed.csv,1556,-1,-1,0,0,Normal,Normal,0.9999481439590454,1
EMQX_preprocessed.csv,1557,-1,-1,0,0,Normal,Normal,0.9990777969360352,1
EMQX_preprocessed.csv,1558,-1,-1,0,0,Normal,Normal,0.9998069405555725,1
EMQX_preprocessed.csv,1559,-1,-1,0,0,Normal,Normal,0.9997349381446838,1
EMQX_preprocessed.csv,1560,-1,-1,0,0,Normal,Normal,0.9999055862426758,1
EMQX_preprocessed.csv,1561,-1,-1,0,0,Normal,Normal,0.9989368319511414,1
EMQX_preprocessed.csv,1562,-1,-1,0,0,Normal,Normal,0.9999494552612305,1
EMQX_preprocessed.csv,1563,-1,-1,0,0,Normal,Normal,0.9998812675476074,1
EMQX_preprocessed.csv,1564,-1,-1,0,0,Normal,Normal,0.999950647354126,1
EMQX_preprocessed.csv,1565,-1,-1,0,0,Normal,Normal,0.9998233914375305,1
EMQX_preprocessed.csv,1566,-1,-1,0,0,Normal,Normal,0.9998960494995117,1
EMQX_preprocessed.csv,1567,-1,-1,0,0,Normal,Normal,0.9999358654022217,1
EMQX_preprocessed.csv,1568,-1,-1,0,0,Normal,Normal,0.9999269247055054,1
EMQX_preprocessed.csv,1569,-1,-1,0,0,Normal,Normal,0.9999185800552368,1
EMQX_preprocessed.csv,1570,-1,-1,0,0,Normal,Normal,0.9997801184654236,1
EMQX_preprocessed.csv,1571,-1,-1,0,0,Normal,Normal,0.999872088432312,1
EMQX_preprocessed.csv,1572,-1,-1,0,0,Normal,Normal,0.9999362230300903,1
EMQX_preprocessed.csv,1573,-1,-1,0,0,Normal,Normal,0.999642014503479,1
EMQX_preprocessed.csv,1574,-1,-1,0,0,Normal,Normal,0.9999374151229858,1
EMQX_preprocessed.csv,1575,-1,-1,0,0,Normal,Normal,0.9999486207962036,1
EMQX_preprocessed.csv,1576,-1,-1,0,0,Normal,Normal,0.9999499320983887,1
EMQX_preprocessed.csv,1577,-1,-1,0,0,Normal,Normal,0.9988173842430115,1
EMQX_preprocessed.csv,1578,-1,-1,0,0,Normal,Normal,0.9999486207962036,1
EMQX_preprocessed.csv,1579,-1,-1,0,0,Normal,Normal,0.9999411106109619,1
EMQX_preprocessed.csv,1580,-1,-1,0,0,Normal,Normal,0.9991446733474731,1
EMQX_preprocessed.csv,1581,-1,-1,0,0,Normal,Normal,0.9999442100524902,1
EMQX_preprocessed.csv,1582,-1,-1,0,0,Normal,Normal,0.9999343156814575,1
EMQX_preprocessed.csv,1583,-1,-1,0,0,Normal,Normal,0.9999480247497559,1
EMQX_preprocessed.csv,1584,-1,-1,0,0,Normal,Normal,0.999876856803894,1
EMQX_preprocessed.csv,1585,-1,-1,0,0,Normal,Normal,0.9998917579650879,1
EMQX_preprocessed.csv,1586,-1,-1,0,0,Normal,Normal,0.999885082244873,1
EMQX_preprocessed.csv,1587,-1,-1,0,0,Normal,Normal,0.9999405145645142,1
EMQX_preprocessed.csv,1588,-1,-1,0,0,Normal,Normal,0.9998952150344849,1
EMQX_preprocessed.csv,1589,-1,-1,0,0,Normal,Normal,0.9996635913848877,1
EMQX_preprocessed.csv,1590,-1,-1,0,0,Normal,Normal,0.999846339225769,1
EMQX_preprocessed.csv,1591,-1,-1,0,0,Normal,Normal,0.9999492168426514,1
EMQX_preprocessed.csv,1592,-1,-1,0,0,Normal,Normal,0.9999477863311768,1
EMQX_preprocessed.csv,1593,-1,-1,0,0,Normal,Normal,0.9999305009841919,1
EMQX_preprocessed.csv,1594,-1,-1,0,0,Normal,Normal,0.9999138116836548,1
EMQX_preprocessed.csv,1595,-1,-1,0,0,Normal,Normal,0.9997939467430115,1
EMQX_preprocessed.csv,1596,-1,-1,0,0,Normal,Normal,0.9999383687973022,1
EMQX_preprocessed.csv,1597,-1,-1,0,0,Normal,Normal,0.9999234676361084,1
EMQX_preprocessed.csv,1598,-1,-1,0,0,Normal,Normal,0.9997767806053162,1
EMQX_preprocessed.csv,1599,-1,-1,0,0,Normal,Normal,0.999947190284729,1
EMQX_preprocessed.csv,1600,-1,-1,0,0,Normal,Normal,0.999940037727356,1
EMQX_preprocessed.csv,1601,-1,-1,0,0,Normal,Normal,0.9997476935386658,1
EMQX_preprocessed.csv,1602,-1,-1,0,0,Normal,Normal,0.9997546076774597,1
EMQX_preprocessed.csv,1603,-1,-1,0,0,Normal,Normal,0.9996263980865479,1
EMQX_preprocessed.csv,1604,-1,-1,0,0,Normal,Normal,0.9999432563781738,1
EMQX_preprocessed.csv,1605,-1,-1,0,0,Normal,Normal,0.9998952150344849,1
EMQX_preprocessed.csv,1606,-1,-1,0,0,Normal,Normal,0.999622106552124,1
EMQX_preprocessed.csv,1607,-1,-1,0,0,Normal,Normal,0.9998176693916321,1
EMQX_preprocessed.csv,1608,-1,-1,0,0,Normal,Normal,0.9999405145645142,1
EMQX_preprocessed.csv,1609,-1,-1,0,0,Normal,Normal,0.9999314546585083,1
EMQX_preprocessed.csv,1610,-1,-1,0,0,Normal,Normal,0.9999085664749146,1
EMQX_preprocessed.csv,1611,-1,-1,0,0,Normal,Normal,0.9999234676361084,1
EMQX_preprocessed.csv,1612,-1,-1,0,0,Normal,Normal,0.9997666478157043,1
EMQX_preprocessed.csv,1613,-1,-1,0,0,Normal,Normal,0.9985297918319702,1
EMQX_preprocessed.csv,1614,-1,-1,0,0,Normal,Normal,0.9999405145645142,1
EMQX_preprocessed.csv,1615,-1,-1,0,0,Normal,Normal,0.9998199343681335,1
EMQX_preprocessed.csv,1616,-1,-1,0,0,Normal,Normal,0.9999215602874756,1
EMQX_preprocessed.csv,1617,-1,-1,0,0,Normal,Normal,0.9999358654022217,1
EMQX_preprocessed.csv,1618,-1,-1,0,0,Normal,Normal,0.9999127388000488,1
EMQX_preprocessed.csv,1619,-1,-1,0,0,Normal,Normal,0.9999387264251709,1
EMQX_preprocessed.csv,1620,-1,-1,0,0,Normal,Normal,0.9999083280563354,1
EMQX_preprocessed.csv,1621,-1,-1,0,0,Normal,Normal,0.9999547004699707,1
EMQX_preprocessed.csv,1622,-1,-1,0,0,Normal,Normal,0.9996883869171143,1
EMQX_preprocessed.csv,1623,-1,-1,0,0,Normal,Normal,0.99991774559021,1
EMQX_preprocessed.csv,1624,-1,-1,0,0,Normal,Normal,0.9999105930328369,1
EMQX_preprocessed.csv,1625,-1,-1,0,0,Normal,Normal,0.9999265670776367,1
EMQX_preprocessed.csv,1626,-1,-1,0,0,Normal,Normal,0.9999312162399292,1
EMQX_preprocessed.csv,1627,-1,-1,0,0,Normal,Normal,0.9999439716339111,1
EMQX_preprocessed.csv,1628,-1,-1,0,0,Normal,Normal,0.9999531507492065,1
EMQX_preprocessed.csv,1629,-1,-1,0,0,Normal,Normal,0.9999403953552246,1
EMQX_preprocessed.csv,1630,-1,-1,0,0,Normal,Normal,0.9999219179153442,1
EMQX_preprocessed.csv,1631,-1,-1,0,0,Normal,Normal,0.9999462366104126,1
EMQX_preprocessed.csv,1632,-1,-1,0,0,Normal,Normal,0.9999244213104248,1
EMQX_preprocessed.csv,1633,-1,-1,0,0,Normal,Normal,0.9998950958251953,1
EMQX_preprocessed.csv,1634,-1,-1,0,0,Normal,Normal,0.9999179840087891,1
EMQX_preprocessed.csv,1635,-1,-1,0,0,Normal,Normal,0.9999412298202515,1
EMQX_preprocessed.csv,1636,-1,-1,0,0,Normal,Normal,0.9997038245201111,1
EMQX_preprocessed.csv,1637,-1,-1,0,0,Normal,Normal,0.9999407529830933,1
EMQX_preprocessed.csv,1638,-1,-1,0,0,Normal,Normal,0.9999346733093262,1
EMQX_preprocessed.csv,1639,-1,-1,0,0,Normal,Normal,0.9997839331626892,1
EMQX_preprocessed.csv,1640,-1,-1,0,0,Normal,Normal,0.9999353885650635,1
EMQX_preprocessed.csv,1641,-1,-1,0,0,Normal,Normal,0.9999020099639893,1
EMQX_preprocessed.csv,1642,-1,-1,0,0,Normal,Normal,0.9999127388000488,1
EMQX_preprocessed.csv,1643,-1,-1,0,0,Normal,Normal,0.9999306201934814,1
EMQX_preprocessed.csv,1644,-1,-1,0,0,Normal,Normal,0.9998502731323242,1
EMQX_preprocessed.csv,1645,-1,-1,0,0,Normal,Normal,0.9998255372047424,1
EMQX_preprocessed.csv,1646,-1,-1,0,0,Normal,Normal,0.9865177273750305,1
EMQX_preprocessed.csv,1647,-1,-1,0,0,Normal,Normal,0.9997780919075012,1
EMQX_preprocessed.csv,1648,-1,-1,0,0,Normal,Normal,0.9999068975448608,1
EMQX_preprocessed.csv,1649,-1,-1,0,0,Normal,Normal,0.9999411106109619,1
EMQX_preprocessed.csv,1650,-1,-1,0,0,Normal,Normal,0.9944855570793152,1
EMQX_preprocessed.csv,1651,-1,-1,0,0,Normal,Normal,0.9999042749404907,1
EMQX_preprocessed.csv,1652,-1,-1,0,0,Normal,Normal,0.9999439716339111,1
EMQX_preprocessed.csv,1653,-1,-1,0,0,Normal,Normal,0.9999361038208008,1
EMQX_preprocessed.csv,1654,-1,-1,0,0,Normal,Normal,0.9999059438705444,1
EMQX_preprocessed.csv,1655,-1,-1,0,0,Normal,Normal,0.9999359846115112,1
EMQX_preprocessed.csv,1656,-1,-1,0,0,Normal,Normal,0.999649167060852,1
EMQX_preprocessed.csv,1657,-1,-1,0,0,Normal,Normal,0.9998973608016968,1
EMQX_preprocessed.csv,1658,-1,-1,0,0,Normal,Normal,0.9999257326126099,1
EMQX_preprocessed.csv,1659,-1,-1,0,0,Normal,Normal,0.9998186230659485,1
EMQX_preprocessed.csv,1660,1,1,1,1,Tag_1,Tag_1,0.999002993106842,1
EMQX_preprocessed.csv,1661,1,1,1,1,Tag_1,Tag_1,0.9420136213302612,1
EMQX_preprocessed.csv,1662,1,1,1,1,Tag_1,Tag_1,0.9093220829963684,1
EMQX_preprocessed.csv,1663,1,1,1,1,Tag_1,Tag_1,0.9996587038040161,1
EMQX_preprocessed.csv,1664,1,1,1,1,Tag_1,Tag_1,0.9997269511222839,1
EMQX_preprocessed.csv,1665,1,1,1,1,Tag_1,Tag_1,0.9987163543701172,1
EMQX_preprocessed.csv,1666,1,1,1,1,Tag_1,Tag_1,0.9989056587219238,1
EMQX_preprocessed.csv,1667,1,1,1,1,Tag_1,Tag_1,0.9995726943016052,1
EMQX_preprocessed.csv,1668,1,-1,1,0,Tag_1,Normal,0.9999176263809204,0
EMQX_preprocessed.csv,1669,1,-1,1,0,Tag_1,Normal,0.997060239315033,0
EMQX_preprocessed.csv,1670,1,1,1,1,Tag_1,Tag_1,0.9897167086601257,1
EMQX_preprocessed.csv,1671,1,1,1,1,Tag_1,Tag_1,0.999697208404541,1
EMQX_preprocessed.csv,1672,1,1,1,1,Tag_1,Tag_1,0.9996590614318848,1
EMQX_preprocessed.csv,1673,1,1,1,1,Tag_1,Tag_1,0.9995887875556946,1
EMQX_preprocessed.csv,1674,1,1,1,1,Tag_1,Tag_1,0.9992570281028748,1
EMQX_preprocessed.csv,1675,1,1,1,1,Tag_1,Tag_1,0.9997592568397522,1
EMQX_preprocessed.csv,1676,1,1,1,1,Tag_1,Tag_1,0.9949294328689575,1
EMQX_preprocessed.csv,1677,1,1,1,1,Tag_1,Tag_1,0.996758759021759,1
EMQX_preprocessed.csv,1678,1,1,1,1,Tag_1,Tag_1,0.9996055960655212,1
EMQX_preprocessed.csv,1679,1,1,1,1,Tag_1,Tag_1,0.9997897744178772,1
EMQX_preprocessed.csv,1680,2,2,2,2,Tag_2,Tag_2,0.9984661340713501,1
EMQX_preprocessed.csv,1681,2,2,2,2,Tag_2,Tag_2,0.9990116357803345,1
EMQX_preprocessed.csv,1682,2,2,2,2,Tag_2,Tag_2,0.9989832043647766,1
EMQX_preprocessed.csv,1683,2,2,2,2,Tag_2,Tag_2,0.9952985644340515,1
EMQX_preprocessed.csv,1684,2,2,2,2,Tag_2,Tag_2,0.9982500672340393,1
EMQX_preprocessed.csv,1685,2,2,2,2,Tag_2,Tag_2,0.9971122741699219,1
EMQX_preprocessed.csv,1686,2,2,2,2,Tag_2,Tag_2,0.9982085227966309,1
EMQX_preprocessed.csv,1687,2,2,2,2,Tag_2,Tag_2,0.9973562955856323,1
EMQX_preprocessed.csv,1688,2,2,2,2,Tag_2,Tag_2,0.9975482821464539,1
EMQX_preprocessed.csv,1689,2,2,2,2,Tag_2,Tag_2,0.9987970590591431,1
EMQX_preprocessed.csv,1690,2,2,2,2,Tag_2,Tag_2,0.9984468817710876,1
EMQX_preprocessed.csv,1691,2,2,2,2,Tag_2,Tag_2,0.9984979629516602,1
EMQX_preprocessed.csv,1692,2,2,2,2,Tag_2,Tag_2,0.9977523684501648,1
EMQX_preprocessed.csv,1693,2,2,2,2,Tag_2,Tag_2,0.9984830021858215,1
EMQX_preprocessed.csv,1694,2,2,2,2,Tag_2,Tag_2,0.9984127283096313,1
EMQX_preprocessed.csv,1695,2,2,2,2,Tag_2,Tag_2,0.9977027773857117,1
EMQX_preprocessed.csv,1696,2,2,2,2,Tag_2,Tag_2,0.9985906481742859,1
EMQX_preprocessed.csv,1697,2,2,2,2,Tag_2,Tag_2,0.99831223487854,1
EMQX_preprocessed.csv,1698,2,2,2,2,Tag_2,Tag_2,0.9949784874916077,1
EMQX_preprocessed.csv,1699,2,2,2,2,Tag_2,Tag_2,0.9980873465538025,1
EMQX_preprocessed.csv,1700,3,3,3,3,Tag_3,Tag_3,0.4560788571834564,1
EMQX_preprocessed.csv,1701,3,3,3,3,Tag_3,Tag_3,0.7578662037849426,1
EMQX_preprocessed.csv,1702,3,3,3,3,Tag_3,Tag_3,0.47577857971191406,1
EMQX_preprocessed.csv,1703,3,3,3,3,Tag_3,Tag_3,0.5490135550498962,1
EMQX_preprocessed.csv,1704,3,3,3,3,Tag_3,Tag_3,0.45640620589256287,1
EMQX_preprocessed.csv,1705,3,22,3,21,Tag_3,Tag_22,0.6842003464698792,0
EMQX_preprocessed.csv,1706,3,22,3,21,Tag_3,Tag_22,0.6843404173851013,0
EMQX_preprocessed.csv,1707,3,3,3,3,Tag_3,Tag_3,0.6785610914230347,1
EMQX_preprocessed.csv,1708,3,3,3,3,Tag_3,Tag_3,0.7859600186347961,1
EMQX_preprocessed.csv,1709,3,22,3,21,Tag_3,Tag_22,0.4624544680118561,0
EMQX_preprocessed.csv,1710,3,3,3,3,Tag_3,Tag_3,0.8620733022689819,1
EMQX_preprocessed.csv,1711,3,22,3,21,Tag_3,Tag_22,0.47449615597724915,0
EMQX_preprocessed.csv,1712,3,3,3,3,Tag_3,Tag_3,0.6655225157737732,1
EMQX_preprocessed.csv,1713,3,3,3,3,Tag_3,Tag_3,0.7581550478935242,1
EMQX_preprocessed.csv,1714,3,3,3,3,Tag_3,Tag_3,0.6787279844284058,1
EMQX_preprocessed.csv,1715,3,3,3,3,Tag_3,Tag_3,0.5369237065315247,1
EMQX_preprocessed.csv,1716,3,3,3,3,Tag_3,Tag_3,0.8602715134620667,1
EMQX_preprocessed.csv,1717,3,3,3,3,Tag_3,Tag_3,0.7514678239822388,1
EMQX_preprocessed.csv,1718,3,3,3,3,Tag_3,Tag_3,0.7580180764198303,1
EMQX_preprocessed.csv,1719,3,3,3,3,Tag_3,Tag_3,0.8701487183570862,1
EMQX_preprocessed.csv,1720,4,4,4,4,Tag_4,Tag_4,0.999995231628418,1
EMQX_preprocessed.csv,1721,4,4,4,4,Tag_4,Tag_4,0.9999948740005493,1
EMQX_preprocessed.csv,1722,4,4,4,4,Tag_4,Tag_4,0.9999947547912598,1
EMQX_preprocessed.csv,1723,4,4,4,4,Tag_4,Tag_4,0.9999957084655762,1
EMQX_preprocessed.csv,1724,4,4,4,4,Tag_4,Tag_4,0.9999823570251465,1
EMQX_preprocessed.csv,1725,4,4,4,4,Tag_4,Tag_4,0.9999949932098389,1
EMQX_preprocessed.csv,1726,4,4,4,4,Tag_4,Tag_4,0.9009132981300354,1
EMQX_preprocessed.csv,1727,4,4,4,4,Tag_4,Tag_4,0.9999951124191284,1
EMQX_preprocessed.csv,1728,4,4,4,4,Tag_4,Tag_4,0.9999480247497559,1
EMQX_preprocessed.csv,1729,4,4,4,4,Tag_4,Tag_4,0.9714289903640747,1
EMQX_preprocessed.csv,1730,4,4,4,4,Tag_4,Tag_4,0.9999945163726807,1
EMQX_preprocessed.csv,1731,4,4,4,4,Tag_4,Tag_4,0.9999954700469971,1
EMQX_preprocessed.csv,1732,4,4,4,4,Tag_4,Tag_4,0.9999940395355225,1
EMQX_preprocessed.csv,1733,4,4,4,4,Tag_4,Tag_4,0.9999951124191284,1
EMQX_preprocessed.csv,1734,4,4,4,4,Tag_4,Tag_4,0.9999953508377075,1
EMQX_preprocessed.csv,1735,4,4,4,4,Tag_4,Tag_4,0.9999957084655762,1
EMQX_preprocessed.csv,1736,4,4,4,4,Tag_4,Tag_4,0.9999902248382568,1
EMQX_preprocessed.csv,1737,4,4,4,4,Tag_4,Tag_4,0.9999955892562866,1
EMQX_preprocessed.csv,1738,4,4,4,4,Tag_4,Tag_4,0.9999960660934448,1
EMQX_preprocessed.csv,1739,4,4,4,4,Tag_4,Tag_4,0.9999823570251465,1
EMQX_preprocessed.csv,1740,4,2,4,2,Tag_4,Tag_2,0.9851633906364441,0
EMQX_preprocessed.csv,1741,4,4,4,4,Tag_4,Tag_4,0.9999909400939941,1
EMQX_preprocessed.csv,1742,4,2,4,2,Tag_4,Tag_2,0.9601972699165344,0
EMQX_preprocessed.csv,1743,4,-1,4,0,Tag_4,Normal,0.9280562996864319,0
EMQX_preprocessed.csv,1744,4,-1,4,0,Tag_4,Normal,0.9982588887214661,0
EMQX_preprocessed.csv,1745,4,4,4,4,Tag_4,Tag_4,0.9999918937683105,1
EMQX_preprocessed.csv,1746,4,4,4,4,Tag_4,Tag_4,0.5799509882926941,1
EMQX_preprocessed.csv,1747,4,4,4,4,Tag_4,Tag_4,0.9990673661231995,1
EMQX_preprocessed.csv,1748,4,4,4,4,Tag_4,Tag_4,0.9998961687088013,1
EMQX_preprocessed.csv,1749,4,4,4,4,Tag_4,Tag_4,0.7215947508811951,1
EMQX_preprocessed.csv,1750,4,4,4,4,Tag_4,Tag_4,0.999983549118042,1
EMQX_preprocessed.csv,1751,4,-1,4,0,Tag_4,Normal,0.9080111384391785,0
EMQX_preprocessed.csv,1752,4,4,4,4,Tag_4,Tag_4,0.9999778270721436,1
EMQX_preprocessed.csv,1753,4,4,4,4,Tag_4,Tag_4,0.9999384880065918,1
EMQX_preprocessed.csv,1754,4,4,4,4,Tag_4,Tag_4,0.9999942779541016,1
EMQX_preprocessed.csv,1755,4,-1,4,0,Tag_4,Normal,0.9119472503662109,0
EMQX_preprocessed.csv,1756,4,4,4,4,Tag_4,Tag_4,0.9966944456100464,1
EMQX_preprocessed.csv,1757,4,-1,4,0,Tag_4,Normal,0.9732077717781067,0
EMQX_preprocessed.csv,1758,4,4,4,4,Tag_4,Tag_4,0.999976396560669,1
EMQX_preprocessed.csv,1759,4,-1,4,0,Tag_4,Normal,0.9555925726890564,0
EMQX_preprocessed.csv,1760,4,-1,4,0,Tag_4,Normal,0.9885141253471375,0
EMQX_preprocessed.csv,1761,4,-1,4,0,Tag_4,Normal,0.9953024387359619,0
EMQX_preprocessed.csv,1762,4,4,4,4,Tag_4,Tag_4,0.9976987242698669,1
EMQX_preprocessed.csv,1763,4,-1,4,0,Tag_4,Normal,0.5938913226127625,0
EMQX_preprocessed.csv,1764,4,4,4,4,Tag_4,Tag_4,0.9999829530715942,1
EMQX_preprocessed.csv,1765,4,2,4,2,Tag_4,Tag_2,0.6169653534889221,0
EMQX_preprocessed.csv,1766,4,4,4,4,Tag_4,Tag_4,0.9999922513961792,1
EMQX_preprocessed.csv,1767,4,4,4,4,Tag_4,Tag_4,0.9999829530715942,1
EMQX_preprocessed.csv,1768,4,4,4,4,Tag_4,Tag_4,0.999803364276886,1
EMQX_preprocessed.csv,1769,4,4,4,4,Tag_4,Tag_4,0.9999921321868896,1
EMQX_preprocessed.csv,1770,4,4,4,4,Tag_4,Tag_4,0.9858025312423706,1
EMQX_preprocessed.csv,1771,4,4,4,4,Tag_4,Tag_4,0.999885082244873,1
EMQX_preprocessed.csv,1772,4,-1,4,0,Tag_4,Normal,0.9653374552726746,0
EMQX_preprocessed.csv,1773,4,4,4,4,Tag_4,Tag_4,0.9999911785125732,1
EMQX_preprocessed.csv,1774,4,2,4,2,Tag_4,Tag_2,0.9918837547302246,0
EMQX_preprocessed.csv,1775,4,2,4,2,Tag_4,Tag_2,0.8397696018218994,0
EMQX_preprocessed.csv,1776,4,-1,4,0,Tag_4,Normal,0.9370187520980835,0
EMQX_preprocessed.csv,1777,4,-1,4,0,Tag_4,Normal,0.9957966804504395,0
EMQX_preprocessed.csv,1778,4,2,4,2,Tag_4,Tag_2,0.9916585087776184,0
EMQX_preprocessed.csv,1779,4,2,4,2,Tag_4,Tag_2,0.9794834852218628,0
EMQX_preprocessed.csv,1780,4,4,4,4,Tag_4,Tag_4,0.9977377653121948,1
EMQX_preprocessed.csv,1781,4,4,4,4,Tag_4,Tag_4,0.9999910593032837,1
EMQX_preprocessed.csv,1782,4,-1,4,0,Tag_4,Normal,0.5012524724006653,0
EMQX_preprocessed.csv,1783,4,4,4,4,Tag_4,Tag_4,0.9999821186065674,1
EMQX_preprocessed.csv,1784,4,-1,4,0,Tag_4,Normal,0.8307554721832275,0
EMQX_preprocessed.csv,1785,4,4,4,4,Tag_4,Tag_4,0.996781587600708,1
EMQX_preprocessed.csv,1786,4,-1,4,0,Tag_4,Normal,0.9580363035202026,0
EMQX_preprocessed.csv,1787,4,1,4,1,Tag_4,Tag_1,0.5764907598495483,0
EMQX_preprocessed.csv,1788,4,4,4,4,Tag_4,Tag_4,0.9999638795852661,1
EMQX_preprocessed.csv,1789,4,4,4,4,Tag_4,Tag_4,0.9892644286155701,1
EMQX_preprocessed.csv,1790,4,-1,4,0,Tag_4,Normal,0.9594761729240417,0
EMQX_preprocessed.csv,1791,4,-1,4,0,Tag_4,Normal,0.991719126701355,0
EMQX_preprocessed.csv,1792,4,2,4,2,Tag_4,Tag_2,0.9818892478942871,0
EMQX_preprocessed.csv,1793,4,4,4,4,Tag_4,Tag_4,0.9991783499717712,1
EMQX_preprocessed.csv,1794,4,2,4,2,Tag_4,Tag_2,0.9805387258529663,0
EMQX_preprocessed.csv,1795,4,4,4,4,Tag_4,Tag_4,0.8331522345542908,1
EMQX_preprocessed.csv,1796,4,-1,4,0,Tag_4,Normal,0.9543238878250122,0
EMQX_preprocessed.csv,1797,4,2,4,2,Tag_4,Tag_2,0.9937658309936523,0
EMQX_preprocessed.csv,1798,4,2,4,2,Tag_4,Tag_2,0.9950167536735535,0
EMQX_preprocessed.csv,1799,4,2,4,2,Tag_4,Tag_2,0.991047203540802,0
EMQX_preprocessed.csv,1800,4,2,4,2,Tag_4,Tag_2,0.9949126243591309,0
EMQX_preprocessed.csv,1801,4,2,4,2,Tag_4,Tag_2,0.9955912828445435,0
EMQX_preprocessed.csv,1802,4,2,4,2,Tag_4,Tag_2,0.925751268863678,0
EMQX_preprocessed.csv,1803,4,-1,4,0,Tag_4,Normal,0.992053747177124,0
EMQX_preprocessed.csv,1804,4,2,4,2,Tag_4,Tag_2,0.9916314482688904,0
EMQX_preprocessed.csv,1805,4,4,4,4,Tag_4,Tag_4,0.6512991189956665,1
EMQX_preprocessed.csv,1806,4,4,4,4,Tag_4,Tag_4,0.9999730587005615,1
EMQX_preprocessed.csv,1807,4,-1,4,0,Tag_4,Normal,0.9980438947677612,0
EMQX_preprocessed.csv,1808,4,4,4,4,Tag_4,Tag_4,0.9999886751174927,1
EMQX_preprocessed.csv,1809,4,-1,4,0,Tag_4,Normal,0.9436578750610352,0
EMQX_preprocessed.csv,1810,4,4,4,4,Tag_4,Tag_4,0.9999877214431763,1
EMQX_preprocessed.csv,1811,4,2,4,2,Tag_4,Tag_2,0.9983545541763306,0
EMQX_preprocessed.csv,1812,4,4,4,4,Tag_4,Tag_4,0.5998616218566895,1
EMQX_preprocessed.csv,1813,4,4,4,4,Tag_4,Tag_4,0.9999806880950928,1
EMQX_preprocessed.csv,1814,4,-1,4,0,Tag_4,Normal,0.9986380934715271,0
EMQX_preprocessed.csv,1815,4,2,4,2,Tag_4,Tag_2,0.941956639289856,0
EMQX_preprocessed.csv,1816,4,4,4,4,Tag_4,Tag_4,0.999976634979248,1
EMQX_preprocessed.csv,1817,4,4,4,4,Tag_4,Tag_4,0.9999889135360718,1
EMQX_preprocessed.csv,1818,4,4,4,4,Tag_4,Tag_4,0.5576543211936951,1
EMQX_preprocessed.csv,1819,4,-1,4,0,Tag_4,Normal,0.992093026638031,0
EMQX_preprocessed.csv,1820,4,2,4,2,Tag_4,Tag_2,0.8983622193336487,0
EMQX_preprocessed.csv,1821,4,4,4,4,Tag_4,Tag_4,0.9999785423278809,1
EMQX_preprocessed.csv,1822,4,-1,4,0,Tag_4,Normal,0.9989375472068787,0
EMQX_preprocessed.csv,1823,4,4,4,4,Tag_4,Tag_4,0.9998399019241333,1
EMQX_preprocessed.csv,1824,4,2,4,2,Tag_4,Tag_2,0.998222291469574,0
EMQX_preprocessed.csv,1825,4,-1,4,0,Tag_4,Normal,0.8944907188415527,0
EMQX_preprocessed.csv,1826,4,4,4,4,Tag_4,Tag_4,0.9999945163726807,1
EMQX_preprocessed.csv,1827,4,4,4,4,Tag_4,Tag_4,0.9999949932098389,1
EMQX_preprocessed.csv,1828,4,4,4,4,Tag_4,Tag_4,0.9224890470504761,1
EMQX_preprocessed.csv,1829,4,-1,4,0,Tag_4,Normal,0.9711276888847351,0
EMQX_preprocessed.csv,1830,4,4,4,4,Tag_4,Tag_4,0.9999463558197021,1
EMQX_preprocessed.csv,1831,4,4,4,4,Tag_4,Tag_4,0.9999924898147583,1
EMQX_preprocessed.csv,1832,4,-1,4,0,Tag_4,Normal,0.7213791012763977,0
EMQX_preprocessed.csv,1833,4,4,4,4,Tag_4,Tag_4,0.9999949932098389,1
EMQX_preprocessed.csv,1834,4,4,4,4,Tag_4,Tag_4,0.9999945163726807,1
EMQX_preprocessed.csv,1835,4,-1,4,0,Tag_4,Normal,0.9523030519485474,0
EMQX_preprocessed.csv,1836,4,-1,4,0,Tag_4,Normal,0.9223453998565674,0
EMQX_preprocessed.csv,1837,4,2,4,2,Tag_4,Tag_2,0.9853698015213013,0
EMQX_preprocessed.csv,1838,4,4,4,4,Tag_4,Tag_4,0.9999890327453613,1
EMQX_preprocessed.csv,1839,4,-1,4,0,Tag_4,Normal,0.9844486713409424,0
EMQX_preprocessed.csv,1840,4,4,4,4,Tag_4,Tag_4,0.9999895095825195,1
EMQX_preprocessed.csv,1841,4,2,4,2,Tag_4,Tag_2,0.9851218461990356,0
EMQX_preprocessed.csv,1842,4,4,4,4,Tag_4,Tag_4,0.9999723434448242,1
EMQX_preprocessed.csv,1843,4,4,4,4,Tag_4,Tag_4,0.9999306201934814,1
EMQX_preprocessed.csv,1844,4,4,4,4,Tag_4,Tag_4,0.9999892711639404,1
EMQX_preprocessed.csv,1845,4,4,4,4,Tag_4,Tag_4,0.9639880657196045,1
EMQX_preprocessed.csv,1846,4,-1,4,0,Tag_4,Normal,0.8727768063545227,0
EMQX_preprocessed.csv,1847,4,4,4,4,Tag_4,Tag_4,0.9999914169311523,1
EMQX_preprocessed.csv,1848,4,4,4,4,Tag_4,Tag_4,0.9999253749847412,1
EMQX_preprocessed.csv,1849,4,4,4,4,Tag_4,Tag_4,0.9999356269836426,1
EMQX_preprocessed.csv,1850,4,4,4,4,Tag_4,Tag_4,0.9999891519546509,1
EMQX_preprocessed.csv,1851,4,-1,4,0,Tag_4,Normal,0.9994169473648071,0
EMQX_preprocessed.csv,1852,4,4,4,4,Tag_4,Tag_4,0.9999445676803589,1
EMQX_preprocessed.csv,1853,4,4,4,4,Tag_4,Tag_4,0.9999822378158569,1
EMQX_preprocessed.csv,1854,4,-1,4,0,Tag_4,Normal,0.5559738278388977,0
EMQX_preprocessed.csv,1855,4,4,4,4,Tag_4,Tag_4,0.9985398054122925,1
EMQX_preprocessed.csv,1856,4,21,4,20,Tag_4,Tag_21,0.25993406772613525,0
EMQX_preprocessed.csv,1857,4,4,4,4,Tag_4,Tag_4,0.9999762773513794,1
EMQX_preprocessed.csv,1858,4,13,4,12,Tag_4,Tag_13,0.4503411054611206,0
EMQX_preprocessed.csv,1859,4,2,4,2,Tag_4,Tag_2,0.22266565263271332,0
EMQX_preprocessed.csv,1860,4,2,4,2,Tag_4,Tag_2,0.45518815517425537,0
EMQX_preprocessed.csv,1861,4,4,4,4,Tag_4,Tag_4,0.9999922513961792,1
EMQX_preprocessed.csv,1862,4,4,4,4,Tag_4,Tag_4,0.9915509223937988,1
EMQX_preprocessed.csv,1863,4,-1,4,0,Tag_4,Normal,0.9611135721206665,0
EMQX_preprocessed.csv,1864,4,2,4,2,Tag_4,Tag_2,0.9753202795982361,0
EMQX_preprocessed.csv,1865,4,4,4,4,Tag_4,Tag_4,0.9999943971633911,1
EMQX_preprocessed.csv,1866,4,2,4,2,Tag_4,Tag_2,0.9820770025253296,0
EMQX_preprocessed.csv,1867,4,2,4,2,Tag_4,Tag_2,0.9973214268684387,0
EMQX_preprocessed.csv,1868,4,4,4,4,Tag_4,Tag_4,0.9999865293502808,1
EMQX_preprocessed.csv,1869,4,4,4,4,Tag_4,Tag_4,0.9999955892562866,1
EMQX_preprocessed.csv,1870,4,4,4,4,Tag_4,Tag_4,0.9999760389328003,1
EMQX_preprocessed.csv,1871,4,4,4,4,Tag_4,Tag_4,0.9999833106994629,1
EMQX_preprocessed.csv,1872,4,4,4,4,Tag_4,Tag_4,0.9999905824661255,1
EMQX_preprocessed.csv,1873,4,4,4,4,Tag_4,Tag_4,0.9999924898147583,1
EMQX_preprocessed.csv,1874,4,12,4,11,Tag_4,Tag_12,0.5054935812950134,0
EMQX_preprocessed.csv,1875,4,12,4,11,Tag_4,Tag_12,0.9698353409767151,0
EMQX_preprocessed.csv,1876,4,4,4,4,Tag_4,Tag_4,0.9999920129776001,1
EMQX_preprocessed.csv,1877,4,4,4,4,Tag_4,Tag_4,0.5492342710494995,1
EMQX_preprocessed.csv,1878,4,4,4,4,Tag_4,Tag_4,0.9999868869781494,1
EMQX_preprocessed.csv,1879,4,4,4,4,Tag_4,Tag_4,0.9999904632568359,1
EMQX_preprocessed.csv,1880,4,4,4,4,Tag_4,Tag_4,0.9999822378158569,1
EMQX_preprocessed.csv,1881,4,4,4,4,Tag_4,Tag_4,0.9999843835830688,1
EMQX_preprocessed.csv,1882,4,4,4,4,Tag_4,Tag_4,0.9999901056289673,1
EMQX_preprocessed.csv,1883,4,4,4,4,Tag_4,Tag_4,0.9999511241912842,1
EMQX_preprocessed.csv,1884,4,4,4,4,Tag_4,Tag_4,0.9999926090240479,1
EMQX_preprocessed.csv,1885,4,2,4,2,Tag_4,Tag_2,0.9704414010047913,0
EMQX_preprocessed.csv,1886,4,2,4,2,Tag_4,Tag_2,0.9424915909767151,0
EMQX_preprocessed.csv,1887,4,4,4,4,Tag_4,Tag_4,0.6802987456321716,1
EMQX_preprocessed.csv,1888,4,2,4,2,Tag_4,Tag_2,0.9274145364761353,0
EMQX_preprocessed.csv,1889,4,4,4,4,Tag_4,Tag_4,0.9999619722366333,1
EMQX_preprocessed.csv,1890,4,4,4,4,Tag_4,Tag_4,0.999976396560669,1
EMQX_preprocessed.csv,1891,4,4,4,4,Tag_4,Tag_4,0.2750270664691925,1
EMQX_preprocessed.csv,1892,4,-1,4,0,Tag_4,Normal,0.7610888481140137,0
EMQX_preprocessed.csv,1893,4,13,4,12,Tag_4,Tag_13,0.33550137281417847,0
EMQX_preprocessed.csv,1894,4,-1,4,0,Tag_4,Normal,0.9998027682304382,0
EMQX_preprocessed.csv,1895,4,4,4,4,Tag_4,Tag_4,0.5112915635108948,1
EMQX_preprocessed.csv,1896,4,4,4,4,Tag_4,Tag_4,0.9999934434890747,1
EMQX_preprocessed.csv,1897,4,4,4,4,Tag_4,Tag_4,0.9999831914901733,1
EMQX_preprocessed.csv,1898,4,4,4,4,Tag_4,Tag_4,0.9999539852142334,1
EMQX_preprocessed.csv,1899,4,4,4,4,Tag_4,Tag_4,0.9999910593032837,1
EMQX_preprocessed.csv,1900,4,-1,4,0,Tag_4,Normal,0.8124423027038574,0
EMQX_preprocessed.csv,1901,4,4,4,4,Tag_4,Tag_4,0.9999892711639404,1
EMQX_preprocessed.csv,1902,4,4,4,4,Tag_4,Tag_4,0.9999439716339111,1
EMQX_preprocessed.csv,1903,4,4,4,4,Tag_4,Tag_4,0.9999661445617676,1
EMQX_preprocessed.csv,1904,4,21,4,20,Tag_4,Tag_21,0.6356461048126221,0
EMQX_preprocessed.csv,1905,4,4,4,4,Tag_4,Tag_4,0.9999926090240479,1
EMQX_preprocessed.csv,1906,4,4,4,4,Tag_4,Tag_4,0.9999862909317017,1
EMQX_preprocessed.csv,1907,4,4,4,4,Tag_4,Tag_4,0.9999709129333496,1
EMQX_preprocessed.csv,1908,4,4,4,4,Tag_4,Tag_4,0.5469310879707336,1
EMQX_preprocessed.csv,1909,4,2,4,2,Tag_4,Tag_2,0.9736831188201904,0
EMQX_preprocessed.csv,1910,4,4,4,4,Tag_4,Tag_4,0.9999830722808838,1
EMQX_preprocessed.csv,1911,4,4,4,4,Tag_4,Tag_4,0.9999833106994629,1
EMQX_preprocessed.csv,1912,4,4,4,4,Tag_4,Tag_4,0.9999845027923584,1
EMQX_preprocessed.csv,1913,4,4,4,4,Tag_4,Tag_4,0.5025674104690552,1
EMQX_preprocessed.csv,1914,4,4,4,4,Tag_4,Tag_4,0.9991990923881531,1
EMQX_preprocessed.csv,1915,4,8,4,7,Tag_4,Tag_8,0.7534623146057129,0
EMQX_preprocessed.csv,1916,4,4,4,4,Tag_4,Tag_4,0.9999765157699585,1
EMQX_preprocessed.csv,1917,4,4,4,4,Tag_4,Tag_4,0.9993639588356018,1
EMQX_preprocessed.csv,1918,4,21,4,20,Tag_4,Tag_21,0.7138454914093018,0
EMQX_preprocessed.csv,1919,4,4,4,4,Tag_4,Tag_4,0.9998651742935181,1
EMQX_preprocessed.csv,1920,5,5,5,5,Tag_5,Tag_5,0.9996328353881836,1
EMQX_preprocessed.csv,1921,5,5,5,5,Tag_5,Tag_5,0.999457061290741,1
EMQX_preprocessed.csv,1922,5,5,5,5,Tag_5,Tag_5,0.9997217059135437,1
EMQX_preprocessed.csv,1923,5,5,5,5,Tag_5,Tag_5,0.999763548374176,1
EMQX_preprocessed.csv,1924,5,5,5,5,Tag_5,Tag_5,0.9993914365768433,1
EMQX_preprocessed.csv,1925,5,5,5,5,Tag_5,Tag_5,0.999752938747406,1
EMQX_preprocessed.csv,1926,5,5,5,5,Tag_5,Tag_5,0.9993300437927246,1
EMQX_preprocessed.csv,1927,5,5,5,5,Tag_5,Tag_5,0.9996851682662964,1
EMQX_preprocessed.csv,1928,5,5,5,5,Tag_5,Tag_5,0.9991658926010132,1
EMQX_preprocessed.csv,1929,5,5,5,5,Tag_5,Tag_5,0.999642014503479,1
EMQX_preprocessed.csv,1930,5,5,5,5,Tag_5,Tag_5,0.9997525811195374,1
EMQX_preprocessed.csv,1931,5,5,5,5,Tag_5,Tag_5,0.9994351267814636,1
EMQX_preprocessed.csv,1932,5,5,5,5,Tag_5,Tag_5,0.9994435906410217,1
EMQX_preprocessed.csv,1933,5,5,5,5,Tag_5,Tag_5,0.9996373653411865,1
EMQX_preprocessed.csv,1934,5,5,5,5,Tag_5,Tag_5,0.999716579914093,1
EMQX_preprocessed.csv,1935,5,5,5,5,Tag_5,Tag_5,0.999589741230011,1
EMQX_preprocessed.csv,1936,5,5,5,5,Tag_5,Tag_5,0.9997183680534363,1
EMQX_preprocessed.csv,1937,5,5,5,5,Tag_5,Tag_5,0.9996305704116821,1
EMQX_preprocessed.csv,1938,5,5,5,5,Tag_5,Tag_5,0.9997853636741638,1
EMQX_preprocessed.csv,1939,5,5,5,5,Tag_5,Tag_5,0.9994161128997803,1
EMQX_preprocessed.csv,1940,6,-1,6,0,Tag_6,Normal,0.9956372380256653,0
EMQX_preprocessed.csv,1941,6,-1,6,0,Tag_6,Normal,0.9990214109420776,0
EMQX_preprocessed.csv,1942,6,-1,6,0,Tag_6,Normal,0.7790971994400024,0
EMQX_preprocessed.csv,1943,6,6,6,6,Tag_6,Tag_6,0.8425896763801575,1
EMQX_preprocessed.csv,1944,6,-1,6,0,Tag_6,Normal,0.9465302228927612,0
EMQX_preprocessed.csv,1945,6,-1,6,0,Tag_6,Normal,0.7723763585090637,0
EMQX_preprocessed.csv,1946,6,-1,6,0,Tag_6,Normal,0.9998680353164673,0
EMQX_preprocessed.csv,1947,6,-1,6,0,Tag_6,Normal,0.8987467288970947,0
EMQX_preprocessed.csv,1948,6,-1,6,0,Tag_6,Normal,0.9980168342590332,0
EMQX_preprocessed.csv,1949,6,6,6,6,Tag_6,Tag_6,0.5266071557998657,1
EMQX_preprocessed.csv,1950,6,-1,6,0,Tag_6,Normal,0.9982724189758301,0
EMQX_preprocessed.csv,1951,6,6,6,6,Tag_6,Tag_6,0.7928298115730286,1
EMQX_preprocessed.csv,1952,6,-1,6,0,Tag_6,Normal,0.9927796721458435,0
EMQX_preprocessed.csv,1953,6,-1,6,0,Tag_6,Normal,0.9970194697380066,0
EMQX_preprocessed.csv,1954,6,-1,6,0,Tag_6,Normal,0.996436595916748,0
EMQX_preprocessed.csv,1955,6,-1,6,0,Tag_6,Normal,0.9993956089019775,0
EMQX_preprocessed.csv,1956,6,-1,6,0,Tag_6,Normal,0.9965819716453552,0
EMQX_preprocessed.csv,1957,6,-1,6,0,Tag_6,Normal,0.998052716255188,0
EMQX_preprocessed.csv,1958,6,-1,6,0,Tag_6,Normal,0.9984617233276367,0
EMQX_preprocessed.csv,1959,6,-1,6,0,Tag_6,Normal,0.7993331551551819,0
EMQX_preprocessed.csv,1960,6,6,6,6,Tag_6,Tag_6,0.9998937845230103,1
EMQX_preprocessed.csv,1961,6,6,6,6,Tag_6,Tag_6,0.9998327493667603,1
EMQX_preprocessed.csv,1962,6,6,6,6,Tag_6,Tag_6,0.9998792409896851,1
EMQX_preprocessed.csv,1963,6,6,6,6,Tag_6,Tag_6,0.9998921155929565,1
EMQX_preprocessed.csv,1964,6,6,6,6,Tag_6,Tag_6,0.9998987913131714,1
EMQX_preprocessed.csv,1965,6,6,6,6,Tag_6,Tag_6,0.9998800754547119,1
EMQX_preprocessed.csv,1966,6,6,6,6,Tag_6,Tag_6,0.9998881816864014,1
EMQX_preprocessed.csv,1967,6,6,6,6,Tag_6,Tag_6,0.9996713399887085,1
EMQX_preprocessed.csv,1968,6,6,6,6,Tag_6,Tag_6,0.999817430973053,1
EMQX_preprocessed.csv,1969,6,6,6,6,Tag_6,Tag_6,0.9998420476913452,1
EMQX_preprocessed.csv,1970,6,6,6,6,Tag_6,Tag_6,0.9998881816864014,1
EMQX_preprocessed.csv,1971,6,6,6,6,Tag_6,Tag_6,0.9998854398727417,1
EMQX_preprocessed.csv,1972,6,6,6,6,Tag_6,Tag_6,0.999893307685852,1
EMQX_preprocessed.csv,1973,6,6,6,6,Tag_6,Tag_6,0.9998646974563599,1
EMQX_preprocessed.csv,1974,6,6,6,6,Tag_6,Tag_6,0.999836802482605,1
EMQX_preprocessed.csv,1975,6,6,6,6,Tag_6,Tag_6,0.9998694658279419,1
EMQX_preprocessed.csv,1976,6,6,6,6,Tag_6,Tag_6,0.9998612403869629,1
EMQX_preprocessed.csv,1977,6,6,6,6,Tag_6,Tag_6,0.9998890161514282,1
EMQX_preprocessed.csv,1978,6,6,6,6,Tag_6,Tag_6,0.9998326301574707,1
EMQX_preprocessed.csv,1979,6,6,6,6,Tag_6,Tag_6,0.9998828172683716,1
EMQX_preprocessed.csv,1980,6,6,6,6,Tag_6,Tag_6,0.9998387098312378,1
EMQX_preprocessed.csv,1981,6,6,6,6,Tag_6,Tag_6,0.9976732134819031,1
EMQX_preprocessed.csv,1982,6,6,6,6,Tag_6,Tag_6,0.9998987913131714,1
EMQX_preprocessed.csv,1983,6,6,6,6,Tag_6,Tag_6,0.9998879432678223,1
EMQX_preprocessed.csv,1984,6,6,6,6,Tag_6,Tag_6,0.9998805522918701,1
EMQX_preprocessed.csv,1985,6,6,6,6,Tag_6,Tag_6,0.9993671774864197,1
EMQX_preprocessed.csv,1986,6,6,6,6,Tag_6,Tag_6,0.9998797178268433,1
EMQX_preprocessed.csv,1987,6,6,6,6,Tag_6,Tag_6,0.9998786449432373,1
EMQX_preprocessed.csv,1988,6,6,6,6,Tag_6,Tag_6,0.9998478889465332,1
EMQX_preprocessed.csv,1989,6,6,6,6,Tag_6,Tag_6,0.999248206615448,1
EMQX_preprocessed.csv,1990,6,6,6,6,Tag_6,Tag_6,0.9998156428337097,1
EMQX_preprocessed.csv,1991,6,6,6,6,Tag_6,Tag_6,0.9998965263366699,1
EMQX_preprocessed.csv,1992,6,6,6,6,Tag_6,Tag_6,0.999887228012085,1
EMQX_preprocessed.csv,1993,6,6,6,6,Tag_6,Tag_6,0.9998469352722168,1
EMQX_preprocessed.csv,1994,6,6,6,6,Tag_6,Tag_6,0.9996585845947266,1
EMQX_preprocessed.csv,1995,6,6,6,6,Tag_6,Tag_6,0.9998617172241211,1
EMQX_preprocessed.csv,1996,6,6,6,6,Tag_6,Tag_6,0.999110996723175,1
EMQX_preprocessed.csv,1997,6,6,6,6,Tag_6,Tag_6,0.9999020099639893,1
EMQX_preprocessed.csv,1998,6,6,6,6,Tag_6,Tag_6,0.9998310804367065,1
EMQX_preprocessed.csv,1999,6,6,6,6,Tag_6,Tag_6,0.9998881816864014,1
EMQX_preprocessed.csv,2000,8,8,7,7,Tag_8,Tag_8,0.9953780174255371,1
EMQX_preprocessed.csv,2001,8,-1,7,0,Tag_8,Normal,0.5907418131828308,0
EMQX_preprocessed.csv,2002,8,8,7,7,Tag_8,Tag_8,0.9896814227104187,1
EMQX_preprocessed.csv,2003,8,8,7,7,Tag_8,Tag_8,0.997610330581665,1
EMQX_preprocessed.csv,2004,8,8,7,7,Tag_8,Tag_8,0.7740482687950134,1
EMQX_preprocessed.csv,2005,8,1,7,1,Tag_8,Tag_1,0.5022441744804382,0
EMQX_preprocessed.csv,2006,8,8,7,7,Tag_8,Tag_8,0.997036337852478,1
EMQX_preprocessed.csv,2007,8,8,7,7,Tag_8,Tag_8,0.9896624088287354,1
EMQX_preprocessed.csv,2008,8,8,7,7,Tag_8,Tag_8,0.9949274063110352,1
EMQX_preprocessed.csv,2009,8,8,7,7,Tag_8,Tag_8,0.9906160235404968,1
EMQX_preprocessed.csv,2010,8,8,7,7,Tag_8,Tag_8,0.9845759868621826,1
EMQX_preprocessed.csv,2011,8,8,7,7,Tag_8,Tag_8,0.9845341444015503,1
EMQX_preprocessed.csv,2012,8,-1,7,0,Tag_8,Normal,0.7062150835990906,0
EMQX_preprocessed.csv,2013,8,8,7,7,Tag_8,Tag_8,0.9860777854919434,1
EMQX_preprocessed.csv,2014,8,8,7,7,Tag_8,Tag_8,0.9963111281394958,1
EMQX_preprocessed.csv,2015,8,-1,7,0,Tag_8,Normal,0.741152822971344,0
EMQX_preprocessed.csv,2016,8,8,7,7,Tag_8,Tag_8,0.9938086867332458,1
EMQX_preprocessed.csv,2017,8,-1,7,0,Tag_8,Normal,0.7402922511100769,0
EMQX_preprocessed.csv,2018,8,-1,7,0,Tag_8,Normal,0.6115946769714355,0
EMQX_preprocessed.csv,2019,8,8,7,7,Tag_8,Tag_8,0.7432124614715576,1
EMQX_preprocessed.csv,2020,8,25,7,24,Tag_8,Tag_25,0.5408944487571716,0
EMQX_preprocessed.csv,2021,8,25,7,24,Tag_8,Tag_25,0.5015522837638855,0
EMQX_preprocessed.csv,2022,8,25,7,24,Tag_8,Tag_25,0.5076696276664734,0
EMQX_preprocessed.csv,2023,8,4,7,4,Tag_8,Tag_4,0.6877719759941101,0
EMQX_preprocessed.csv,2024,8,25,7,24,Tag_8,Tag_25,0.5336170792579651,0
EMQX_preprocessed.csv,2025,8,25,7,24,Tag_8,Tag_25,0.5161967277526855,0
EMQX_preprocessed.csv,2026,8,25,7,24,Tag_8,Tag_25,0.5270555019378662,0
EMQX_preprocessed.csv,2027,8,4,7,4,Tag_8,Tag_4,0.7583487629890442,0
EMQX_preprocessed.csv,2028,8,25,7,24,Tag_8,Tag_25,0.5648960471153259,0
EMQX_preprocessed.csv,2029,8,4,7,4,Tag_8,Tag_4,0.8236193656921387,0
EMQX_preprocessed.csv,2030,8,4,7,4,Tag_8,Tag_4,0.7428033947944641,0
EMQX_preprocessed.csv,2031,8,4,7,4,Tag_8,Tag_4,0.7810893058776855,0
EMQX_preprocessed.csv,2032,8,4,7,4,Tag_8,Tag_4,0.7322388291358948,0
EMQX_preprocessed.csv,2033,8,4,7,4,Tag_8,Tag_4,0.5094591379165649,0
EMQX_preprocessed.csv,2034,8,4,7,4,Tag_8,Tag_4,0.7844282388687134,0
EMQX_preprocessed.csv,2035,8,25,7,24,Tag_8,Tag_25,0.9508498907089233,0
EMQX_preprocessed.csv,2036,8,25,7,24,Tag_8,Tag_25,0.5845956802368164,0
EMQX_preprocessed.csv,2037,8,4,7,4,Tag_8,Tag_4,0.7356621026992798,0
EMQX_preprocessed.csv,2038,8,4,7,4,Tag_8,Tag_4,0.9997833371162415,0
EMQX_preprocessed.csv,2039,8,4,7,4,Tag_8,Tag_4,0.9997891783714294,0
EMQX_preprocessed.csv,2040,8,8,7,7,Tag_8,Tag_8,0.594062089920044,1
EMQX_preprocessed.csv,2041,8,8,7,7,Tag_8,Tag_8,0.9860185384750366,1
EMQX_preprocessed.csv,2042,8,8,7,7,Tag_8,Tag_8,0.9961270689964294,1
EMQX_preprocessed.csv,2043,8,8,7,7,Tag_8,Tag_8,0.9911686182022095,1
EMQX_preprocessed.csv,2044,8,8,7,7,Tag_8,Tag_8,0.992180347442627,1
EMQX_preprocessed.csv,2045,8,8,7,7,Tag_8,Tag_8,0.8123897314071655,1
EMQX_preprocessed.csv,2046,8,8,7,7,Tag_8,Tag_8,0.8750002384185791,1
EMQX_preprocessed.csv,2047,8,8,7,7,Tag_8,Tag_8,0.9908692836761475,1
EMQX_preprocessed.csv,2048,8,1,7,1,Tag_8,Tag_1,0.526824414730072,0
EMQX_preprocessed.csv,2049,8,8,7,7,Tag_8,Tag_8,0.9871861934661865,1
EMQX_preprocessed.csv,2050,8,8,7,7,Tag_8,Tag_8,0.9910328984260559,1
EMQX_preprocessed.csv,2051,8,8,7,7,Tag_8,Tag_8,0.9897232055664062,1
EMQX_preprocessed.csv,2052,8,1,7,1,Tag_8,Tag_1,0.5743078589439392,0
EMQX_preprocessed.csv,2053,8,8,7,7,Tag_8,Tag_8,0.9793084263801575,1
EMQX_preprocessed.csv,2054,8,8,7,7,Tag_8,Tag_8,0.9876075387001038,1
EMQX_preprocessed.csv,2055,8,8,7,7,Tag_8,Tag_8,0.99007648229599,1
EMQX_preprocessed.csv,2056,8,8,7,7,Tag_8,Tag_8,0.8897470235824585,1
EMQX_preprocessed.csv,2057,8,8,7,7,Tag_8,Tag_8,0.9108408093452454,1
EMQX_preprocessed.csv,2058,8,8,7,7,Tag_8,Tag_8,0.9892286062240601,1
EMQX_preprocessed.csv,2059,8,2,7,2,Tag_8,Tag_2,0.9916819930076599,0
EMQX_preprocessed.csv,2060,8,4,7,4,Tag_8,Tag_4,0.9999376535415649,0
EMQX_preprocessed.csv,2061,8,25,7,24,Tag_8,Tag_25,0.8514846563339233,0
EMQX_preprocessed.csv,2062,8,4,7,4,Tag_8,Tag_4,0.9343675374984741,0
EMQX_preprocessed.csv,2063,8,4,7,4,Tag_8,Tag_4,0.9761500358581543,0
EMQX_preprocessed.csv,2064,8,4,7,4,Tag_8,Tag_4,0.877169132232666,0
EMQX_preprocessed.csv,2065,8,4,7,4,Tag_8,Tag_4,0.9060900807380676,0
EMQX_preprocessed.csv,2066,8,4,7,4,Tag_8,Tag_4,0.9999386072158813,0
EMQX_preprocessed.csv,2067,8,4,7,4,Tag_8,Tag_4,0.9327983260154724,0
EMQX_preprocessed.csv,2068,8,4,7,4,Tag_8,Tag_4,0.8561217784881592,0
EMQX_preprocessed.csv,2069,8,4,7,4,Tag_8,Tag_4,0.9333281517028809,0
EMQX_preprocessed.csv,2070,8,4,7,4,Tag_8,Tag_4,0.910876989364624,0
EMQX_preprocessed.csv,2071,8,4,7,4,Tag_8,Tag_4,0.9998551607131958,0
EMQX_preprocessed.csv,2072,8,4,7,4,Tag_8,Tag_4,0.8965572118759155,0
EMQX_preprocessed.csv,2073,8,4,7,4,Tag_8,Tag_4,0.8626900315284729,0
EMQX_preprocessed.csv,2074,8,4,7,4,Tag_8,Tag_4,0.951796293258667,0
EMQX_preprocessed.csv,2075,8,4,7,4,Tag_8,Tag_4,0.9441134929656982,0
EMQX_preprocessed.csv,2076,8,4,7,4,Tag_8,Tag_4,0.9692663550376892,0
EMQX_preprocessed.csv,2077,8,4,7,4,Tag_8,Tag_4,0.9582858085632324,0
EMQX_preprocessed.csv,2078,8,4,7,4,Tag_8,Tag_4,0.9999277591705322,0
EMQX_preprocessed.csv,2079,8,4,7,4,Tag_8,Tag_4,0.9647379517555237,0
EMQX_preprocessed.csv,2080,9,9,8,8,Tag_9,Tag_9,0.9999498128890991,1
EMQX_preprocessed.csv,2081,9,9,8,8,Tag_9,Tag_9,0.9999533891677856,1
EMQX_preprocessed.csv,2082,9,9,8,8,Tag_9,Tag_9,0.9999406337738037,1
EMQX_preprocessed.csv,2083,9,9,8,8,Tag_9,Tag_9,0.9999101161956787,1
EMQX_preprocessed.csv,2084,9,9,8,8,Tag_9,Tag_9,0.9998823404312134,1
EMQX_preprocessed.csv,2085,9,9,8,8,Tag_9,Tag_9,0.9998249411582947,1
EMQX_preprocessed.csv,2086,9,9,8,8,Tag_9,Tag_9,0.9999116659164429,1
EMQX_preprocessed.csv,2087,9,9,8,8,Tag_9,Tag_9,0.9999380111694336,1
EMQX_preprocessed.csv,2088,9,9,8,8,Tag_9,Tag_9,0.9999501705169678,1
EMQX_preprocessed.csv,2089,9,9,8,8,Tag_9,Tag_9,0.9997881054878235,1
EMQX_preprocessed.csv,2090,9,9,8,8,Tag_9,Tag_9,0.9999639987945557,1
EMQX_preprocessed.csv,2091,9,9,8,8,Tag_9,Tag_9,0.9999067783355713,1
EMQX_preprocessed.csv,2092,9,9,8,8,Tag_9,Tag_9,0.9999421834945679,1
EMQX_preprocessed.csv,2093,9,9,8,8,Tag_9,Tag_9,0.9999579191207886,1
EMQX_preprocessed.csv,2094,9,9,8,8,Tag_9,Tag_9,0.9999277591705322,1
EMQX_preprocessed.csv,2095,9,9,8,8,Tag_9,Tag_9,0.9999321699142456,1
EMQX_preprocessed.csv,2096,9,9,8,8,Tag_9,Tag_9,0.9999222755432129,1
EMQX_preprocessed.csv,2097,9,9,8,8,Tag_9,Tag_9,0.9997542500495911,1
EMQX_preprocessed.csv,2098,9,9,8,8,Tag_9,Tag_9,0.9999656677246094,1
EMQX_preprocessed.csv,2099,9,9,8,8,Tag_9,Tag_9,0.9999301433563232,1
EMQX_preprocessed.csv,2100,9,9,8,8,Tag_9,Tag_9,0.9999480247497559,1
EMQX_preprocessed.csv,2101,9,9,8,8,Tag_9,Tag_9,0.9999099969863892,1
EMQX_preprocessed.csv,2102,9,9,8,8,Tag_9,Tag_9,0.9996629953384399,1
EMQX_preprocessed.csv,2103,9,9,8,8,Tag_9,Tag_9,0.9999747276306152,1
EMQX_preprocessed.csv,2104,9,9,8,8,Tag_9,Tag_9,0.9998130202293396,1
EMQX_preprocessed.csv,2105,9,9,8,8,Tag_9,Tag_9,0.9998213648796082,1
EMQX_preprocessed.csv,2106,9,9,8,8,Tag_9,Tag_9,0.9999465942382812,1
EMQX_preprocessed.csv,2107,9,9,8,8,Tag_9,Tag_9,0.9995915293693542,1
EMQX_preprocessed.csv,2108,9,9,8,8,Tag_9,Tag_9,0.9999648332595825,1
EMQX_preprocessed.csv,2109,9,9,8,8,Tag_9,Tag_9,0.9999555349349976,1
EMQX_preprocessed.csv,2110,9,9,8,8,Tag_9,Tag_9,0.9999563694000244,1
EMQX_preprocessed.csv,2111,9,9,8,8,Tag_9,Tag_9,0.9999456405639648,1
EMQX_preprocessed.csv,2112,9,9,8,8,Tag_9,Tag_9,0.9999438524246216,1
EMQX_preprocessed.csv,2113,9,9,8,8,Tag_9,Tag_9,0.9999585151672363,1
EMQX_preprocessed.csv,2114,9,9,8,8,Tag_9,Tag_9,0.9998750686645508,1
EMQX_preprocessed.csv,2115,9,9,8,8,Tag_9,Tag_9,0.99997878074646,1
EMQX_preprocessed.csv,2116,9,9,8,8,Tag_9,Tag_9,0.9999300241470337,1
EMQX_preprocessed.csv,2117,9,9,8,8,Tag_9,Tag_9,0.9999500513076782,1
EMQX_preprocessed.csv,2118,9,9,8,8,Tag_9,Tag_9,0.9999579191207886,1
EMQX_preprocessed.csv,2119,9,9,8,8,Tag_9,Tag_9,0.9999649524688721,1
EMQX_preprocessed.csv,2120,10,10,9,9,Tag_10,Tag_10,0.9998158812522888,1
EMQX_preprocessed.csv,2121,10,10,9,9,Tag_10,Tag_10,0.9999747276306152,1
EMQX_preprocessed.csv,2122,10,10,9,9,Tag_10,Tag_10,0.9999635219573975,1
EMQX_preprocessed.csv,2123,10,10,9,9,Tag_10,Tag_10,0.9999072551727295,1
EMQX_preprocessed.csv,2124,10,10,9,9,Tag_10,Tag_10,0.9999629259109497,1
EMQX_preprocessed.csv,2125,10,10,9,9,Tag_10,Tag_10,0.9998512268066406,1
EMQX_preprocessed.csv,2126,10,10,9,9,Tag_10,Tag_10,0.9998605251312256,1
EMQX_preprocessed.csv,2127,10,10,9,9,Tag_10,Tag_10,0.9999788999557495,1
EMQX_preprocessed.csv,2128,10,10,9,9,Tag_10,Tag_10,0.9999761581420898,1
EMQX_preprocessed.csv,2129,10,10,9,9,Tag_10,Tag_10,0.9999321699142456,1
EMQX_preprocessed.csv,2130,10,10,9,9,Tag_10,Tag_10,0.9998700618743896,1
EMQX_preprocessed.csv,2131,10,10,9,9,Tag_10,Tag_10,0.9996442794799805,1
EMQX_preprocessed.csv,2132,10,10,9,9,Tag_10,Tag_10,0.9999619722366333,1
EMQX_preprocessed.csv,2133,10,10,9,9,Tag_10,Tag_10,0.9999384880065918,1
EMQX_preprocessed.csv,2134,10,10,9,9,Tag_10,Tag_10,0.99997878074646,1
EMQX_preprocessed.csv,2135,10,10,9,9,Tag_10,Tag_10,0.9997312426567078,1
EMQX_preprocessed.csv,2136,10,10,9,9,Tag_10,Tag_10,0.9996590614318848,1
EMQX_preprocessed.csv,2137,10,10,9,9,Tag_10,Tag_10,0.9999651908874512,1
EMQX_preprocessed.csv,2138,10,10,9,9,Tag_10,Tag_10,0.9998794794082642,1
EMQX_preprocessed.csv,2139,10,10,9,9,Tag_10,Tag_10,0.9999781847000122,1
EMQX_preprocessed.csv,2140,10,10,9,9,Tag_10,Tag_10,0.9999651908874512,1
EMQX_preprocessed.csv,2141,10,10,9,9,Tag_10,Tag_10,0.9999536275863647,1
EMQX_preprocessed.csv,2142,10,10,9,9,Tag_10,Tag_10,0.9892849326133728,1
EMQX_preprocessed.csv,2143,10,10,9,9,Tag_10,Tag_10,0.9987844824790955,1
EMQX_preprocessed.csv,2144,10,10,9,9,Tag_10,Tag_10,0.9929159879684448,1
EMQX_preprocessed.csv,2145,10,10,9,9,Tag_10,Tag_10,0.9978994131088257,1
EMQX_preprocessed.csv,2146,10,10,9,9,Tag_10,Tag_10,0.9968550205230713,1
EMQX_preprocessed.csv,2147,10,10,9,9,Tag_10,Tag_10,0.9993253946304321,1
EMQX_preprocessed.csv,2148,10,10,9,9,Tag_10,Tag_10,0.9985454082489014,1
EMQX_preprocessed.csv,2149,10,10,9,9,Tag_10,Tag_10,0.9992634654045105,1
EMQX_preprocessed.csv,2150,10,10,9,9,Tag_10,Tag_10,0.9985210299491882,1
EMQX_preprocessed.csv,2151,10,10,9,9,Tag_10,Tag_10,0.9999595880508423,1
EMQX_preprocessed.csv,2152,10,10,9,9,Tag_10,Tag_10,0.9831942915916443,1
EMQX_preprocessed.csv,2153,10,10,9,9,Tag_10,Tag_10,0.9930965304374695,1
EMQX_preprocessed.csv,2154,10,10,9,9,Tag_10,Tag_10,0.9996156692504883,1
EMQX_preprocessed.csv,2155,10,10,9,9,Tag_10,Tag_10,0.9936562180519104,1
EMQX_preprocessed.csv,2156,10,10,9,9,Tag_10,Tag_10,0.9994460940361023,1
EMQX_preprocessed.csv,2157,10,10,9,9,Tag_10,Tag_10,0.9997692704200745,1
EMQX_preprocessed.csv,2158,10,10,9,9,Tag_10,Tag_10,0.9999651908874512,1
EMQX_preprocessed.csv,2159,10,10,9,9,Tag_10,Tag_10,0.9993371367454529,1
EMQX_preprocessed.csv,2160,11,11,10,10,Tag_11,Tag_11,0.9994481205940247,1
EMQX_preprocessed.csv,2161,11,11,10,10,Tag_11,Tag_11,0.9993734955787659,1
EMQX_preprocessed.csv,2162,11,11,10,10,Tag_11,Tag_11,0.9992914199829102,1
EMQX_preprocessed.csv,2163,11,11,10,10,Tag_11,Tag_11,0.999392032623291,1
EMQX_preprocessed.csv,2164,11,11,10,10,Tag_11,Tag_11,0.9995102882385254,1
EMQX_preprocessed.csv,2165,11,11,10,10,Tag_11,Tag_11,0.9994456171989441,1
EMQX_preprocessed.csv,2166,11,11,10,10,Tag_11,Tag_11,0.9994243383407593,1
EMQX_preprocessed.csv,2167,11,11,10,10,Tag_11,Tag_11,0.9994139671325684,1
EMQX_preprocessed.csv,2168,11,11,10,10,Tag_11,Tag_11,0.9985465407371521,1
EMQX_preprocessed.csv,2169,11,11,10,10,Tag_11,Tag_11,0.9989227652549744,1
EMQX_preprocessed.csv,2170,11,11,10,10,Tag_11,Tag_11,0.9987591505050659,1
EMQX_preprocessed.csv,2171,11,11,10,10,Tag_11,Tag_11,0.9992243051528931,1
EMQX_preprocessed.csv,2172,11,11,10,10,Tag_11,Tag_11,0.9994718432426453,1
EMQX_preprocessed.csv,2173,11,11,10,10,Tag_11,Tag_11,0.9992541670799255,1
EMQX_preprocessed.csv,2174,11,11,10,10,Tag_11,Tag_11,0.9989190101623535,1
EMQX_preprocessed.csv,2175,11,11,10,10,Tag_11,Tag_11,0.9994972944259644,1
EMQX_preprocessed.csv,2176,11,11,10,10,Tag_11,Tag_11,0.9995248317718506,1
EMQX_preprocessed.csv,2177,11,11,10,10,Tag_11,Tag_11,0.9995577931404114,1
EMQX_preprocessed.csv,2178,11,11,10,10,Tag_11,Tag_11,0.9993647933006287,1
EMQX_preprocessed.csv,2179,11,11,10,10,Tag_11,Tag_11,0.9995200634002686,1
EMQX_preprocessed.csv,2180,12,4,11,4,Tag_12,Tag_4,0.9954003691673279,0
EMQX_preprocessed.csv,2181,12,4,11,4,Tag_12,Tag_4,0.9999505281448364,0
EMQX_preprocessed.csv,2182,12,4,11,4,Tag_12,Tag_4,0.99741131067276,0
EMQX_preprocessed.csv,2183,12,4,11,4,Tag_12,Tag_4,0.9999101161956787,0
EMQX_preprocessed.csv,2184,12,4,11,4,Tag_12,Tag_4,0.9987002611160278,0
EMQX_preprocessed.csv,2185,12,4,11,4,Tag_12,Tag_4,0.9958940744400024,0
EMQX_preprocessed.csv,2186,12,4,11,4,Tag_12,Tag_4,0.999907374382019,0
EMQX_preprocessed.csv,2187,12,4,11,4,Tag_12,Tag_4,0.9999711513519287,0
EMQX_preprocessed.csv,2188,12,4,11,4,Tag_12,Tag_4,0.9992526173591614,0
EMQX_preprocessed.csv,2189,12,4,11,4,Tag_12,Tag_4,0.9999295473098755,0
EMQX_preprocessed.csv,2190,12,4,11,4,Tag_12,Tag_4,0.9959010481834412,0
EMQX_preprocessed.csv,2191,12,4,11,4,Tag_12,Tag_4,0.99588543176651,0
EMQX_preprocessed.csv,2192,12,4,11,4,Tag_12,Tag_4,0.9982714653015137,0
EMQX_preprocessed.csv,2193,12,4,11,4,Tag_12,Tag_4,0.9998515844345093,0
EMQX_preprocessed.csv,2194,12,4,11,4,Tag_12,Tag_4,0.9999425411224365,0
EMQX_preprocessed.csv,2195,12,4,11,4,Tag_12,Tag_4,0.9996058344841003,0
EMQX_preprocessed.csv,2196,12,4,11,4,Tag_12,Tag_4,0.9999555349349976,0
EMQX_preprocessed.csv,2197,12,4,11,4,Tag_12,Tag_4,0.9999161958694458,0
EMQX_preprocessed.csv,2198,12,4,11,4,Tag_12,Tag_4,0.9951934218406677,0
EMQX_preprocessed.csv,2199,12,4,11,4,Tag_12,Tag_4,0.9991024732589722,0
EMQX_preprocessed.csv,2200,13,13,12,12,Tag_13,Tag_13,0.994357168674469,1
EMQX_preprocessed.csv,2201,13,-1,12,0,Tag_13,Normal,0.9180200099945068,0
EMQX_preprocessed.csv,2202,13,13,12,12,Tag_13,Tag_13,0.9974767565727234,1
EMQX_preprocessed.csv,2203,13,13,12,12,Tag_13,Tag_13,0.9995241165161133,1
EMQX_preprocessed.csv,2204,13,13,12,12,Tag_13,Tag_13,0.9870206117630005,1
EMQX_preprocessed.csv,2205,13,13,12,12,Tag_13,Tag_13,0.9977828860282898,1
EMQX_preprocessed.csv,2206,13,13,12,12,Tag_13,Tag_13,0.9832091927528381,1
EMQX_preprocessed.csv,2207,13,-1,12,0,Tag_13,Normal,0.9942347407341003,0
EMQX_preprocessed.csv,2208,13,13,12,12,Tag_13,Tag_13,0.9940933585166931,1
EMQX_preprocessed.csv,2209,13,4,12,4,Tag_13,Tag_4,0.9999295473098755,0
EMQX_preprocessed.csv,2210,13,13,12,12,Tag_13,Tag_13,0.9980630278587341,1
EMQX_preprocessed.csv,2211,13,13,12,12,Tag_13,Tag_13,0.9977746605873108,1
EMQX_preprocessed.csv,2212,13,-1,12,0,Tag_13,Normal,0.6100558042526245,0
EMQX_preprocessed.csv,2213,13,13,12,12,Tag_13,Tag_13,0.5420589447021484,1
EMQX_preprocessed.csv,2214,13,-1,12,0,Tag_13,Normal,0.9062696695327759,0
EMQX_preprocessed.csv,2215,13,13,12,12,Tag_13,Tag_13,0.999222993850708,1
EMQX_preprocessed.csv,2216,13,13,12,12,Tag_13,Tag_13,0.9992683529853821,1
EMQX_preprocessed.csv,2217,13,13,12,12,Tag_13,Tag_13,0.9110835790634155,1
EMQX_preprocessed.csv,2218,13,13,12,12,Tag_13,Tag_13,0.514833390712738,1
EMQX_preprocessed.csv,2219,13,13,12,12,Tag_13,Tag_13,0.9995482563972473,1
EMQX_preprocessed.csv,2220,14,2,13,2,Tag_14,Tag_2,0.9984661340713501,0
EMQX_preprocessed.csv,2221,14,2,13,2,Tag_14,Tag_2,0.9990116357803345,0
EMQX_preprocessed.csv,2222,14,2,13,2,Tag_14,Tag_2,0.9989832043647766,0
EMQX_preprocessed.csv,2223,14,2,13,2,Tag_14,Tag_2,0.9952985644340515,0
EMQX_preprocessed.csv,2224,14,2,13,2,Tag_14,Tag_2,0.9982500672340393,0
EMQX_preprocessed.csv,2225,14,2,13,2,Tag_14,Tag_2,0.9971122741699219,0
EMQX_preprocessed.csv,2226,14,-1,13,0,Tag_14,Normal,0.9997546076774597,0
EMQX_preprocessed.csv,2227,14,2,13,2,Tag_14,Tag_2,0.9972003698348999,0
EMQX_preprocessed.csv,2228,14,2,13,2,Tag_14,Tag_2,0.9973562955856323,0
EMQX_preprocessed.csv,2229,14,2,13,2,Tag_14,Tag_2,0.9977523684501648,0
EMQX_preprocessed.csv,2230,14,2,13,2,Tag_14,Tag_2,0.9984127283096313,0
EMQX_preprocessed.csv,2231,14,2,13,2,Tag_14,Tag_2,0.9978533387184143,0
EMQX_preprocessed.csv,2232,14,2,13,2,Tag_14,Tag_2,0.9985906481742859,0
EMQX_preprocessed.csv,2233,14,2,13,2,Tag_14,Tag_2,0.9949784874916077,0
EMQX_preprocessed.csv,2234,14,2,13,2,Tag_14,Tag_2,0.9980471134185791,0
EMQX_preprocessed.csv,2235,14,2,13,2,Tag_14,Tag_2,0.9975519776344299,0
EMQX_preprocessed.csv,2236,14,2,13,2,Tag_14,Tag_2,0.9978360533714294,0
EMQX_preprocessed.csv,2237,14,2,13,2,Tag_14,Tag_2,0.9973391890525818,0
EMQX_preprocessed.csv,2238,14,2,13,2,Tag_14,Tag_2,0.9976673722267151,0
EMQX_preprocessed.csv,2239,14,2,13,2,Tag_14,Tag_2,0.997840166091919,0
EMQX_preprocessed.csv,2240,15,15,14,14,Tag_15,Tag_15,0.9992477893829346,1
EMQX_preprocessed.csv,2241,15,15,14,14,Tag_15,Tag_15,0.999237060546875,1
EMQX_preprocessed.csv,2242,15,15,14,14,Tag_15,Tag_15,0.9992434978485107,1
EMQX_preprocessed.csv,2243,15,15,14,14,Tag_15,Tag_15,0.9992471933364868,1
EMQX_preprocessed.csv,2244,15,15,14,14,Tag_15,Tag_15,0.9992434978485107,1
EMQX_preprocessed.csv,2245,15,15,14,14,Tag_15,Tag_15,0.999243974685669,1
EMQX_preprocessed.csv,2246,15,15,14,14,Tag_15,Tag_15,0.999244213104248,1
EMQX_preprocessed.csv,2247,15,15,14,14,Tag_15,Tag_15,0.999244213104248,1
EMQX_preprocessed.csv,2248,15,15,14,14,Tag_15,Tag_15,0.9992473125457764,1
EMQX_preprocessed.csv,2249,15,15,14,14,Tag_15,Tag_15,0.9992471933364868,1
EMQX_preprocessed.csv,2250,15,15,14,14,Tag_15,Tag_15,0.9992474317550659,1
EMQX_preprocessed.csv,2251,15,15,14,14,Tag_15,Tag_15,0.9992471933364868,1
EMQX_preprocessed.csv,2252,15,15,14,14,Tag_15,Tag_15,0.9992411136627197,1
EMQX_preprocessed.csv,2253,15,15,14,14,Tag_15,Tag_15,0.9992467164993286,1
EMQX_preprocessed.csv,2254,15,15,14,14,Tag_15,Tag_15,0.999243974685669,1
EMQX_preprocessed.csv,2255,15,15,14,14,Tag_15,Tag_15,0.9992440938949585,1
EMQX_preprocessed.csv,2256,15,15,14,14,Tag_15,Tag_15,0.9992471933364868,1
EMQX_preprocessed.csv,2257,15,15,14,14,Tag_15,Tag_15,0.999243974685669,1
EMQX_preprocessed.csv,2258,15,15,14,14,Tag_15,Tag_15,0.9992412328720093,1
EMQX_preprocessed.csv,2259,15,15,14,14,Tag_15,Tag_15,0.999243974685669,1
EMQX_preprocessed.csv,2260,15,15,14,14,Tag_15,Tag_15,0.999885082244873,1
EMQX_preprocessed.csv,2261,15,15,14,14,Tag_15,Tag_15,0.9999011754989624,1
EMQX_preprocessed.csv,2262,15,15,14,14,Tag_15,Tag_15,0.999907374382019,1
EMQX_preprocessed.csv,2263,15,15,14,14,Tag_15,Tag_15,0.9998986721038818,1
EMQX_preprocessed.csv,2264,15,15,14,14,Tag_15,Tag_15,0.999829888343811,1
EMQX_preprocessed.csv,2265,15,15,14,14,Tag_15,Tag_15,0.9999055862426758,1
EMQX_preprocessed.csv,2266,15,15,14,14,Tag_15,Tag_15,0.9998420476913452,1
EMQX_preprocessed.csv,2267,15,15,14,14,Tag_15,Tag_15,0.9999041557312012,1
EMQX_preprocessed.csv,2268,15,15,14,14,Tag_15,Tag_15,0.9998873472213745,1
EMQX_preprocessed.csv,2269,15,15,14,14,Tag_15,Tag_15,0.9998526573181152,1
EMQX_preprocessed.csv,2270,15,15,14,14,Tag_15,Tag_15,0.9998980760574341,1
EMQX_preprocessed.csv,2271,15,15,14,14,Tag_15,Tag_15,0.9999113082885742,1
EMQX_preprocessed.csv,2272,15,15,14,14,Tag_15,Tag_15,0.9999213218688965,1
EMQX_preprocessed.csv,2273,15,15,14,14,Tag_15,Tag_15,0.9999115467071533,1
EMQX_preprocessed.csv,2274,15,15,14,14,Tag_15,Tag_15,0.999889612197876,1
EMQX_preprocessed.csv,2275,15,15,14,14,Tag_15,Tag_15,0.9998977184295654,1
EMQX_preprocessed.csv,2276,15,15,14,14,Tag_15,Tag_15,0.9999192953109741,1
EMQX_preprocessed.csv,2277,15,15,14,14,Tag_15,Tag_15,0.9998956918716431,1
EMQX_preprocessed.csv,2278,15,15,14,14,Tag_15,Tag_15,0.999897837638855,1
EMQX_preprocessed.csv,2279,15,15,14,14,Tag_15,Tag_15,0.999848484992981,1
EMQX_preprocessed.csv,2280,15,4,14,4,Tag_15,Tag_4,0.9999884366989136,0
EMQX_preprocessed.csv,2281,15,4,14,4,Tag_15,Tag_4,0.9999064207077026,0
EMQX_preprocessed.csv,2282,15,4,14,4,Tag_15,Tag_4,0.9999874830245972,0
EMQX_preprocessed.csv,2283,15,4,14,4,Tag_15,Tag_4,0.9997641444206238,0
EMQX_preprocessed.csv,2284,15,4,14,4,Tag_15,Tag_4,0.9999395608901978,0
EMQX_preprocessed.csv,2285,15,4,14,4,Tag_15,Tag_4,0.9999885559082031,0
EMQX_preprocessed.csv,2286,15,4,14,4,Tag_15,Tag_4,0.9992020726203918,0
EMQX_preprocessed.csv,2287,15,4,14,4,Tag_15,Tag_4,0.9999871253967285,0
EMQX_preprocessed.csv,2288,15,4,14,4,Tag_15,Tag_4,0.9999884366989136,0
EMQX_preprocessed.csv,2289,15,4,14,4,Tag_15,Tag_4,0.9999064207077026,0
EMQX_preprocessed.csv,2290,15,4,14,4,Tag_15,Tag_4,0.9999237060546875,0
EMQX_preprocessed.csv,2291,15,4,14,4,Tag_15,Tag_4,0.9999282360076904,0
EMQX_preprocessed.csv,2292,15,4,14,4,Tag_15,Tag_4,0.9999330043792725,0
EMQX_preprocessed.csv,2293,15,4,14,4,Tag_15,Tag_4,0.999925971031189,0
EMQX_preprocessed.csv,2294,15,4,14,4,Tag_15,Tag_4,0.9999077320098877,0
EMQX_preprocessed.csv,2295,15,4,14,4,Tag_15,Tag_4,0.9999895095825195,0
EMQX_preprocessed.csv,2296,15,4,14,4,Tag_15,Tag_4,0.9999812841415405,0
EMQX_preprocessed.csv,2297,15,4,14,4,Tag_15,Tag_4,0.9999860525131226,0
EMQX_preprocessed.csv,2298,15,4,14,4,Tag_15,Tag_4,0.9999430179595947,0
EMQX_preprocessed.csv,2299,15,4,14,4,Tag_15,Tag_4,0.9995895028114319,0
EMQX_preprocessed.csv,2300,15,4,14,4,Tag_15,Tag_4,0.9998753070831299,0
EMQX_preprocessed.csv,2301,15,4,14,4,Tag_15,Tag_4,0.9999808073043823,0
EMQX_preprocessed.csv,2302,15,4,14,4,Tag_15,Tag_4,0.9999097585678101,0
EMQX_preprocessed.csv,2303,15,4,14,4,Tag_15,Tag_4,0.9999241828918457,0
EMQX_preprocessed.csv,2304,15,4,14,4,Tag_15,Tag_4,0.9997956156730652,0
EMQX_preprocessed.csv,2305,15,4,14,4,Tag_15,Tag_4,0.9999812841415405,0
EMQX_preprocessed.csv,2306,15,4,14,4,Tag_15,Tag_4,0.9998975992202759,0
EMQX_preprocessed.csv,2307,15,4,14,4,Tag_15,Tag_4,0.9998281002044678,0
EMQX_preprocessed.csv,2308,15,4,14,4,Tag_15,Tag_4,0.999849796295166,0
EMQX_preprocessed.csv,2309,15,4,14,4,Tag_15,Tag_4,0.9999797344207764,0
EMQX_preprocessed.csv,2310,15,4,14,4,Tag_15,Tag_4,0.9999804496765137,0
EMQX_preprocessed.csv,2311,15,4,14,4,Tag_15,Tag_4,0.9998853206634521,0
EMQX_preprocessed.csv,2312,15,4,14,4,Tag_15,Tag_4,0.9999817609786987,0
EMQX_preprocessed.csv,2313,15,4,14,4,Tag_15,Tag_4,0.9999796152114868,0
EMQX_preprocessed.csv,2314,15,4,14,4,Tag_15,Tag_4,0.9999079704284668,0
EMQX_preprocessed.csv,2315,15,4,14,4,Tag_15,Tag_4,0.9999821186065674,0
EMQX_preprocessed.csv,2316,15,4,14,4,Tag_15,Tag_4,0.9999808073043823,0
EMQX_preprocessed.csv,2317,15,4,14,4,Tag_15,Tag_4,0.9999277591705322,0
EMQX_preprocessed.csv,2318,15,4,14,4,Tag_15,Tag_4,0.9998596906661987,0
EMQX_preprocessed.csv,2319,15,4,14,4,Tag_15,Tag_4,0.9998512268066406,0
EMQX_preprocessed.csv,2320,16,16,15,15,Tag_16,Tag_16,0.9989848732948303,1
EMQX_preprocessed.csv,2321,16,16,15,15,Tag_16,Tag_16,0.9989538192749023,1
EMQX_preprocessed.csv,2322,16,16,15,15,Tag_16,Tag_16,0.9989849925041199,1
EMQX_preprocessed.csv,2323,16,16,15,15,Tag_16,Tag_16,0.9989848732948303,1
EMQX_preprocessed.csv,2324,16,16,15,15,Tag_16,Tag_16,0.9989848732948303,1
EMQX_preprocessed.csv,2325,16,16,15,15,Tag_16,Tag_16,0.9989849925041199,1
EMQX_preprocessed.csv,2326,16,16,15,15,Tag_16,Tag_16,0.9989848732948303,1
EMQX_preprocessed.csv,2327,16,16,15,15,Tag_16,Tag_16,0.9989045858383179,1
EMQX_preprocessed.csv,2328,16,16,15,15,Tag_16,Tag_16,0.9989836812019348,1
EMQX_preprocessed.csv,2329,16,16,15,15,Tag_16,Tag_16,0.9989848732948303,1
EMQX_preprocessed.csv,2330,16,16,15,15,Tag_16,Tag_16,0.9989838004112244,1
EMQX_preprocessed.csv,2331,16,16,15,15,Tag_16,Tag_16,0.9989539384841919,1
EMQX_preprocessed.csv,2332,16,16,15,15,Tag_16,Tag_16,0.9989523887634277,1
EMQX_preprocessed.csv,2333,16,16,15,15,Tag_16,Tag_16,0.99894779920578,1
EMQX_preprocessed.csv,2334,16,16,15,15,Tag_16,Tag_16,0.9989849925041199,1
EMQX_preprocessed.csv,2335,16,16,15,15,Tag_16,Tag_16,0.9989539384841919,1
EMQX_preprocessed.csv,2336,16,16,15,15,Tag_16,Tag_16,0.9989838004112244,1
EMQX_preprocessed.csv,2337,16,16,15,15,Tag_16,Tag_16,0.9989838004112244,1
EMQX_preprocessed.csv,2338,16,16,15,15,Tag_16,Tag_16,0.9989045858383179,1
EMQX_preprocessed.csv,2339,16,16,15,15,Tag_16,Tag_16,0.9989522695541382,1
EMQX_preprocessed.csv,2340,16,16,15,15,Tag_16,Tag_16,0.9999923706054688,1
EMQX_preprocessed.csv,2341,16,16,15,15,Tag_16,Tag_16,0.9999904632568359,1
EMQX_preprocessed.csv,2342,16,16,15,15,Tag_16,Tag_16,0.9999914169311523,1
EMQX_preprocessed.csv,2343,16,16,15,15,Tag_16,Tag_16,0.999991774559021,1
EMQX_preprocessed.csv,2344,16,16,15,15,Tag_16,Tag_16,0.9999926090240479,1
EMQX_preprocessed.csv,2345,16,16,15,15,Tag_16,Tag_16,0.9999853372573853,1
EMQX_preprocessed.csv,2346,16,16,15,15,Tag_16,Tag_16,0.9999922513961792,1
EMQX_preprocessed.csv,2347,16,16,15,15,Tag_16,Tag_16,0.9999828338623047,1
EMQX_preprocessed.csv,2348,16,16,15,15,Tag_16,Tag_16,0.999991774559021,1
EMQX_preprocessed.csv,2349,16,16,15,15,Tag_16,Tag_16,0.9999938011169434,1
EMQX_preprocessed.csv,2350,16,16,15,15,Tag_16,Tag_16,0.999993085861206,1
EMQX_preprocessed.csv,2351,16,16,15,15,Tag_16,Tag_16,0.9999898672103882,1
EMQX_preprocessed.csv,2352,16,16,15,15,Tag_16,Tag_16,0.9999854564666748,1
EMQX_preprocessed.csv,2353,16,16,15,15,Tag_16,Tag_16,0.9999808073043823,1
EMQX_preprocessed.csv,2354,16,16,15,15,Tag_16,Tag_16,0.999991774559021,1
EMQX_preprocessed.csv,2355,16,16,15,15,Tag_16,Tag_16,0.9999901056289673,1
EMQX_preprocessed.csv,2356,16,16,15,15,Tag_16,Tag_16,0.9999805688858032,1
EMQX_preprocessed.csv,2357,16,16,15,15,Tag_16,Tag_16,0.9999915361404419,1
EMQX_preprocessed.csv,2358,16,16,15,15,Tag_16,Tag_16,0.9999815225601196,1
EMQX_preprocessed.csv,2359,16,16,15,15,Tag_16,Tag_16,0.9999905824661255,1
EMQX_preprocessed.csv,2360,16,4,15,4,Tag_16,Tag_4,0.9999864101409912,0
EMQX_preprocessed.csv,2361,16,4,15,4,Tag_16,Tag_4,0.9999889135360718,0
EMQX_preprocessed.csv,2362,16,4,15,4,Tag_16,Tag_4,0.999984622001648,0
EMQX_preprocessed.csv,2363,16,4,15,4,Tag_16,Tag_4,0.9999890327453613,0
EMQX_preprocessed.csv,2364,16,4,15,4,Tag_16,Tag_4,0.9999890327453613,0
EMQX_preprocessed.csv,2365,16,4,15,4,Tag_16,Tag_4,0.9999898672103882,0
EMQX_preprocessed.csv,2366,16,4,15,4,Tag_16,Tag_4,0.9999856948852539,0
EMQX_preprocessed.csv,2367,16,4,15,4,Tag_16,Tag_4,0.9999809265136719,0
EMQX_preprocessed.csv,2368,16,4,15,4,Tag_16,Tag_4,0.9999885559082031,0
EMQX_preprocessed.csv,2369,16,4,15,4,Tag_16,Tag_4,0.9999885559082031,0
EMQX_preprocessed.csv,2370,16,4,15,4,Tag_16,Tag_4,0.9999885559082031,0
EMQX_preprocessed.csv,2371,16,4,15,4,Tag_16,Tag_4,0.9999879598617554,0
EMQX_preprocessed.csv,2372,16,4,15,4,Tag_16,Tag_4,0.9999890327453613,0
EMQX_preprocessed.csv,2373,16,4,15,4,Tag_16,Tag_4,0.9999881982803345,0
EMQX_preprocessed.csv,2374,16,4,15,4,Tag_16,Tag_4,0.9999637603759766,0
EMQX_preprocessed.csv,2375,16,4,15,4,Tag_16,Tag_4,0.999984860420227,0
EMQX_preprocessed.csv,2376,16,4,15,4,Tag_16,Tag_4,0.9999806880950928,0
EMQX_preprocessed.csv,2377,16,4,15,4,Tag_16,Tag_4,0.9999828338623047,0
EMQX_preprocessed.csv,2378,16,4,15,4,Tag_16,Tag_4,0.9999756813049316,0
EMQX_preprocessed.csv,2379,16,4,15,4,Tag_16,Tag_4,0.9999784231185913,0
EMQX_preprocessed.csv,2380,16,4,15,4,Tag_16,Tag_4,0.9999829530715942,0
EMQX_preprocessed.csv,2381,16,4,15,4,Tag_16,Tag_4,0.9999856948852539,0
EMQX_preprocessed.csv,2382,16,4,15,4,Tag_16,Tag_4,0.9999842643737793,0
EMQX_preprocessed.csv,2383,16,4,15,4,Tag_16,Tag_4,0.999984860420227,0
EMQX_preprocessed.csv,2384,16,4,15,4,Tag_16,Tag_4,0.999983549118042,0
EMQX_preprocessed.csv,2385,16,4,15,4,Tag_16,Tag_4,0.999984622001648,0
EMQX_preprocessed.csv,2386,16,4,15,4,Tag_16,Tag_4,0.999984622001648,0
EMQX_preprocessed.csv,2387,16,4,15,4,Tag_16,Tag_4,0.9999841451644897,0
EMQX_preprocessed.csv,2388,16,4,15,4,Tag_16,Tag_4,0.9999840259552002,0
EMQX_preprocessed.csv,2389,16,4,15,4,Tag_16,Tag_4,0.9999841451644897,0
EMQX_preprocessed.csv,2390,16,4,15,4,Tag_16,Tag_4,0.9999847412109375,0
EMQX_preprocessed.csv,2391,16,4,15,4,Tag_16,Tag_4,0.9999823570251465,0
EMQX_preprocessed.csv,2392,16,4,15,4,Tag_16,Tag_4,0.999984622001648,0
EMQX_preprocessed.csv,2393,16,4,15,4,Tag_16,Tag_4,0.9999839067459106,0
EMQX_preprocessed.csv,2394,16,4,15,4,Tag_16,Tag_4,0.9999819993972778,0
EMQX_preprocessed.csv,2395,16,4,15,4,Tag_16,Tag_4,0.9999843835830688,0
EMQX_preprocessed.csv,2396,16,4,15,4,Tag_16,Tag_4,0.999985933303833,0
EMQX_preprocessed.csv,2397,16,4,15,4,Tag_16,Tag_4,0.9999815225601196,0
EMQX_preprocessed.csv,2398,16,4,15,4,Tag_16,Tag_4,0.9999843835830688,0
EMQX_preprocessed.csv,2399,16,4,15,4,Tag_16,Tag_4,0.9999855756759644,0
EMQX_preprocessed.csv,2400,17,17,16,16,Tag_17,Tag_17,0.9851067066192627,1
EMQX_preprocessed.csv,2401,17,17,16,16,Tag_17,Tag_17,0.9851390719413757,1
EMQX_preprocessed.csv,2402,17,17,16,16,Tag_17,Tag_17,0.9849501848220825,1
EMQX_preprocessed.csv,2403,17,17,16,16,Tag_17,Tag_17,0.9851396679878235,1
EMQX_preprocessed.csv,2404,17,17,16,16,Tag_17,Tag_17,0.9849017262458801,1
EMQX_preprocessed.csv,2405,17,17,16,16,Tag_17,Tag_17,0.9849709868431091,1
EMQX_preprocessed.csv,2406,17,17,16,16,Tag_17,Tag_17,0.9845988750457764,1
EMQX_preprocessed.csv,2407,17,17,16,16,Tag_17,Tag_17,0.9849693775177002,1
EMQX_preprocessed.csv,2408,17,17,16,16,Tag_17,Tag_17,0.9851109385490417,1
EMQX_preprocessed.csv,2409,17,17,16,16,Tag_17,Tag_17,0.9850731492042542,1
EMQX_preprocessed.csv,2410,17,17,16,16,Tag_17,Tag_17,0.9849691390991211,1
EMQX_preprocessed.csv,2411,17,17,16,16,Tag_17,Tag_17,0.985148549079895,1
EMQX_preprocessed.csv,2412,17,17,16,16,Tag_17,Tag_17,0.9851077198982239,1
EMQX_preprocessed.csv,2413,17,17,16,16,Tag_17,Tag_17,0.9849814176559448,1
EMQX_preprocessed.csv,2414,17,17,16,16,Tag_17,Tag_17,0.9851061105728149,1
EMQX_preprocessed.csv,2415,17,17,16,16,Tag_17,Tag_17,0.9849698543548584,1
EMQX_preprocessed.csv,2416,17,17,16,16,Tag_17,Tag_17,0.9849401116371155,1
EMQX_preprocessed.csv,2417,17,17,16,16,Tag_17,Tag_17,0.9849810600280762,1
EMQX_preprocessed.csv,2418,17,17,16,16,Tag_17,Tag_17,0.9849820137023926,1
EMQX_preprocessed.csv,2419,17,17,16,16,Tag_17,Tag_17,0.9851439595222473,1
EMQX_preprocessed.csv,2420,17,17,16,16,Tag_17,Tag_17,0.9999734163284302,1
EMQX_preprocessed.csv,2421,17,17,16,16,Tag_17,Tag_17,0.999982476234436,1
EMQX_preprocessed.csv,2422,17,17,16,16,Tag_17,Tag_17,0.9999847412109375,1
EMQX_preprocessed.csv,2423,17,17,16,16,Tag_17,Tag_17,0.9999655485153198,1
EMQX_preprocessed.csv,2424,17,17,16,16,Tag_17,Tag_17,0.9999855756759644,1
EMQX_preprocessed.csv,2425,17,17,16,16,Tag_17,Tag_17,0.9999853372573853,1
EMQX_preprocessed.csv,2426,17,17,16,16,Tag_17,Tag_17,0.9999836683273315,1
EMQX_preprocessed.csv,2427,17,17,16,16,Tag_17,Tag_17,0.9999855756759644,1
EMQX_preprocessed.csv,2428,17,17,16,16,Tag_17,Tag_17,0.9999867677688599,1
EMQX_preprocessed.csv,2429,17,17,16,16,Tag_17,Tag_17,0.9999858140945435,1
EMQX_preprocessed.csv,2430,17,17,16,16,Tag_17,Tag_17,0.9999773502349854,1
EMQX_preprocessed.csv,2431,17,17,16,16,Tag_17,Tag_17,0.9999775886535645,1
EMQX_preprocessed.csv,2432,17,17,16,16,Tag_17,Tag_17,0.9999823570251465,1
EMQX_preprocessed.csv,2433,17,17,16,16,Tag_17,Tag_17,0.9999839067459106,1
EMQX_preprocessed.csv,2434,17,17,16,16,Tag_17,Tag_17,0.9999849796295166,1
EMQX_preprocessed.csv,2435,17,17,16,16,Tag_17,Tag_17,0.9999855756759644,1
EMQX_preprocessed.csv,2436,17,17,16,16,Tag_17,Tag_17,0.9999816417694092,1
EMQX_preprocessed.csv,2437,17,17,16,16,Tag_17,Tag_17,0.9999855756759644,1
EMQX_preprocessed.csv,2438,17,17,16,16,Tag_17,Tag_17,0.9999775886535645,1
EMQX_preprocessed.csv,2439,17,17,16,16,Tag_17,Tag_17,0.9999768733978271,1
EMQX_preprocessed.csv,2440,18,18,17,17,Tag_18,Tag_18,0.9581359028816223,1
EMQX_preprocessed.csv,2441,18,18,17,17,Tag_18,Tag_18,0.927754819393158,1
EMQX_preprocessed.csv,2442,18,18,17,17,Tag_18,Tag_18,0.9518857002258301,1
EMQX_preprocessed.csv,2443,18,18,17,17,Tag_18,Tag_18,0.8485395908355713,1
EMQX_preprocessed.csv,2444,18,18,17,17,Tag_18,Tag_18,0.9794562458992004,1
EMQX_preprocessed.csv,2445,18,18,17,17,Tag_18,Tag_18,0.8464487791061401,1
EMQX_preprocessed.csv,2446,18,18,17,17,Tag_18,Tag_18,0.9715558886528015,1
EMQX_preprocessed.csv,2447,18,18,17,17,Tag_18,Tag_18,0.9027058482170105,1
EMQX_preprocessed.csv,2448,18,18,17,17,Tag_18,Tag_18,0.9514826536178589,1
EMQX_preprocessed.csv,2449,18,18,17,17,Tag_18,Tag_18,0.9229556322097778,1
EMQX_preprocessed.csv,2450,18,1,17,1,Tag_18,Tag_1,0.48887181282043457,0
EMQX_preprocessed.csv,2451,18,18,17,17,Tag_18,Tag_18,0.9194433093070984,1
EMQX_preprocessed.csv,2452,18,18,17,17,Tag_18,Tag_18,0.9283361434936523,1
EMQX_preprocessed.csv,2453,18,18,17,17,Tag_18,Tag_18,0.9735706448554993,1
EMQX_preprocessed.csv,2454,18,18,17,17,Tag_18,Tag_18,0.8798997402191162,1
EMQX_preprocessed.csv,2455,18,18,17,17,Tag_18,Tag_18,0.9510843753814697,1
EMQX_preprocessed.csv,2456,18,18,17,17,Tag_18,Tag_18,0.9730051159858704,1
EMQX_preprocessed.csv,2457,18,18,17,17,Tag_18,Tag_18,0.9461592435836792,1
EMQX_preprocessed.csv,2458,18,18,17,17,Tag_18,Tag_18,0.9675275683403015,1
EMQX_preprocessed.csv,2459,18,18,17,17,Tag_18,Tag_18,0.9623156189918518,1
EMQX_preprocessed.csv,2460,19,19,18,18,Tag_19,Tag_19,0.9996944665908813,1
EMQX_preprocessed.csv,2461,19,2,18,2,Tag_19,Tag_2,0.770840585231781,0
EMQX_preprocessed.csv,2462,19,19,18,18,Tag_19,Tag_19,0.9997789263725281,1
EMQX_preprocessed.csv,2463,19,19,18,18,Tag_19,Tag_19,0.999724805355072,1
EMQX_preprocessed.csv,2464,19,19,18,18,Tag_19,Tag_19,0.9997047781944275,1
EMQX_preprocessed.csv,2465,19,19,18,18,Tag_19,Tag_19,0.9996495246887207,1
EMQX_preprocessed.csv,2466,19,19,18,18,Tag_19,Tag_19,0.9994202852249146,1
EMQX_preprocessed.csv,2467,19,19,18,18,Tag_19,Tag_19,0.9997724890708923,1
EMQX_preprocessed.csv,2468,19,19,18,18,Tag_19,Tag_19,0.9997779726982117,1
EMQX_preprocessed.csv,2469,19,19,18,18,Tag_19,Tag_19,0.9996569156646729,1
EMQX_preprocessed.csv,2470,19,2,18,2,Tag_19,Tag_2,0.9546933770179749,0
EMQX_preprocessed.csv,2471,19,2,18,2,Tag_19,Tag_2,0.6070441603660583,0
EMQX_preprocessed.csv,2472,19,19,18,18,Tag_19,Tag_19,0.9997865557670593,1
EMQX_preprocessed.csv,2473,19,19,18,18,Tag_19,Tag_19,0.9994122982025146,1
EMQX_preprocessed.csv,2474,19,19,18,18,Tag_19,Tag_19,0.9997877478599548,1
EMQX_preprocessed.csv,2475,19,2,18,2,Tag_19,Tag_2,0.7978724241256714,0
EMQX_preprocessed.csv,2476,19,19,18,18,Tag_19,Tag_19,0.9997854828834534,1
EMQX_preprocessed.csv,2477,19,19,18,18,Tag_19,Tag_19,0.9996211528778076,1
EMQX_preprocessed.csv,2478,19,19,18,18,Tag_19,Tag_19,0.9995660185813904,1
EMQX_preprocessed.csv,2479,19,19,18,18,Tag_19,Tag_19,0.9998043179512024,1
EMQX_preprocessed.csv,2480,20,20,19,19,Tag_20,Tag_20,0.9983208775520325,1
EMQX_preprocessed.csv,2481,20,20,19,19,Tag_20,Tag_20,0.9991307854652405,1
EMQX_preprocessed.csv,2482,20,20,19,19,Tag_20,Tag_20,0.999401330947876,1
EMQX_preprocessed.csv,2483,20,20,19,19,Tag_20,Tag_20,0.999357283115387,1
EMQX_preprocessed.csv,2484,20,20,19,19,Tag_20,Tag_20,0.99897301197052,1
EMQX_preprocessed.csv,2485,20,2,19,2,Tag_20,Tag_2,0.7638553977012634,0
EMQX_preprocessed.csv,2486,20,20,19,19,Tag_20,Tag_20,0.9974104762077332,1
EMQX_preprocessed.csv,2487,20,2,19,2,Tag_20,Tag_2,0.9752888679504395,0
EMQX_preprocessed.csv,2488,20,20,19,19,Tag_20,Tag_20,0.9982670545578003,1
EMQX_preprocessed.csv,2489,20,2,19,2,Tag_20,Tag_2,0.9473950266838074,0
EMQX_preprocessed.csv,2490,20,20,19,19,Tag_20,Tag_20,0.999346911907196,1
EMQX_preprocessed.csv,2491,20,2,19,2,Tag_20,Tag_2,0.4556335508823395,0
EMQX_preprocessed.csv,2492,20,2,19,2,Tag_20,Tag_2,0.44543564319610596,0
EMQX_preprocessed.csv,2493,20,20,19,19,Tag_20,Tag_20,0.9984384179115295,1
EMQX_preprocessed.csv,2494,20,20,19,19,Tag_20,Tag_20,0.9985353946685791,1
EMQX_preprocessed.csv,2495,20,2,19,2,Tag_20,Tag_2,0.7665233612060547,0
EMQX_preprocessed.csv,2496,20,20,19,19,Tag_20,Tag_20,0.999622106552124,1
EMQX_preprocessed.csv,2497,20,20,19,19,Tag_20,Tag_20,0.9995638728141785,1
EMQX_preprocessed.csv,2498,20,20,19,19,Tag_20,Tag_20,0.9995965361595154,1
EMQX_preprocessed.csv,2499,20,20,19,19,Tag_20,Tag_20,0.9996331930160522,1
EMQX_preprocessed.csv,2500,21,21,20,20,Tag_21,Tag_21,0.9975995421409607,1
EMQX_preprocessed.csv,2501,21,21,20,20,Tag_21,Tag_21,0.998778760433197,1
EMQX_preprocessed.csv,2502,21,21,20,20,Tag_21,Tag_21,0.9900377988815308,1
EMQX_preprocessed.csv,2503,21,21,20,20,Tag_21,Tag_21,0.9973289966583252,1
EMQX_preprocessed.csv,2504,21,21,20,20,Tag_21,Tag_21,0.9993076324462891,1
EMQX_preprocessed.csv,2505,21,2,20,2,Tag_21,Tag_2,0.9726679921150208,0
EMQX_preprocessed.csv,2506,21,21,20,20,Tag_21,Tag_21,0.9925137162208557,1
EMQX_preprocessed.csv,2507,21,21,20,20,Tag_21,Tag_21,0.9974009990692139,1
EMQX_preprocessed.csv,2508,21,2,20,2,Tag_21,Tag_2,0.970095157623291,0
EMQX_preprocessed.csv,2509,21,21,20,20,Tag_21,Tag_21,0.9987014532089233,1
EMQX_preprocessed.csv,2510,21,21,20,20,Tag_21,Tag_21,0.6541805267333984,1
EMQX_preprocessed.csv,2511,21,2,20,2,Tag_21,Tag_2,0.9900678396224976,0
EMQX_preprocessed.csv,2512,21,21,20,20,Tag_21,Tag_21,0.9993085861206055,1
EMQX_preprocessed.csv,2513,21,21,20,20,Tag_21,Tag_21,0.9992570281028748,1
EMQX_preprocessed.csv,2514,21,21,20,20,Tag_21,Tag_21,0.9039542078971863,1
EMQX_preprocessed.csv,2515,21,2,20,2,Tag_21,Tag_2,0.9844957590103149,0
EMQX_preprocessed.csv,2516,21,2,20,2,Tag_21,Tag_2,0.9810603857040405,0
EMQX_preprocessed.csv,2517,21,21,20,20,Tag_21,Tag_21,0.991738498210907,1
EMQX_preprocessed.csv,2518,21,21,20,20,Tag_21,Tag_21,0.9685707092285156,1
EMQX_preprocessed.csv,2519,21,21,20,20,Tag_21,Tag_21,0.9990326166152954,1
EMQX_preprocessed.csv,2520,21,21,20,20,Tag_21,Tag_21,0.9261354804039001,1
EMQX_preprocessed.csv,2521,21,21,20,20,Tag_21,Tag_21,0.9888335466384888,1
EMQX_preprocessed.csv,2522,21,21,20,20,Tag_21,Tag_21,0.9232859015464783,1
EMQX_preprocessed.csv,2523,21,2,20,2,Tag_21,Tag_2,0.9467201828956604,0
EMQX_preprocessed.csv,2524,21,21,20,20,Tag_21,Tag_21,0.9392656683921814,1
EMQX_preprocessed.csv,2525,21,21,20,20,Tag_21,Tag_21,0.9550669193267822,1
EMQX_preprocessed.csv,2526,21,21,20,20,Tag_21,Tag_21,0.571350634098053,1
EMQX_preprocessed.csv,2527,21,21,20,20,Tag_21,Tag_21,0.968761682510376,1
EMQX_preprocessed.csv,2528,21,21,20,20,Tag_21,Tag_21,0.7140170931816101,1
EMQX_preprocessed.csv,2529,21,21,20,20,Tag_21,Tag_21,0.8969631195068359,1
EMQX_preprocessed.csv,2530,21,21,20,20,Tag_21,Tag_21,0.6980509161949158,1
EMQX_preprocessed.csv,2531,21,21,20,20,Tag_21,Tag_21,0.9794492721557617,1
EMQX_preprocessed.csv,2532,21,21,20,20,Tag_21,Tag_21,0.9672082662582397,1
EMQX_preprocessed.csv,2533,21,2,20,2,Tag_21,Tag_2,0.9552536606788635,0
EMQX_preprocessed.csv,2534,21,2,20,2,Tag_21,Tag_2,0.9596511125564575,0
EMQX_preprocessed.csv,2535,21,2,20,2,Tag_21,Tag_2,0.9910462498664856,0
EMQX_preprocessed.csv,2536,21,2,20,2,Tag_21,Tag_2,0.9729251265525818,0
EMQX_preprocessed.csv,2537,21,2,20,2,Tag_21,Tag_2,0.9019105434417725,0
EMQX_preprocessed.csv,2538,21,21,20,20,Tag_21,Tag_21,0.8751360774040222,1
EMQX_preprocessed.csv,2539,21,21,20,20,Tag_21,Tag_21,0.9540758728981018,1
EMQX_preprocessed.csv,2540,21,25,20,24,Tag_21,Tag_25,0.572963535785675,0
EMQX_preprocessed.csv,2541,21,4,20,4,Tag_21,Tag_4,0.834888756275177,0
EMQX_preprocessed.csv,2542,21,25,20,24,Tag_21,Tag_25,0.9370912909507751,0
EMQX_preprocessed.csv,2543,21,25,20,24,Tag_21,Tag_25,0.5592182278633118,0
EMQX_preprocessed.csv,2544,21,25,20,24,Tag_21,Tag_25,0.7325242757797241,0
EMQX_preprocessed.csv,2545,21,25,20,24,Tag_21,Tag_25,0.7460145354270935,0
EMQX_preprocessed.csv,2546,21,4,20,4,Tag_21,Tag_4,0.9884436726570129,0
EMQX_preprocessed.csv,2547,21,4,20,4,Tag_21,Tag_4,0.6033511161804199,0
EMQX_preprocessed.csv,2548,21,4,20,4,Tag_21,Tag_4,0.9986746311187744,0
EMQX_preprocessed.csv,2549,21,25,20,24,Tag_21,Tag_25,0.6827713847160339,0
EMQX_preprocessed.csv,2550,21,4,20,4,Tag_21,Tag_4,0.9987928867340088,0
EMQX_preprocessed.csv,2551,21,25,20,24,Tag_21,Tag_25,0.42990842461586,0
EMQX_preprocessed.csv,2552,21,4,20,4,Tag_21,Tag_4,0.8896610736846924,0
EMQX_preprocessed.csv,2553,21,4,20,4,Tag_21,Tag_4,0.7639163136482239,0
EMQX_preprocessed.csv,2554,21,25,20,24,Tag_21,Tag_25,0.5379495024681091,0
EMQX_preprocessed.csv,2555,21,25,20,24,Tag_21,Tag_25,0.5271570086479187,0
EMQX_preprocessed.csv,2556,21,25,20,24,Tag_21,Tag_25,0.7647870182991028,0
EMQX_preprocessed.csv,2557,21,4,20,4,Tag_21,Tag_4,0.9975253939628601,0
EMQX_preprocessed.csv,2558,21,4,20,4,Tag_21,Tag_4,0.8481699824333191,0
EMQX_preprocessed.csv,2559,21,25,20,24,Tag_21,Tag_25,0.7392045259475708,0
EMQX_preprocessed.csv,2560,22,1,21,1,Tag_22,Tag_1,0.713499903678894,0
EMQX_preprocessed.csv,2561,22,22,21,21,Tag_22,Tag_22,0.9419316649436951,1
EMQX_preprocessed.csv,2562,22,1,21,1,Tag_22,Tag_1,0.6381718516349792,0
EMQX_preprocessed.csv,2563,22,1,21,1,Tag_22,Tag_1,0.7592055797576904,0
EMQX_preprocessed.csv,2564,22,22,21,21,Tag_22,Tag_22,0.9604334235191345,1
EMQX_preprocessed.csv,2565,22,22,21,21,Tag_22,Tag_22,0.9980685114860535,1
EMQX_preprocessed.csv,2566,22,22,21,21,Tag_22,Tag_22,0.9879981279373169,1
EMQX_preprocessed.csv,2567,22,22,21,21,Tag_22,Tag_22,0.99577796459198,1
EMQX_preprocessed.csv,2568,22,22,21,21,Tag_22,Tag_22,0.999261200428009,1
EMQX_preprocessed.csv,2569,22,22,21,21,Tag_22,Tag_22,0.9880672693252563,1
EMQX_preprocessed.csv,2570,22,1,21,1,Tag_22,Tag_1,0.5877072811126709,0
EMQX_preprocessed.csv,2571,22,22,21,21,Tag_22,Tag_22,0.9905575513839722,1
EMQX_preprocessed.csv,2572,22,1,21,1,Tag_22,Tag_1,0.7714470028877258,0
EMQX_preprocessed.csv,2573,22,-1,21,0,Tag_22,Normal,0.7873746752738953,0
EMQX_preprocessed.csv,2574,22,22,21,21,Tag_22,Tag_22,0.9992351531982422,1
EMQX_preprocessed.csv,2575,22,22,21,21,Tag_22,Tag_22,0.9847180247306824,1
EMQX_preprocessed.csv,2576,22,22,21,21,Tag_22,Tag_22,0.6073285937309265,1
EMQX_preprocessed.csv,2577,22,22,21,21,Tag_22,Tag_22,0.861270546913147,1
EMQX_preprocessed.csv,2578,22,1,21,1,Tag_22,Tag_1,0.8213518857955933,0
EMQX_preprocessed.csv,2579,22,1,21,1,Tag_22,Tag_1,0.7744441628456116,0
EMQX_preprocessed.csv,2580,23,23,22,22,Tag_23,Tag_23,0.9952387809753418,1
EMQX_preprocessed.csv,2581,23,23,22,22,Tag_23,Tag_23,0.9964298605918884,1
EMQX_preprocessed.csv,2582,23,23,22,22,Tag_23,Tag_23,0.676737368106842,1
EMQX_preprocessed.csv,2583,23,23,22,22,Tag_23,Tag_23,0.9966557025909424,1
EMQX_preprocessed.csv,2584,23,23,22,22,Tag_23,Tag_23,0.9995823502540588,1
EMQX_preprocessed.csv,2585,23,23,22,22,Tag_23,Tag_23,0.7914764285087585,1
EMQX_preprocessed.csv,2586,23,23,22,22,Tag_23,Tag_23,0.9999502897262573,1
EMQX_preprocessed.csv,2587,23,23,22,22,Tag_23,Tag_23,0.9960646033287048,1
EMQX_preprocessed.csv,2588,23,23,22,22,Tag_23,Tag_23,0.9999500513076782,1
EMQX_preprocessed.csv,2589,23,23,22,22,Tag_23,Tag_23,0.9970620274543762,1
EMQX_preprocessed.csv,2590,23,23,22,22,Tag_23,Tag_23,0.9980066418647766,1
EMQX_preprocessed.csv,2591,23,23,22,22,Tag_23,Tag_23,0.99988853931427,1
EMQX_preprocessed.csv,2592,23,23,22,22,Tag_23,Tag_23,0.9995403289794922,1
EMQX_preprocessed.csv,2593,23,23,22,22,Tag_23,Tag_23,0.9997991919517517,1
EMQX_preprocessed.csv,2594,23,23,22,22,Tag_23,Tag_23,0.8395993113517761,1
EMQX_preprocessed.csv,2595,23,23,22,22,Tag_23,Tag_23,0.7455722093582153,1
EMQX_preprocessed.csv,2596,23,2,22,2,Tag_23,Tag_2,0.8715332746505737,0
EMQX_preprocessed.csv,2597,23,23,22,22,Tag_23,Tag_23,0.9513784050941467,1
EMQX_preprocessed.csv,2598,23,23,22,22,Tag_23,Tag_23,0.9994309544563293,1
EMQX_preprocessed.csv,2599,23,23,22,22,Tag_23,Tag_23,0.9996389150619507,1
EMQX_preprocessed.csv,2600,24,24,23,23,Tag_24,Tag_24,0.9989120960235596,1
EMQX_preprocessed.csv,2601,24,24,23,23,Tag_24,Tag_24,0.9982829093933105,1
EMQX_preprocessed.csv,2602,24,2,23,2,Tag_24,Tag_2,0.9594674706459045,0
EMQX_preprocessed.csv,2603,24,24,23,23,Tag_24,Tag_24,0.9989650249481201,1
EMQX_preprocessed.csv,2604,24,24,23,23,Tag_24,Tag_24,0.998963475227356,1
EMQX_preprocessed.csv,2605,24,24,23,23,Tag_24,Tag_24,0.9981185793876648,1
EMQX_preprocessed.csv,2606,24,24,23,23,Tag_24,Tag_24,0.9986801743507385,1
EMQX_preprocessed.csv,2607,24,2,23,2,Tag_24,Tag_2,0.9274613857269287,0
EMQX_preprocessed.csv,2608,24,24,23,23,Tag_24,Tag_24,0.9990420937538147,1
EMQX_preprocessed.csv,2609,24,24,23,23,Tag_24,Tag_24,0.999165415763855,1
EMQX_preprocessed.csv,2610,24,2,23,2,Tag_24,Tag_2,0.9765313267707825,0
EMQX_preprocessed.csv,2611,24,24,23,23,Tag_24,Tag_24,0.8694459795951843,1
EMQX_preprocessed.csv,2612,24,2,23,2,Tag_24,Tag_2,0.9585373401641846,0
EMQX_preprocessed.csv,2613,24,24,23,23,Tag_24,Tag_24,0.999103844165802,1
EMQX_preprocessed.csv,2614,24,2,23,2,Tag_24,Tag_2,0.7760083079338074,0
EMQX_preprocessed.csv,2615,24,2,23,2,Tag_24,Tag_2,0.8418270349502563,0
EMQX_preprocessed.csv,2616,24,24,23,23,Tag_24,Tag_24,0.9990606904029846,1
EMQX_preprocessed.csv,2617,24,24,23,23,Tag_24,Tag_24,0.9986743927001953,1
EMQX_preprocessed.csv,2618,24,2,23,2,Tag_24,Tag_2,0.9616572260856628,0
EMQX_preprocessed.csv,2619,24,24,23,23,Tag_24,Tag_24,0.9982979893684387,1
EMQX_preprocessed.csv,2620,25,4,24,4,Tag_25,Tag_4,0.942322313785553,0
EMQX_preprocessed.csv,2621,25,4,24,4,Tag_25,Tag_4,0.6983075141906738,0
EMQX_preprocessed.csv,2622,25,4,24,4,Tag_25,Tag_4,0.8008447289466858,0
EMQX_preprocessed.csv,2623,25,4,24,4,Tag_25,Tag_4,0.693824827671051,0
EMQX_preprocessed.csv,2624,25,4,24,4,Tag_25,Tag_4,0.9665192365646362,0
EMQX_preprocessed.csv,2625,25,4,24,4,Tag_25,Tag_4,0.6649376749992371,0
EMQX_preprocessed.csv,2626,25,25,24,24,Tag_25,Tag_25,0.5118793845176697,1
EMQX_preprocessed.csv,2627,25,4,24,4,Tag_25,Tag_4,0.7910460829734802,0
EMQX_preprocessed.csv,2628,25,4,24,4,Tag_25,Tag_4,0.6386901140213013,0
EMQX_preprocessed.csv,2629,25,4,24,4,Tag_25,Tag_4,0.6131830215454102,0
EMQX_preprocessed.csv,2630,25,4,24,4,Tag_25,Tag_4,0.5481670498847961,0
EMQX_preprocessed.csv,2631,25,4,24,4,Tag_25,Tag_4,0.9416549801826477,0
EMQX_preprocessed.csv,2632,25,4,24,4,Tag_25,Tag_4,0.5745636224746704,0
EMQX_preprocessed.csv,2633,25,4,24,4,Tag_25,Tag_4,0.7306345105171204,0
EMQX_preprocessed.csv,2634,25,4,24,4,Tag_25,Tag_4,0.7411490082740784,0
EMQX_preprocessed.csv,2635,25,4,24,4,Tag_25,Tag_4,0.530834972858429,0
EMQX_preprocessed.csv,2636,25,4,24,4,Tag_25,Tag_4,0.9626189470291138,0
EMQX_preprocessed.csv,2637,25,4,24,4,Tag_25,Tag_4,0.8023818731307983,0
EMQX_preprocessed.csv,2638,25,4,24,4,Tag_25,Tag_4,0.9911453127861023,0
EMQX_preprocessed.csv,2639,25,4,24,4,Tag_25,Tag_4,0.9862735867500305,0
EMQX_preprocessed.csv,2640,26,26,25,25,Tag_26,Tag_26,0.9999861717224121,1
EMQX_preprocessed.csv,2641,26,26,25,25,Tag_26,Tag_26,0.9999821186065674,1
EMQX_preprocessed.csv,2642,26,26,25,25,Tag_26,Tag_26,0.9999732971191406,1
EMQX_preprocessed.csv,2643,26,26,25,25,Tag_26,Tag_26,0.9999817609786987,1
EMQX_preprocessed.csv,2644,26,26,25,25,Tag_26,Tag_26,0.9999864101409912,1
EMQX_preprocessed.csv,2645,26,26,25,25,Tag_26,Tag_26,0.9999861717224121,1
EMQX_preprocessed.csv,2646,26,26,25,25,Tag_26,Tag_26,0.9999865293502808,1
EMQX_preprocessed.csv,2647,26,26,25,25,Tag_26,Tag_26,0.9999817609786987,1
EMQX_preprocessed.csv,2648,26,26,25,25,Tag_26,Tag_26,0.9999816417694092,1
EMQX_preprocessed.csv,2649,26,26,25,25,Tag_26,Tag_26,0.9999563694000244,1
EMQX_preprocessed.csv,2650,26,26,25,25,Tag_26,Tag_26,0.999982476234436,1
EMQX_preprocessed.csv,2651,26,26,25,25,Tag_26,Tag_26,0.9999823570251465,1
EMQX_preprocessed.csv,2652,26,26,25,25,Tag_26,Tag_26,0.9999821186065674,1
EMQX_preprocessed.csv,2653,26,26,25,25,Tag_26,Tag_26,0.9999817609786987,1
EMQX_preprocessed.csv,2654,26,26,25,25,Tag_26,Tag_26,0.9999725818634033,1
EMQX_preprocessed.csv,2655,26,26,25,25,Tag_26,Tag_26,0.9999547004699707,1
EMQX_preprocessed.csv,2656,26,26,25,25,Tag_26,Tag_26,0.9999735355377197,1
EMQX_preprocessed.csv,2657,26,26,25,25,Tag_26,Tag_26,0.9999865293502808,1
EMQX_preprocessed.csv,2658,26,26,25,25,Tag_26,Tag_26,0.9999834299087524,1
EMQX_preprocessed.csv,2659,26,26,25,25,Tag_26,Tag_26,0.9999728202819824,1
EMQX_preprocessed.csv,2660,27,27,26,26,Tag_27,Tag_27,0.9999805688858032,1
EMQX_preprocessed.csv,2661,27,27,26,26,Tag_27,Tag_27,0.9999818801879883,1
EMQX_preprocessed.csv,2662,27,27,26,26,Tag_27,Tag_27,0.9999288320541382,1
EMQX_preprocessed.csv,2663,27,27,26,26,Tag_27,Tag_27,0.9999513626098633,1
EMQX_preprocessed.csv,2664,27,27,26,26,Tag_27,Tag_27,0.9999798536300659,1
EMQX_preprocessed.csv,2665,27,27,26,26,Tag_27,Tag_27,0.9999234676361084,1
EMQX_preprocessed.csv,2666,27,27,26,26,Tag_27,Tag_27,0.9999713897705078,1
EMQX_preprocessed.csv,2667,27,27,26,26,Tag_27,Tag_27,0.999913215637207,1
EMQX_preprocessed.csv,2668,27,27,26,26,Tag_27,Tag_27,0.9999722242355347,1
EMQX_preprocessed.csv,2669,27,27,26,26,Tag_27,Tag_27,0.9999817609786987,1
EMQX_preprocessed.csv,2670,27,27,26,26,Tag_27,Tag_27,0.9999803304672241,1
EMQX_preprocessed.csv,2671,27,27,26,26,Tag_27,Tag_27,0.9999074935913086,1
EMQX_preprocessed.csv,2672,27,27,26,26,Tag_27,Tag_27,0.9999233484268188,1
EMQX_preprocessed.csv,2673,27,27,26,26,Tag_27,Tag_27,0.9999817609786987,1
EMQX_preprocessed.csv,2674,27,27,26,26,Tag_27,Tag_27,0.9999817609786987,1
EMQX_preprocessed.csv,2675,27,27,26,26,Tag_27,Tag_27,0.999980092048645,1
EMQX_preprocessed.csv,2676,27,27,26,26,Tag_27,Tag_27,0.9999805688858032,1
EMQX_preprocessed.csv,2677,27,27,26,26,Tag_27,Tag_27,0.9999804496765137,1
EMQX_preprocessed.csv,2678,27,27,26,26,Tag_27,Tag_27,0.9999802112579346,1
EMQX_preprocessed.csv,2679,27,27,26,26,Tag_27,Tag_27,0.9999817609786987,1
EMQX_preprocessed.csv,2680,28,28,27,27,Tag_28,Tag_28,0.9999432563781738,1
EMQX_preprocessed.csv,2681,28,28,27,27,Tag_28,Tag_28,0.9999866485595703,1
EMQX_preprocessed.csv,2682,28,28,27,27,Tag_28,Tag_28,0.9999856948852539,1
EMQX_preprocessed.csv,2683,28,28,27,27,Tag_28,Tag_28,0.9999852180480957,1
EMQX_preprocessed.csv,2684,28,28,27,27,Tag_28,Tag_28,0.9997419714927673,1
EMQX_preprocessed.csv,2685,28,28,27,27,Tag_28,Tag_28,0.9999456405639648,1
EMQX_preprocessed.csv,2686,28,28,27,27,Tag_28,Tag_28,0.9999871253967285,1
EMQX_preprocessed.csv,2687,28,28,27,27,Tag_28,Tag_28,0.9999868869781494,1
EMQX_preprocessed.csv,2688,28,28,27,27,Tag_28,Tag_28,0.999987006187439,1
EMQX_preprocessed.csv,2689,28,28,27,27,Tag_28,Tag_28,0.9999790191650391,1
EMQX_preprocessed.csv,2690,28,28,27,27,Tag_28,Tag_28,0.9999529123306274,1
EMQX_preprocessed.csv,2691,28,28,27,27,Tag_28,Tag_28,0.9999878406524658,1
EMQX_preprocessed.csv,2692,28,28,27,27,Tag_28,Tag_28,0.9999853372573853,1
EMQX_preprocessed.csv,2693,28,28,27,27,Tag_28,Tag_28,0.9999866485595703,1
EMQX_preprocessed.csv,2694,28,28,27,27,Tag_28,Tag_28,0.9999475479125977,1
EMQX_preprocessed.csv,2695,28,28,27,27,Tag_28,Tag_28,0.9999864101409912,1
EMQX_preprocessed.csv,2696,28,28,27,27,Tag_28,Tag_28,0.9999858140945435,1
EMQX_preprocessed.csv,2697,28,28,27,27,Tag_28,Tag_28,0.9999535083770752,1
EMQX_preprocessed.csv,2698,28,28,27,27,Tag_28,Tag_28,0.9999849796295166,1
EMQX_preprocessed.csv,2699,28,28,27,27,Tag_28,Tag_28,0.9999850988388062,1
EMQX_preprocessed.csv,2700,29,13,28,12,Tag_29,Tag_13,0.7427619099617004,0
EMQX_preprocessed.csv,2701,29,13,28,12,Tag_29,Tag_13,0.7552521824836731,0
EMQX_preprocessed.csv,2702,29,13,28,12,Tag_29,Tag_13,0.6629346609115601,0
EMQX_preprocessed.csv,2703,29,13,28,12,Tag_29,Tag_13,0.7701901197433472,0
EMQX_preprocessed.csv,2704,29,13,28,12,Tag_29,Tag_13,0.7403895854949951,0
EMQX_preprocessed.csv,2705,29,13,28,12,Tag_29,Tag_13,0.7483701109886169,0
EMQX_preprocessed.csv,2706,29,13,28,12,Tag_29,Tag_13,0.748231828212738,0
EMQX_preprocessed.csv,2707,29,13,28,12,Tag_29,Tag_13,0.6749770045280457,0
EMQX_preprocessed.csv,2708,29,13,28,12,Tag_29,Tag_13,0.7180790901184082,0
EMQX_preprocessed.csv,2709,29,13,28,12,Tag_29,Tag_13,0.764312744140625,0
EMQX_preprocessed.csv,2710,29,13,28,12,Tag_29,Tag_13,0.7078757286071777,0
EMQX_preprocessed.csv,2711,29,13,28,12,Tag_29,Tag_13,0.6526108980178833,0
EMQX_preprocessed.csv,2712,29,13,28,12,Tag_29,Tag_13,0.7698802947998047,0
EMQX_preprocessed.csv,2713,29,13,28,12,Tag_29,Tag_13,0.7883710265159607,0
EMQX_preprocessed.csv,2714,29,13,28,12,Tag_29,Tag_13,0.6636625528335571,0
EMQX_preprocessed.csv,2715,29,13,28,12,Tag_29,Tag_13,0.6570655703544617,0
EMQX_preprocessed.csv,2716,29,13,28,12,Tag_29,Tag_13,0.7442485094070435,0
EMQX_preprocessed.csv,2717,29,13,28,12,Tag_29,Tag_13,0.646392285823822,0
EMQX_preprocessed.csv,2718,29,13,28,12,Tag_29,Tag_13,0.5833427906036377,0
EMQX_preprocessed.csv,2719,29,13,28,12,Tag_29,Tag_13,0.7848854660987854,0
EMQX_preprocessed.csv,2720,30,28,29,27,Tag_30,Tag_28,0.9961544871330261,0
EMQX_preprocessed.csv,2721,30,28,29,27,Tag_30,Tag_28,0.9985954165458679,0
EMQX_preprocessed.csv,2722,30,28,29,27,Tag_30,Tag_28,0.9899048209190369,0
EMQX_preprocessed.csv,2723,30,28,29,27,Tag_30,Tag_28,0.998091995716095,0
EMQX_preprocessed.csv,2724,30,28,29,27,Tag_30,Tag_28,0.9980480670928955,0
EMQX_preprocessed.csv,2725,30,28,29,27,Tag_30,Tag_28,0.9986836314201355,0
EMQX_preprocessed.csv,2726,30,28,29,27,Tag_30,Tag_28,0.9983547329902649,0
EMQX_preprocessed.csv,2727,30,28,29,27,Tag_30,Tag_28,0.9901267290115356,0
EMQX_preprocessed.csv,2728,30,28,29,27,Tag_30,Tag_28,0.9980408549308777,0
EMQX_preprocessed.csv,2729,30,28,29,27,Tag_30,Tag_28,0.9899062514305115,0
EMQX_preprocessed.csv,2730,30,28,29,27,Tag_30,Tag_28,0.9976346492767334,0
EMQX_preprocessed.csv,2731,30,28,29,27,Tag_30,Tag_28,0.9979166388511658,0
EMQX_preprocessed.csv,2732,30,28,29,27,Tag_30,Tag_28,0.9981217980384827,0
EMQX_preprocessed.csv,2733,30,28,29,27,Tag_30,Tag_28,0.9939338564872742,0
EMQX_preprocessed.csv,2734,30,28,29,27,Tag_30,Tag_28,0.9987260699272156,0
EMQX_preprocessed.csv,2735,30,28,29,27,Tag_30,Tag_28,0.9987422823905945,0
EMQX_preprocessed.csv,2736,30,28,29,27,Tag_30,Tag_28,0.9976391792297363,0
EMQX_preprocessed.csv,2737,30,28,29,27,Tag_30,Tag_28,0.9960399866104126,0
EMQX_preprocessed.csv,2738,30,28,29,27,Tag_30,Tag_28,0.9899214506149292,0
EMQX_preprocessed.csv,2739,30,28,29,27,Tag_30,Tag_28,0.9901464581489563,0
EMQX_preprocessed.csv,2740,32,32,30,30,Tag_32,Tag_32,0.999584972858429,1
EMQX_preprocessed.csv,2741,32,32,30,30,Tag_32,Tag_32,0.9997711777687073,1
EMQX_preprocessed.csv,2742,32,32,30,30,Tag_32,Tag_32,0.9997028708457947,1
EMQX_preprocessed.csv,2743,32,32,30,30,Tag_32,Tag_32,0.9996199607849121,1
EMQX_preprocessed.csv,2744,32,32,30,30,Tag_32,Tag_32,0.9996867179870605,1
EMQX_preprocessed.csv,2745,32,32,30,30,Tag_32,Tag_32,0.9997960925102234,1
EMQX_preprocessed.csv,2746,32,32,30,30,Tag_32,Tag_32,0.9994637370109558,1
EMQX_preprocessed.csv,2747,32,32,30,30,Tag_32,Tag_32,0.9995678067207336,1
EMQX_preprocessed.csv,2748,32,32,30,30,Tag_32,Tag_32,0.9996575117111206,1
EMQX_preprocessed.csv,2749,32,32,30,30,Tag_32,Tag_32,0.996810257434845,1
EMQX_preprocessed.csv,2750,32,32,30,30,Tag_32,Tag_32,0.9991223216056824,1
EMQX_preprocessed.csv,2751,32,32,30,30,Tag_32,Tag_32,0.9993979930877686,1
EMQX_preprocessed.csv,2752,32,32,30,30,Tag_32,Tag_32,0.9996538162231445,1
EMQX_preprocessed.csv,2753,32,32,30,30,Tag_32,Tag_32,0.9997095465660095,1
EMQX_preprocessed.csv,2754,32,32,30,30,Tag_32,Tag_32,0.9415770769119263,1
EMQX_preprocessed.csv,2755,32,32,30,30,Tag_32,Tag_32,0.9995325803756714,1
EMQX_preprocessed.csv,2756,32,32,30,30,Tag_32,Tag_32,0.9995642304420471,1
EMQX_preprocessed.csv,2757,32,32,30,30,Tag_32,Tag_32,0.9996873140335083,1
EMQX_preprocessed.csv,2758,32,32,30,30,Tag_32,Tag_32,0.9997851252555847,1
EMQX_preprocessed.csv,2759,32,32,30,30,Tag_32,Tag_32,0.9995526671409607,1
