dataset_name,tcp.stream,true_tag,pred_tag,true_class,pred_class,true_class_name,pred_class_name,pred_prob_class,correct
mqtt_preprocessed_v2.csv,0,-1,-1,0,0,Normal,Normal,0.9999487400054932,1
mqtt_preprocessed_v2.csv,1,-1,-1,0,0,Normal,Normal,0.9999257326126099,1
mqtt_preprocessed_v2.csv,2,-1,-1,0,0,Normal,Normal,0.9999469518661499,1
mqtt_preprocessed_v2.csv,3,-1,-1,0,0,Normal,Normal,0.9999469518661499,1
mqtt_preprocessed_v2.csv,4,-1,-1,0,0,Normal,Normal,0.9997811913490295,1
mqtt_preprocessed_v2.csv,5,-1,-1,0,0,Normal,Normal,0.9999313354492188,1
mqtt_preprocessed_v2.csv,6,-1,-1,0,0,Normal,Normal,0.999901533126831,1
mqtt_preprocessed_v2.csv,7,-1,-1,0,0,Normal,Normal,0.9999430179595947,1
mqtt_preprocessed_v2.csv,8,-1,-1,0,0,Normal,Normal,0.9999480247497559,1
mqtt_preprocessed_v2.csv,9,-1,-1,0,0,Normal,Normal,0.999948263168335,1
mqtt_preprocessed_v2.csv,10,-1,-1,0,0,Normal,Normal,0.9999423027038574,1
mqtt_preprocessed_v2.csv,11,-1,-1,0,0,Normal,Normal,0.9999483823776245,1
mqtt_preprocessed_v2.csv,12,-1,-1,0,0,Normal,Normal,0.9999492168426514,1
mqtt_preprocessed_v2.csv,13,-1,-1,0,0,Normal,Normal,0.9999465942382812,1
mqtt_preprocessed_v2.csv,14,-1,-1,0,0,Normal,Normal,0.9999468326568604,1
mqtt_preprocessed_v2.csv,15,-1,-1,0,0,Normal,Normal,0.9999262094497681,1
mqtt_preprocessed_v2.csv,16,-1,-1,0,0,Normal,Normal,0.9997714161872864,1
mqtt_preprocessed_v2.csv,17,-1,-1,0,0,Normal,Normal,0.9999455213546753,1
mqtt_preprocessed_v2.csv,18,-1,-1,0,0,Normal,Normal,0.9999310970306396,1
mqtt_preprocessed_v2.csv,19,-1,-1,0,0,Normal,Normal,0.9999443292617798,1
mqtt_preprocessed_v2.csv,20,-1,-1,0,0,Normal,Normal,0.9999440908432007,1
mqtt_preprocessed_v2.csv,21,-1,-1,0,0,Normal,Normal,0.9999469518661499,1
mqtt_preprocessed_v2.csv,22,-1,-1,0,0,Normal,Normal,0.9999459981918335,1
mqtt_preprocessed_v2.csv,23,-1,-1,0,0,Normal,Normal,0.9999490976333618,1
mqtt_preprocessed_v2.csv,24,-1,-1,0,0,Normal,Normal,0.9999446868896484,1
mqtt_preprocessed_v2.csv,25,-1,-1,0,0,Normal,Normal,0.9999194145202637,1
mqtt_preprocessed_v2.csv,26,-1,-1,0,0,Normal,Normal,0.9999338388442993,1
mqtt_preprocessed_v2.csv,27,-1,-1,0,0,Normal,Normal,0.9999402761459351,1
mqtt_preprocessed_v2.csv,28,-1,-1,0,0,Normal,Normal,0.9999402761459351,1
mqtt_preprocessed_v2.csv,29,-1,-1,0,0,Normal,Normal,0.9999223947525024,1
mqtt_preprocessed_v2.csv,30,-1,-1,0,0,Normal,Normal,0.9999216794967651,1
mqtt_preprocessed_v2.csv,31,-1,-1,0,0,Normal,Normal,0.9999258518218994,1
mqtt_preprocessed_v2.csv,32,-1,-1,0,0,Normal,Normal,0.9999498128890991,1
mqtt_preprocessed_v2.csv,33,-1,-1,0,0,Normal,Normal,0.9999512434005737,1
mqtt_preprocessed_v2.csv,34,-1,-1,0,0,Normal,Normal,0.9999334812164307,1
mqtt_preprocessed_v2.csv,35,-1,-1,0,0,Normal,Normal,0.9999262094497681,1
mqtt_preprocessed_v2.csv,36,-1,-1,0,0,Normal,Normal,0.9999450445175171,1
mqtt_preprocessed_v2.csv,37,-1,-1,0,0,Normal,Normal,0.9999065399169922,1
mqtt_preprocessed_v2.csv,38,-1,-1,0,0,Normal,Normal,0.9999302625656128,1
mqtt_preprocessed_v2.csv,39,-1,-1,0,0,Normal,Normal,0.9999462366104126,1
mqtt_preprocessed_v2.csv,40,-1,-1,0,0,Normal,Normal,0.9999469518661499,1
mqtt_preprocessed_v2.csv,41,-1,-1,0,0,Normal,Normal,0.999947190284729,1
mqtt_preprocessed_v2.csv,42,-1,-1,0,0,Normal,Normal,0.9999433755874634,1
mqtt_preprocessed_v2.csv,43,-1,-1,0,0,Normal,Normal,0.9999393224716187,1
mqtt_preprocessed_v2.csv,44,-1,-1,0,0,Normal,Normal,0.9999194145202637,1
mqtt_preprocessed_v2.csv,45,-1,-1,0,0,Normal,Normal,0.9999473094940186,1
mqtt_preprocessed_v2.csv,46,-1,-1,0,0,Normal,Normal,0.9999464750289917,1
mqtt_preprocessed_v2.csv,47,-1,-1,0,0,Normal,Normal,0.999927282333374,1
mqtt_preprocessed_v2.csv,48,-1,-1,0,0,Normal,Normal,0.9999334812164307,1
mqtt_preprocessed_v2.csv,49,-1,-1,0,0,Normal,Normal,0.9999473094940186,1
mqtt_preprocessed_v2.csv,50,-1,-1,0,0,Normal,Normal,0.9999419450759888,1
mqtt_preprocessed_v2.csv,51,-1,-1,0,0,Normal,Normal,0.999948263168335,1
mqtt_preprocessed_v2.csv,52,-1,-1,0,0,Normal,Normal,0.9999467134475708,1
mqtt_preprocessed_v2.csv,53,-1,-1,0,0,Normal,Normal,0.9999445676803589,1
mqtt_preprocessed_v2.csv,54,-1,-1,0,0,Normal,Normal,0.9999488592147827,1
mqtt_preprocessed_v2.csv,55,-1,-1,0,0,Normal,Normal,0.997593343257904,1
mqtt_preprocessed_v2.csv,56,-1,-1,0,0,Normal,Normal,0.9999372959136963,1
mqtt_preprocessed_v2.csv,57,-1,-1,0,0,Normal,Normal,0.9999488592147827,1
mqtt_preprocessed_v2.csv,58,-1,-1,0,0,Normal,Normal,0.9999439716339111,1
mqtt_preprocessed_v2.csv,59,-1,-1,0,0,Normal,Normal,0.9999511241912842,1
mqtt_preprocessed_v2.csv,60,-1,-1,0,0,Normal,Normal,0.9998646974563599,1
mqtt_preprocessed_v2.csv,61,-1,-1,0,0,Normal,Normal,0.9999450445175171,1
mqtt_preprocessed_v2.csv,62,-1,-1,0,0,Normal,Normal,0.9999477863311768,1
mqtt_preprocessed_v2.csv,63,-1,-1,0,0,Normal,Normal,0.9999412298202515,1
mqtt_preprocessed_v2.csv,64,-1,-1,0,0,Normal,Normal,0.999943733215332,1
mqtt_preprocessed_v2.csv,65,-1,-1,0,0,Normal,Normal,0.9999302625656128,1
mqtt_preprocessed_v2.csv,66,-1,-1,0,0,Normal,Normal,0.999948263168335,1
mqtt_preprocessed_v2.csv,67,-1,-1,0,0,Normal,Normal,0.999941349029541,1
mqtt_preprocessed_v2.csv,68,-1,-1,0,0,Normal,Normal,0.9999463558197021,1
mqtt_preprocessed_v2.csv,69,-1,-1,0,0,Normal,Normal,0.9999319314956665,1
mqtt_preprocessed_v2.csv,70,-1,-1,0,0,Normal,Normal,0.9999450445175171,1
mqtt_preprocessed_v2.csv,71,-1,-1,0,0,Normal,Normal,0.9999500513076782,1
mqtt_preprocessed_v2.csv,72,-1,-1,0,0,Normal,Normal,0.9999469518661499,1
mqtt_preprocessed_v2.csv,73,-1,-1,0,0,Normal,Normal,0.9998539686203003,1
mqtt_preprocessed_v2.csv,74,-1,-1,0,0,Normal,Normal,0.9999474287033081,1
mqtt_preprocessed_v2.csv,75,-1,-1,0,0,Normal,Normal,0.9999475479125977,1
mqtt_preprocessed_v2.csv,76,-1,-1,0,0,Normal,Normal,0.9999473094940186,1
mqtt_preprocessed_v2.csv,77,-1,-1,0,0,Normal,Normal,0.9999384880065918,1
mqtt_preprocessed_v2.csv,78,-1,-1,0,0,Normal,Normal,0.9999449253082275,1
mqtt_preprocessed_v2.csv,79,-1,-1,0,0,Normal,Normal,0.9999449253082275,1
mqtt_preprocessed_v2.csv,80,-1,-1,0,0,Normal,Normal,0.9999483823776245,1
mqtt_preprocessed_v2.csv,81,-1,-1,0,0,Normal,Normal,0.9999390840530396,1
mqtt_preprocessed_v2.csv,82,-1,-1,0,0,Normal,Normal,0.9999452829360962,1
mqtt_preprocessed_v2.csv,83,-1,-1,0,0,Normal,Normal,0.9999463558197021,1
mqtt_preprocessed_v2.csv,84,-1,-1,0,0,Normal,Normal,0.9999481439590454,1
mqtt_preprocessed_v2.csv,85,-1,-1,0,0,Normal,Normal,0.9999457597732544,1
mqtt_preprocessed_v2.csv,86,-1,-1,0,0,Normal,Normal,0.9997900128364563,1
mqtt_preprocessed_v2.csv,87,-1,-1,0,0,Normal,Normal,0.9999394416809082,1
mqtt_preprocessed_v2.csv,88,-1,-1,0,0,Normal,Normal,0.9999336004257202,1
mqtt_preprocessed_v2.csv,89,-1,-1,0,0,Normal,Normal,0.9999405145645142,1
mqtt_preprocessed_v2.csv,90,-1,-1,0,0,Normal,Normal,0.9999430179595947,1
mqtt_preprocessed_v2.csv,91,-1,-1,0,0,Normal,Normal,0.9999455213546753,1
mqtt_preprocessed_v2.csv,92,-1,-1,0,0,Normal,Normal,0.9999450445175171,1
mqtt_preprocessed_v2.csv,93,-1,-1,0,0,Normal,Normal,0.9999480247497559,1
mqtt_preprocessed_v2.csv,94,-1,-1,0,0,Normal,Normal,0.9999351501464844,1
mqtt_preprocessed_v2.csv,95,-1,-1,0,0,Normal,Normal,0.999947190284729,1
mqtt_preprocessed_v2.csv,96,-1,-1,0,0,Normal,Normal,0.9999476671218872,1
mqtt_preprocessed_v2.csv,97,-1,-1,0,0,Normal,Normal,0.9999474287033081,1
mqtt_preprocessed_v2.csv,98,-1,-1,0,0,Normal,Normal,0.9999315738677979,1
mqtt_preprocessed_v2.csv,99,-1,-1,0,0,Normal,Normal,0.9999260902404785,1
mqtt_preprocessed_v2.csv,100,-1,-1,0,0,Normal,Normal,0.9999417066574097,1
mqtt_preprocessed_v2.csv,101,-1,-1,0,0,Normal,Normal,0.999947190284729,1
mqtt_preprocessed_v2.csv,102,-1,-1,0,0,Normal,Normal,0.999901533126831,1
mqtt_preprocessed_v2.csv,103,-1,-1,0,0,Normal,Normal,0.9999265670776367,1
mqtt_preprocessed_v2.csv,104,-1,-1,0,0,Normal,Normal,0.9999198913574219,1
mqtt_preprocessed_v2.csv,105,-1,-1,0,0,Normal,Normal,0.9999336004257202,1
mqtt_preprocessed_v2.csv,106,-1,-1,0,0,Normal,Normal,0.9999462366104126,1
mqtt_preprocessed_v2.csv,107,-1,-1,0,0,Normal,Normal,0.9999428987503052,1
mqtt_preprocessed_v2.csv,108,-1,-1,0,0,Normal,Normal,0.9999167919158936,1
mqtt_preprocessed_v2.csv,109,-1,-1,0,0,Normal,Normal,0.9999445676803589,1
mqtt_preprocessed_v2.csv,110,-1,-1,0,0,Normal,Normal,0.9999456405639648,1
mqtt_preprocessed_v2.csv,111,-1,-1,0,0,Normal,Normal,0.9999408721923828,1
mqtt_preprocessed_v2.csv,112,-1,-1,0,0,Normal,Normal,0.9999403953552246,1
mqtt_preprocessed_v2.csv,113,-1,-1,0,0,Normal,Normal,0.9999198913574219,1
mqtt_preprocessed_v2.csv,114,-1,-1,0,0,Normal,Normal,0.9999430179595947,1
mqtt_preprocessed_v2.csv,115,-1,-1,0,0,Normal,Normal,0.9999161958694458,1
mqtt_preprocessed_v2.csv,116,-1,-1,0,0,Normal,Normal,0.9999476671218872,1
mqtt_preprocessed_v2.csv,117,-1,-1,0,0,Normal,Normal,0.9999535083770752,1
mqtt_preprocessed_v2.csv,118,-1,-1,0,0,Normal,Normal,0.9999548196792603,1
mqtt_preprocessed_v2.csv,119,-1,-1,0,0,Normal,Normal,0.9999316930770874,1
mqtt_preprocessed_v2.csv,120,-1,-1,0,0,Normal,Normal,0.9999179840087891,1
mqtt_preprocessed_v2.csv,121,-1,-1,0,0,Normal,Normal,0.9991030693054199,1
mqtt_preprocessed_v2.csv,122,-1,-1,0,0,Normal,Normal,0.9999551773071289,1
mqtt_preprocessed_v2.csv,123,-1,-1,0,0,Normal,Normal,0.9297327995300293,1
mqtt_preprocessed_v2.csv,124,-1,-1,0,0,Normal,Normal,0.9988471269607544,1
mqtt_preprocessed_v2.csv,125,-1,-1,0,0,Normal,Normal,0.9999549388885498,1
mqtt_preprocessed_v2.csv,126,-1,-1,0,0,Normal,Normal,0.9999374151229858,1
mqtt_preprocessed_v2.csv,127,-1,-1,0,0,Normal,Normal,0.9995185136795044,1
mqtt_preprocessed_v2.csv,128,-1,-1,0,0,Normal,Normal,0.9998977184295654,1
mqtt_preprocessed_v2.csv,129,-1,-1,0,0,Normal,Normal,0.9999364614486694,1
mqtt_preprocessed_v2.csv,130,-1,-1,0,0,Normal,Normal,0.9992473125457764,1
mqtt_preprocessed_v2.csv,131,-1,-1,0,0,Normal,Normal,0.9719317555427551,1
mqtt_preprocessed_v2.csv,132,-1,-1,0,0,Normal,Normal,0.9999338388442993,1
mqtt_preprocessed_v2.csv,133,-1,-1,0,0,Normal,Normal,0.9999547004699707,1
mqtt_preprocessed_v2.csv,134,-1,-1,0,0,Normal,Normal,0.901804506778717,1
mqtt_preprocessed_v2.csv,135,-1,-1,0,0,Normal,Normal,0.9999101161956787,1
mqtt_preprocessed_v2.csv,136,-1,-1,0,0,Normal,Normal,0.9999552965164185,1
mqtt_preprocessed_v2.csv,137,-1,-1,0,0,Normal,Normal,0.9998247027397156,1
mqtt_preprocessed_v2.csv,138,-1,-1,0,0,Normal,Normal,0.999956488609314,1
mqtt_preprocessed_v2.csv,139,-1,-1,0,0,Normal,Normal,0.999825656414032,1
mqtt_preprocessed_v2.csv,140,-1,-1,0,0,Normal,Normal,0.9998705387115479,1
mqtt_preprocessed_v2.csv,141,-1,-1,0,0,Normal,Normal,0.9999562501907349,1
mqtt_preprocessed_v2.csv,142,-1,-1,0,0,Normal,Normal,0.9998810291290283,1
mqtt_preprocessed_v2.csv,143,-1,-1,0,0,Normal,Normal,0.9999591112136841,1
mqtt_preprocessed_v2.csv,144,-1,-1,0,0,Normal,Normal,0.9999390840530396,1
mqtt_preprocessed_v2.csv,145,-1,-1,0,0,Normal,Normal,0.9999551773071289,1
mqtt_preprocessed_v2.csv,146,-1,-1,0,0,Normal,Normal,0.9999018907546997,1
mqtt_preprocessed_v2.csv,147,-1,-1,0,0,Normal,Normal,0.999902606010437,1
mqtt_preprocessed_v2.csv,148,-1,-1,0,0,Normal,Normal,0.9993901252746582,1
mqtt_preprocessed_v2.csv,149,-1,-1,0,0,Normal,Normal,0.99970942735672,1
mqtt_preprocessed_v2.csv,150,-1,-1,0,0,Normal,Normal,0.9999572038650513,1
mqtt_preprocessed_v2.csv,151,-1,-1,0,0,Normal,Normal,0.9994485974311829,1
mqtt_preprocessed_v2.csv,152,-1,-1,0,0,Normal,Normal,0.9994915723800659,1
mqtt_preprocessed_v2.csv,153,-1,-1,0,0,Normal,Normal,0.9999418258666992,1
mqtt_preprocessed_v2.csv,154,-1,-1,0,0,Normal,Normal,0.999913215637207,1
mqtt_preprocessed_v2.csv,155,-1,-1,0,0,Normal,Normal,0.994045615196228,1
mqtt_preprocessed_v2.csv,156,-1,-1,0,0,Normal,Normal,0.9999539852142334,1
mqtt_preprocessed_v2.csv,157,-1,-1,0,0,Normal,Normal,0.999693751335144,1
mqtt_preprocessed_v2.csv,158,-1,-1,0,0,Normal,Normal,0.9999527931213379,1
mqtt_preprocessed_v2.csv,159,-1,-1,0,0,Normal,Normal,0.9998798370361328,1
mqtt_preprocessed_v2.csv,160,-1,-1,0,0,Normal,Normal,0.9999523162841797,1
mqtt_preprocessed_v2.csv,161,-1,-1,0,0,Normal,Normal,0.9998249411582947,1
mqtt_preprocessed_v2.csv,162,-1,-1,0,0,Normal,Normal,0.9999427795410156,1
mqtt_preprocessed_v2.csv,163,-1,-1,0,0,Normal,Normal,0.9997187256813049,1
mqtt_preprocessed_v2.csv,164,-1,-1,0,0,Normal,Normal,0.9999479055404663,1
mqtt_preprocessed_v2.csv,165,-1,-1,0,0,Normal,Normal,0.9998430013656616,1
mqtt_preprocessed_v2.csv,166,-1,-1,0,0,Normal,Normal,0.999910831451416,1
mqtt_preprocessed_v2.csv,167,-1,-1,0,0,Normal,Normal,0.999833345413208,1
mqtt_preprocessed_v2.csv,168,-1,-1,0,0,Normal,Normal,0.9999557733535767,1
mqtt_preprocessed_v2.csv,169,-1,-1,0,0,Normal,Normal,0.9999334812164307,1
mqtt_preprocessed_v2.csv,170,-1,-1,0,0,Normal,Normal,0.9999535083770752,1
mqtt_preprocessed_v2.csv,171,-1,-1,0,0,Normal,Normal,0.9998231530189514,1
mqtt_preprocessed_v2.csv,172,-1,-1,0,0,Normal,Normal,0.9999438524246216,1
mqtt_preprocessed_v2.csv,173,-1,-1,0,0,Normal,Normal,0.999860405921936,1
mqtt_preprocessed_v2.csv,174,-1,-1,0,0,Normal,Normal,0.9998935461044312,1
mqtt_preprocessed_v2.csv,175,-1,-1,0,0,Normal,Normal,0.999923586845398,1
mqtt_preprocessed_v2.csv,176,-1,-1,0,0,Normal,Normal,0.9999382495880127,1
mqtt_preprocessed_v2.csv,177,-1,-1,0,0,Normal,Normal,0.9999407529830933,1
mqtt_preprocessed_v2.csv,178,-1,-1,0,0,Normal,Normal,0.9999445676803589,1
mqtt_preprocessed_v2.csv,179,-1,-1,0,0,Normal,Normal,0.9999477863311768,1
mqtt_preprocessed_v2.csv,180,-1,-1,0,0,Normal,Normal,0.9999351501464844,1
mqtt_preprocessed_v2.csv,181,-1,-1,0,0,Normal,Normal,0.9999445676803589,1
mqtt_preprocessed_v2.csv,182,-1,-1,0,0,Normal,Normal,0.9998928308486938,1
mqtt_preprocessed_v2.csv,183,-1,-1,0,0,Normal,Normal,0.9999362230300903,1
mqtt_preprocessed_v2.csv,184,-1,-1,0,0,Normal,Normal,0.9999394416809082,1
mqtt_preprocessed_v2.csv,185,-1,-1,0,0,Normal,Normal,0.9999263286590576,1
mqtt_preprocessed_v2.csv,186,-1,-1,0,0,Normal,Normal,0.9998772144317627,1
mqtt_preprocessed_v2.csv,187,-1,-1,0,0,Normal,Normal,0.9999520778656006,1
mqtt_preprocessed_v2.csv,188,-1,-1,0,0,Normal,Normal,0.9999468326568604,1
mqtt_preprocessed_v2.csv,189,-1,-1,0,0,Normal,Normal,0.9999452829360962,1
mqtt_preprocessed_v2.csv,190,-1,-1,0,0,Normal,Normal,0.9999483823776245,1
mqtt_preprocessed_v2.csv,191,-1,-1,0,0,Normal,Normal,0.9999440908432007,1
mqtt_preprocessed_v2.csv,192,-1,-1,0,0,Normal,Normal,0.9999306201934814,1
mqtt_preprocessed_v2.csv,193,-1,-1,0,0,Normal,Normal,0.9995203018188477,1
mqtt_preprocessed_v2.csv,194,-1,-1,0,0,Normal,Normal,0.999945878982544,1
mqtt_preprocessed_v2.csv,195,-1,-1,0,0,Normal,Normal,0.9999264478683472,1
mqtt_preprocessed_v2.csv,196,-1,-1,0,0,Normal,Normal,0.9997777342796326,1
mqtt_preprocessed_v2.csv,197,-1,-1,0,0,Normal,Normal,0.9999455213546753,1
mqtt_preprocessed_v2.csv,198,-1,-1,0,0,Normal,Normal,0.9999468326568604,1
mqtt_preprocessed_v2.csv,199,-1,-1,0,0,Normal,Normal,0.999941349029541,1
mqtt_preprocessed_v2.csv,200,-1,-1,0,0,Normal,Normal,0.9999445676803589,1
mqtt_preprocessed_v2.csv,201,-1,-1,0,0,Normal,Normal,0.9998962879180908,1
mqtt_preprocessed_v2.csv,202,-1,-1,0,0,Normal,Normal,0.9999481439590454,1
mqtt_preprocessed_v2.csv,203,-1,-1,0,0,Normal,Normal,0.999944806098938,1
mqtt_preprocessed_v2.csv,204,-1,-1,0,0,Normal,Normal,0.9998869895935059,1
mqtt_preprocessed_v2.csv,205,-1,-1,0,0,Normal,Normal,0.999840259552002,1
mqtt_preprocessed_v2.csv,206,-1,-1,0,0,Normal,Normal,0.9999567270278931,1
mqtt_preprocessed_v2.csv,207,-1,-1,0,0,Normal,Normal,0.999946117401123,1
mqtt_preprocessed_v2.csv,208,-1,-1,0,0,Normal,Normal,0.9999256134033203,1
mqtt_preprocessed_v2.csv,209,-1,-1,0,0,Normal,Normal,0.9998962879180908,1
mqtt_preprocessed_v2.csv,210,-1,-1,0,0,Normal,Normal,0.9999265670776367,1
mqtt_preprocessed_v2.csv,211,-1,-1,0,0,Normal,Normal,0.9999464750289917,1
mqtt_preprocessed_v2.csv,212,-1,-1,0,0,Normal,Normal,0.9999451637268066,1
mqtt_preprocessed_v2.csv,213,-1,-1,0,0,Normal,Normal,0.9999454021453857,1
mqtt_preprocessed_v2.csv,214,-1,-1,0,0,Normal,Normal,0.999555766582489,1
mqtt_preprocessed_v2.csv,215,-1,-1,0,0,Normal,Normal,0.9999469518661499,1
mqtt_preprocessed_v2.csv,216,-1,-1,0,0,Normal,Normal,0.9999264478683472,1
mqtt_preprocessed_v2.csv,217,-1,-1,0,0,Normal,Normal,0.9989959597587585,1
mqtt_preprocessed_v2.csv,218,-1,-1,0,0,Normal,Normal,0.999947190284729,1
mqtt_preprocessed_v2.csv,219,-1,-1,0,0,Normal,Normal,0.999936580657959,1
mqtt_preprocessed_v2.csv,220,-1,-1,0,0,Normal,Normal,0.9999401569366455,1
mqtt_preprocessed_v2.csv,221,-1,-1,0,0,Normal,Normal,0.9999113082885742,1
mqtt_preprocessed_v2.csv,222,-1,-1,0,0,Normal,Normal,0.9999434947967529,1
mqtt_preprocessed_v2.csv,223,-1,-1,0,0,Normal,Normal,0.763628363609314,1
mqtt_preprocessed_v2.csv,224,-1,-1,0,0,Normal,Normal,0.9999414682388306,1
mqtt_preprocessed_v2.csv,225,-1,-1,0,0,Normal,Normal,0.9999455213546753,1
mqtt_preprocessed_v2.csv,226,-1,-1,0,0,Normal,Normal,0.9999487400054932,1
mqtt_preprocessed_v2.csv,227,-1,-1,0,0,Normal,Normal,0.9999549388885498,1
mqtt_preprocessed_v2.csv,228,-1,-1,0,0,Normal,Normal,0.999940037727356,1
mqtt_preprocessed_v2.csv,229,-1,-1,0,0,Normal,Normal,0.9999514818191528,1
mqtt_preprocessed_v2.csv,230,-1,-1,0,0,Normal,Normal,0.9999551773071289,1
mqtt_preprocessed_v2.csv,231,-1,-1,0,0,Normal,Normal,0.9999262094497681,1
mqtt_preprocessed_v2.csv,232,-1,-1,0,0,Normal,Normal,0.9998737573623657,1
mqtt_preprocessed_v2.csv,233,-1,-1,0,0,Normal,Normal,0.9999444484710693,1
mqtt_preprocessed_v2.csv,234,-1,-1,0,0,Normal,Normal,0.9999200105667114,1
mqtt_preprocessed_v2.csv,235,-1,-1,0,0,Normal,Normal,0.9999481439590454,1
mqtt_preprocessed_v2.csv,236,-1,-1,0,0,Normal,Normal,0.999943733215332,1
mqtt_preprocessed_v2.csv,237,-1,-1,0,0,Normal,Normal,0.9999476671218872,1
mqtt_preprocessed_v2.csv,238,-1,-1,0,0,Normal,Normal,0.9998388290405273,1
mqtt_preprocessed_v2.csv,239,-1,-1,0,0,Normal,Normal,0.9999485015869141,1
mqtt_preprocessed_v2.csv,240,-1,-1,0,0,Normal,Normal,0.9999326467514038,1
mqtt_preprocessed_v2.csv,241,-1,-1,0,0,Normal,Normal,0.9999362230300903,1
mqtt_preprocessed_v2.csv,242,-1,-1,0,0,Normal,Normal,0.9292473793029785,1
mqtt_preprocessed_v2.csv,243,-1,-1,0,0,Normal,Normal,0.9999467134475708,1
mqtt_preprocessed_v2.csv,244,-1,-1,0,0,Normal,Normal,0.9999402761459351,1
mqtt_preprocessed_v2.csv,245,-1,-1,0,0,Normal,Normal,0.9999098777770996,1
mqtt_preprocessed_v2.csv,246,-1,-1,0,0,Normal,Normal,0.9999464750289917,1
mqtt_preprocessed_v2.csv,247,-1,-1,0,0,Normal,Normal,0.9999264478683472,1
mqtt_preprocessed_v2.csv,248,-1,-1,0,0,Normal,Normal,0.9999457597732544,1
mqtt_preprocessed_v2.csv,249,-1,-1,0,0,Normal,Normal,0.9999402761459351,1
mqtt_preprocessed_v2.csv,250,-1,-1,0,0,Normal,Normal,0.9995846152305603,1
mqtt_preprocessed_v2.csv,251,-1,-1,0,0,Normal,Normal,0.999946117401123,1
mqtt_preprocessed_v2.csv,252,-1,-1,0,0,Normal,Normal,0.9999383687973022,1
mqtt_preprocessed_v2.csv,253,-1,-1,0,0,Normal,Normal,0.9999558925628662,1
mqtt_preprocessed_v2.csv,254,-1,-1,0,0,Normal,Normal,0.9999619722366333,1
mqtt_preprocessed_v2.csv,255,-1,-1,0,0,Normal,Normal,0.9999179840087891,1
mqtt_preprocessed_v2.csv,256,-1,-1,0,0,Normal,Normal,0.9999539852142334,1
mqtt_preprocessed_v2.csv,257,-1,-1,0,0,Normal,Normal,0.9999459981918335,1
mqtt_preprocessed_v2.csv,258,-1,-1,0,0,Normal,Normal,0.9999449253082275,1
mqtt_preprocessed_v2.csv,259,-1,-1,0,0,Normal,Normal,0.9999470710754395,1
mqtt_preprocessed_v2.csv,260,-1,-1,0,0,Normal,Normal,0.9998589754104614,1
mqtt_preprocessed_v2.csv,261,-1,-1,0,0,Normal,Normal,0.9981579184532166,1
mqtt_preprocessed_v2.csv,262,-1,-1,0,0,Normal,Normal,0.9998760223388672,1
mqtt_preprocessed_v2.csv,263,-1,-1,0,0,Normal,Normal,0.9999090433120728,1
mqtt_preprocessed_v2.csv,264,-1,-1,0,0,Normal,Normal,0.999929666519165,1
mqtt_preprocessed_v2.csv,265,-1,-1,0,0,Normal,Normal,0.9999470710754395,1
mqtt_preprocessed_v2.csv,266,-1,-1,0,0,Normal,Normal,0.9999396800994873,1
mqtt_preprocessed_v2.csv,267,-1,-1,0,0,Normal,Normal,0.9999505281448364,1
mqtt_preprocessed_v2.csv,268,-1,-1,0,0,Normal,Normal,0.9999433755874634,1
mqtt_preprocessed_v2.csv,269,-1,-1,0,0,Normal,Normal,0.9999394416809082,1
mqtt_preprocessed_v2.csv,270,-1,-1,0,0,Normal,Normal,0.9999440908432007,1
mqtt_preprocessed_v2.csv,271,-1,-1,0,0,Normal,Normal,0.9997562766075134,1
mqtt_preprocessed_v2.csv,272,-1,-1,0,0,Normal,Normal,0.9999264478683472,1
mqtt_preprocessed_v2.csv,273,-1,-1,0,0,Normal,Normal,0.999956488609314,1
mqtt_preprocessed_v2.csv,274,-1,-1,0,0,Normal,Normal,0.9999198913574219,1
mqtt_preprocessed_v2.csv,275,-1,-1,0,0,Normal,Normal,0.9999438524246216,1
mqtt_preprocessed_v2.csv,276,-1,-1,0,0,Normal,Normal,0.9999470710754395,1
mqtt_preprocessed_v2.csv,277,-1,-1,0,0,Normal,Normal,0.999947190284729,1
mqtt_preprocessed_v2.csv,278,-1,-1,0,0,Normal,Normal,0.9999415874481201,1
mqtt_preprocessed_v2.csv,279,-1,-1,0,0,Normal,Normal,0.9999533891677856,1
mqtt_preprocessed_v2.csv,280,-1,-1,0,0,Normal,Normal,0.9998916387557983,1
mqtt_preprocessed_v2.csv,281,-1,-1,0,0,Normal,Normal,0.999948263168335,1
mqtt_preprocessed_v2.csv,282,-1,-1,0,0,Normal,Normal,0.9999377727508545,1
mqtt_preprocessed_v2.csv,283,-1,-1,0,0,Normal,Normal,0.999932050704956,1
mqtt_preprocessed_v2.csv,284,-1,-1,0,0,Normal,Normal,0.9999476671218872,1
mqtt_preprocessed_v2.csv,285,-1,-1,0,0,Normal,Normal,0.9999508857727051,1
mqtt_preprocessed_v2.csv,286,-1,-1,0,0,Normal,Normal,0.9998859167098999,1
mqtt_preprocessed_v2.csv,287,-1,-1,0,0,Normal,Normal,0.9999421834945679,1
mqtt_preprocessed_v2.csv,288,-1,-1,0,0,Normal,Normal,0.9999500513076782,1
mqtt_preprocessed_v2.csv,289,-1,-1,0,0,Normal,Normal,0.9998096823692322,1
mqtt_preprocessed_v2.csv,290,-1,-1,0,0,Normal,Normal,0.9999450445175171,1
mqtt_preprocessed_v2.csv,291,-1,-1,0,0,Normal,Normal,0.9999194145202637,1
mqtt_preprocessed_v2.csv,292,-1,-1,0,0,Normal,Normal,0.9999465942382812,1
mqtt_preprocessed_v2.csv,293,-1,-1,0,0,Normal,Normal,0.9999456405639648,1
mqtt_preprocessed_v2.csv,294,-1,-1,0,0,Normal,Normal,0.9999552965164185,1
mqtt_preprocessed_v2.csv,295,-1,-1,0,0,Normal,Normal,0.9999418258666992,1
mqtt_preprocessed_v2.csv,296,-1,-1,0,0,Normal,Normal,0.9999264478683472,1
mqtt_preprocessed_v2.csv,297,-1,-1,0,0,Normal,Normal,0.9999312162399292,1
mqtt_preprocessed_v2.csv,298,-1,-1,0,0,Normal,Normal,0.9998778104782104,1
mqtt_preprocessed_v2.csv,299,-1,-1,0,0,Normal,Normal,0.9999560117721558,1
mqtt_preprocessed_v2.csv,300,-1,-1,0,0,Normal,Normal,0.9999264478683472,1
mqtt_preprocessed_v2.csv,301,-1,-1,0,0,Normal,Normal,0.999748170375824,1
mqtt_preprocessed_v2.csv,302,-1,-1,0,0,Normal,Normal,0.9999513626098633,1
mqtt_preprocessed_v2.csv,303,-1,-1,0,0,Normal,Normal,0.9999475479125977,1
mqtt_preprocessed_v2.csv,304,-1,-1,0,0,Normal,Normal,0.9999263286590576,1
mqtt_preprocessed_v2.csv,305,-1,-1,0,0,Normal,Normal,0.9999477863311768,1
mqtt_preprocessed_v2.csv,306,-1,-1,0,0,Normal,Normal,0.9999406337738037,1
mqtt_preprocessed_v2.csv,307,-1,-1,0,0,Normal,Normal,0.9999432563781738,1
mqtt_preprocessed_v2.csv,308,-1,-1,0,0,Normal,Normal,0.9999454021453857,1
mqtt_preprocessed_v2.csv,309,-1,-1,0,0,Normal,Normal,0.9999240636825562,1
mqtt_preprocessed_v2.csv,310,-1,-1,0,0,Normal,Normal,0.9999450445175171,1
mqtt_preprocessed_v2.csv,311,-1,-1,0,0,Normal,Normal,0.9999402761459351,1
mqtt_preprocessed_v2.csv,312,-1,-1,0,0,Normal,Normal,0.999936580657959,1
mqtt_preprocessed_v2.csv,313,-1,-1,0,0,Normal,Normal,0.9999443292617798,1
mqtt_preprocessed_v2.csv,314,-1,-1,0,0,Normal,Normal,0.9999353885650635,1
mqtt_preprocessed_v2.csv,315,-1,-1,0,0,Normal,Normal,0.9540336728096008,1
mqtt_preprocessed_v2.csv,316,-1,-1,0,0,Normal,Normal,0.9999474287033081,1
mqtt_preprocessed_v2.csv,317,-1,-1,0,0,Normal,Normal,0.9999463558197021,1
mqtt_preprocessed_v2.csv,318,-1,-1,0,0,Normal,Normal,0.9999412298202515,1
mqtt_preprocessed_v2.csv,319,-1,-1,0,0,Normal,Normal,0.9999489784240723,1
mqtt_preprocessed_v2.csv,320,-1,-1,0,0,Normal,Normal,0.9999384880065918,1
mqtt_preprocessed_v2.csv,321,-1,-1,0,0,Normal,Normal,0.9998906850814819,1
mqtt_preprocessed_v2.csv,322,-1,-1,0,0,Normal,Normal,0.9999337196350098,1
mqtt_preprocessed_v2.csv,323,-1,-1,0,0,Normal,Normal,0.9994617104530334,1
mqtt_preprocessed_v2.csv,324,-1,-1,0,0,Normal,Normal,0.9999464750289917,1
mqtt_preprocessed_v2.csv,325,-1,-1,0,0,Normal,Normal,0.9999352693557739,1
mqtt_preprocessed_v2.csv,326,-1,-1,0,0,Normal,Normal,0.9999586343765259,1
mqtt_preprocessed_v2.csv,327,-1,-1,0,0,Normal,Normal,0.9999555349349976,1
mqtt_preprocessed_v2.csv,328,-1,-1,0,0,Normal,Normal,0.9999417066574097,1
mqtt_preprocessed_v2.csv,329,-1,-1,0,0,Normal,Normal,0.9999344348907471,1
mqtt_preprocessed_v2.csv,330,-1,-1,0,0,Normal,Normal,0.9993062019348145,1
mqtt_preprocessed_v2.csv,331,-1,-1,0,0,Normal,Normal,0.9999188184738159,1
mqtt_preprocessed_v2.csv,332,-1,-1,0,0,Normal,Normal,0.9999442100524902,1
mqtt_preprocessed_v2.csv,333,-1,-1,0,0,Normal,Normal,0.9999455213546753,1
mqtt_preprocessed_v2.csv,334,-1,-1,0,0,Normal,Normal,0.9999312162399292,1
mqtt_preprocessed_v2.csv,335,-1,-1,0,0,Normal,Normal,0.9999490976333618,1
mqtt_preprocessed_v2.csv,336,-1,-1,0,0,Normal,Normal,0.9999521970748901,1
mqtt_preprocessed_v2.csv,337,-1,-1,0,0,Normal,Normal,0.9999442100524902,1
mqtt_preprocessed_v2.csv,338,-1,-1,0,0,Normal,Normal,0.999945878982544,1
mqtt_preprocessed_v2.csv,339,-1,-1,0,0,Normal,Normal,0.9999257326126099,1
mqtt_preprocessed_v2.csv,340,-1,-1,0,0,Normal,Normal,0.9999380111694336,1
mqtt_preprocessed_v2.csv,341,-1,-1,0,0,Normal,Normal,0.9997712969779968,1
mqtt_preprocessed_v2.csv,342,-1,-1,0,0,Normal,Normal,0.9998641014099121,1
mqtt_preprocessed_v2.csv,343,-1,-1,0,0,Normal,Normal,0.9998914003372192,1
mqtt_preprocessed_v2.csv,344,-1,-1,0,0,Normal,Normal,0.9999477863311768,1
mqtt_preprocessed_v2.csv,345,-1,-1,0,0,Normal,Normal,0.999947190284729,1
mqtt_preprocessed_v2.csv,346,-1,-1,0,0,Normal,Normal,0.9928237199783325,1
mqtt_preprocessed_v2.csv,347,-1,-1,0,0,Normal,Normal,0.9998624324798584,1
mqtt_preprocessed_v2.csv,348,-1,-1,0,0,Normal,Normal,0.9999343156814575,1
mqtt_preprocessed_v2.csv,349,-1,-1,0,0,Normal,Normal,0.9999475479125977,1
mqtt_preprocessed_v2.csv,350,-1,-1,0,0,Normal,Normal,0.9999493360519409,1
mqtt_preprocessed_v2.csv,351,-1,-1,0,0,Normal,Normal,0.9999210834503174,1
mqtt_preprocessed_v2.csv,352,-1,-1,0,0,Normal,Normal,0.9999369382858276,1
mqtt_preprocessed_v2.csv,353,-1,-1,0,0,Normal,Normal,0.9999537467956543,1
mqtt_preprocessed_v2.csv,354,-1,-1,0,0,Normal,Normal,0.9999337196350098,1
mqtt_preprocessed_v2.csv,355,-1,-1,0,0,Normal,Normal,0.9999374151229858,1
mqtt_preprocessed_v2.csv,356,-1,-1,0,0,Normal,Normal,0.9999282360076904,1
mqtt_preprocessed_v2.csv,357,-1,-1,0,0,Normal,Normal,0.9999263286590576,1
mqtt_preprocessed_v2.csv,358,-1,-1,0,0,Normal,Normal,0.9999382495880127,1
mqtt_preprocessed_v2.csv,359,-1,-1,0,0,Normal,Normal,0.9999520778656006,1
mqtt_preprocessed_v2.csv,360,-1,-1,0,0,Normal,Normal,0.9999456405639648,1
mqtt_preprocessed_v2.csv,361,-1,-1,0,0,Normal,Normal,0.9999057054519653,1
mqtt_preprocessed_v2.csv,362,-1,-1,0,0,Normal,Normal,0.9999436140060425,1
mqtt_preprocessed_v2.csv,363,-1,-1,0,0,Normal,Normal,0.9999520778656006,1
mqtt_preprocessed_v2.csv,364,-1,-1,0,0,Normal,Normal,0.99993896484375,1
mqtt_preprocessed_v2.csv,365,-1,-1,0,0,Normal,Normal,0.9999315738677979,1
mqtt_preprocessed_v2.csv,366,-1,-1,0,0,Normal,Normal,0.9999258518218994,1
mqtt_preprocessed_v2.csv,367,-1,-1,0,0,Normal,Normal,0.9998917579650879,1
mqtt_preprocessed_v2.csv,368,-1,-1,0,0,Normal,Normal,0.8242366313934326,1
mqtt_preprocessed_v2.csv,369,-1,-1,0,0,Normal,Normal,0.9999480247497559,1
mqtt_preprocessed_v2.csv,370,-1,-1,0,0,Normal,Normal,0.9999490976333618,1
mqtt_preprocessed_v2.csv,371,-1,-1,0,0,Normal,Normal,0.9999340772628784,1
mqtt_preprocessed_v2.csv,372,-1,-1,0,0,Normal,Normal,0.9996188879013062,1
mqtt_preprocessed_v2.csv,373,-1,-1,0,0,Normal,Normal,0.9999462366104126,1
mqtt_preprocessed_v2.csv,374,-1,-1,0,0,Normal,Normal,0.999728262424469,1
mqtt_preprocessed_v2.csv,375,-1,-1,0,0,Normal,Normal,0.9998794794082642,1
mqtt_preprocessed_v2.csv,376,-1,-1,0,0,Normal,Normal,0.9999264478683472,1
mqtt_preprocessed_v2.csv,377,-1,-1,0,0,Normal,Normal,0.999947190284729,1
mqtt_preprocessed_v2.csv,378,-1,-1,0,0,Normal,Normal,0.9999432563781738,1
mqtt_preprocessed_v2.csv,379,-1,-1,0,0,Normal,Normal,0.9999289512634277,1
mqtt_preprocessed_v2.csv,380,-1,-1,0,0,Normal,Normal,0.9998809099197388,1
mqtt_preprocessed_v2.csv,381,-1,-1,0,0,Normal,Normal,0.9992837309837341,1
mqtt_preprocessed_v2.csv,382,-1,-1,0,0,Normal,Normal,0.9999476671218872,1
mqtt_preprocessed_v2.csv,383,-1,-1,0,0,Normal,Normal,0.9999264478683472,1
mqtt_preprocessed_v2.csv,384,-1,-1,0,0,Normal,Normal,0.9999167919158936,1
mqtt_preprocessed_v2.csv,385,-1,-1,0,0,Normal,Normal,0.9999481439590454,1
mqtt_preprocessed_v2.csv,386,-1,-1,0,0,Normal,Normal,0.9999285936355591,1
mqtt_preprocessed_v2.csv,387,-1,-1,0,0,Normal,Normal,0.9999438524246216,1
mqtt_preprocessed_v2.csv,388,-1,-1,0,0,Normal,Normal,0.9998716115951538,1
mqtt_preprocessed_v2.csv,389,-1,-1,0,0,Normal,Normal,0.9997380375862122,1
mqtt_preprocessed_v2.csv,390,-1,-1,0,0,Normal,Normal,0.9999387264251709,1
mqtt_preprocessed_v2.csv,391,-1,-1,0,0,Normal,Normal,0.9999207258224487,1
mqtt_preprocessed_v2.csv,392,-1,-1,0,0,Normal,Normal,0.9999381303787231,1
mqtt_preprocessed_v2.csv,393,-1,-1,0,0,Normal,Normal,0.9999001026153564,1
mqtt_preprocessed_v2.csv,394,-1,-1,0,0,Normal,Normal,0.9999459981918335,1
mqtt_preprocessed_v2.csv,395,-1,-1,0,0,Normal,Normal,0.9999265670776367,1
mqtt_preprocessed_v2.csv,396,-1,-1,0,0,Normal,Normal,0.9999054670333862,1
mqtt_preprocessed_v2.csv,397,-1,-1,0,0,Normal,Normal,0.9998602867126465,1
mqtt_preprocessed_v2.csv,398,-1,-1,0,0,Normal,Normal,0.999920129776001,1
mqtt_preprocessed_v2.csv,399,-1,-1,0,0,Normal,Normal,0.9999462366104126,1
mqtt_preprocessed_v2.csv,400,-1,-1,0,0,Normal,Normal,0.9999443292617798,1
mqtt_preprocessed_v2.csv,401,-1,-1,0,0,Normal,Normal,0.9999104738235474,1
mqtt_preprocessed_v2.csv,402,-1,-1,0,0,Normal,Normal,0.9996427297592163,1
mqtt_preprocessed_v2.csv,403,-1,-1,0,0,Normal,Normal,0.9999265670776367,1
mqtt_preprocessed_v2.csv,404,-1,-1,0,0,Normal,Normal,0.9999468326568604,1
mqtt_preprocessed_v2.csv,405,-1,-1,0,0,Normal,Normal,0.9999457597732544,1
mqtt_preprocessed_v2.csv,406,-1,-1,0,0,Normal,Normal,0.9988762736320496,1
mqtt_preprocessed_v2.csv,407,-1,-1,0,0,Normal,Normal,0.9999487400054932,1
mqtt_preprocessed_v2.csv,408,-1,-1,0,0,Normal,Normal,0.9995380640029907,1
mqtt_preprocessed_v2.csv,409,-1,-1,0,0,Normal,Normal,0.9999456405639648,1
mqtt_preprocessed_v2.csv,410,-1,-1,0,0,Normal,Normal,0.9999473094940186,1
mqtt_preprocessed_v2.csv,411,-1,-1,0,0,Normal,Normal,0.9999430179595947,1
mqtt_preprocessed_v2.csv,412,-1,-1,0,0,Normal,Normal,0.9999412298202515,1
mqtt_preprocessed_v2.csv,413,-1,-1,0,0,Normal,Normal,0.9999473094940186,1
mqtt_preprocessed_v2.csv,414,-1,-1,0,0,Normal,Normal,0.9997918009757996,1
mqtt_preprocessed_v2.csv,415,-1,-1,0,0,Normal,Normal,0.9999569654464722,1
mqtt_preprocessed_v2.csv,416,-1,-1,0,0,Normal,Normal,0.9999443292617798,1
mqtt_preprocessed_v2.csv,417,-1,-1,0,0,Normal,Normal,0.9998964071273804,1
mqtt_preprocessed_v2.csv,418,-1,-1,0,0,Normal,Normal,0.9998806715011597,1
mqtt_preprocessed_v2.csv,419,-1,-1,0,0,Normal,Normal,0.9999388456344604,1
mqtt_preprocessed_v2.csv,420,-1,-1,0,0,Normal,Normal,0.9998936653137207,1
mqtt_preprocessed_v2.csv,421,-1,-1,0,0,Normal,Normal,0.9999434947967529,1
mqtt_preprocessed_v2.csv,422,-1,-1,0,0,Normal,Normal,0.9999432563781738,1
mqtt_preprocessed_v2.csv,423,-1,-1,0,0,Normal,Normal,0.9999473094940186,1
mqtt_preprocessed_v2.csv,424,-1,-1,0,0,Normal,Normal,0.9999196529388428,1
mqtt_preprocessed_v2.csv,425,-1,-1,0,0,Normal,Normal,0.9999487400054932,1
mqtt_preprocessed_v2.csv,426,-1,-1,0,0,Normal,Normal,0.9999409914016724,1
mqtt_preprocessed_v2.csv,427,-1,-1,0,0,Normal,Normal,0.9999473094940186,1
mqtt_preprocessed_v2.csv,428,-1,-1,0,0,Normal,Normal,0.9997803568840027,1
mqtt_preprocessed_v2.csv,429,-1,-1,0,0,Normal,Normal,0.9999440908432007,1
mqtt_preprocessed_v2.csv,430,-1,-1,0,0,Normal,Normal,0.999950647354126,1
mqtt_preprocessed_v2.csv,431,-1,-1,0,0,Normal,Normal,0.999945878982544,1
mqtt_preprocessed_v2.csv,432,-1,-1,0,0,Normal,Normal,0.9999383687973022,1
mqtt_preprocessed_v2.csv,433,-1,-1,0,0,Normal,Normal,0.9999430179595947,1
mqtt_preprocessed_v2.csv,434,-1,-1,0,0,Normal,Normal,0.9999465942382812,1
mqtt_preprocessed_v2.csv,435,-1,-1,0,0,Normal,Normal,0.9999549388885498,1
mqtt_preprocessed_v2.csv,436,-1,-1,0,0,Normal,Normal,0.999942421913147,1
mqtt_preprocessed_v2.csv,437,-1,-1,0,0,Normal,Normal,0.9999451637268066,1
mqtt_preprocessed_v2.csv,438,-1,-1,0,0,Normal,Normal,0.9999415874481201,1
mqtt_preprocessed_v2.csv,439,-1,-1,0,0,Normal,Normal,0.9999452829360962,1
mqtt_preprocessed_v2.csv,440,-1,-1,0,0,Normal,Normal,0.9999387264251709,1
mqtt_preprocessed_v2.csv,441,-1,-1,0,0,Normal,Normal,0.999330997467041,1
mqtt_preprocessed_v2.csv,442,-1,-1,0,0,Normal,Normal,0.9999372959136963,1
mqtt_preprocessed_v2.csv,443,-1,-1,0,0,Normal,Normal,0.9999493360519409,1
mqtt_preprocessed_v2.csv,444,-1,-1,0,0,Normal,Normal,0.9999569654464722,1
mqtt_preprocessed_v2.csv,445,-1,-1,0,0,Normal,Normal,0.7358251214027405,1
mqtt_preprocessed_v2.csv,446,-1,-1,0,0,Normal,Normal,0.9999265670776367,1
mqtt_preprocessed_v2.csv,447,-1,-1,0,0,Normal,Normal,0.9999505281448364,1
mqtt_preprocessed_v2.csv,448,-1,-1,0,0,Normal,Normal,0.9999445676803589,1
mqtt_preprocessed_v2.csv,449,-1,-1,0,0,Normal,Normal,0.9999442100524902,1
mqtt_preprocessed_v2.csv,450,-1,-1,0,0,Normal,Normal,0.9999386072158813,1
mqtt_preprocessed_v2.csv,451,-1,-1,0,0,Normal,Normal,0.9999455213546753,1
mqtt_preprocessed_v2.csv,452,-1,-1,0,0,Normal,Normal,0.9999520778656006,1
mqtt_preprocessed_v2.csv,453,-1,-1,0,0,Normal,Normal,0.9999202489852905,1
mqtt_preprocessed_v2.csv,454,-1,-1,0,0,Normal,Normal,0.9998212456703186,1
mqtt_preprocessed_v2.csv,455,-1,-1,0,0,Normal,Normal,0.999728262424469,1
mqtt_preprocessed_v2.csv,456,-1,-1,0,0,Normal,Normal,0.9999465942382812,1
mqtt_preprocessed_v2.csv,457,-1,-1,0,0,Normal,Normal,0.9999473094940186,1
mqtt_preprocessed_v2.csv,458,-1,-1,0,0,Normal,Normal,0.9999480247497559,1
mqtt_preprocessed_v2.csv,459,-1,-1,0,0,Normal,Normal,0.9999418258666992,1
mqtt_preprocessed_v2.csv,460,-1,-1,0,0,Normal,Normal,0.9998873472213745,1
mqtt_preprocessed_v2.csv,461,-1,-1,0,0,Normal,Normal,0.9999548196792603,1
mqtt_preprocessed_v2.csv,462,-1,-1,0,0,Normal,Normal,0.9999241828918457,1
mqtt_preprocessed_v2.csv,463,-1,-1,0,0,Normal,Normal,0.9998859167098999,1
mqtt_preprocessed_v2.csv,464,-1,-1,0,0,Normal,Normal,0.9999399185180664,1
mqtt_preprocessed_v2.csv,465,-1,-1,0,0,Normal,Normal,0.9999359846115112,1
mqtt_preprocessed_v2.csv,466,-1,-1,0,0,Normal,Normal,0.9999537467956543,1
mqtt_preprocessed_v2.csv,467,-1,-1,0,0,Normal,Normal,0.9999462366104126,1
mqtt_preprocessed_v2.csv,468,-1,-1,0,0,Normal,Normal,0.9994070529937744,1
mqtt_preprocessed_v2.csv,469,-1,-1,0,0,Normal,Normal,0.9999459981918335,1
mqtt_preprocessed_v2.csv,470,-1,-1,0,0,Normal,Normal,0.9999263286590576,1
mqtt_preprocessed_v2.csv,471,-1,-1,0,0,Normal,Normal,0.9999420642852783,1
mqtt_preprocessed_v2.csv,472,-1,-1,0,0,Normal,Normal,0.999940037727356,1
mqtt_preprocessed_v2.csv,473,-1,-1,0,0,Normal,Normal,0.9999395608901978,1
mqtt_preprocessed_v2.csv,474,-1,-1,0,0,Normal,Normal,0.897426187992096,1
mqtt_preprocessed_v2.csv,475,-1,-1,0,0,Normal,Normal,0.9999394416809082,1
mqtt_preprocessed_v2.csv,476,-1,-1,0,0,Normal,Normal,0.9999264478683472,1
mqtt_preprocessed_v2.csv,477,-1,-1,0,0,Normal,Normal,0.9999479055404663,1
mqtt_preprocessed_v2.csv,478,-1,-1,0,0,Normal,Normal,0.9999380111694336,1
mqtt_preprocessed_v2.csv,479,-1,-1,0,0,Normal,Normal,0.9999136924743652,1
mqtt_preprocessed_v2.csv,480,-1,-1,0,0,Normal,Normal,0.9998699426651001,1
mqtt_preprocessed_v2.csv,481,-1,-1,0,0,Normal,Normal,0.999947190284729,1
mqtt_preprocessed_v2.csv,482,-1,-1,0,0,Normal,Normal,0.9999260902404785,1
mqtt_preprocessed_v2.csv,483,-1,-1,0,0,Normal,Normal,0.9999417066574097,1
mqtt_preprocessed_v2.csv,484,-1,-1,0,0,Normal,Normal,0.9999600648880005,1
mqtt_preprocessed_v2.csv,485,-1,-1,0,0,Normal,Normal,0.9999548196792603,1
mqtt_preprocessed_v2.csv,486,-1,-1,0,0,Normal,Normal,0.999945878982544,1
mqtt_preprocessed_v2.csv,487,-1,-1,0,0,Normal,Normal,0.9999462366104126,1
mqtt_preprocessed_v2.csv,488,-1,-1,0,0,Normal,Normal,0.9356468319892883,1
mqtt_preprocessed_v2.csv,489,-1,-1,0,0,Normal,Normal,0.9999024868011475,1
mqtt_preprocessed_v2.csv,490,-1,-1,0,0,Normal,Normal,0.9980747699737549,1
mqtt_preprocessed_v2.csv,491,-1,-1,0,0,Normal,Normal,0.9999459981918335,1
mqtt_preprocessed_v2.csv,492,-1,-1,0,0,Normal,Normal,0.9999463558197021,1
mqtt_preprocessed_v2.csv,493,-1,-1,0,0,Normal,Normal,0.9999104738235474,1
mqtt_preprocessed_v2.csv,494,-1,-1,0,0,Normal,Normal,0.9998871088027954,1
mqtt_preprocessed_v2.csv,495,-1,-1,0,0,Normal,Normal,0.9999393224716187,1
mqtt_preprocessed_v2.csv,496,-1,-1,0,0,Normal,Normal,0.9999210834503174,1
mqtt_preprocessed_v2.csv,497,-1,-1,0,0,Normal,Normal,0.9999433755874634,1
mqtt_preprocessed_v2.csv,498,-1,-1,0,0,Normal,Normal,0.9999434947967529,1
mqtt_preprocessed_v2.csv,499,-1,-1,0,0,Normal,Normal,0.9998911619186401,1
mqtt_preprocessed_v2.csv,500,-1,-1,0,0,Normal,Normal,0.9999550580978394,1
mqtt_preprocessed_v2.csv,501,-1,-1,0,0,Normal,Normal,0.9999390840530396,1
mqtt_preprocessed_v2.csv,502,-1,-1,0,0,Normal,Normal,0.9999226331710815,1
mqtt_preprocessed_v2.csv,503,-1,-1,0,0,Normal,Normal,0.9999221563339233,1
mqtt_preprocessed_v2.csv,504,-1,-1,0,0,Normal,Normal,0.9999464750289917,1
mqtt_preprocessed_v2.csv,505,-1,-1,0,0,Normal,Normal,0.9999370574951172,1
mqtt_preprocessed_v2.csv,506,-1,-1,0,0,Normal,Normal,0.9999445676803589,1
mqtt_preprocessed_v2.csv,507,-1,-1,0,0,Normal,Normal,0.9999455213546753,1
mqtt_preprocessed_v2.csv,508,-1,-1,0,0,Normal,Normal,0.9998366832733154,1
mqtt_preprocessed_v2.csv,509,-1,-1,0,0,Normal,Normal,0.9999512434005737,1
mqtt_preprocessed_v2.csv,510,-1,-1,0,0,Normal,Normal,0.9999443292617798,1
mqtt_preprocessed_v2.csv,511,-1,-1,0,0,Normal,Normal,0.9999314546585083,1
mqtt_preprocessed_v2.csv,512,-1,-1,0,0,Normal,Normal,0.999895453453064,1
mqtt_preprocessed_v2.csv,513,-1,-1,0,0,Normal,Normal,0.999863862991333,1
mqtt_preprocessed_v2.csv,514,-1,-1,0,0,Normal,Normal,0.9999493360519409,1
mqtt_preprocessed_v2.csv,515,-1,-1,0,0,Normal,Normal,0.9999493360519409,1
mqtt_preprocessed_v2.csv,516,-1,-1,0,0,Normal,Normal,0.9999480247497559,1
mqtt_preprocessed_v2.csv,517,-1,-1,0,0,Normal,Normal,0.9998916387557983,1
mqtt_preprocessed_v2.csv,518,-1,-1,0,0,Normal,Normal,0.9999399185180664,1
mqtt_preprocessed_v2.csv,519,-1,-1,0,0,Normal,Normal,0.9999450445175171,1
mqtt_preprocessed_v2.csv,520,-1,-1,0,0,Normal,Normal,0.9999406337738037,1
mqtt_preprocessed_v2.csv,521,-1,-1,0,0,Normal,Normal,0.9999473094940186,1
mqtt_preprocessed_v2.csv,522,-1,-1,0,0,Normal,Normal,0.9999310970306396,1
mqtt_preprocessed_v2.csv,523,-1,-1,0,0,Normal,Normal,0.9999327659606934,1
mqtt_preprocessed_v2.csv,524,-1,-1,0,0,Normal,Normal,0.999936580657959,1
mqtt_preprocessed_v2.csv,525,-1,-1,0,0,Normal,Normal,0.9999444484710693,1
mqtt_preprocessed_v2.csv,526,-1,-1,0,0,Normal,Normal,0.9999264478683472,1
mqtt_preprocessed_v2.csv,527,-1,-1,0,0,Normal,Normal,0.9999423027038574,1
mqtt_preprocessed_v2.csv,528,-1,-1,0,0,Normal,Normal,0.9999346733093262,1
mqtt_preprocessed_v2.csv,529,-1,-1,0,0,Normal,Normal,0.9999198913574219,1
mqtt_preprocessed_v2.csv,530,-1,-1,0,0,Normal,Normal,0.9999387264251709,1
mqtt_preprocessed_v2.csv,531,-1,-1,0,0,Normal,Normal,0.9999420642852783,1
mqtt_preprocessed_v2.csv,532,-1,-1,0,0,Normal,Normal,0.9999442100524902,1
mqtt_preprocessed_v2.csv,533,-1,-1,0,0,Normal,Normal,0.9986929297447205,1
mqtt_preprocessed_v2.csv,534,-1,-1,0,0,Normal,Normal,0.999943733215332,1
mqtt_preprocessed_v2.csv,535,-1,-1,0,0,Normal,Normal,0.9998910427093506,1
mqtt_preprocessed_v2.csv,536,-1,-1,0,0,Normal,Normal,0.9999264478683472,1
mqtt_preprocessed_v2.csv,537,-1,-1,0,0,Normal,Normal,0.9999531507492065,1
mqtt_preprocessed_v2.csv,538,-1,-1,0,0,Normal,Normal,0.9999539852142334,1
mqtt_preprocessed_v2.csv,539,-1,-1,0,0,Normal,Normal,0.9999346733093262,1
mqtt_preprocessed_v2.csv,540,-1,-1,0,0,Normal,Normal,0.9999363422393799,1
mqtt_preprocessed_v2.csv,541,-1,-1,0,0,Normal,Normal,0.999946117401123,1
mqtt_preprocessed_v2.csv,542,-1,-1,0,0,Normal,Normal,0.9999426603317261,1
mqtt_preprocessed_v2.csv,543,-1,-1,0,0,Normal,Normal,0.999943733215332,1
mqtt_preprocessed_v2.csv,544,-1,-1,0,0,Normal,Normal,0.9999220371246338,1
mqtt_preprocessed_v2.csv,545,-1,-1,0,0,Normal,Normal,0.9999420642852783,1
mqtt_preprocessed_v2.csv,546,-1,-1,0,0,Normal,Normal,0.9998194575309753,1
mqtt_preprocessed_v2.csv,547,-1,-1,0,0,Normal,Normal,0.9999403953552246,1
mqtt_preprocessed_v2.csv,548,-1,-1,0,0,Normal,Normal,0.9999459981918335,1
mqtt_preprocessed_v2.csv,549,-1,-1,0,0,Normal,Normal,0.9999538660049438,1
mqtt_preprocessed_v2.csv,550,-1,-1,0,0,Normal,Normal,0.9998486042022705,1
mqtt_preprocessed_v2.csv,551,-1,-1,0,0,Normal,Normal,0.999944806098938,1
mqtt_preprocessed_v2.csv,552,-1,-1,0,0,Normal,Normal,0.9999476671218872,1
mqtt_preprocessed_v2.csv,553,-1,-1,0,0,Normal,Normal,0.9997795224189758,1
mqtt_preprocessed_v2.csv,554,-1,-1,0,0,Normal,Normal,0.9999330043792725,1
mqtt_preprocessed_v2.csv,555,-1,-1,0,0,Normal,Normal,0.99993896484375,1
mqtt_preprocessed_v2.csv,556,-1,-1,0,0,Normal,Normal,0.9999412298202515,1
mqtt_preprocessed_v2.csv,557,-1,-1,0,0,Normal,Normal,0.9997664093971252,1
mqtt_preprocessed_v2.csv,558,-1,-1,0,0,Normal,Normal,0.999927282333374,1
mqtt_preprocessed_v2.csv,559,-1,-1,0,0,Normal,Normal,0.9999454021453857,1
mqtt_preprocessed_v2.csv,560,-1,-1,0,0,Normal,Normal,0.9999347925186157,1
mqtt_preprocessed_v2.csv,561,-1,-1,0,0,Normal,Normal,0.9999425411224365,1
mqtt_preprocessed_v2.csv,562,-1,-1,0,0,Normal,Normal,0.9999176263809204,1
mqtt_preprocessed_v2.csv,563,-1,-1,0,0,Normal,Normal,0.9999427795410156,1
mqtt_preprocessed_v2.csv,564,-1,-1,0,0,Normal,Normal,0.9999395608901978,1
mqtt_preprocessed_v2.csv,565,-1,-1,0,0,Normal,Normal,0.9999462366104126,1
mqtt_preprocessed_v2.csv,566,-1,-1,0,0,Normal,Normal,0.9992745518684387,1
mqtt_preprocessed_v2.csv,567,-1,-1,0,0,Normal,Normal,0.9999468326568604,1
mqtt_preprocessed_v2.csv,568,-1,-1,0,0,Normal,Normal,0.9999359846115112,1
mqtt_preprocessed_v2.csv,569,-1,-1,0,0,Normal,Normal,0.9999486207962036,1
mqtt_preprocessed_v2.csv,570,-1,-1,0,0,Normal,Normal,0.7401418089866638,1
mqtt_preprocessed_v2.csv,571,-1,-1,0,0,Normal,Normal,0.9243113398551941,1
mqtt_preprocessed_v2.csv,572,-1,-1,0,0,Normal,Normal,0.9999449253082275,1
mqtt_preprocessed_v2.csv,573,-1,-1,0,0,Normal,Normal,0.9999297857284546,1
mqtt_preprocessed_v2.csv,574,-1,-1,0,0,Normal,Normal,0.9994533658027649,1
mqtt_preprocessed_v2.csv,575,-1,-1,0,0,Normal,Normal,0.9999483823776245,1
mqtt_preprocessed_v2.csv,576,-1,-1,0,0,Normal,Normal,0.999948263168335,1
mqtt_preprocessed_v2.csv,577,-1,-1,0,0,Normal,Normal,0.9999221563339233,1
mqtt_preprocessed_v2.csv,578,-1,-1,0,0,Normal,Normal,0.9998717308044434,1
mqtt_preprocessed_v2.csv,579,-1,-1,0,0,Normal,Normal,0.9999450445175171,1
mqtt_preprocessed_v2.csv,580,-1,-1,0,0,Normal,Normal,0.9999476671218872,1
mqtt_preprocessed_v2.csv,581,-1,-1,0,0,Normal,Normal,0.9999542236328125,1
mqtt_preprocessed_v2.csv,582,-1,-1,0,0,Normal,Normal,0.9999539852142334,1
mqtt_preprocessed_v2.csv,583,-1,-1,0,0,Normal,Normal,0.9999516010284424,1
mqtt_preprocessed_v2.csv,584,-1,-1,0,0,Normal,Normal,0.9999392032623291,1
mqtt_preprocessed_v2.csv,585,-1,-1,0,0,Normal,Normal,0.9999394416809082,1
mqtt_preprocessed_v2.csv,586,-1,-1,0,0,Normal,Normal,0.99993896484375,1
mqtt_preprocessed_v2.csv,587,-1,-1,0,0,Normal,Normal,0.9999464750289917,1
mqtt_preprocessed_v2.csv,588,-1,-1,0,0,Normal,Normal,0.9998570680618286,1
mqtt_preprocessed_v2.csv,589,-1,-1,0,0,Normal,Normal,0.9998342990875244,1
mqtt_preprocessed_v2.csv,590,-1,-1,0,0,Normal,Normal,0.9999483823776245,1
mqtt_preprocessed_v2.csv,591,-1,-1,0,0,Normal,Normal,0.9998575448989868,1
mqtt_preprocessed_v2.csv,592,-1,-1,0,0,Normal,Normal,0.999945878982544,1
mqtt_preprocessed_v2.csv,593,-1,-1,0,0,Normal,Normal,0.9999558925628662,1
mqtt_preprocessed_v2.csv,594,-1,-1,0,0,Normal,Normal,0.999946117401123,1
mqtt_preprocessed_v2.csv,595,-1,-1,0,0,Normal,Normal,0.9999432563781738,1
mqtt_preprocessed_v2.csv,596,-1,-1,0,0,Normal,Normal,0.9999436140060425,1
mqtt_preprocessed_v2.csv,597,-1,-1,0,0,Normal,Normal,0.9999262094497681,1
mqtt_preprocessed_v2.csv,598,-1,-1,0,0,Normal,Normal,0.9999468326568604,1
mqtt_preprocessed_v2.csv,599,-1,-1,0,0,Normal,Normal,0.9999344348907471,1
mqtt_preprocessed_v2.csv,600,-1,-1,0,0,Normal,Normal,0.999934196472168,1
mqtt_preprocessed_v2.csv,601,-1,-1,0,0,Normal,Normal,0.9999396800994873,1
mqtt_preprocessed_v2.csv,602,-1,-1,0,0,Normal,Normal,0.9999384880065918,1
mqtt_preprocessed_v2.csv,603,-1,-1,0,0,Normal,Normal,0.9999468326568604,1
mqtt_preprocessed_v2.csv,604,-1,-1,0,0,Normal,Normal,0.9999499320983887,1
mqtt_preprocessed_v2.csv,605,-1,-1,0,0,Normal,Normal,0.9999507665634155,1
mqtt_preprocessed_v2.csv,606,-1,-1,0,0,Normal,Normal,0.9999420642852783,1
mqtt_preprocessed_v2.csv,607,-1,-1,0,0,Normal,Normal,0.9999431371688843,1
mqtt_preprocessed_v2.csv,608,-1,-1,0,0,Normal,Normal,0.9999207258224487,1
mqtt_preprocessed_v2.csv,609,-1,-1,0,0,Normal,Normal,0.9999473094940186,1
mqtt_preprocessed_v2.csv,610,-1,-1,0,0,Normal,Normal,0.9999206066131592,1
mqtt_preprocessed_v2.csv,611,-1,-1,0,0,Normal,Normal,0.9999555349349976,1
mqtt_preprocessed_v2.csv,612,-1,-1,0,0,Normal,Normal,0.9999459981918335,1
mqtt_preprocessed_v2.csv,613,-1,-1,0,0,Normal,Normal,0.9999421834945679,1
mqtt_preprocessed_v2.csv,614,-1,-1,0,0,Normal,Normal,0.9999446868896484,1
mqtt_preprocessed_v2.csv,615,-1,-1,0,0,Normal,Normal,0.9999514818191528,1
mqtt_preprocessed_v2.csv,616,-1,-1,0,0,Normal,Normal,0.9998354911804199,1
mqtt_preprocessed_v2.csv,617,-1,-1,0,0,Normal,Normal,0.9999427795410156,1
mqtt_preprocessed_v2.csv,618,-1,-1,0,0,Normal,Normal,0.9999250173568726,1
mqtt_preprocessed_v2.csv,619,-1,-1,0,0,Normal,Normal,0.999955415725708,1
mqtt_preprocessed_v2.csv,620,-1,-1,0,0,Normal,Normal,0.999812662601471,1
mqtt_preprocessed_v2.csv,621,-1,-1,0,0,Normal,Normal,0.9999264478683472,1
mqtt_preprocessed_v2.csv,622,-1,-1,0,0,Normal,Normal,0.9999420642852783,1
mqtt_preprocessed_v2.csv,623,-1,-1,0,0,Normal,Normal,0.9999454021453857,1
mqtt_preprocessed_v2.csv,624,-1,-1,0,0,Normal,Normal,0.9999427795410156,1
mqtt_preprocessed_v2.csv,625,-1,-1,0,0,Normal,Normal,0.9999452829360962,1
mqtt_preprocessed_v2.csv,626,-1,-1,0,0,Normal,Normal,0.9999428987503052,1
mqtt_preprocessed_v2.csv,627,-1,-1,0,0,Normal,Normal,0.9998396635055542,1
mqtt_preprocessed_v2.csv,628,-1,-1,0,0,Normal,Normal,0.9999483823776245,1
mqtt_preprocessed_v2.csv,629,-1,-1,0,0,Normal,Normal,0.9999198913574219,1
mqtt_preprocessed_v2.csv,630,-1,-1,0,0,Normal,Normal,0.9999221563339233,1
mqtt_preprocessed_v2.csv,631,-1,-1,0,0,Normal,Normal,0.9999468326568604,1
mqtt_preprocessed_v2.csv,632,-1,-1,0,0,Normal,Normal,0.9999194145202637,1
mqtt_preprocessed_v2.csv,633,-1,-1,0,0,Normal,Normal,0.9999452829360962,1
mqtt_preprocessed_v2.csv,634,-1,-1,0,0,Normal,Normal,0.9999563694000244,1
mqtt_preprocessed_v2.csv,635,-1,-1,0,0,Normal,Normal,0.9999144077301025,1
mqtt_preprocessed_v2.csv,636,-1,-1,0,0,Normal,Normal,0.9984762072563171,1
mqtt_preprocessed_v2.csv,637,-1,-1,0,0,Normal,Normal,0.9997907280921936,1
mqtt_preprocessed_v2.csv,638,-1,-1,0,0,Normal,Normal,0.9999432563781738,1
mqtt_preprocessed_v2.csv,639,-1,-1,0,0,Normal,Normal,0.999948263168335,1
mqtt_preprocessed_v2.csv,640,-1,-1,0,0,Normal,Normal,0.9997379183769226,1
mqtt_preprocessed_v2.csv,641,-1,-1,0,0,Normal,Normal,0.9999463558197021,1
mqtt_preprocessed_v2.csv,642,-1,-1,0,0,Normal,Normal,0.9999459981918335,1
mqtt_preprocessed_v2.csv,643,-1,-1,0,0,Normal,Normal,0.9999324083328247,1
mqtt_preprocessed_v2.csv,644,-1,-1,0,0,Normal,Normal,0.9999445676803589,1
mqtt_preprocessed_v2.csv,645,-1,-1,0,0,Normal,Normal,0.9999315738677979,1
mqtt_preprocessed_v2.csv,646,-1,-1,0,0,Normal,Normal,0.9999539852142334,1
mqtt_preprocessed_v2.csv,647,-1,-1,0,0,Normal,Normal,0.7906792759895325,1
mqtt_preprocessed_v2.csv,648,-1,-1,0,0,Normal,Normal,0.9997679591178894,1
mqtt_preprocessed_v2.csv,649,-1,-1,0,0,Normal,Normal,0.999941349029541,1
mqtt_preprocessed_v2.csv,650,-1,-1,0,0,Normal,Normal,0.9999498128890991,1
mqtt_preprocessed_v2.csv,651,-1,-1,0,0,Normal,Normal,0.9999531507492065,1
mqtt_preprocessed_v2.csv,652,-1,-1,0,0,Normal,Normal,0.9999558925628662,1
mqtt_preprocessed_v2.csv,653,-1,-1,0,0,Normal,Normal,0.899469792842865,1
mqtt_preprocessed_v2.csv,654,-1,-1,0,0,Normal,Normal,0.9997281432151794,1
mqtt_preprocessed_v2.csv,655,-1,-1,0,0,Normal,Normal,0.9999457597732544,1
mqtt_preprocessed_v2.csv,656,-1,-1,0,0,Normal,Normal,0.9999381303787231,1
mqtt_preprocessed_v2.csv,657,-1,-1,0,0,Normal,Normal,0.9999556541442871,1
mqtt_preprocessed_v2.csv,658,-1,-1,0,0,Normal,Normal,0.9999284744262695,1
mqtt_preprocessed_v2.csv,659,-1,-1,0,0,Normal,Normal,0.9999563694000244,1
mqtt_preprocessed_v2.csv,660,-1,-1,0,0,Normal,Normal,0.9999452829360962,1
mqtt_preprocessed_v2.csv,661,-1,-1,0,0,Normal,Normal,0.9999297857284546,1
mqtt_preprocessed_v2.csv,662,-1,-1,0,0,Normal,Normal,0.9999387264251709,1
mqtt_preprocessed_v2.csv,663,-1,-1,0,0,Normal,Normal,0.9999414682388306,1
mqtt_preprocessed_v2.csv,664,-1,-1,0,0,Normal,Normal,0.9999392032623291,1
mqtt_preprocessed_v2.csv,665,-1,-1,0,0,Normal,Normal,0.9999098777770996,1
mqtt_preprocessed_v2.csv,666,-1,-1,0,0,Normal,Normal,0.9999485015869141,1
mqtt_preprocessed_v2.csv,667,-1,-1,0,0,Normal,Normal,0.9999444484710693,1
mqtt_preprocessed_v2.csv,668,-1,-1,0,0,Normal,Normal,0.9997780919075012,1
mqtt_preprocessed_v2.csv,669,-1,-1,0,0,Normal,Normal,0.9999501705169678,1
mqtt_preprocessed_v2.csv,670,-1,-1,0,0,Normal,Normal,0.9999374151229858,1
mqtt_preprocessed_v2.csv,671,-1,-1,0,0,Normal,Normal,0.9998550415039062,1
mqtt_preprocessed_v2.csv,672,-1,-1,0,0,Normal,Normal,0.9995642304420471,1
mqtt_preprocessed_v2.csv,673,-1,-1,0,0,Normal,Normal,0.9999415874481201,1
mqtt_preprocessed_v2.csv,674,-1,-1,0,0,Normal,Normal,0.9999486207962036,1
mqtt_preprocessed_v2.csv,675,-1,-1,0,0,Normal,Normal,0.9997640252113342,1
mqtt_preprocessed_v2.csv,676,-1,-1,0,0,Normal,Normal,0.999951958656311,1
mqtt_preprocessed_v2.csv,677,-1,-1,0,0,Normal,Normal,0.9999474287033081,1
mqtt_preprocessed_v2.csv,678,-1,-1,0,0,Normal,Normal,0.9999436140060425,1
mqtt_preprocessed_v2.csv,679,-1,-1,0,0,Normal,Normal,0.999954342842102,1
mqtt_preprocessed_v2.csv,680,-1,-1,0,0,Normal,Normal,0.9997417330741882,1
mqtt_preprocessed_v2.csv,681,-1,-1,0,0,Normal,Normal,0.9999459981918335,1
mqtt_preprocessed_v2.csv,682,-1,-1,0,0,Normal,Normal,0.6866932511329651,1
mqtt_preprocessed_v2.csv,683,-1,-1,0,0,Normal,Normal,0.9999266862869263,1
mqtt_preprocessed_v2.csv,684,-1,-1,0,0,Normal,Normal,0.999946117401123,1
mqtt_preprocessed_v2.csv,685,-1,-1,0,0,Normal,Normal,0.9999065399169922,1
mqtt_preprocessed_v2.csv,686,-1,-1,0,0,Normal,Normal,0.999948263168335,1
mqtt_preprocessed_v2.csv,687,-1,-1,0,0,Normal,Normal,0.9999418258666992,1
mqtt_preprocessed_v2.csv,688,-1,-1,0,0,Normal,Normal,0.9999550580978394,1
mqtt_preprocessed_v2.csv,689,-1,-1,0,0,Normal,Normal,0.9999215602874756,1
mqtt_preprocessed_v2.csv,690,-1,-1,0,0,Normal,Normal,0.9999462366104126,1
mqtt_preprocessed_v2.csv,691,-1,-1,0,0,Normal,Normal,0.999937891960144,1
mqtt_preprocessed_v2.csv,692,-1,-1,0,0,Normal,Normal,0.999944806098938,1
mqtt_preprocessed_v2.csv,693,-1,-1,0,0,Normal,Normal,0.9999436140060425,1
mqtt_preprocessed_v2.csv,694,-1,-1,0,0,Normal,Normal,0.9998916387557983,1
mqtt_preprocessed_v2.csv,695,-1,-1,0,0,Normal,Normal,0.9999203681945801,1
mqtt_preprocessed_v2.csv,696,-1,-1,0,0,Normal,Normal,0.9999504089355469,1
mqtt_preprocessed_v2.csv,697,-1,-1,0,0,Normal,Normal,0.9996285438537598,1
mqtt_preprocessed_v2.csv,698,-1,-1,0,0,Normal,Normal,0.9999194145202637,1
mqtt_preprocessed_v2.csv,699,-1,-1,0,0,Normal,Normal,0.9997997879981995,1
mqtt_preprocessed_v2.csv,700,-1,-1,0,0,Normal,Normal,0.9999452829360962,1
mqtt_preprocessed_v2.csv,701,-1,-1,0,0,Normal,Normal,0.9999473094940186,1
mqtt_preprocessed_v2.csv,702,-1,-1,0,0,Normal,Normal,0.999931812286377,1
mqtt_preprocessed_v2.csv,703,-1,-1,0,0,Normal,Normal,0.9999580383300781,1
mqtt_preprocessed_v2.csv,704,-1,-1,0,0,Normal,Normal,0.9999446868896484,1
mqtt_preprocessed_v2.csv,705,-1,-1,0,0,Normal,Normal,0.999930739402771,1
mqtt_preprocessed_v2.csv,706,-1,-1,0,0,Normal,Normal,0.999941349029541,1
mqtt_preprocessed_v2.csv,707,-1,-1,0,0,Normal,Normal,0.9998315572738647,1
mqtt_preprocessed_v2.csv,708,-1,-1,0,0,Normal,Normal,0.9999454021453857,1
mqtt_preprocessed_v2.csv,709,-1,-1,0,0,Normal,Normal,0.9998517036437988,1
mqtt_preprocessed_v2.csv,710,-1,-1,0,0,Normal,Normal,0.999755322933197,1
mqtt_preprocessed_v2.csv,711,-1,-1,0,0,Normal,Normal,0.9999486207962036,1
mqtt_preprocessed_v2.csv,712,-1,-1,0,0,Normal,Normal,0.9999310970306396,1
mqtt_preprocessed_v2.csv,713,-1,-1,0,0,Normal,Normal,0.9996258020401001,1
mqtt_preprocessed_v2.csv,714,-1,-1,0,0,Normal,Normal,0.8967482447624207,1
mqtt_preprocessed_v2.csv,715,-1,-1,0,0,Normal,Normal,0.9999489784240723,1
mqtt_preprocessed_v2.csv,716,-1,-1,0,0,Normal,Normal,0.9999556541442871,1
mqtt_preprocessed_v2.csv,717,-1,-1,0,0,Normal,Normal,0.9999488592147827,1
mqtt_preprocessed_v2.csv,718,-1,-1,0,0,Normal,Normal,0.9999445676803589,1
mqtt_preprocessed_v2.csv,719,-1,-1,0,0,Normal,Normal,0.9997568726539612,1
mqtt_preprocessed_v2.csv,720,-1,-1,0,0,Normal,Normal,0.999842643737793,1
mqtt_preprocessed_v2.csv,721,-1,-1,0,0,Normal,Normal,0.9999271631240845,1
mqtt_preprocessed_v2.csv,722,-1,-1,0,0,Normal,Normal,0.9999446868896484,1
mqtt_preprocessed_v2.csv,723,-1,-1,0,0,Normal,Normal,0.9999363422393799,1
mqtt_preprocessed_v2.csv,724,-1,-1,0,0,Normal,Normal,0.9999510049819946,1
mqtt_preprocessed_v2.csv,725,-1,-1,0,0,Normal,Normal,0.730564296245575,1
mqtt_preprocessed_v2.csv,726,-1,-1,0,0,Normal,Normal,0.9999364614486694,1
mqtt_preprocessed_v2.csv,727,-1,-1,0,0,Normal,Normal,0.9999486207962036,1
mqtt_preprocessed_v2.csv,728,-1,-1,0,0,Normal,Normal,0.9999262094497681,1
mqtt_preprocessed_v2.csv,729,-1,-1,0,0,Normal,Normal,0.9999446868896484,1
mqtt_preprocessed_v2.csv,730,-1,-1,0,0,Normal,Normal,0.9999369382858276,1
mqtt_preprocessed_v2.csv,731,-1,-1,0,0,Normal,Normal,0.9999198913574219,1
mqtt_preprocessed_v2.csv,732,-1,-1,0,0,Normal,Normal,0.9997703433036804,1
mqtt_preprocessed_v2.csv,733,-1,-1,0,0,Normal,Normal,0.9999473094940186,1
mqtt_preprocessed_v2.csv,734,-1,-1,0,0,Normal,Normal,0.9999433755874634,1
mqtt_preprocessed_v2.csv,735,-1,-1,0,0,Normal,Normal,0.9997374415397644,1
mqtt_preprocessed_v2.csv,736,-1,-1,0,0,Normal,Normal,0.9999430179595947,1
mqtt_preprocessed_v2.csv,737,-1,-1,0,0,Normal,Normal,0.9999454021453857,1
mqtt_preprocessed_v2.csv,738,-1,-1,0,0,Normal,Normal,0.9999430179595947,1
mqtt_preprocessed_v2.csv,739,-1,-1,0,0,Normal,Normal,0.9999254941940308,1
mqtt_preprocessed_v2.csv,740,-1,-1,0,0,Normal,Normal,0.9999485015869141,1
mqtt_preprocessed_v2.csv,741,-1,-1,0,0,Normal,Normal,0.9998375177383423,1
mqtt_preprocessed_v2.csv,742,-1,-1,0,0,Normal,Normal,0.9998445510864258,1
mqtt_preprocessed_v2.csv,743,-1,-1,0,0,Normal,Normal,0.9999464750289917,1
mqtt_preprocessed_v2.csv,744,-1,-1,0,0,Normal,Normal,0.9998742341995239,1
mqtt_preprocessed_v2.csv,745,-1,-1,0,0,Normal,Normal,0.9999483823776245,1
mqtt_preprocessed_v2.csv,746,-1,-1,0,0,Normal,Normal,0.9999455213546753,1
mqtt_preprocessed_v2.csv,747,-1,-1,0,0,Normal,Normal,0.9939644932746887,1
mqtt_preprocessed_v2.csv,748,-1,-1,0,0,Normal,Normal,0.9999548196792603,1
mqtt_preprocessed_v2.csv,749,-1,-1,0,0,Normal,Normal,0.9998599290847778,1
mqtt_preprocessed_v2.csv,750,-1,-1,0,0,Normal,Normal,0.9999200105667114,1
mqtt_preprocessed_v2.csv,751,-1,-1,0,0,Normal,Normal,0.9999545812606812,1
mqtt_preprocessed_v2.csv,752,-1,-1,0,0,Normal,Normal,0.9999278783798218,1
mqtt_preprocessed_v2.csv,753,-1,-1,0,0,Normal,Normal,0.9997320771217346,1
mqtt_preprocessed_v2.csv,754,-1,-1,0,0,Normal,Normal,0.9999446868896484,1
mqtt_preprocessed_v2.csv,755,-1,-1,0,0,Normal,Normal,0.9992108345031738,1
mqtt_preprocessed_v2.csv,756,-1,-1,0,0,Normal,Normal,0.9999330043792725,1
mqtt_preprocessed_v2.csv,757,-1,-1,0,0,Normal,Normal,0.9999524354934692,1
mqtt_preprocessed_v2.csv,758,-1,-1,0,0,Normal,Normal,0.9997901320457458,1
mqtt_preprocessed_v2.csv,759,-1,-1,0,0,Normal,Normal,0.9999316930770874,1
mqtt_preprocessed_v2.csv,760,-1,-1,0,0,Normal,Normal,0.9999202489852905,1
mqtt_preprocessed_v2.csv,761,-1,-1,0,0,Normal,Normal,0.9967290163040161,1
mqtt_preprocessed_v2.csv,762,-1,-1,0,0,Normal,Normal,0.9999477863311768,1
mqtt_preprocessed_v2.csv,763,-1,-1,0,0,Normal,Normal,0.9999421834945679,1
mqtt_preprocessed_v2.csv,764,-1,-1,0,0,Normal,Normal,0.9999295473098755,1
mqtt_preprocessed_v2.csv,765,-1,-1,0,0,Normal,Normal,0.9999449253082275,1
mqtt_preprocessed_v2.csv,766,-1,-1,0,0,Normal,Normal,0.9999529123306274,1
mqtt_preprocessed_v2.csv,767,-1,-1,0,0,Normal,Normal,0.9999415874481201,1
mqtt_preprocessed_v2.csv,768,-1,-1,0,0,Normal,Normal,0.9999474287033081,1
mqtt_preprocessed_v2.csv,769,-1,-1,0,0,Normal,Normal,0.9999527931213379,1
mqtt_preprocessed_v2.csv,770,-1,-1,0,0,Normal,Normal,0.9999408721923828,1
mqtt_preprocessed_v2.csv,771,-1,-1,0,0,Normal,Normal,0.99994957447052,1
mqtt_preprocessed_v2.csv,772,-1,-1,0,0,Normal,Normal,0.9999386072158813,1
mqtt_preprocessed_v2.csv,773,-1,-1,0,0,Normal,Normal,0.999923825263977,1
mqtt_preprocessed_v2.csv,774,-1,-1,0,0,Normal,Normal,0.9999531507492065,1
mqtt_preprocessed_v2.csv,775,-1,-1,0,0,Normal,Normal,0.9999550580978394,1
mqtt_preprocessed_v2.csv,776,-1,-1,0,0,Normal,Normal,0.9998428821563721,1
mqtt_preprocessed_v2.csv,777,-1,-1,0,0,Normal,Normal,0.9980084300041199,1
mqtt_preprocessed_v2.csv,778,-1,-1,0,0,Normal,Normal,0.9999476671218872,1
mqtt_preprocessed_v2.csv,779,-1,-1,0,0,Normal,Normal,0.9999428987503052,1
mqtt_preprocessed_v2.csv,780,-1,-1,0,0,Normal,Normal,0.9999443292617798,1
mqtt_preprocessed_v2.csv,781,-1,-1,0,0,Normal,Normal,0.9999426603317261,1
mqtt_preprocessed_v2.csv,782,-1,-1,0,0,Normal,Normal,0.9999356269836426,1
mqtt_preprocessed_v2.csv,783,-1,-1,0,0,Normal,Normal,0.9999451637268066,1
mqtt_preprocessed_v2.csv,784,-1,-1,0,0,Normal,Normal,0.9999473094940186,1
mqtt_preprocessed_v2.csv,785,-1,-1,0,0,Normal,Normal,0.9999349117279053,1
mqtt_preprocessed_v2.csv,786,-1,-1,0,0,Normal,Normal,0.9999498128890991,1
mqtt_preprocessed_v2.csv,787,-1,-1,0,0,Normal,Normal,0.9999462366104126,1
mqtt_preprocessed_v2.csv,788,-1,-1,0,0,Normal,Normal,0.9999440908432007,1
mqtt_preprocessed_v2.csv,789,-1,-1,0,0,Normal,Normal,0.9999415874481201,1
mqtt_preprocessed_v2.csv,790,-1,-1,0,0,Normal,Normal,0.9999309778213501,1
mqtt_preprocessed_v2.csv,791,-1,-1,0,0,Normal,Normal,0.9999264478683472,1
mqtt_preprocessed_v2.csv,792,-1,-1,0,0,Normal,Normal,0.9999431371688843,1
mqtt_preprocessed_v2.csv,793,-1,-1,0,0,Normal,Normal,0.9999548196792603,1
mqtt_preprocessed_v2.csv,794,-1,-1,0,0,Normal,Normal,0.9999325275421143,1
mqtt_preprocessed_v2.csv,795,-1,-1,0,0,Normal,Normal,0.9999451637268066,1
mqtt_preprocessed_v2.csv,796,-1,-1,0,0,Normal,Normal,0.9999362230300903,1
mqtt_preprocessed_v2.csv,797,-1,-1,0,0,Normal,Normal,0.9999445676803589,1
mqtt_preprocessed_v2.csv,798,-1,-1,0,0,Normal,Normal,0.9995331764221191,1
mqtt_preprocessed_v2.csv,799,-1,-1,0,0,Normal,Normal,0.9999529123306274,1
mqtt_preprocessed_v2.csv,800,-1,-1,0,0,Normal,Normal,0.9999486207962036,1
mqtt_preprocessed_v2.csv,801,-1,-1,0,0,Normal,Normal,0.9999291896820068,1
mqtt_preprocessed_v2.csv,802,-1,-1,0,0,Normal,Normal,0.9998469352722168,1
mqtt_preprocessed_v2.csv,803,-1,-1,0,0,Normal,Normal,0.999934196472168,1
mqtt_preprocessed_v2.csv,804,-1,-1,0,0,Normal,Normal,0.9999486207962036,1
mqtt_preprocessed_v2.csv,805,-1,-1,0,0,Normal,Normal,0.99994957447052,1
mqtt_preprocessed_v2.csv,806,-1,-1,0,0,Normal,Normal,0.9999382495880127,1
mqtt_preprocessed_v2.csv,807,-1,-1,0,0,Normal,Normal,0.999936580657959,1
mqtt_preprocessed_v2.csv,808,-1,-1,0,0,Normal,Normal,0.9999113082885742,1
mqtt_preprocessed_v2.csv,809,-1,-1,0,0,Normal,Normal,0.9999480247497559,1
mqtt_preprocessed_v2.csv,810,-1,-1,0,0,Normal,Normal,0.9999473094940186,1
mqtt_preprocessed_v2.csv,811,-1,-1,0,0,Normal,Normal,0.9908759593963623,1
mqtt_preprocessed_v2.csv,812,-1,-1,0,0,Normal,Normal,0.9999452829360962,1
mqtt_preprocessed_v2.csv,813,-1,-1,0,0,Normal,Normal,0.9999512434005737,1
mqtt_preprocessed_v2.csv,814,-1,-1,0,0,Normal,Normal,0.9998469352722168,1
mqtt_preprocessed_v2.csv,815,-1,-1,0,0,Normal,Normal,0.9999402761459351,1
mqtt_preprocessed_v2.csv,816,-1,-1,0,0,Normal,Normal,0.9999593496322632,1
mqtt_preprocessed_v2.csv,817,-1,-1,0,0,Normal,Normal,0.9999454021453857,1
mqtt_preprocessed_v2.csv,818,-1,-1,0,0,Normal,Normal,0.9999572038650513,1
mqtt_preprocessed_v2.csv,819,-1,-1,0,0,Normal,Normal,0.9998371601104736,1
mqtt_preprocessed_v2.csv,820,-1,-1,0,0,Normal,Normal,0.9999332427978516,1
mqtt_preprocessed_v2.csv,821,-1,-1,0,0,Normal,Normal,0.6909254789352417,1
mqtt_preprocessed_v2.csv,822,-1,-1,0,0,Normal,Normal,0.9999265670776367,1
mqtt_preprocessed_v2.csv,823,-1,-1,0,0,Normal,Normal,0.9994484782218933,1
mqtt_preprocessed_v2.csv,824,-1,-1,0,0,Normal,Normal,0.9999475479125977,1
mqtt_preprocessed_v2.csv,825,-1,-1,0,0,Normal,Normal,0.9999387264251709,1
mqtt_preprocessed_v2.csv,826,-1,-1,0,0,Normal,Normal,0.9999440908432007,1
mqtt_preprocessed_v2.csv,827,-1,-1,0,0,Normal,Normal,0.9999393224716187,1
mqtt_preprocessed_v2.csv,828,-1,-1,0,0,Normal,Normal,0.9999319314956665,1
mqtt_preprocessed_v2.csv,829,-1,-1,0,0,Normal,Normal,0.9999326467514038,1
mqtt_preprocessed_v2.csv,830,-1,-1,0,0,Normal,Normal,0.9999514818191528,1
mqtt_preprocessed_v2.csv,831,-1,-1,0,0,Normal,Normal,0.9999264478683472,1
mqtt_preprocessed_v2.csv,832,-1,-1,0,0,Normal,Normal,0.999743640422821,1
mqtt_preprocessed_v2.csv,833,-1,-1,0,0,Normal,Normal,0.9999052286148071,1
mqtt_preprocessed_v2.csv,834,-1,-1,0,0,Normal,Normal,0.9999473094940186,1
mqtt_preprocessed_v2.csv,835,-1,-1,0,0,Normal,Normal,0.9999198913574219,1
mqtt_preprocessed_v2.csv,836,-1,-1,0,0,Normal,Normal,0.9999403953552246,1
mqtt_preprocessed_v2.csv,837,-1,-1,0,0,Normal,Normal,0.9998887777328491,1
mqtt_preprocessed_v2.csv,838,-1,-1,0,0,Normal,Normal,0.9999334812164307,1
mqtt_preprocessed_v2.csv,839,-1,-1,0,0,Normal,Normal,0.9999457597732544,1
mqtt_preprocessed_v2.csv,840,-1,-1,0,0,Normal,Normal,0.9996898174285889,1
mqtt_preprocessed_v2.csv,841,-1,-1,0,0,Normal,Normal,0.9999581575393677,1
mqtt_preprocessed_v2.csv,842,-1,-1,0,0,Normal,Normal,0.9999499320983887,1
mqtt_preprocessed_v2.csv,843,-1,-1,0,0,Normal,Normal,0.9999371767044067,1
mqtt_preprocessed_v2.csv,844,-1,-1,0,0,Normal,Normal,0.999946117401123,1
mqtt_preprocessed_v2.csv,845,-1,-1,0,0,Normal,Normal,0.9999333620071411,1
mqtt_preprocessed_v2.csv,846,-1,-1,0,0,Normal,Normal,0.9999449253082275,1
mqtt_preprocessed_v2.csv,847,-1,-1,0,0,Normal,Normal,0.9999110698699951,1
mqtt_preprocessed_v2.csv,848,-1,-1,0,0,Normal,Normal,0.9999179840087891,1
mqtt_preprocessed_v2.csv,849,-1,-1,0,0,Normal,Normal,0.9999264478683472,1
mqtt_preprocessed_v2.csv,850,-1,-1,0,0,Normal,Normal,0.9999332427978516,1
mqtt_preprocessed_v2.csv,851,-1,-1,0,0,Normal,Normal,0.9998111128807068,1
mqtt_preprocessed_v2.csv,852,-1,-1,0,0,Normal,Normal,0.9999445676803589,1
mqtt_preprocessed_v2.csv,853,-1,-1,0,0,Normal,Normal,0.9999463558197021,1
mqtt_preprocessed_v2.csv,854,-1,-1,0,0,Normal,Normal,0.999944806098938,1
mqtt_preprocessed_v2.csv,855,-1,-1,0,0,Normal,Normal,0.9999481439590454,1
mqtt_preprocessed_v2.csv,856,-1,-1,0,0,Normal,Normal,0.999940037727356,1
mqtt_preprocessed_v2.csv,857,-1,-1,0,0,Normal,Normal,0.9999411106109619,1
mqtt_preprocessed_v2.csv,858,-1,-1,0,0,Normal,Normal,0.999940037727356,1
mqtt_preprocessed_v2.csv,859,-1,-1,0,0,Normal,Normal,0.9997372031211853,1
mqtt_preprocessed_v2.csv,860,-1,-1,0,0,Normal,Normal,0.9999434947967529,1
mqtt_preprocessed_v2.csv,861,-1,-1,0,0,Normal,Normal,0.9998955726623535,1
mqtt_preprocessed_v2.csv,862,-1,-1,0,0,Normal,Normal,0.9999324083328247,1
mqtt_preprocessed_v2.csv,863,-1,-1,0,0,Normal,Normal,0.9222646951675415,1
mqtt_preprocessed_v2.csv,864,-1,-1,0,0,Normal,Normal,0.999940037727356,1
mqtt_preprocessed_v2.csv,865,-1,-1,0,0,Normal,Normal,0.999947190284729,1
mqtt_preprocessed_v2.csv,866,-1,-1,0,0,Normal,Normal,0.9992088675498962,1
mqtt_preprocessed_v2.csv,867,-1,-1,0,0,Normal,Normal,0.9999407529830933,1
mqtt_preprocessed_v2.csv,868,-1,-1,0,0,Normal,Normal,0.7454599738121033,1
mqtt_preprocessed_v2.csv,869,-1,-1,0,0,Normal,Normal,0.999931812286377,1
mqtt_preprocessed_v2.csv,870,-1,-1,0,0,Normal,Normal,0.9999418258666992,1
mqtt_preprocessed_v2.csv,871,-1,-1,0,0,Normal,Normal,0.9999352693557739,1
mqtt_preprocessed_v2.csv,872,-1,-1,0,0,Normal,Normal,0.9999300241470337,1
mqtt_preprocessed_v2.csv,873,-1,-1,0,0,Normal,Normal,0.9999426603317261,1
mqtt_preprocessed_v2.csv,874,-1,-1,0,0,Normal,Normal,0.9999456405639648,1
mqtt_preprocessed_v2.csv,875,-1,-1,0,0,Normal,Normal,0.9999477863311768,1
mqtt_preprocessed_v2.csv,876,-1,-1,0,0,Normal,Normal,0.9990538954734802,1
mqtt_preprocessed_v2.csv,877,-1,-1,0,0,Normal,Normal,0.9999414682388306,1
mqtt_preprocessed_v2.csv,878,-1,-1,0,0,Normal,Normal,0.9991728663444519,1
mqtt_preprocessed_v2.csv,879,-1,-1,0,0,Normal,Normal,0.9999468326568604,1
mqtt_preprocessed_v2.csv,880,-1,-1,0,0,Normal,Normal,0.9999382495880127,1
mqtt_preprocessed_v2.csv,881,-1,-1,0,0,Normal,Normal,0.9999438524246216,1
mqtt_preprocessed_v2.csv,882,-1,-1,0,0,Normal,Normal,0.9999397993087769,1
mqtt_preprocessed_v2.csv,883,-1,-1,0,0,Normal,Normal,0.9409528970718384,1
mqtt_preprocessed_v2.csv,884,-1,-1,0,0,Normal,Normal,0.9999299049377441,1
mqtt_preprocessed_v2.csv,885,-1,-1,0,0,Normal,Normal,0.9999340772628784,1
mqtt_preprocessed_v2.csv,886,-1,-1,0,0,Normal,Normal,0.9999357461929321,1
mqtt_preprocessed_v2.csv,887,-1,-1,0,0,Normal,Normal,0.999945878982544,1
mqtt_preprocessed_v2.csv,888,-1,-1,0,0,Normal,Normal,0.9999547004699707,1
mqtt_preprocessed_v2.csv,889,-1,-1,0,0,Normal,Normal,0.999947190284729,1
mqtt_preprocessed_v2.csv,890,-1,-1,0,0,Normal,Normal,0.9999395608901978,1
mqtt_preprocessed_v2.csv,891,-1,-1,0,0,Normal,Normal,0.9999567270278931,1
mqtt_preprocessed_v2.csv,892,-1,-1,0,0,Normal,Normal,0.9999351501464844,1
mqtt_preprocessed_v2.csv,893,-1,-1,0,0,Normal,Normal,0.9999480247497559,1
mqtt_preprocessed_v2.csv,894,-1,-1,0,0,Normal,Normal,0.957356870174408,1
mqtt_preprocessed_v2.csv,895,-1,-1,0,0,Normal,Normal,0.9998981952667236,1
mqtt_preprocessed_v2.csv,896,-1,-1,0,0,Normal,Normal,0.9999407529830933,1
mqtt_preprocessed_v2.csv,897,-1,-1,0,0,Normal,Normal,0.999946117401123,1
mqtt_preprocessed_v2.csv,898,-1,-1,0,0,Normal,Normal,0.9999262094497681,1
mqtt_preprocessed_v2.csv,899,-1,-1,0,0,Normal,Normal,0.9999185800552368,1
mqtt_preprocessed_v2.csv,900,-1,-1,0,0,Normal,Normal,0.9999486207962036,1
mqtt_preprocessed_v2.csv,901,-1,-1,0,0,Normal,Normal,0.9798858761787415,1
mqtt_preprocessed_v2.csv,902,-1,-1,0,0,Normal,Normal,0.9999504089355469,1
mqtt_preprocessed_v2.csv,903,-1,-1,0,0,Normal,Normal,0.9999470710754395,1
mqtt_preprocessed_v2.csv,904,-1,-1,0,0,Normal,Normal,0.9999340772628784,1
mqtt_preprocessed_v2.csv,905,-1,-1,0,0,Normal,Normal,0.9999498128890991,1
mqtt_preprocessed_v2.csv,906,-1,-1,0,0,Normal,Normal,0.9998949766159058,1
mqtt_preprocessed_v2.csv,907,-1,-1,0,0,Normal,Normal,0.9999363422393799,1
mqtt_preprocessed_v2.csv,908,-1,-1,0,0,Normal,Normal,0.9999343156814575,1
mqtt_preprocessed_v2.csv,909,-1,-1,0,0,Normal,Normal,0.9999403953552246,1
mqtt_preprocessed_v2.csv,910,-1,-1,0,0,Normal,Normal,0.9999264478683472,1
mqtt_preprocessed_v2.csv,911,-1,-1,0,0,Normal,Normal,0.9997687935829163,1
mqtt_preprocessed_v2.csv,912,-1,-1,0,0,Normal,Normal,0.9999412298202515,1
mqtt_preprocessed_v2.csv,913,-1,-1,0,0,Normal,Normal,0.9997631907463074,1
mqtt_preprocessed_v2.csv,914,-1,-1,0,0,Normal,Normal,0.9997304081916809,1
mqtt_preprocessed_v2.csv,915,-1,-1,0,0,Normal,Normal,0.9999334812164307,1
mqtt_preprocessed_v2.csv,916,-1,-1,0,0,Normal,Normal,0.9999333620071411,1
mqtt_preprocessed_v2.csv,917,-1,-1,0,0,Normal,Normal,0.9999462366104126,1
mqtt_preprocessed_v2.csv,918,-1,-1,0,0,Normal,Normal,0.9999473094940186,1
mqtt_preprocessed_v2.csv,919,-1,-1,0,0,Normal,Normal,0.9999473094940186,1
mqtt_preprocessed_v2.csv,920,-1,-1,0,0,Normal,Normal,0.9999366998672485,1
mqtt_preprocessed_v2.csv,921,-1,-1,0,0,Normal,Normal,0.9998569488525391,1
mqtt_preprocessed_v2.csv,922,-1,-1,0,0,Normal,Normal,0.9999433755874634,1
mqtt_preprocessed_v2.csv,923,-1,-1,0,0,Normal,Normal,0.9998173117637634,1
mqtt_preprocessed_v2.csv,924,-1,-1,0,0,Normal,Normal,0.9999282360076904,1
mqtt_preprocessed_v2.csv,925,-1,-1,0,0,Normal,Normal,0.9999450445175171,1
mqtt_preprocessed_v2.csv,926,-1,-1,0,0,Normal,Normal,0.9999556541442871,1
mqtt_preprocessed_v2.csv,927,-1,-1,0,0,Normal,Normal,0.9999469518661499,1
mqtt_preprocessed_v2.csv,928,-1,-1,0,0,Normal,Normal,0.9999428987503052,1
mqtt_preprocessed_v2.csv,929,-1,-1,0,0,Normal,Normal,0.999954342842102,1
mqtt_preprocessed_v2.csv,930,-1,-1,0,0,Normal,Normal,0.9999475479125977,1
mqtt_preprocessed_v2.csv,931,-1,-1,0,0,Normal,Normal,0.999950647354126,1
mqtt_preprocessed_v2.csv,932,-1,-1,0,0,Normal,Normal,0.9999454021453857,1
mqtt_preprocessed_v2.csv,933,-1,-1,0,0,Normal,Normal,0.9999188184738159,1
mqtt_preprocessed_v2.csv,934,-1,-1,0,0,Normal,Normal,0.999945878982544,1
mqtt_preprocessed_v2.csv,935,-1,-1,0,0,Normal,Normal,0.9999561309814453,1
mqtt_preprocessed_v2.csv,936,-1,-1,0,0,Normal,Normal,0.9999262094497681,1
mqtt_preprocessed_v2.csv,937,-1,-1,0,0,Normal,Normal,0.9999358654022217,1
mqtt_preprocessed_v2.csv,938,-1,-1,0,0,Normal,Normal,0.9999077320098877,1
mqtt_preprocessed_v2.csv,939,-1,-1,0,0,Normal,Normal,0.9999364614486694,1
mqtt_preprocessed_v2.csv,940,-1,-1,0,0,Normal,Normal,0.9995973706245422,1
mqtt_preprocessed_v2.csv,941,-1,-1,0,0,Normal,Normal,0.9999502897262573,1
mqtt_preprocessed_v2.csv,942,-1,-1,0,0,Normal,Normal,0.9999262094497681,1
mqtt_preprocessed_v2.csv,943,-1,-1,0,0,Normal,Normal,0.9999322891235352,1
mqtt_preprocessed_v2.csv,944,-1,-1,0,0,Normal,Normal,0.9988725781440735,1
mqtt_preprocessed_v2.csv,945,-1,-1,0,0,Normal,Normal,0.9999369382858276,1
mqtt_preprocessed_v2.csv,946,-1,-1,0,0,Normal,Normal,0.9999399185180664,1
mqtt_preprocessed_v2.csv,947,-1,-1,0,0,Normal,Normal,0.9999446868896484,1
mqtt_preprocessed_v2.csv,948,-1,-1,0,0,Normal,Normal,0.9999468326568604,1
mqtt_preprocessed_v2.csv,949,-1,-1,0,0,Normal,Normal,0.9999340772628784,1
mqtt_preprocessed_v2.csv,950,-1,-1,0,0,Normal,Normal,0.9999289512634277,1
mqtt_preprocessed_v2.csv,951,-1,-1,0,0,Normal,Normal,0.9988885521888733,1
mqtt_preprocessed_v2.csv,952,-1,-1,0,0,Normal,Normal,0.9999452829360962,1
mqtt_preprocessed_v2.csv,953,-1,-1,0,0,Normal,Normal,0.9999423027038574,1
mqtt_preprocessed_v2.csv,954,-1,-1,0,0,Normal,Normal,0.9998456239700317,1
mqtt_preprocessed_v2.csv,955,-1,-1,0,0,Normal,Normal,0.999786913394928,1
mqtt_preprocessed_v2.csv,956,-1,-1,0,0,Normal,Normal,0.9999336004257202,1
mqtt_preprocessed_v2.csv,957,-1,-1,0,0,Normal,Normal,0.9999537467956543,1
mqtt_preprocessed_v2.csv,958,-1,-1,0,0,Normal,Normal,0.9999409914016724,1
mqtt_preprocessed_v2.csv,959,-1,-1,0,0,Normal,Normal,0.999953031539917,1
mqtt_preprocessed_v2.csv,960,-1,-1,0,0,Normal,Normal,0.9997209906578064,1
mqtt_preprocessed_v2.csv,961,-1,-1,0,0,Normal,Normal,0.9996417760848999,1
mqtt_preprocessed_v2.csv,962,-1,-1,0,0,Normal,Normal,0.9999324083328247,1
mqtt_preprocessed_v2.csv,963,-1,-1,0,0,Normal,Normal,0.9998955726623535,1
mqtt_preprocessed_v2.csv,964,-1,-1,0,0,Normal,Normal,0.9999066591262817,1
mqtt_preprocessed_v2.csv,965,-1,-1,0,0,Normal,Normal,0.9999456405639648,1
mqtt_preprocessed_v2.csv,966,-1,-1,0,0,Normal,Normal,0.9999512434005737,1
mqtt_preprocessed_v2.csv,967,-1,-1,0,0,Normal,Normal,0.9999457597732544,1
mqtt_preprocessed_v2.csv,968,-1,-1,0,0,Normal,Normal,0.999889612197876,1
mqtt_preprocessed_v2.csv,969,-1,-1,0,0,Normal,Normal,0.9999542236328125,1
mqtt_preprocessed_v2.csv,970,-1,-1,0,0,Normal,Normal,0.9999566078186035,1
mqtt_preprocessed_v2.csv,971,-1,-1,0,0,Normal,Normal,0.9999110698699951,1
mqtt_preprocessed_v2.csv,972,-1,-1,0,0,Normal,Normal,0.9999502897262573,1
mqtt_preprocessed_v2.csv,973,-1,-1,0,0,Normal,Normal,0.9999455213546753,1
mqtt_preprocessed_v2.csv,974,-1,-1,0,0,Normal,Normal,0.9999474287033081,1
mqtt_preprocessed_v2.csv,975,-1,-1,0,0,Normal,Normal,0.9999533891677856,1
mqtt_preprocessed_v2.csv,976,-1,-1,0,0,Normal,Normal,0.9999122619628906,1
mqtt_preprocessed_v2.csv,977,-1,-1,0,0,Normal,Normal,0.9999306201934814,1
mqtt_preprocessed_v2.csv,978,-1,-1,0,0,Normal,Normal,0.9999266862869263,1
mqtt_preprocessed_v2.csv,979,-1,-1,0,0,Normal,Normal,0.999636173248291,1
mqtt_preprocessed_v2.csv,980,-1,-1,0,0,Normal,Normal,0.9999403953552246,1
mqtt_preprocessed_v2.csv,981,-1,-1,0,0,Normal,Normal,0.9999489784240723,1
mqtt_preprocessed_v2.csv,982,-1,-1,0,0,Normal,Normal,0.9998536109924316,1
mqtt_preprocessed_v2.csv,983,-1,-1,0,0,Normal,Normal,0.9999427795410156,1
mqtt_preprocessed_v2.csv,984,-1,-1,0,0,Normal,Normal,0.9999465942382812,1
mqtt_preprocessed_v2.csv,985,-1,-1,0,0,Normal,Normal,0.9999427795410156,1
mqtt_preprocessed_v2.csv,986,-1,-1,0,0,Normal,Normal,0.9999303817749023,1
mqtt_preprocessed_v2.csv,987,-1,-1,0,0,Normal,Normal,0.9999401569366455,1
mqtt_preprocessed_v2.csv,988,-1,-1,0,0,Normal,Normal,0.9999455213546753,1
mqtt_preprocessed_v2.csv,989,-1,-1,0,0,Normal,Normal,0.9999468326568604,1
mqtt_preprocessed_v2.csv,990,-1,-1,0,0,Normal,Normal,0.9999300241470337,1
mqtt_preprocessed_v2.csv,991,-1,-1,0,0,Normal,Normal,0.9992784857749939,1
mqtt_preprocessed_v2.csv,992,-1,-1,0,0,Normal,Normal,0.9999363422393799,1
mqtt_preprocessed_v2.csv,993,-1,-1,0,0,Normal,Normal,0.9989486336708069,1
mqtt_preprocessed_v2.csv,994,-1,-1,0,0,Normal,Normal,0.9999415874481201,1
mqtt_preprocessed_v2.csv,995,-1,-1,0,0,Normal,Normal,0.9999470710754395,1
mqtt_preprocessed_v2.csv,996,-1,-1,0,0,Normal,Normal,0.9999489784240723,1
mqtt_preprocessed_v2.csv,997,-1,-1,0,0,Normal,Normal,0.9999264478683472,1
mqtt_preprocessed_v2.csv,998,-1,-1,0,0,Normal,Normal,0.9999349117279053,1
mqtt_preprocessed_v2.csv,999,-1,-1,0,0,Normal,Normal,0.9999407529830933,1
mqtt_preprocessed_v2.csv,1000,-1,-1,0,0,Normal,Normal,0.9997522234916687,1
mqtt_preprocessed_v2.csv,1001,-1,-1,0,0,Normal,Normal,0.9999505281448364,1
mqtt_preprocessed_v2.csv,1002,-1,-1,0,0,Normal,Normal,0.9999254941940308,1
mqtt_preprocessed_v2.csv,1003,-1,-1,0,0,Normal,Normal,0.9997902512550354,1
mqtt_preprocessed_v2.csv,1004,-1,-1,0,0,Normal,Normal,0.9999485015869141,1
mqtt_preprocessed_v2.csv,1005,-1,-1,0,0,Normal,Normal,0.9999414682388306,1
mqtt_preprocessed_v2.csv,1006,-1,-1,0,0,Normal,Normal,0.9999462366104126,1
mqtt_preprocessed_v2.csv,1007,-1,-1,0,0,Normal,Normal,0.9998526573181152,1
mqtt_preprocessed_v2.csv,1008,-1,-1,0,0,Normal,Normal,0.9999262094497681,1
mqtt_preprocessed_v2.csv,1009,-1,-1,0,0,Normal,Normal,0.9999485015869141,1
mqtt_preprocessed_v2.csv,1010,-1,-1,0,0,Normal,Normal,0.999948263168335,1
mqtt_preprocessed_v2.csv,1011,-1,-1,0,0,Normal,Normal,0.999948263168335,1
mqtt_preprocessed_v2.csv,1012,-1,-1,0,0,Normal,Normal,0.9999449253082275,1
mqtt_preprocessed_v2.csv,1013,-1,-1,0,0,Normal,Normal,0.9999357461929321,1
mqtt_preprocessed_v2.csv,1014,-1,-1,0,0,Normal,Normal,0.9999498128890991,1
mqtt_preprocessed_v2.csv,1015,-1,-1,0,0,Normal,Normal,0.999940037727356,1
mqtt_preprocessed_v2.csv,1016,-1,-1,0,0,Normal,Normal,0.9999496936798096,1
mqtt_preprocessed_v2.csv,1017,-1,-1,0,0,Normal,Normal,0.9999462366104126,1
mqtt_preprocessed_v2.csv,1018,-1,-1,0,0,Normal,Normal,0.9999430179595947,1
mqtt_preprocessed_v2.csv,1019,-1,-1,0,0,Normal,Normal,0.9999278783798218,1
mqtt_preprocessed_v2.csv,1020,-1,-1,0,0,Normal,Normal,0.9999351501464844,1
mqtt_preprocessed_v2.csv,1021,-1,-1,0,0,Normal,Normal,0.9999123811721802,1
mqtt_preprocessed_v2.csv,1022,-1,-1,0,0,Normal,Normal,0.9999467134475708,1
mqtt_preprocessed_v2.csv,1023,-1,-1,0,0,Normal,Normal,0.9999449253082275,1
mqtt_preprocessed_v2.csv,1024,-1,-1,0,0,Normal,Normal,0.9999493360519409,1
mqtt_preprocessed_v2.csv,1025,-1,-1,0,0,Normal,Normal,0.9999384880065918,1
mqtt_preprocessed_v2.csv,1026,-1,-1,0,0,Normal,Normal,0.9998780488967896,1
mqtt_preprocessed_v2.csv,1027,-1,-1,0,0,Normal,Normal,0.9999508857727051,1
mqtt_preprocessed_v2.csv,1028,-1,-1,0,0,Normal,Normal,0.999950647354126,1
mqtt_preprocessed_v2.csv,1029,-1,-1,0,0,Normal,Normal,0.9999500513076782,1
mqtt_preprocessed_v2.csv,1030,-1,-1,0,0,Normal,Normal,0.9999563694000244,1
mqtt_preprocessed_v2.csv,1031,-1,-1,0,0,Normal,Normal,0.9999330043792725,1
mqtt_preprocessed_v2.csv,1032,-1,-1,0,0,Normal,Normal,0.9999157190322876,1
mqtt_preprocessed_v2.csv,1033,-1,-1,0,0,Normal,Normal,0.9999387264251709,1
mqtt_preprocessed_v2.csv,1034,-1,-1,0,0,Normal,Normal,0.9998949766159058,1
mqtt_preprocessed_v2.csv,1035,-1,-1,0,0,Normal,Normal,0.9999357461929321,1
mqtt_preprocessed_v2.csv,1036,-1,-1,0,0,Normal,Normal,0.9999450445175171,1
mqtt_preprocessed_v2.csv,1037,-1,-1,0,0,Normal,Normal,0.9998165965080261,1
mqtt_preprocessed_v2.csv,1038,-1,-1,0,0,Normal,Normal,0.9998036026954651,1
mqtt_preprocessed_v2.csv,1039,-1,-1,0,0,Normal,Normal,0.9999371767044067,1
mqtt_preprocessed_v2.csv,1040,-1,-1,0,0,Normal,Normal,0.9999464750289917,1
mqtt_preprocessed_v2.csv,1041,-1,-1,0,0,Normal,Normal,0.9999450445175171,1
mqtt_preprocessed_v2.csv,1042,-1,-1,0,0,Normal,Normal,0.9459370970726013,1
mqtt_preprocessed_v2.csv,1043,-1,-1,0,0,Normal,Normal,0.9999523162841797,1
mqtt_preprocessed_v2.csv,1044,-1,-1,0,0,Normal,Normal,0.9999480247497559,1
mqtt_preprocessed_v2.csv,1045,-1,-1,0,0,Normal,Normal,0.9998856782913208,1
mqtt_preprocessed_v2.csv,1046,-1,-1,0,0,Normal,Normal,0.999941349029541,1
mqtt_preprocessed_v2.csv,1047,-1,-1,0,0,Normal,Normal,0.9999302625656128,1
mqtt_preprocessed_v2.csv,1048,-1,-1,0,0,Normal,Normal,0.9999420642852783,1
mqtt_preprocessed_v2.csv,1049,-1,-1,0,0,Normal,Normal,0.9999220371246338,1
mqtt_preprocessed_v2.csv,1050,-1,-1,0,0,Normal,Normal,0.9999295473098755,1
mqtt_preprocessed_v2.csv,1051,-1,-1,0,0,Normal,Normal,0.9999336004257202,1
mqtt_preprocessed_v2.csv,1052,-1,-1,0,0,Normal,Normal,0.9999446868896484,1
mqtt_preprocessed_v2.csv,1053,-1,-1,0,0,Normal,Normal,0.9999332427978516,1
mqtt_preprocessed_v2.csv,1054,-1,-1,0,0,Normal,Normal,0.9999516010284424,1
mqtt_preprocessed_v2.csv,1055,-1,-1,0,0,Normal,Normal,0.9999426603317261,1
mqtt_preprocessed_v2.csv,1056,-1,-1,0,0,Normal,Normal,0.9999518394470215,1
mqtt_preprocessed_v2.csv,1057,-1,-1,0,0,Normal,Normal,0.9999451637268066,1
mqtt_preprocessed_v2.csv,1058,-1,-1,0,0,Normal,Normal,0.99994957447052,1
mqtt_preprocessed_v2.csv,1059,-1,-1,0,0,Normal,Normal,0.9998531341552734,1
mqtt_preprocessed_v2.csv,1060,-1,-1,0,0,Normal,Normal,0.9999462366104126,1
mqtt_preprocessed_v2.csv,1061,-1,-1,0,0,Normal,Normal,0.9999480247497559,1
mqtt_preprocessed_v2.csv,1062,-1,-1,0,0,Normal,Normal,0.9999262094497681,1
mqtt_preprocessed_v2.csv,1063,-1,-1,0,0,Normal,Normal,0.999947190284729,1
mqtt_preprocessed_v2.csv,1064,-1,-1,0,0,Normal,Normal,0.9999356269836426,1
mqtt_preprocessed_v2.csv,1065,-1,-1,0,0,Normal,Normal,0.9999449253082275,1
mqtt_preprocessed_v2.csv,1066,-1,-1,0,0,Normal,Normal,0.9999344348907471,1
mqtt_preprocessed_v2.csv,1067,-1,-1,0,0,Normal,Normal,0.9999288320541382,1
mqtt_preprocessed_v2.csv,1068,-1,-1,0,0,Normal,Normal,0.9998886585235596,1
mqtt_preprocessed_v2.csv,1069,-1,-1,0,0,Normal,Normal,0.9999449253082275,1
mqtt_preprocessed_v2.csv,1070,-1,-1,0,0,Normal,Normal,0.9999103546142578,1
mqtt_preprocessed_v2.csv,1071,-1,-1,0,0,Normal,Normal,0.9999254941940308,1
mqtt_preprocessed_v2.csv,1072,-1,-1,0,0,Normal,Normal,0.9998031258583069,1
mqtt_preprocessed_v2.csv,1073,-1,-1,0,0,Normal,Normal,0.9999456405639648,1
mqtt_preprocessed_v2.csv,1074,-1,-1,0,0,Normal,Normal,0.9999463558197021,1
mqtt_preprocessed_v2.csv,1075,-1,-1,0,0,Normal,Normal,0.9999477863311768,1
mqtt_preprocessed_v2.csv,1076,-1,-1,0,0,Normal,Normal,0.9999262094497681,1
mqtt_preprocessed_v2.csv,1077,-1,-1,0,0,Normal,Normal,0.9999344348907471,1
mqtt_preprocessed_v2.csv,1078,-1,-1,0,0,Normal,Normal,0.9999446868896484,1
mqtt_preprocessed_v2.csv,1079,-1,-1,0,0,Normal,Normal,0.9999521970748901,1
mqtt_preprocessed_v2.csv,1080,-1,-1,0,0,Normal,Normal,0.9998706579208374,1
mqtt_preprocessed_v2.csv,1081,-1,-1,0,0,Normal,Normal,0.9999289512634277,1
mqtt_preprocessed_v2.csv,1082,-1,-1,0,0,Normal,Normal,0.9996904134750366,1
mqtt_preprocessed_v2.csv,1083,-1,-1,0,0,Normal,Normal,0.9997634291648865,1
mqtt_preprocessed_v2.csv,1084,-1,-1,0,0,Normal,Normal,0.9998706579208374,1
mqtt_preprocessed_v2.csv,1085,-1,-1,0,0,Normal,Normal,0.9998486042022705,1
mqtt_preprocessed_v2.csv,1086,-1,-1,0,0,Normal,Normal,0.999947190284729,1
mqtt_preprocessed_v2.csv,1087,-1,-1,0,0,Normal,Normal,0.9999549388885498,1
mqtt_preprocessed_v2.csv,1088,-1,-1,0,0,Normal,Normal,0.9999525547027588,1
mqtt_preprocessed_v2.csv,1089,-1,-1,0,0,Normal,Normal,0.9999384880065918,1
mqtt_preprocessed_v2.csv,1090,-1,-1,0,0,Normal,Normal,0.7121340036392212,1
mqtt_preprocessed_v2.csv,1091,-1,-1,0,0,Normal,Normal,0.9999512434005737,1
mqtt_preprocessed_v2.csv,1092,-1,-1,0,0,Normal,Normal,0.999603807926178,1
mqtt_preprocessed_v2.csv,1093,-1,-1,0,0,Normal,Normal,0.9999576807022095,1
mqtt_preprocessed_v2.csv,1094,-1,-1,0,0,Normal,Normal,0.9998527765274048,1
mqtt_preprocessed_v2.csv,1095,-1,-1,0,0,Normal,Normal,0.9999481439590454,1
mqtt_preprocessed_v2.csv,1096,-1,-1,0,0,Normal,Normal,0.999803364276886,1
mqtt_preprocessed_v2.csv,1097,-1,-1,0,0,Normal,Normal,0.9999533891677856,1
mqtt_preprocessed_v2.csv,1098,-1,-1,0,0,Normal,Normal,0.9999264478683472,1
mqtt_preprocessed_v2.csv,1099,-1,-1,0,0,Normal,Normal,0.9999340772628784,1
mqtt_preprocessed_v2.csv,1100,-1,-1,0,0,Normal,Normal,0.9995493292808533,1
mqtt_preprocessed_v2.csv,1101,-1,-1,0,0,Normal,Normal,0.9999452829360962,1
mqtt_preprocessed_v2.csv,1102,-1,-1,0,0,Normal,Normal,0.9999309778213501,1
mqtt_preprocessed_v2.csv,1103,-1,-1,0,0,Normal,Normal,0.9988837838172913,1
mqtt_preprocessed_v2.csv,1104,-1,-1,0,0,Normal,Normal,0.9999439716339111,1
mqtt_preprocessed_v2.csv,1105,-1,-1,0,0,Normal,Normal,0.9999231100082397,1
mqtt_preprocessed_v2.csv,1106,-1,-1,0,0,Normal,Normal,0.9999294281005859,1
mqtt_preprocessed_v2.csv,1107,-1,-1,0,0,Normal,Normal,0.9999406337738037,1
mqtt_preprocessed_v2.csv,1108,-1,-1,0,0,Normal,Normal,0.9999194145202637,1
mqtt_preprocessed_v2.csv,1109,-1,-1,0,0,Normal,Normal,0.7125670909881592,1
mqtt_preprocessed_v2.csv,1110,-1,-1,0,0,Normal,Normal,0.9999206066131592,1
mqtt_preprocessed_v2.csv,1111,-1,-1,0,0,Normal,Normal,0.9999408721923828,1
mqtt_preprocessed_v2.csv,1112,-1,-1,0,0,Normal,Normal,0.9999459981918335,1
mqtt_preprocessed_v2.csv,1113,-1,-1,0,0,Normal,Normal,0.9999011754989624,1
mqtt_preprocessed_v2.csv,1114,-1,-1,0,0,Normal,Normal,0.9997851252555847,1
mqtt_preprocessed_v2.csv,1115,-1,-1,0,0,Normal,Normal,0.9999492168426514,1
mqtt_preprocessed_v2.csv,1116,-1,-1,0,0,Normal,Normal,0.9999244213104248,1
mqtt_preprocessed_v2.csv,1117,-1,-1,0,0,Normal,Normal,0.9999557733535767,1
mqtt_preprocessed_v2.csv,1118,-1,-1,0,0,Normal,Normal,0.9998134970664978,1
mqtt_preprocessed_v2.csv,1119,-1,-1,0,0,Normal,Normal,0.9999202489852905,1
mqtt_preprocessed_v2.csv,1120,-1,-1,0,0,Normal,Normal,0.9998200535774231,1
mqtt_preprocessed_v2.csv,1121,-1,-1,0,0,Normal,Normal,0.9999394416809082,1
mqtt_preprocessed_v2.csv,1122,-1,-1,0,0,Normal,Normal,0.9998869895935059,1
mqtt_preprocessed_v2.csv,1123,-1,-1,0,0,Normal,Normal,0.9727804660797119,1
mqtt_preprocessed_v2.csv,1124,-1,-1,0,0,Normal,Normal,0.9999297857284546,1
mqtt_preprocessed_v2.csv,1125,-1,-1,0,0,Normal,Normal,0.9999357461929321,1
mqtt_preprocessed_v2.csv,1126,-1,-1,0,0,Normal,Normal,0.9999302625656128,1
mqtt_preprocessed_v2.csv,1127,-1,-1,0,0,Normal,Normal,0.9997469782829285,1
mqtt_preprocessed_v2.csv,1128,-1,-1,0,0,Normal,Normal,0.999834418296814,1
mqtt_preprocessed_v2.csv,1129,-1,-1,0,0,Normal,Normal,0.9999333620071411,1
mqtt_preprocessed_v2.csv,1130,-1,-1,0,0,Normal,Normal,0.9999371767044067,1
mqtt_preprocessed_v2.csv,1131,-1,-1,0,0,Normal,Normal,0.9999439716339111,1
mqtt_preprocessed_v2.csv,1132,-1,-1,0,0,Normal,Normal,0.9999425411224365,1
mqtt_preprocessed_v2.csv,1133,-1,-1,0,0,Normal,Normal,0.9999455213546753,1
mqtt_preprocessed_v2.csv,1134,-1,-1,0,0,Normal,Normal,0.9999381303787231,1
mqtt_preprocessed_v2.csv,1135,-1,-1,0,0,Normal,Normal,0.9999334812164307,1
mqtt_preprocessed_v2.csv,1136,-1,-1,0,0,Normal,Normal,0.9999489784240723,1
mqtt_preprocessed_v2.csv,1137,-1,-1,0,0,Normal,Normal,0.9999371767044067,1
mqtt_preprocessed_v2.csv,1138,-1,-1,0,0,Normal,Normal,0.9999250173568726,1
mqtt_preprocessed_v2.csv,1139,-1,-1,0,0,Normal,Normal,0.9997575879096985,1
mqtt_preprocessed_v2.csv,1140,-1,-1,0,0,Normal,Normal,0.9999452829360962,1
mqtt_preprocessed_v2.csv,1141,-1,-1,0,0,Normal,Normal,0.9999474287033081,1
mqtt_preprocessed_v2.csv,1142,-1,-1,0,0,Normal,Normal,0.999937891960144,1
mqtt_preprocessed_v2.csv,1143,-1,-1,0,0,Normal,Normal,0.9999152421951294,1
mqtt_preprocessed_v2.csv,1144,-1,-1,0,0,Normal,Normal,0.9999357461929321,1
mqtt_preprocessed_v2.csv,1145,-1,-1,0,0,Normal,Normal,0.9999456405639648,1
mqtt_preprocessed_v2.csv,1146,-1,-1,0,0,Normal,Normal,0.9322876930236816,1
mqtt_preprocessed_v2.csv,1147,-1,-1,0,0,Normal,Normal,0.9999200105667114,1
mqtt_preprocessed_v2.csv,1148,-1,-1,0,0,Normal,Normal,0.9997796416282654,1
mqtt_preprocessed_v2.csv,1149,-1,-1,0,0,Normal,Normal,0.9999487400054932,1
mqtt_preprocessed_v2.csv,1150,-1,-1,0,0,Normal,Normal,0.9999364614486694,1
mqtt_preprocessed_v2.csv,1151,-1,-1,0,0,Normal,Normal,0.9999556541442871,1
mqtt_preprocessed_v2.csv,1152,-1,-1,0,0,Normal,Normal,0.9999473094940186,1
mqtt_preprocessed_v2.csv,1153,-1,-1,0,0,Normal,Normal,0.9999351501464844,1
mqtt_preprocessed_v2.csv,1154,-1,-1,0,0,Normal,Normal,0.9999427795410156,1
mqtt_preprocessed_v2.csv,1155,-1,-1,0,0,Normal,Normal,0.999886155128479,1
mqtt_preprocessed_v2.csv,1156,-1,-1,0,0,Normal,Normal,0.9999339580535889,1
mqtt_preprocessed_v2.csv,1157,-1,-1,0,0,Normal,Normal,0.9999440908432007,1
mqtt_preprocessed_v2.csv,1158,-1,-1,0,0,Normal,Normal,0.9999439716339111,1
mqtt_preprocessed_v2.csv,1159,-1,-1,0,0,Normal,Normal,0.9999263286590576,1
mqtt_preprocessed_v2.csv,1160,-1,-1,0,0,Normal,Normal,0.9999467134475708,1
mqtt_preprocessed_v2.csv,1161,-1,-1,0,0,Normal,Normal,0.999496340751648,1
mqtt_preprocessed_v2.csv,1162,-1,-1,0,0,Normal,Normal,0.9999467134475708,1
mqtt_preprocessed_v2.csv,1163,-1,-1,0,0,Normal,Normal,0.9999414682388306,1
mqtt_preprocessed_v2.csv,1164,-1,-1,0,0,Normal,Normal,0.9999316930770874,1
mqtt_preprocessed_v2.csv,1165,-1,-1,0,0,Normal,Normal,0.9999456405639648,1
mqtt_preprocessed_v2.csv,1166,-1,-1,0,0,Normal,Normal,0.9999418258666992,1
mqtt_preprocessed_v2.csv,1167,-1,-1,0,0,Normal,Normal,0.9999498128890991,1
mqtt_preprocessed_v2.csv,1168,-1,-1,0,0,Normal,Normal,0.9999579191207886,1
mqtt_preprocessed_v2.csv,1169,-1,-1,0,0,Normal,Normal,0.9996927976608276,1
mqtt_preprocessed_v2.csv,1170,-1,-1,0,0,Normal,Normal,0.9999439716339111,1
mqtt_preprocessed_v2.csv,1171,-1,-1,0,0,Normal,Normal,0.9999499320983887,1
mqtt_preprocessed_v2.csv,1172,-1,-1,0,0,Normal,Normal,0.9999479055404663,1
mqtt_preprocessed_v2.csv,1173,-1,-1,0,0,Normal,Normal,0.9999464750289917,1
mqtt_preprocessed_v2.csv,1174,-1,-1,0,0,Normal,Normal,0.999940037727356,1
mqtt_preprocessed_v2.csv,1175,-1,-1,0,0,Normal,Normal,0.999941349029541,1
mqtt_preprocessed_v2.csv,1176,-1,-1,0,0,Normal,Normal,0.999945878982544,1
mqtt_preprocessed_v2.csv,1177,-1,-1,0,0,Normal,Normal,0.9999264478683472,1
mqtt_preprocessed_v2.csv,1178,-1,-1,0,0,Normal,Normal,0.9999268054962158,1
mqtt_preprocessed_v2.csv,1179,-1,-1,0,0,Normal,Normal,0.999946117401123,1
mqtt_preprocessed_v2.csv,1180,-1,-1,0,0,Normal,Normal,0.9999542236328125,1
mqtt_preprocessed_v2.csv,1181,-1,-1,0,0,Normal,Normal,0.9999438524246216,1
mqtt_preprocessed_v2.csv,1182,-1,-1,0,0,Normal,Normal,0.999925971031189,1
mqtt_preprocessed_v2.csv,1183,-1,-1,0,0,Normal,Normal,0.999944806098938,1
mqtt_preprocessed_v2.csv,1184,-1,-1,0,0,Normal,Normal,0.9999290704727173,1
mqtt_preprocessed_v2.csv,1185,-1,-1,0,0,Normal,Normal,0.9999426603317261,1
mqtt_preprocessed_v2.csv,1186,-1,-1,0,0,Normal,Normal,0.9999264478683472,1
mqtt_preprocessed_v2.csv,1187,-1,-1,0,0,Normal,Normal,0.9999480247497559,1
mqtt_preprocessed_v2.csv,1188,-1,-1,0,0,Normal,Normal,0.9999474287033081,1
mqtt_preprocessed_v2.csv,1189,-1,-1,0,0,Normal,Normal,0.99991774559021,1
mqtt_preprocessed_v2.csv,1190,-1,-1,0,0,Normal,Normal,0.9992314577102661,1
mqtt_preprocessed_v2.csv,1191,-1,-1,0,0,Normal,Normal,0.9999227523803711,1
mqtt_preprocessed_v2.csv,1192,-1,-1,0,0,Normal,Normal,0.9998369216918945,1
mqtt_preprocessed_v2.csv,1193,-1,-1,0,0,Normal,Normal,0.999492883682251,1
mqtt_preprocessed_v2.csv,1194,-1,-1,0,0,Normal,Normal,0.9999480247497559,1
mqtt_preprocessed_v2.csv,1195,-1,-1,0,0,Normal,Normal,0.9999479055404663,1
mqtt_preprocessed_v2.csv,1196,-1,-1,0,0,Normal,Normal,0.9999468326568604,1
mqtt_preprocessed_v2.csv,1197,-1,-1,0,0,Normal,Normal,0.9999344348907471,1
mqtt_preprocessed_v2.csv,1198,-1,-1,0,0,Normal,Normal,0.9999436140060425,1
mqtt_preprocessed_v2.csv,1199,-1,-1,0,0,Normal,Normal,0.9815198183059692,1
mqtt_preprocessed_v2.csv,1200,-1,-1,0,0,Normal,Normal,0.9996802806854248,1
mqtt_preprocessed_v2.csv,1201,-1,-1,0,0,Normal,Normal,0.9994545578956604,1
mqtt_preprocessed_v2.csv,1202,-1,-1,0,0,Normal,Normal,0.9996844530105591,1
mqtt_preprocessed_v2.csv,1203,-1,-1,0,0,Normal,Normal,0.9992029070854187,1
mqtt_preprocessed_v2.csv,1204,-1,-1,0,0,Normal,Normal,0.9999459981918335,1
mqtt_preprocessed_v2.csv,1205,-1,-1,0,0,Normal,Normal,0.9999583959579468,1
mqtt_preprocessed_v2.csv,1206,-1,-1,0,0,Normal,Normal,0.9999206066131592,1
mqtt_preprocessed_v2.csv,1207,-1,-1,0,0,Normal,Normal,0.9998841285705566,1
mqtt_preprocessed_v2.csv,1208,-1,-1,0,0,Normal,Normal,0.999893069267273,1
mqtt_preprocessed_v2.csv,1209,-1,-1,0,0,Normal,Normal,0.9999430179595947,1
mqtt_preprocessed_v2.csv,1210,-1,-1,0,0,Normal,Normal,0.9999470710754395,1
mqtt_preprocessed_v2.csv,1211,-1,-1,0,0,Normal,Normal,0.9999465942382812,1
mqtt_preprocessed_v2.csv,1212,-1,-1,0,0,Normal,Normal,0.9999276399612427,1
mqtt_preprocessed_v2.csv,1213,-1,-1,0,0,Normal,Normal,0.9999207258224487,1
mqtt_preprocessed_v2.csv,1214,-1,-1,0,0,Normal,Normal,0.9999432563781738,1
mqtt_preprocessed_v2.csv,1215,-1,-1,0,0,Normal,Normal,0.9999445676803589,1
mqtt_preprocessed_v2.csv,1216,-1,-1,0,0,Normal,Normal,0.9999500513076782,1
mqtt_preprocessed_v2.csv,1217,-1,-1,0,0,Normal,Normal,0.9999423027038574,1
mqtt_preprocessed_v2.csv,1218,-1,-1,0,0,Normal,Normal,0.999944806098938,1
mqtt_preprocessed_v2.csv,1219,-1,-1,0,0,Normal,Normal,0.999944806098938,1
mqtt_preprocessed_v2.csv,1220,-1,-1,0,0,Normal,Normal,0.9999431371688843,1
mqtt_preprocessed_v2.csv,1221,-1,-1,0,0,Normal,Normal,0.9999405145645142,1
mqtt_preprocessed_v2.csv,1222,-1,-1,0,0,Normal,Normal,0.9999375343322754,1
mqtt_preprocessed_v2.csv,1223,-1,-1,0,0,Normal,Normal,0.9999089241027832,1
mqtt_preprocessed_v2.csv,1224,-1,-1,0,0,Normal,Normal,0.9976353645324707,1
mqtt_preprocessed_v2.csv,1225,-1,-1,0,0,Normal,Normal,0.9999443292617798,1
mqtt_preprocessed_v2.csv,1226,-1,-1,0,0,Normal,Normal,0.999932050704956,1
mqtt_preprocessed_v2.csv,1227,-1,-1,0,0,Normal,Normal,0.9999265670776367,1
mqtt_preprocessed_v2.csv,1228,-1,-1,0,0,Normal,Normal,0.9997733235359192,1
mqtt_preprocessed_v2.csv,1229,-1,-1,0,0,Normal,Normal,0.9999474287033081,1
mqtt_preprocessed_v2.csv,1230,-1,-1,0,0,Normal,Normal,0.9999561309814453,1
mqtt_preprocessed_v2.csv,1231,-1,-1,0,0,Normal,Normal,0.9999085664749146,1
mqtt_preprocessed_v2.csv,1232,-1,-1,0,0,Normal,Normal,0.9999444484710693,1
mqtt_preprocessed_v2.csv,1233,-1,-1,0,0,Normal,Normal,0.7017460465431213,1
mqtt_preprocessed_v2.csv,1234,-1,-1,0,0,Normal,Normal,0.9999462366104126,1
mqtt_preprocessed_v2.csv,1235,-1,-1,0,0,Normal,Normal,0.9999405145645142,1
mqtt_preprocessed_v2.csv,1236,-1,-1,0,0,Normal,Normal,0.9999465942382812,1
mqtt_preprocessed_v2.csv,1237,-1,-1,0,0,Normal,Normal,0.9999474287033081,1
mqtt_preprocessed_v2.csv,1238,-1,-1,0,0,Normal,Normal,0.9999483823776245,1
mqtt_preprocessed_v2.csv,1239,-1,-1,0,0,Normal,Normal,0.9998451471328735,1
mqtt_preprocessed_v2.csv,1240,-1,-1,0,0,Normal,Normal,0.999956488609314,1
mqtt_preprocessed_v2.csv,1241,-1,-1,0,0,Normal,Normal,0.9999486207962036,1
mqtt_preprocessed_v2.csv,1242,-1,-1,0,0,Normal,Normal,0.9999241828918457,1
mqtt_preprocessed_v2.csv,1243,-1,-1,0,0,Normal,Normal,0.9999324083328247,1
mqtt_preprocessed_v2.csv,1244,-1,-1,0,0,Normal,Normal,0.9999371767044067,1
mqtt_preprocessed_v2.csv,1245,-1,-1,0,0,Normal,Normal,0.9999295473098755,1
mqtt_preprocessed_v2.csv,1246,-1,-1,0,0,Normal,Normal,0.999942421913147,1
mqtt_preprocessed_v2.csv,1247,-1,-1,0,0,Normal,Normal,0.9999265670776367,1
mqtt_preprocessed_v2.csv,1248,-1,-1,0,0,Normal,Normal,0.9999421834945679,1
mqtt_preprocessed_v2.csv,1249,-1,-1,0,0,Normal,Normal,0.9999358654022217,1
mqtt_preprocessed_v2.csv,1250,-1,-1,0,0,Normal,Normal,0.999955415725708,1
mqtt_preprocessed_v2.csv,1251,-1,-1,0,0,Normal,Normal,0.9999409914016724,1
mqtt_preprocessed_v2.csv,1252,-1,-1,0,0,Normal,Normal,0.9999326467514038,1
mqtt_preprocessed_v2.csv,1253,-1,-1,0,0,Normal,Normal,0.9999516010284424,1
mqtt_preprocessed_v2.csv,1254,-1,-1,0,0,Normal,Normal,0.9999457597732544,1
mqtt_preprocessed_v2.csv,1255,-1,-1,0,0,Normal,Normal,0.9999456405639648,1
mqtt_preprocessed_v2.csv,1256,-1,-1,0,0,Normal,Normal,0.9999443292617798,1
mqtt_preprocessed_v2.csv,1257,-1,-1,0,0,Normal,Normal,0.9999281167984009,1
mqtt_preprocessed_v2.csv,1258,-1,-1,0,0,Normal,Normal,0.9999421834945679,1
mqtt_preprocessed_v2.csv,1259,-1,-1,0,0,Normal,Normal,0.9999387264251709,1
mqtt_preprocessed_v2.csv,1260,-1,-1,0,0,Normal,Normal,0.9998923540115356,1
mqtt_preprocessed_v2.csv,1261,-1,-1,0,0,Normal,Normal,0.9999493360519409,1
mqtt_preprocessed_v2.csv,1262,-1,-1,0,0,Normal,Normal,0.9999483823776245,1
mqtt_preprocessed_v2.csv,1263,-1,-1,0,0,Normal,Normal,0.9999366998672485,1
mqtt_preprocessed_v2.csv,1264,-1,-1,0,0,Normal,Normal,0.999930739402771,1
mqtt_preprocessed_v2.csv,1265,-1,-1,0,0,Normal,Normal,0.9999470710754395,1
mqtt_preprocessed_v2.csv,1266,-1,-1,0,0,Normal,Normal,0.999947190284729,1
mqtt_preprocessed_v2.csv,1267,-1,-1,0,0,Normal,Normal,0.999947190284729,1
mqtt_preprocessed_v2.csv,1268,-1,-1,0,0,Normal,Normal,0.9999192953109741,1
mqtt_preprocessed_v2.csv,1269,-1,-1,0,0,Normal,Normal,0.9991663694381714,1
mqtt_preprocessed_v2.csv,1270,-1,-1,0,0,Normal,Normal,0.8868522644042969,1
mqtt_preprocessed_v2.csv,1271,-1,-1,0,0,Normal,Normal,0.9999488592147827,1
mqtt_preprocessed_v2.csv,1272,-1,-1,0,0,Normal,Normal,0.9999456405639648,1
mqtt_preprocessed_v2.csv,1273,-1,-1,0,0,Normal,Normal,0.9999527931213379,1
mqtt_preprocessed_v2.csv,1274,-1,-1,0,0,Normal,Normal,0.9999274015426636,1
mqtt_preprocessed_v2.csv,1275,-1,-1,0,0,Normal,Normal,0.9999302625656128,1
mqtt_preprocessed_v2.csv,1276,-1,-1,0,0,Normal,Normal,0.9999430179595947,1
mqtt_preprocessed_v2.csv,1277,-1,-1,0,0,Normal,Normal,0.9998840093612671,1
mqtt_preprocessed_v2.csv,1278,-1,-1,0,0,Normal,Normal,0.9998946189880371,1
mqtt_preprocessed_v2.csv,1279,-1,-1,0,0,Normal,Normal,0.9998395442962646,1
mqtt_preprocessed_v2.csv,1280,-1,-1,0,0,Normal,Normal,0.9999443292617798,1
mqtt_preprocessed_v2.csv,1281,-1,-1,0,0,Normal,Normal,0.9999474287033081,1
mqtt_preprocessed_v2.csv,1282,-1,-1,0,0,Normal,Normal,0.999891996383667,1
mqtt_preprocessed_v2.csv,1283,-1,-1,0,0,Normal,Normal,0.999956488609314,1
mqtt_preprocessed_v2.csv,1284,-1,-1,0,0,Normal,Normal,0.9994206428527832,1
mqtt_preprocessed_v2.csv,1285,-1,-1,0,0,Normal,Normal,0.9999138116836548,1
mqtt_preprocessed_v2.csv,1286,-1,-1,0,0,Normal,Normal,0.9997624754905701,1
mqtt_preprocessed_v2.csv,1287,-1,-1,0,0,Normal,Normal,0.9999486207962036,1
mqtt_preprocessed_v2.csv,1288,-1,-1,0,0,Normal,Normal,0.9999380111694336,1
mqtt_preprocessed_v2.csv,1289,-1,-1,0,0,Normal,Normal,0.9999451637268066,1
mqtt_preprocessed_v2.csv,1290,-1,-1,0,0,Normal,Normal,0.9997287392616272,1
mqtt_preprocessed_v2.csv,1291,-1,-1,0,0,Normal,Normal,0.9999450445175171,1
mqtt_preprocessed_v2.csv,1292,-1,-1,0,0,Normal,Normal,0.9999003410339355,1
mqtt_preprocessed_v2.csv,1293,-1,-1,0,0,Normal,Normal,0.9998952150344849,1
mqtt_preprocessed_v2.csv,1294,-1,-1,0,0,Normal,Normal,0.9999560117721558,1
mqtt_preprocessed_v2.csv,1295,-1,-1,0,0,Normal,Normal,0.9999459981918335,1
mqtt_preprocessed_v2.csv,1296,-1,-1,0,0,Normal,Normal,0.9999493360519409,1
mqtt_preprocessed_v2.csv,1297,-1,-1,0,0,Normal,Normal,0.9999399185180664,1
mqtt_preprocessed_v2.csv,1298,-1,-1,0,0,Normal,Normal,0.9999459981918335,1
mqtt_preprocessed_v2.csv,1299,-1,-1,0,0,Normal,Normal,0.9999544620513916,1
mqtt_preprocessed_v2.csv,1300,-1,-1,0,0,Normal,Normal,0.9999440908432007,1
mqtt_preprocessed_v2.csv,1301,-1,-1,0,0,Normal,Normal,0.9999440908432007,1
mqtt_preprocessed_v2.csv,1302,-1,-1,0,0,Normal,Normal,0.9995622038841248,1
mqtt_preprocessed_v2.csv,1303,-1,-1,0,0,Normal,Normal,0.9999409914016724,1
mqtt_preprocessed_v2.csv,1304,-1,-1,0,0,Normal,Normal,0.9999480247497559,1
mqtt_preprocessed_v2.csv,1305,-1,-1,0,0,Normal,Normal,0.9999322891235352,1
mqtt_preprocessed_v2.csv,1306,-1,-1,0,0,Normal,Normal,0.9999459981918335,1
mqtt_preprocessed_v2.csv,1307,-1,-1,0,0,Normal,Normal,0.999953031539917,1
mqtt_preprocessed_v2.csv,1308,-1,-1,0,0,Normal,Normal,0.9999470710754395,1
mqtt_preprocessed_v2.csv,1309,-1,-1,0,0,Normal,Normal,0.9999343156814575,1
mqtt_preprocessed_v2.csv,1310,-1,-1,0,0,Normal,Normal,0.9999411106109619,1
mqtt_preprocessed_v2.csv,1311,-1,-1,0,0,Normal,Normal,0.9999293088912964,1
mqtt_preprocessed_v2.csv,1312,-1,-1,0,0,Normal,Normal,0.9999264478683472,1
mqtt_preprocessed_v2.csv,1313,-1,-1,0,0,Normal,Normal,0.999489426612854,1
mqtt_preprocessed_v2.csv,1314,-1,-1,0,0,Normal,Normal,0.9999539852142334,1
mqtt_preprocessed_v2.csv,1315,-1,-1,0,0,Normal,Normal,0.9999517202377319,1
mqtt_preprocessed_v2.csv,1316,-1,-1,0,0,Normal,Normal,0.9999481439590454,1
mqtt_preprocessed_v2.csv,1317,-1,-1,0,0,Normal,Normal,0.9999465942382812,1
mqtt_preprocessed_v2.csv,1318,-1,-1,0,0,Normal,Normal,0.999940037727356,1
mqtt_preprocessed_v2.csv,1319,-1,-1,0,0,Normal,Normal,0.9999417066574097,1
mqtt_preprocessed_v2.csv,1320,-1,-1,0,0,Normal,Normal,0.9999573230743408,1
mqtt_preprocessed_v2.csv,1321,-1,-1,0,0,Normal,Normal,0.9999455213546753,1
mqtt_preprocessed_v2.csv,1322,-1,-1,0,0,Normal,Normal,0.9999443292617798,1
mqtt_preprocessed_v2.csv,1323,-1,-1,0,0,Normal,Normal,0.9997870326042175,1
mqtt_preprocessed_v2.csv,1324,-1,-1,0,0,Normal,Normal,0.9999417066574097,1
mqtt_preprocessed_v2.csv,1325,-1,-1,0,0,Normal,Normal,0.9999525547027588,1
mqtt_preprocessed_v2.csv,1326,-1,-1,0,0,Normal,Normal,0.999944806098938,1
mqtt_preprocessed_v2.csv,1327,-1,-1,0,0,Normal,Normal,0.999932050704956,1
mqtt_preprocessed_v2.csv,1328,-1,-1,0,0,Normal,Normal,0.9997958540916443,1
mqtt_preprocessed_v2.csv,1329,-1,-1,0,0,Normal,Normal,0.9999334812164307,1
mqtt_preprocessed_v2.csv,1330,-1,-1,0,0,Normal,Normal,0.9997716546058655,1
mqtt_preprocessed_v2.csv,1331,-1,-1,0,0,Normal,Normal,0.9998859167098999,1
mqtt_preprocessed_v2.csv,1332,-1,-1,0,0,Normal,Normal,0.9999418258666992,1
mqtt_preprocessed_v2.csv,1333,-1,-1,0,0,Normal,Normal,0.9998452663421631,1
mqtt_preprocessed_v2.csv,1334,-1,-1,0,0,Normal,Normal,0.999539852142334,1
mqtt_preprocessed_v2.csv,1335,-1,-1,0,0,Normal,Normal,0.9999459981918335,1
mqtt_preprocessed_v2.csv,1336,-1,-1,0,0,Normal,Normal,0.9999243021011353,1
mqtt_preprocessed_v2.csv,1337,-1,-1,0,0,Normal,Normal,0.9999462366104126,1
mqtt_preprocessed_v2.csv,1338,-1,-1,0,0,Normal,Normal,0.9999477863311768,1
mqtt_preprocessed_v2.csv,1339,-1,-1,0,0,Normal,Normal,0.999943733215332,1
mqtt_preprocessed_v2.csv,1340,-1,-1,0,0,Normal,Normal,0.9999358654022217,1
mqtt_preprocessed_v2.csv,1341,-1,-1,0,0,Normal,Normal,0.9995997548103333,1
mqtt_preprocessed_v2.csv,1342,-1,-1,0,0,Normal,Normal,0.9999469518661499,1
mqtt_preprocessed_v2.csv,1343,-1,-1,0,0,Normal,Normal,0.9998601675033569,1
mqtt_preprocessed_v2.csv,1344,-1,-1,0,0,Normal,Normal,0.9998902082443237,1
mqtt_preprocessed_v2.csv,1345,-1,-1,0,0,Normal,Normal,0.9999368190765381,1
mqtt_preprocessed_v2.csv,1346,-1,-1,0,0,Normal,Normal,0.9999433755874634,1
mqtt_preprocessed_v2.csv,1347,-1,-1,0,0,Normal,Normal,0.9999468326568604,1
mqtt_preprocessed_v2.csv,1348,-1,-1,0,0,Normal,Normal,0.9999572038650513,1
mqtt_preprocessed_v2.csv,1349,-1,-1,0,0,Normal,Normal,0.999929666519165,1
mqtt_preprocessed_v2.csv,1350,-1,-1,0,0,Normal,Normal,0.9999264478683472,1
mqtt_preprocessed_v2.csv,1351,-1,-1,0,0,Normal,Normal,0.999945878982544,1
mqtt_preprocessed_v2.csv,1352,-1,-1,0,0,Normal,Normal,0.9999114274978638,1
mqtt_preprocessed_v2.csv,1353,-1,-1,0,0,Normal,Normal,0.9999473094940186,1
mqtt_preprocessed_v2.csv,1354,-1,-1,0,0,Normal,Normal,0.9987093210220337,1
mqtt_preprocessed_v2.csv,1355,-1,-1,0,0,Normal,Normal,0.9999555349349976,1
mqtt_preprocessed_v2.csv,1356,-1,-1,0,0,Normal,Normal,0.999916672706604,1
mqtt_preprocessed_v2.csv,1357,-1,-1,0,0,Normal,Normal,0.9999336004257202,1
mqtt_preprocessed_v2.csv,1358,-1,-1,0,0,Normal,Normal,0.9999440908432007,1
mqtt_preprocessed_v2.csv,1359,-1,-1,0,0,Normal,Normal,0.9999263286590576,1
mqtt_preprocessed_v2.csv,1360,-1,-1,0,0,Normal,Normal,0.9998379945755005,1
mqtt_preprocessed_v2.csv,1361,-1,-1,0,0,Normal,Normal,0.9999442100524902,1
mqtt_preprocessed_v2.csv,1362,-1,-1,0,0,Normal,Normal,0.999919056892395,1
mqtt_preprocessed_v2.csv,1363,-1,-1,0,0,Normal,Normal,0.6764008402824402,1
mqtt_preprocessed_v2.csv,1364,-1,-1,0,0,Normal,Normal,0.9999533891677856,1
mqtt_preprocessed_v2.csv,1365,-1,-1,0,0,Normal,Normal,0.9999481439590454,1
mqtt_preprocessed_v2.csv,1366,-1,-1,0,0,Normal,Normal,0.9998917579650879,1
mqtt_preprocessed_v2.csv,1367,-1,-1,0,0,Normal,Normal,0.9998277425765991,1
mqtt_preprocessed_v2.csv,1368,-1,-1,0,0,Normal,Normal,0.9998164772987366,1
mqtt_preprocessed_v2.csv,1369,-1,-1,0,0,Normal,Normal,0.9999572038650513,1
mqtt_preprocessed_v2.csv,1370,-1,-1,0,0,Normal,Normal,0.999824583530426,1
mqtt_preprocessed_v2.csv,1371,-1,-1,0,0,Normal,Normal,0.999943733215332,1
mqtt_preprocessed_v2.csv,1372,-1,-1,0,0,Normal,Normal,0.9997345805168152,1
mqtt_preprocessed_v2.csv,1373,-1,-1,0,0,Normal,Normal,0.9998873472213745,1
mqtt_preprocessed_v2.csv,1374,-1,-1,0,0,Normal,Normal,0.9999562501907349,1
mqtt_preprocessed_v2.csv,1375,-1,-1,0,0,Normal,Normal,0.9999432563781738,1
mqtt_preprocessed_v2.csv,1376,-1,-1,0,0,Normal,Normal,0.9999539852142334,1
mqtt_preprocessed_v2.csv,1377,-1,-1,0,0,Normal,Normal,0.9715558886528015,1
mqtt_preprocessed_v2.csv,1378,-1,-1,0,0,Normal,Normal,0.9999493360519409,1
mqtt_preprocessed_v2.csv,1379,-1,-1,0,0,Normal,Normal,0.9999474287033081,1
mqtt_preprocessed_v2.csv,1380,-1,-1,0,0,Normal,Normal,0.9999474287033081,1
mqtt_preprocessed_v2.csv,1381,-1,-1,0,0,Normal,Normal,0.9998773336410522,1
mqtt_preprocessed_v2.csv,1382,-1,-1,0,0,Normal,Normal,0.999945878982544,1
mqtt_preprocessed_v2.csv,1383,-1,-1,0,0,Normal,Normal,0.9999405145645142,1
mqtt_preprocessed_v2.csv,1384,-1,-1,0,0,Normal,Normal,0.9999418258666992,1
mqtt_preprocessed_v2.csv,1385,-1,-1,0,0,Normal,Normal,0.9999468326568604,1
mqtt_preprocessed_v2.csv,1386,-1,-1,0,0,Normal,Normal,0.9999321699142456,1
mqtt_preprocessed_v2.csv,1387,-1,-1,0,0,Normal,Normal,0.9998308420181274,1
mqtt_preprocessed_v2.csv,1388,-1,-1,0,0,Normal,Normal,0.9999507665634155,1
mqtt_preprocessed_v2.csv,1389,-1,-1,0,0,Normal,Normal,0.9999535083770752,1
mqtt_preprocessed_v2.csv,1390,-1,-1,0,0,Normal,Normal,0.9999463558197021,1
mqtt_preprocessed_v2.csv,1391,-1,-1,0,0,Normal,Normal,0.9999468326568604,1
mqtt_preprocessed_v2.csv,1392,-1,-1,0,0,Normal,Normal,0.999954342842102,1
mqtt_preprocessed_v2.csv,1393,-1,-1,0,0,Normal,Normal,0.9999303817749023,1
mqtt_preprocessed_v2.csv,1394,-1,-1,0,0,Normal,Normal,0.9998059868812561,1
mqtt_preprocessed_v2.csv,1395,-1,-1,0,0,Normal,Normal,0.9999407529830933,1
mqtt_preprocessed_v2.csv,1396,-1,-1,0,0,Normal,Normal,0.9999436140060425,1
mqtt_preprocessed_v2.csv,1397,-1,-1,0,0,Normal,Normal,0.9999457597732544,1
mqtt_preprocessed_v2.csv,1398,-1,-1,0,0,Normal,Normal,0.9999488592147827,1
mqtt_preprocessed_v2.csv,1399,-1,-1,0,0,Normal,Normal,0.9999561309814453,1
mqtt_preprocessed_v2.csv,1400,-1,-1,0,0,Normal,Normal,0.9999396800994873,1
mqtt_preprocessed_v2.csv,1401,-1,-1,0,0,Normal,Normal,0.9989210367202759,1
mqtt_preprocessed_v2.csv,1402,-1,-1,0,0,Normal,Normal,0.9999322891235352,1
mqtt_preprocessed_v2.csv,1403,-1,-1,0,0,Normal,Normal,0.9999549388885498,1
mqtt_preprocessed_v2.csv,1404,-1,-1,0,0,Normal,Normal,0.9999293088912964,1
mqtt_preprocessed_v2.csv,1405,-1,-1,0,0,Normal,Normal,0.9999370574951172,1
mqtt_preprocessed_v2.csv,1406,-1,-1,0,0,Normal,Normal,0.9999518394470215,1
mqtt_preprocessed_v2.csv,1407,-1,-1,0,0,Normal,Normal,0.9992380142211914,1
mqtt_preprocessed_v2.csv,1408,-1,-1,0,0,Normal,Normal,0.9999446868896484,1
mqtt_preprocessed_v2.csv,1409,-1,-1,0,0,Normal,Normal,0.9999473094940186,1
mqtt_preprocessed_v2.csv,1410,-1,-1,0,0,Normal,Normal,0.9986034035682678,1
mqtt_preprocessed_v2.csv,1411,-1,-1,0,0,Normal,Normal,0.9999563694000244,1
mqtt_preprocessed_v2.csv,1412,-1,-1,0,0,Normal,Normal,0.9997227787971497,1
mqtt_preprocessed_v2.csv,1413,-1,-1,0,0,Normal,Normal,0.9999504089355469,1
mqtt_preprocessed_v2.csv,1414,-1,-1,0,0,Normal,Normal,0.999932050704956,1
mqtt_preprocessed_v2.csv,1415,-1,-1,0,0,Normal,Normal,0.999934196472168,1
mqtt_preprocessed_v2.csv,1416,-1,-1,0,0,Normal,Normal,0.9958736300468445,1
mqtt_preprocessed_v2.csv,1417,-1,-1,0,0,Normal,Normal,0.9999467134475708,1
mqtt_preprocessed_v2.csv,1418,-1,-1,0,0,Normal,Normal,0.9999430179595947,1
mqtt_preprocessed_v2.csv,1419,-1,-1,0,0,Normal,Normal,0.9998654127120972,1
mqtt_preprocessed_v2.csv,1420,-1,-1,0,0,Normal,Normal,0.9999488592147827,1
mqtt_preprocessed_v2.csv,1421,-1,-1,0,0,Normal,Normal,0.9999532699584961,1
mqtt_preprocessed_v2.csv,1422,-1,-1,0,0,Normal,Normal,0.999946117401123,1
mqtt_preprocessed_v2.csv,1423,-1,-1,0,0,Normal,Normal,0.9993255138397217,1
mqtt_preprocessed_v2.csv,1424,-1,-1,0,0,Normal,Normal,0.9999459981918335,1
mqtt_preprocessed_v2.csv,1425,-1,-1,0,0,Normal,Normal,0.9999451637268066,1
mqtt_preprocessed_v2.csv,1426,-1,-1,0,0,Normal,Normal,0.9998210072517395,1
mqtt_preprocessed_v2.csv,1427,-1,-1,0,0,Normal,Normal,0.9999531507492065,1
mqtt_preprocessed_v2.csv,1428,-1,-1,0,0,Normal,Normal,0.9999264478683472,1
mqtt_preprocessed_v2.csv,1429,-1,-1,0,0,Normal,Normal,0.9999176263809204,1
mqtt_preprocessed_v2.csv,1430,-1,-1,0,0,Normal,Normal,0.9999547004699707,1
mqtt_preprocessed_v2.csv,1431,-1,-1,0,0,Normal,Normal,0.9998549222946167,1
mqtt_preprocessed_v2.csv,1432,-1,-1,0,0,Normal,Normal,0.9999440908432007,1
mqtt_preprocessed_v2.csv,1433,-1,-1,0,0,Normal,Normal,0.9999467134475708,1
mqtt_preprocessed_v2.csv,1434,-1,-1,0,0,Normal,Normal,0.9999487400054932,1
mqtt_preprocessed_v2.csv,1435,-1,-1,0,0,Normal,Normal,0.999930739402771,1
mqtt_preprocessed_v2.csv,1436,-1,-1,0,0,Normal,Normal,0.9999362230300903,1
mqtt_preprocessed_v2.csv,1437,-1,-1,0,0,Normal,Normal,0.9999452829360962,1
mqtt_preprocessed_v2.csv,1438,-1,-1,0,0,Normal,Normal,0.9999339580535889,1
mqtt_preprocessed_v2.csv,1439,-1,-1,0,0,Normal,Normal,0.9999576807022095,1
mqtt_preprocessed_v2.csv,1440,-1,-1,0,0,Normal,Normal,0.9999215602874756,1
mqtt_preprocessed_v2.csv,1441,-1,-1,0,0,Normal,Normal,0.9999370574951172,1
mqtt_preprocessed_v2.csv,1442,-1,-1,0,0,Normal,Normal,0.9999405145645142,1
mqtt_preprocessed_v2.csv,1443,-1,-1,0,0,Normal,Normal,0.9999419450759888,1
mqtt_preprocessed_v2.csv,1444,-1,-1,0,0,Normal,Normal,0.9999462366104126,1
mqtt_preprocessed_v2.csv,1445,-1,-1,0,0,Normal,Normal,0.9999486207962036,1
mqtt_preprocessed_v2.csv,1446,-1,-1,0,0,Normal,Normal,0.8414471745491028,1
mqtt_preprocessed_v2.csv,1447,-1,-1,0,0,Normal,Normal,0.9999563694000244,1
mqtt_preprocessed_v2.csv,1448,-1,-1,0,0,Normal,Normal,0.9999426603317261,1
mqtt_preprocessed_v2.csv,1449,-1,-1,0,0,Normal,Normal,0.9999465942382812,1
mqtt_preprocessed_v2.csv,1450,-1,-1,0,0,Normal,Normal,0.9991258978843689,1
mqtt_preprocessed_v2.csv,1451,-1,-1,0,0,Normal,Normal,0.9999473094940186,1
mqtt_preprocessed_v2.csv,1452,-1,-1,0,0,Normal,Normal,0.9999475479125977,1
mqtt_preprocessed_v2.csv,1453,-1,-1,0,0,Normal,Normal,0.9999485015869141,1
mqtt_preprocessed_v2.csv,1454,-1,-1,0,0,Normal,Normal,0.9996277093887329,1
mqtt_preprocessed_v2.csv,1455,-1,-1,0,0,Normal,Normal,0.9999581575393677,1
mqtt_preprocessed_v2.csv,1456,-1,-1,0,0,Normal,Normal,0.9999382495880127,1
mqtt_preprocessed_v2.csv,1457,-1,-1,0,0,Normal,Normal,0.9999552965164185,1
mqtt_preprocessed_v2.csv,1458,-1,-1,0,0,Normal,Normal,0.9999258518218994,1
mqtt_preprocessed_v2.csv,1459,-1,-1,0,0,Normal,Normal,0.9999457597732544,1
mqtt_preprocessed_v2.csv,1460,-1,-1,0,0,Normal,Normal,0.9999442100524902,1
mqtt_preprocessed_v2.csv,1461,-1,-1,0,0,Normal,Normal,0.9995330572128296,1
mqtt_preprocessed_v2.csv,1462,-1,-1,0,0,Normal,Normal,0.9999293088912964,1
mqtt_preprocessed_v2.csv,1463,-1,-1,0,0,Normal,Normal,0.9999173879623413,1
mqtt_preprocessed_v2.csv,1464,-1,-1,0,0,Normal,Normal,0.9999415874481201,1
mqtt_preprocessed_v2.csv,1465,-1,-1,0,0,Normal,Normal,0.9999386072158813,1
mqtt_preprocessed_v2.csv,1466,-1,-1,0,0,Normal,Normal,0.9997370839118958,1
mqtt_preprocessed_v2.csv,1467,-1,-1,0,0,Normal,Normal,0.99994957447052,1
mqtt_preprocessed_v2.csv,1468,-1,-1,0,0,Normal,Normal,0.9999412298202515,1
mqtt_preprocessed_v2.csv,1469,-1,-1,0,0,Normal,Normal,0.9999452829360962,1
mqtt_preprocessed_v2.csv,1470,-1,-1,0,0,Normal,Normal,0.9994576573371887,1
mqtt_preprocessed_v2.csv,1471,-1,-1,0,0,Normal,Normal,0.9999475479125977,1
mqtt_preprocessed_v2.csv,1472,-1,-1,0,0,Normal,Normal,0.9999498128890991,1
mqtt_preprocessed_v2.csv,1473,-1,-1,0,0,Normal,Normal,0.9996501207351685,1
mqtt_preprocessed_v2.csv,1474,-1,-1,0,0,Normal,Normal,0.9999566078186035,1
mqtt_preprocessed_v2.csv,1475,-1,-1,0,0,Normal,Normal,0.9999312162399292,1
mqtt_preprocessed_v2.csv,1476,-1,-1,0,0,Normal,Normal,0.9997519850730896,1
mqtt_preprocessed_v2.csv,1477,-1,-1,0,0,Normal,Normal,0.9999352693557739,1
mqtt_preprocessed_v2.csv,1478,-1,-1,0,0,Normal,Normal,0.9997448325157166,1
mqtt_preprocessed_v2.csv,1479,-1,-1,0,0,Normal,Normal,0.9999353885650635,1
mqtt_preprocessed_v2.csv,1480,-1,-1,0,0,Normal,Normal,0.9999310970306396,1
mqtt_preprocessed_v2.csv,1481,-1,-1,0,0,Normal,Normal,0.9998586177825928,1
mqtt_preprocessed_v2.csv,1482,-1,-1,0,0,Normal,Normal,0.9999518394470215,1
mqtt_preprocessed_v2.csv,1483,-1,-1,0,0,Normal,Normal,0.9999222755432129,1
mqtt_preprocessed_v2.csv,1484,-1,-1,0,0,Normal,Normal,0.9999600648880005,1
mqtt_preprocessed_v2.csv,1485,-1,-1,0,0,Normal,Normal,0.9999300241470337,1
mqtt_preprocessed_v2.csv,1486,-1,-1,0,0,Normal,Normal,0.9999467134475708,1
mqtt_preprocessed_v2.csv,1487,-1,-1,0,0,Normal,Normal,0.9999486207962036,1
mqtt_preprocessed_v2.csv,1488,-1,-1,0,0,Normal,Normal,0.9999263286590576,1
mqtt_preprocessed_v2.csv,1489,-1,-1,0,0,Normal,Normal,0.9999381303787231,1
mqtt_preprocessed_v2.csv,1490,-1,-1,0,0,Normal,Normal,0.9999409914016724,1
mqtt_preprocessed_v2.csv,1491,-1,-1,0,0,Normal,Normal,0.9999334812164307,1
mqtt_preprocessed_v2.csv,1492,-1,-1,0,0,Normal,Normal,0.9999444484710693,1
mqtt_preprocessed_v2.csv,1493,-1,-1,0,0,Normal,Normal,0.9999481439590454,1
mqtt_preprocessed_v2.csv,1494,-1,-1,0,0,Normal,Normal,0.9999346733093262,1
mqtt_preprocessed_v2.csv,1495,-1,-1,0,0,Normal,Normal,0.9999562501907349,1
mqtt_preprocessed_v2.csv,1496,-1,-1,0,0,Normal,Normal,0.9998087286949158,1
mqtt_preprocessed_v2.csv,1497,-1,-1,0,0,Normal,Normal,0.9998890161514282,1
mqtt_preprocessed_v2.csv,1498,-1,-1,0,0,Normal,Normal,0.9722719788551331,1
mqtt_preprocessed_v2.csv,1499,-1,-1,0,0,Normal,Normal,0.9999451637268066,1
mqtt_preprocessed_v2.csv,1500,-1,-1,0,0,Normal,Normal,0.9999247789382935,1
mqtt_preprocessed_v2.csv,1501,-1,-1,0,0,Normal,Normal,0.9999346733093262,1
mqtt_preprocessed_v2.csv,1502,-1,-1,0,0,Normal,Normal,0.9999468326568604,1
mqtt_preprocessed_v2.csv,1503,-1,-1,0,0,Normal,Normal,0.9993360638618469,1
mqtt_preprocessed_v2.csv,1504,-1,-1,0,0,Normal,Normal,0.9998922348022461,1
mqtt_preprocessed_v2.csv,1505,-1,-1,0,0,Normal,Normal,0.9999264478683472,1
mqtt_preprocessed_v2.csv,1506,-1,-1,0,0,Normal,Normal,0.9999524354934692,1
mqtt_preprocessed_v2.csv,1507,-1,-1,0,0,Normal,Normal,0.9997976422309875,1
mqtt_preprocessed_v2.csv,1508,-1,-1,0,0,Normal,Normal,0.999925971031189,1
mqtt_preprocessed_v2.csv,1509,-1,-1,0,0,Normal,Normal,0.8959887623786926,1
mqtt_preprocessed_v2.csv,1510,-1,-1,0,0,Normal,Normal,0.999782145023346,1
mqtt_preprocessed_v2.csv,1511,-1,-1,0,0,Normal,Normal,0.9999485015869141,1
mqtt_preprocessed_v2.csv,1512,-1,-1,0,0,Normal,Normal,0.9999531507492065,1
mqtt_preprocessed_v2.csv,1513,-1,-1,0,0,Normal,Normal,0.9999393224716187,1
mqtt_preprocessed_v2.csv,1514,-1,-1,0,0,Normal,Normal,0.9999397993087769,1
mqtt_preprocessed_v2.csv,1515,-1,-1,0,0,Normal,Normal,0.9999538660049438,1
mqtt_preprocessed_v2.csv,1516,-1,-1,0,0,Normal,Normal,0.9998887777328491,1
mqtt_preprocessed_v2.csv,1517,-1,-1,0,0,Normal,Normal,0.9998995065689087,1
mqtt_preprocessed_v2.csv,1518,-1,-1,0,0,Normal,Normal,0.9999301433563232,1
mqtt_preprocessed_v2.csv,1519,-1,-1,0,0,Normal,Normal,0.9996886253356934,1
mqtt_preprocessed_v2.csv,1520,-1,-1,0,0,Normal,Normal,0.9666932225227356,1
mqtt_preprocessed_v2.csv,1521,-1,-1,0,0,Normal,Normal,0.9999262094497681,1
mqtt_preprocessed_v2.csv,1522,-1,-1,0,0,Normal,Normal,0.9999226331710815,1
mqtt_preprocessed_v2.csv,1523,-1,-1,0,0,Normal,Normal,0.9999455213546753,1
mqtt_preprocessed_v2.csv,1524,-1,-1,0,0,Normal,Normal,0.9998779296875,1
mqtt_preprocessed_v2.csv,1525,-1,-1,0,0,Normal,Normal,0.9999467134475708,1
mqtt_preprocessed_v2.csv,1526,-1,-1,0,0,Normal,Normal,0.9999210834503174,1
mqtt_preprocessed_v2.csv,1527,-1,-1,0,0,Normal,Normal,0.9996558427810669,1
mqtt_preprocessed_v2.csv,1528,-1,-1,0,0,Normal,Normal,0.9999504089355469,1
mqtt_preprocessed_v2.csv,1529,-1,-1,0,0,Normal,Normal,0.9999459981918335,1
mqtt_preprocessed_v2.csv,1530,-1,-1,0,0,Normal,Normal,0.9999529123306274,1
mqtt_preprocessed_v2.csv,1531,-1,-1,0,0,Normal,Normal,0.9998136162757874,1
mqtt_preprocessed_v2.csv,1532,-1,-1,0,0,Normal,Normal,0.9999028444290161,1
mqtt_preprocessed_v2.csv,1533,-1,-1,0,0,Normal,Normal,0.9999568462371826,1
mqtt_preprocessed_v2.csv,1534,-1,-1,0,0,Normal,Normal,0.9999334812164307,1
mqtt_preprocessed_v2.csv,1535,-1,-1,0,0,Normal,Normal,0.9999468326568604,1
mqtt_preprocessed_v2.csv,1536,-1,-1,0,0,Normal,Normal,0.9999465942382812,1
mqtt_preprocessed_v2.csv,1537,-1,-1,0,0,Normal,Normal,0.6239385604858398,1
mqtt_preprocessed_v2.csv,1538,-1,-1,0,0,Normal,Normal,0.9999518394470215,1
mqtt_preprocessed_v2.csv,1539,-1,-1,0,0,Normal,Normal,0.9999502897262573,1
mqtt_preprocessed_v2.csv,1540,-1,-1,0,0,Normal,Normal,0.9999247789382935,1
mqtt_preprocessed_v2.csv,1541,-1,-1,0,0,Normal,Normal,0.9997473359107971,1
mqtt_preprocessed_v2.csv,1542,-1,-1,0,0,Normal,Normal,0.9999499320983887,1
mqtt_preprocessed_v2.csv,1543,-1,-1,0,0,Normal,Normal,0.993553876876831,1
mqtt_preprocessed_v2.csv,1544,-1,-1,0,0,Normal,Normal,0.9999386072158813,1
mqtt_preprocessed_v2.csv,1545,-1,-1,0,0,Normal,Normal,0.9999390840530396,1
mqtt_preprocessed_v2.csv,1546,-1,-1,0,0,Normal,Normal,0.9999489784240723,1
mqtt_preprocessed_v2.csv,1547,-1,-1,0,0,Normal,Normal,0.992021381855011,1
mqtt_preprocessed_v2.csv,1548,-1,-1,0,0,Normal,Normal,0.9998915195465088,1
mqtt_preprocessed_v2.csv,1549,-1,-1,0,0,Normal,Normal,0.9999264478683472,1
mqtt_preprocessed_v2.csv,1550,-1,-1,0,0,Normal,Normal,0.9999498128890991,1
mqtt_preprocessed_v2.csv,1551,-1,-1,0,0,Normal,Normal,0.9999486207962036,1
mqtt_preprocessed_v2.csv,1552,-1,-1,0,0,Normal,Normal,0.9999549388885498,1
mqtt_preprocessed_v2.csv,1553,-1,-1,0,0,Normal,Normal,0.9999232292175293,1
mqtt_preprocessed_v2.csv,1554,-1,-1,0,0,Normal,Normal,0.9998602867126465,1
mqtt_preprocessed_v2.csv,1555,-1,-1,0,0,Normal,Normal,0.9999544620513916,1
mqtt_preprocessed_v2.csv,1556,-1,-1,0,0,Normal,Normal,0.9998300075531006,1
mqtt_preprocessed_v2.csv,1557,-1,-1,0,0,Normal,Normal,0.9992026686668396,1
mqtt_preprocessed_v2.csv,1558,-1,-1,0,0,Normal,Normal,0.9999481439590454,1
mqtt_preprocessed_v2.csv,1559,-1,-1,0,0,Normal,Normal,0.9999420642852783,1
mqtt_preprocessed_v2.csv,1560,-1,-1,0,0,Normal,Normal,0.9999483823776245,1
mqtt_preprocessed_v2.csv,1561,-1,-1,0,0,Normal,Normal,0.9997702240943909,1
mqtt_preprocessed_v2.csv,1562,-1,-1,0,0,Normal,Normal,0.9999492168426514,1
mqtt_preprocessed_v2.csv,1563,-1,-1,0,0,Normal,Normal,0.9998874664306641,1
mqtt_preprocessed_v2.csv,1564,-1,-1,0,0,Normal,Normal,0.99994957447052,1
mqtt_preprocessed_v2.csv,1565,-1,-1,0,0,Normal,Normal,0.9999432563781738,1
mqtt_preprocessed_v2.csv,1566,-1,-1,0,0,Normal,Normal,0.9999344348907471,1
mqtt_preprocessed_v2.csv,1567,-1,-1,0,0,Normal,Normal,0.9998549222946167,1
mqtt_preprocessed_v2.csv,1568,-1,-1,0,0,Normal,Normal,0.9999454021453857,1
mqtt_preprocessed_v2.csv,1569,-1,-1,0,0,Normal,Normal,0.9999436140060425,1
mqtt_preprocessed_v2.csv,1570,-1,-1,0,0,Normal,Normal,0.9999531507492065,1
mqtt_preprocessed_v2.csv,1571,-1,-1,0,0,Normal,Normal,0.9996895790100098,1
mqtt_preprocessed_v2.csv,1572,-1,-1,0,0,Normal,Normal,0.9999550580978394,1
mqtt_preprocessed_v2.csv,1573,-1,-1,0,0,Normal,Normal,0.999945878982544,1
mqtt_preprocessed_v2.csv,1574,-1,-1,0,0,Normal,Normal,0.9999452829360962,1
mqtt_preprocessed_v2.csv,1575,-1,-1,0,0,Normal,Normal,0.9999414682388306,1
mqtt_preprocessed_v2.csv,1576,-1,-1,0,0,Normal,Normal,0.9992352724075317,1
mqtt_preprocessed_v2.csv,1577,-1,-1,0,0,Normal,Normal,0.9997653365135193,1
mqtt_preprocessed_v2.csv,1578,-1,-1,0,0,Normal,Normal,0.9999474287033081,1
mqtt_preprocessed_v2.csv,1579,-1,-1,0,0,Normal,Normal,0.9999414682388306,1
mqtt_preprocessed_v2.csv,1580,-1,-1,0,0,Normal,Normal,0.9999510049819946,1
mqtt_preprocessed_v2.csv,1581,-1,-1,0,0,Normal,Normal,0.9999452829360962,1
mqtt_preprocessed_v2.csv,1582,-1,-1,0,0,Normal,Normal,0.9999551773071289,1
mqtt_preprocessed_v2.csv,1583,-1,-1,0,0,Normal,Normal,0.999944806098938,1
mqtt_preprocessed_v2.csv,1584,-1,-1,0,0,Normal,Normal,0.9999386072158813,1
mqtt_preprocessed_v2.csv,1585,-1,-1,0,0,Normal,Normal,0.9999502897262573,1
mqtt_preprocessed_v2.csv,1586,-1,-1,0,0,Normal,Normal,0.9999468326568604,1
mqtt_preprocessed_v2.csv,1587,-1,-1,0,0,Normal,Normal,0.9999548196792603,1
mqtt_preprocessed_v2.csv,1588,-1,-1,0,0,Normal,Normal,0.9999227523803711,1
mqtt_preprocessed_v2.csv,1589,-1,-1,0,0,Normal,Normal,0.9993817806243896,1
mqtt_preprocessed_v2.csv,1590,-1,-1,0,0,Normal,Normal,0.9999347925186157,1
mqtt_preprocessed_v2.csv,1591,-1,-1,0,0,Normal,Normal,0.9999207258224487,1
mqtt_preprocessed_v2.csv,1592,-1,-1,0,0,Normal,Normal,0.9501107931137085,1
mqtt_preprocessed_v2.csv,1593,-1,-1,0,0,Normal,Normal,0.999735414981842,1
mqtt_preprocessed_v2.csv,1594,-1,-1,0,0,Normal,Normal,0.9997567534446716,1
mqtt_preprocessed_v2.csv,1595,-1,-1,0,0,Normal,Normal,0.9999498128890991,1
mqtt_preprocessed_v2.csv,1596,-1,-1,0,0,Normal,Normal,0.9999486207962036,1
mqtt_preprocessed_v2.csv,1597,-1,-1,0,0,Normal,Normal,0.9999539852142334,1
mqtt_preprocessed_v2.csv,1598,-1,-1,0,0,Normal,Normal,0.9999467134475708,1
mqtt_preprocessed_v2.csv,1599,-1,-1,0,0,Normal,Normal,0.9998422861099243,1
mqtt_preprocessed_v2.csv,1600,-1,-1,0,0,Normal,Normal,0.9999388456344604,1
mqtt_preprocessed_v2.csv,1601,-1,-1,0,0,Normal,Normal,0.9998206496238708,1
mqtt_preprocessed_v2.csv,1602,-1,-1,0,0,Normal,Normal,0.9999467134475708,1
mqtt_preprocessed_v2.csv,1603,-1,-1,0,0,Normal,Normal,0.9999300241470337,1
mqtt_preprocessed_v2.csv,1604,-1,-1,0,0,Normal,Normal,0.9997841715812683,1
mqtt_preprocessed_v2.csv,1605,-1,-1,0,0,Normal,Normal,0.9999558925628662,1
mqtt_preprocessed_v2.csv,1606,-1,-1,0,0,Normal,Normal,0.9999443292617798,1
mqtt_preprocessed_v2.csv,1607,-1,-1,0,0,Normal,Normal,0.9999381303787231,1
mqtt_preprocessed_v2.csv,1608,-1,-1,0,0,Normal,Normal,0.9999290704727173,1
mqtt_preprocessed_v2.csv,1609,-1,-1,0,0,Normal,Normal,0.999925971031189,1
mqtt_preprocessed_v2.csv,1610,-1,-1,0,0,Normal,Normal,0.9999239444732666,1
mqtt_preprocessed_v2.csv,1611,-1,-1,0,0,Normal,Normal,0.9999532699584961,1
mqtt_preprocessed_v2.csv,1612,-1,-1,0,0,Normal,Normal,0.999940037727356,1
mqtt_preprocessed_v2.csv,1613,-1,-1,0,0,Normal,Normal,0.9999222755432129,1
mqtt_preprocessed_v2.csv,1614,-1,-1,0,0,Normal,Normal,0.9991760849952698,1
mqtt_preprocessed_v2.csv,1615,-1,-1,0,0,Normal,Normal,0.9999479055404663,1
mqtt_preprocessed_v2.csv,1616,-1,-1,0,0,Normal,Normal,0.999929666519165,1
mqtt_preprocessed_v2.csv,1617,-1,-1,0,0,Normal,Normal,0.9999451637268066,1
mqtt_preprocessed_v2.csv,1618,-1,-1,0,0,Normal,Normal,0.9997283816337585,1
mqtt_preprocessed_v2.csv,1619,-1,-1,0,0,Normal,Normal,0.999609649181366,1
mqtt_preprocessed_v2.csv,1620,-1,-1,0,0,Normal,Normal,0.9999480247497559,1
mqtt_preprocessed_v2.csv,1621,-1,-1,0,0,Normal,Normal,0.9999072551727295,1
mqtt_preprocessed_v2.csv,1622,-1,-1,0,0,Normal,Normal,0.999945878982544,1
mqtt_preprocessed_v2.csv,1623,-1,-1,0,0,Normal,Normal,0.9999432563781738,1
mqtt_preprocessed_v2.csv,1624,-1,-1,0,0,Normal,Normal,0.9999462366104126,1
mqtt_preprocessed_v2.csv,1625,-1,-1,0,0,Normal,Normal,0.9994681477546692,1
mqtt_preprocessed_v2.csv,1626,-1,-1,0,0,Normal,Normal,0.9999291896820068,1
mqtt_preprocessed_v2.csv,1627,-1,-1,0,0,Normal,Normal,0.9999477863311768,1
mqtt_preprocessed_v2.csv,1628,-1,-1,0,0,Normal,Normal,0.9999473094940186,1
mqtt_preprocessed_v2.csv,1629,-1,-1,0,0,Normal,Normal,0.9999369382858276,1
mqtt_preprocessed_v2.csv,1630,-1,-1,0,0,Normal,Normal,0.9999474287033081,1
mqtt_preprocessed_v2.csv,1631,-1,-1,0,0,Normal,Normal,0.9999399185180664,1
mqtt_preprocessed_v2.csv,1632,-1,-1,0,0,Normal,Normal,0.9999382495880127,1
mqtt_preprocessed_v2.csv,1633,-1,-1,0,0,Normal,Normal,0.9999363422393799,1
mqtt_preprocessed_v2.csv,1634,-1,-1,0,0,Normal,Normal,0.9999358654022217,1
mqtt_preprocessed_v2.csv,1635,-1,-1,0,0,Normal,Normal,0.9995263814926147,1
mqtt_preprocessed_v2.csv,1636,-1,-1,0,0,Normal,Normal,0.9999195337295532,1
mqtt_preprocessed_v2.csv,1637,-1,-1,0,0,Normal,Normal,0.9999443292617798,1
mqtt_preprocessed_v2.csv,1638,-1,-1,0,0,Normal,Normal,0.9999423027038574,1
mqtt_preprocessed_v2.csv,1639,-1,-1,0,0,Normal,Normal,0.9999551773071289,1
mqtt_preprocessed_v2.csv,1640,-1,-1,0,0,Normal,Normal,0.9999421834945679,1
mqtt_preprocessed_v2.csv,1641,-1,-1,0,0,Normal,Normal,0.9997598528862,1
mqtt_preprocessed_v2.csv,1642,-1,-1,0,0,Normal,Normal,0.9999419450759888,1
mqtt_preprocessed_v2.csv,1643,-1,-1,0,0,Normal,Normal,0.9999446868896484,1
mqtt_preprocessed_v2.csv,1644,-1,-1,0,0,Normal,Normal,0.9999443292617798,1
mqtt_preprocessed_v2.csv,1645,-1,-1,0,0,Normal,Normal,0.9998975992202759,1
mqtt_preprocessed_v2.csv,1646,-1,-1,0,0,Normal,Normal,0.999955415725708,1
mqtt_preprocessed_v2.csv,1647,-1,-1,0,0,Normal,Normal,0.9990078806877136,1
mqtt_preprocessed_v2.csv,1648,-1,-1,0,0,Normal,Normal,0.9999591112136841,1
mqtt_preprocessed_v2.csv,1649,-1,-1,0,0,Normal,Normal,0.9999383687973022,1
mqtt_preprocessed_v2.csv,1650,-1,-1,0,0,Normal,Normal,0.9999206066131592,1
mqtt_preprocessed_v2.csv,1651,-1,-1,0,0,Normal,Normal,0.9999521970748901,1
mqtt_preprocessed_v2.csv,1652,-1,-1,0,0,Normal,Normal,0.9999344348907471,1
mqtt_preprocessed_v2.csv,1653,-1,-1,0,0,Normal,Normal,0.9999315738677979,1
mqtt_preprocessed_v2.csv,1654,-1,-1,0,0,Normal,Normal,0.9999321699142456,1
mqtt_preprocessed_v2.csv,1655,-1,-1,0,0,Normal,Normal,0.999955415725708,1
mqtt_preprocessed_v2.csv,1656,-1,-1,0,0,Normal,Normal,0.9999343156814575,1
mqtt_preprocessed_v2.csv,1657,-1,-1,0,0,Normal,Normal,0.9999210834503174,1
mqtt_preprocessed_v2.csv,1658,-1,-1,0,0,Normal,Normal,0.9998637437820435,1
mqtt_preprocessed_v2.csv,1659,-1,-1,0,0,Normal,Normal,0.9999326467514038,1
mqtt_preprocessed_v2.csv,1660,-1,-1,0,0,Normal,Normal,0.9999464750289917,1
mqtt_preprocessed_v2.csv,1661,-1,-1,0,0,Normal,Normal,0.9999204874038696,1
mqtt_preprocessed_v2.csv,1662,-1,-1,0,0,Normal,Normal,0.9999456405639648,1
mqtt_preprocessed_v2.csv,1663,-1,-1,0,0,Normal,Normal,0.9999434947967529,1
mqtt_preprocessed_v2.csv,1664,-1,-1,0,0,Normal,Normal,0.9999103546142578,1
mqtt_preprocessed_v2.csv,1665,-1,-1,0,0,Normal,Normal,0.999943733215332,1
mqtt_preprocessed_v2.csv,1666,-1,-1,0,0,Normal,Normal,0.9999263286590576,1
mqtt_preprocessed_v2.csv,1667,-1,-1,0,0,Normal,Normal,0.9999343156814575,1
mqtt_preprocessed_v2.csv,1668,-1,-1,0,0,Normal,Normal,0.9999479055404663,1
mqtt_preprocessed_v2.csv,1669,-1,-1,0,0,Normal,Normal,0.9999445676803589,1
mqtt_preprocessed_v2.csv,1670,-1,-1,0,0,Normal,Normal,0.99992835521698,1
mqtt_preprocessed_v2.csv,1671,-1,-1,0,0,Normal,Normal,0.9999390840530396,1
mqtt_preprocessed_v2.csv,1672,-1,-1,0,0,Normal,Normal,0.9999438524246216,1
mqtt_preprocessed_v2.csv,1673,-1,-1,0,0,Normal,Normal,0.9999372959136963,1
mqtt_preprocessed_v2.csv,1674,-1,-1,0,0,Normal,Normal,0.9999476671218872,1
mqtt_preprocessed_v2.csv,1675,-1,-1,0,0,Normal,Normal,0.9999126195907593,1
mqtt_preprocessed_v2.csv,1676,-1,-1,0,0,Normal,Normal,0.9999492168426514,1
mqtt_preprocessed_v2.csv,1677,-1,-1,0,0,Normal,Normal,0.9999312162399292,1
mqtt_preprocessed_v2.csv,1678,-1,-1,0,0,Normal,Normal,0.9998478889465332,1
mqtt_preprocessed_v2.csv,1679,-1,-1,0,0,Normal,Normal,0.9999454021453857,1
mqtt_preprocessed_v2.csv,1680,-1,-1,0,0,Normal,Normal,0.9999475479125977,1
mqtt_preprocessed_v2.csv,1681,-1,-1,0,0,Normal,Normal,0.9999262094497681,1
mqtt_preprocessed_v2.csv,1682,-1,-1,0,0,Normal,Normal,0.999947190284729,1
mqtt_preprocessed_v2.csv,1683,-1,-1,0,0,Normal,Normal,0.9998722076416016,1
mqtt_preprocessed_v2.csv,1684,-1,-1,0,0,Normal,Normal,0.9993554949760437,1
mqtt_preprocessed_v2.csv,1685,-1,-1,0,0,Normal,Normal,0.9999450445175171,1
mqtt_preprocessed_v2.csv,1686,-1,-1,0,0,Normal,Normal,0.9999457597732544,1
mqtt_preprocessed_v2.csv,1687,-1,-1,0,0,Normal,Normal,0.9999020099639893,1
mqtt_preprocessed_v2.csv,1688,-1,-1,0,0,Normal,Normal,0.9999332427978516,1
mqtt_preprocessed_v2.csv,1689,-1,-1,0,0,Normal,Normal,0.9999449253082275,1
mqtt_preprocessed_v2.csv,1690,-1,-1,0,0,Normal,Normal,0.999941349029541,1
mqtt_preprocessed_v2.csv,1691,-1,-1,0,0,Normal,Normal,0.9999343156814575,1
mqtt_preprocessed_v2.csv,1692,-1,-1,0,0,Normal,Normal,0.9998205304145813,1
mqtt_preprocessed_v2.csv,1693,-1,-1,0,0,Normal,Normal,0.9999128580093384,1
mqtt_preprocessed_v2.csv,1694,-1,-1,0,0,Normal,Normal,0.9999500513076782,1
mqtt_preprocessed_v2.csv,1695,-1,-1,0,0,Normal,Normal,0.9999264478683472,1
mqtt_preprocessed_v2.csv,1696,-1,-1,0,0,Normal,Normal,0.9999563694000244,1
mqtt_preprocessed_v2.csv,1697,-1,-1,0,0,Normal,Normal,0.9998931884765625,1
mqtt_preprocessed_v2.csv,1698,-1,-1,0,0,Normal,Normal,0.9998977184295654,1
mqtt_preprocessed_v2.csv,1699,-1,-1,0,0,Normal,Normal,0.9999459981918335,1
mqtt_preprocessed_v2.csv,1700,-1,-1,0,0,Normal,Normal,0.9999264478683472,1
mqtt_preprocessed_v2.csv,1701,-1,-1,0,0,Normal,Normal,0.9998313188552856,1
mqtt_preprocessed_v2.csv,1702,-1,-1,0,0,Normal,Normal,0.999932050704956,1
mqtt_preprocessed_v2.csv,1703,-1,-1,0,0,Normal,Normal,0.9999473094940186,1
mqtt_preprocessed_v2.csv,1704,-1,-1,0,0,Normal,Normal,0.999925971031189,1
mqtt_preprocessed_v2.csv,1705,-1,-1,0,0,Normal,Normal,0.9998537302017212,1
mqtt_preprocessed_v2.csv,1706,-1,-1,0,0,Normal,Normal,0.9999396800994873,1
mqtt_preprocessed_v2.csv,1707,-1,-1,0,0,Normal,Normal,0.9999302625656128,1
mqtt_preprocessed_v2.csv,1708,-1,-1,0,0,Normal,Normal,0.9999421834945679,1
mqtt_preprocessed_v2.csv,1709,-1,-1,0,0,Normal,Normal,0.9994884729385376,1
mqtt_preprocessed_v2.csv,1710,-1,-1,0,0,Normal,Normal,0.9999315738677979,1
mqtt_preprocessed_v2.csv,1711,-1,-1,0,0,Normal,Normal,0.999943733215332,1
mqtt_preprocessed_v2.csv,1712,-1,-1,0,0,Normal,Normal,0.9999476671218872,1
mqtt_preprocessed_v2.csv,1713,-1,-1,0,0,Normal,Normal,0.9999492168426514,1
mqtt_preprocessed_v2.csv,1714,-1,-1,0,0,Normal,Normal,0.9999419450759888,1
mqtt_preprocessed_v2.csv,1715,-1,-1,0,0,Normal,Normal,0.9999270439147949,1
mqtt_preprocessed_v2.csv,1716,-1,-1,0,0,Normal,Normal,0.9999520778656006,1
mqtt_preprocessed_v2.csv,1717,-1,-1,0,0,Normal,Normal,0.9997751116752625,1
mqtt_preprocessed_v2.csv,1718,-1,-1,0,0,Normal,Normal,0.9999450445175171,1
mqtt_preprocessed_v2.csv,1719,-1,-1,0,0,Normal,Normal,0.9999468326568604,1
mqtt_preprocessed_v2.csv,1720,-1,-1,0,0,Normal,Normal,0.9999388456344604,1
mqtt_preprocessed_v2.csv,1721,-1,-1,0,0,Normal,Normal,0.9999412298202515,1
mqtt_preprocessed_v2.csv,1722,-1,-1,0,0,Normal,Normal,0.9999264478683472,1
mqtt_preprocessed_v2.csv,1723,-1,-1,0,0,Normal,Normal,0.9999440908432007,1
mqtt_preprocessed_v2.csv,1724,-1,-1,0,0,Normal,Normal,0.9999048709869385,1
mqtt_preprocessed_v2.csv,1725,-1,-1,0,0,Normal,Normal,0.9998301267623901,1
mqtt_preprocessed_v2.csv,1726,-1,-1,0,0,Normal,Normal,0.9999467134475708,1
mqtt_preprocessed_v2.csv,1727,-1,-1,0,0,Normal,Normal,0.999916672706604,1
mqtt_preprocessed_v2.csv,1728,-1,-1,0,0,Normal,Normal,0.9998443126678467,1
mqtt_preprocessed_v2.csv,1729,-1,-1,0,0,Normal,Normal,0.9999251365661621,1
mqtt_preprocessed_v2.csv,1730,-1,-1,0,0,Normal,Normal,0.9999456405639648,1
mqtt_preprocessed_v2.csv,1731,-1,-1,0,0,Normal,Normal,0.9999479055404663,1
mqtt_preprocessed_v2.csv,1732,-1,-1,0,0,Normal,Normal,0.9457409977912903,1
mqtt_preprocessed_v2.csv,1733,-1,-1,0,0,Normal,Normal,0.9999531507492065,1
mqtt_preprocessed_v2.csv,1734,-1,-1,0,0,Normal,Normal,0.9999431371688843,1
mqtt_preprocessed_v2.csv,1735,-1,-1,0,0,Normal,Normal,0.9999264478683472,1
mqtt_preprocessed_v2.csv,1736,-1,-1,0,0,Normal,Normal,0.999942421913147,1
mqtt_preprocessed_v2.csv,1737,-1,-1,0,0,Normal,Normal,0.9999402761459351,1
mqtt_preprocessed_v2.csv,1738,-1,-1,0,0,Normal,Normal,0.933368444442749,1
mqtt_preprocessed_v2.csv,1739,-1,-1,0,0,Normal,Normal,0.999944806098938,1
mqtt_preprocessed_v2.csv,1740,-1,-1,0,0,Normal,Normal,0.9999264478683472,1
mqtt_preprocessed_v2.csv,1741,-1,-1,0,0,Normal,Normal,0.9999220371246338,1
mqtt_preprocessed_v2.csv,1742,-1,-1,0,0,Normal,Normal,0.9998378753662109,1
mqtt_preprocessed_v2.csv,1743,-1,-1,0,0,Normal,Normal,0.9999293088912964,1
mqtt_preprocessed_v2.csv,1744,-1,-1,0,0,Normal,Normal,0.9999475479125977,1
mqtt_preprocessed_v2.csv,1745,-1,-1,0,0,Normal,Normal,0.9999475479125977,1
mqtt_preprocessed_v2.csv,1746,-1,-1,0,0,Normal,Normal,0.9999493360519409,1
mqtt_preprocessed_v2.csv,1747,-1,-1,0,0,Normal,Normal,0.9999402761459351,1
mqtt_preprocessed_v2.csv,1748,-1,-1,0,0,Normal,Normal,0.9999409914016724,1
mqtt_preprocessed_v2.csv,1749,-1,-1,0,0,Normal,Normal,0.999924898147583,1
mqtt_preprocessed_v2.csv,1750,-1,-1,0,0,Normal,Normal,0.9999529123306274,1
mqtt_preprocessed_v2.csv,1751,-1,-1,0,0,Normal,Normal,0.9999237060546875,1
mqtt_preprocessed_v2.csv,1752,-1,-1,0,0,Normal,Normal,0.9999192953109741,1
mqtt_preprocessed_v2.csv,1753,-1,-1,0,0,Normal,Normal,0.9999154806137085,1
mqtt_preprocessed_v2.csv,1754,-1,-1,0,0,Normal,Normal,0.9999439716339111,1
mqtt_preprocessed_v2.csv,1755,-1,-1,0,0,Normal,Normal,0.9999454021453857,1
mqtt_preprocessed_v2.csv,1756,-1,-1,0,0,Normal,Normal,0.9999434947967529,1
mqtt_preprocessed_v2.csv,1757,-1,-1,0,0,Normal,Normal,0.9999361038208008,1
mqtt_preprocessed_v2.csv,1758,-1,-1,0,0,Normal,Normal,0.9999568462371826,1
mqtt_preprocessed_v2.csv,1759,-1,-1,0,0,Normal,Normal,0.9999439716339111,1
mqtt_preprocessed_v2.csv,1760,-1,-1,0,0,Normal,Normal,0.9999446868896484,1
mqtt_preprocessed_v2.csv,1761,-1,-1,0,0,Normal,Normal,0.9999485015869141,1
mqtt_preprocessed_v2.csv,1762,-1,-1,0,0,Normal,Normal,0.9998098015785217,1
mqtt_preprocessed_v2.csv,1763,-1,-1,0,0,Normal,Normal,0.9999380111694336,1
mqtt_preprocessed_v2.csv,1764,-1,-1,0,0,Normal,Normal,0.9999396800994873,1
mqtt_preprocessed_v2.csv,1765,-1,-1,0,0,Normal,Normal,0.9999570846557617,1
mqtt_preprocessed_v2.csv,1766,-1,-1,0,0,Normal,Normal,0.999942421913147,1
mqtt_preprocessed_v2.csv,1767,-1,-1,0,0,Normal,Normal,0.9999468326568604,1
mqtt_preprocessed_v2.csv,1768,-1,-1,0,0,Normal,Normal,0.999936580657959,1
mqtt_preprocessed_v2.csv,1769,-1,-1,0,0,Normal,Normal,0.9999439716339111,1
mqtt_preprocessed_v2.csv,1770,-1,-1,0,0,Normal,Normal,0.999956488609314,1
mqtt_preprocessed_v2.csv,1771,-1,-1,0,0,Normal,Normal,0.9999504089355469,1
mqtt_preprocessed_v2.csv,1772,-1,-1,0,0,Normal,Normal,0.9999552965164185,1
mqtt_preprocessed_v2.csv,1773,-1,-1,0,0,Normal,Normal,0.9999263286590576,1
mqtt_preprocessed_v2.csv,1774,-1,-1,0,0,Normal,Normal,0.9999346733093262,1
mqtt_preprocessed_v2.csv,1775,-1,-1,0,0,Normal,Normal,0.9999567270278931,1
mqtt_preprocessed_v2.csv,1776,-1,-1,0,0,Normal,Normal,0.9997913241386414,1
mqtt_preprocessed_v2.csv,1777,-1,-1,0,0,Normal,Normal,0.9999438524246216,1
mqtt_preprocessed_v2.csv,1778,-1,-1,0,0,Normal,Normal,0.9999489784240723,1
mqtt_preprocessed_v2.csv,1779,-1,-1,0,0,Normal,Normal,0.9999488592147827,1
mqtt_preprocessed_v2.csv,1780,-1,-1,0,0,Normal,Normal,0.9999493360519409,1
mqtt_preprocessed_v2.csv,1781,-1,-1,0,0,Normal,Normal,0.9999464750289917,1
mqtt_preprocessed_v2.csv,1782,-1,-1,0,0,Normal,Normal,0.9999394416809082,1
mqtt_preprocessed_v2.csv,1783,-1,-1,0,0,Normal,Normal,0.99988853931427,1
mqtt_preprocessed_v2.csv,1784,-1,-1,0,0,Normal,Normal,0.9999480247497559,1
mqtt_preprocessed_v2.csv,1785,-1,-1,0,0,Normal,Normal,0.9988640546798706,1
mqtt_preprocessed_v2.csv,1786,-1,-1,0,0,Normal,Normal,0.9999467134475708,1
mqtt_preprocessed_v2.csv,1787,-1,-1,0,0,Normal,Normal,0.9999427795410156,1
mqtt_preprocessed_v2.csv,1788,-1,-1,0,0,Normal,Normal,0.9999488592147827,1
mqtt_preprocessed_v2.csv,1789,-1,-1,0,0,Normal,Normal,0.9999310970306396,1
mqtt_preprocessed_v2.csv,1790,-1,-1,0,0,Normal,Normal,0.9997923970222473,1
mqtt_preprocessed_v2.csv,1791,-1,-1,0,0,Normal,Normal,0.9999502897262573,1
mqtt_preprocessed_v2.csv,1792,-1,-1,0,0,Normal,Normal,0.9986044764518738,1
mqtt_preprocessed_v2.csv,1793,-1,-1,0,0,Normal,Normal,0.999954342842102,1
mqtt_preprocessed_v2.csv,1794,-1,-1,0,0,Normal,Normal,0.9999511241912842,1
mqtt_preprocessed_v2.csv,1795,-1,-1,0,0,Normal,Normal,0.9042927026748657,1
mqtt_preprocessed_v2.csv,1796,-1,-1,0,0,Normal,Normal,0.9997709393501282,1
mqtt_preprocessed_v2.csv,1797,-1,-1,0,0,Normal,Normal,0.9998924732208252,1
mqtt_preprocessed_v2.csv,1798,-1,-1,0,0,Normal,Normal,0.9998478889465332,1
mqtt_preprocessed_v2.csv,1799,-1,-1,0,0,Normal,Normal,0.9089177250862122,1
mqtt_preprocessed_v2.csv,1800,-1,-1,0,0,Normal,Normal,0.9999567270278931,1
mqtt_preprocessed_v2.csv,1801,-1,-1,0,0,Normal,Normal,0.9999450445175171,1
mqtt_preprocessed_v2.csv,1802,-1,-1,0,0,Normal,Normal,0.9999262094497681,1
mqtt_preprocessed_v2.csv,1803,-1,-1,0,0,Normal,Normal,0.9998981952667236,1
mqtt_preprocessed_v2.csv,1804,-1,-1,0,0,Normal,Normal,0.9999550580978394,1
mqtt_preprocessed_v2.csv,1805,-1,-1,0,0,Normal,Normal,0.9999450445175171,1
mqtt_preprocessed_v2.csv,1806,-1,-1,0,0,Normal,Normal,0.9999549388885498,1
mqtt_preprocessed_v2.csv,1807,-1,-1,0,0,Normal,Normal,0.9999477863311768,1
mqtt_preprocessed_v2.csv,1808,-1,-1,0,0,Normal,Normal,0.9999383687973022,1
mqtt_preprocessed_v2.csv,1809,-1,-1,0,0,Normal,Normal,0.9999521970748901,1
mqtt_preprocessed_v2.csv,1810,-1,-1,0,0,Normal,Normal,0.9999450445175171,1
mqtt_preprocessed_v2.csv,1811,-1,-1,0,0,Normal,Normal,0.9999231100082397,1
mqtt_preprocessed_v2.csv,1812,-1,-1,0,0,Normal,Normal,0.9999397993087769,1
mqtt_preprocessed_v2.csv,1813,-1,-1,0,0,Normal,Normal,0.9999405145645142,1
mqtt_preprocessed_v2.csv,1814,-1,-1,0,0,Normal,Normal,0.999893069267273,1
mqtt_preprocessed_v2.csv,1815,-1,-1,0,0,Normal,Normal,0.9999535083770752,1
mqtt_preprocessed_v2.csv,1816,-1,-1,0,0,Normal,Normal,0.9997267127037048,1
mqtt_preprocessed_v2.csv,1817,-1,-1,0,0,Normal,Normal,0.999946117401123,1
mqtt_preprocessed_v2.csv,1818,-1,-1,0,0,Normal,Normal,0.9999414682388306,1
mqtt_preprocessed_v2.csv,1819,-1,-1,0,0,Normal,Normal,0.9998819828033447,1
mqtt_preprocessed_v2.csv,1820,-1,-1,0,0,Normal,Normal,0.9999446868896484,1
mqtt_preprocessed_v2.csv,1821,-1,-1,0,0,Normal,Normal,0.9999510049819946,1
mqtt_preprocessed_v2.csv,1822,-1,-1,0,0,Normal,Normal,0.9999030828475952,1
mqtt_preprocessed_v2.csv,1823,-1,-1,0,0,Normal,Normal,0.9999450445175171,1
mqtt_preprocessed_v2.csv,1824,-1,-1,0,0,Normal,Normal,0.9996986389160156,1
mqtt_preprocessed_v2.csv,1825,-1,-1,0,0,Normal,Normal,0.999832272529602,1
mqtt_preprocessed_v2.csv,1826,-1,-1,0,0,Normal,Normal,0.9994008541107178,1
mqtt_preprocessed_v2.csv,1827,-1,-1,0,0,Normal,Normal,0.9999476671218872,1
mqtt_preprocessed_v2.csv,1828,-1,-1,0,0,Normal,Normal,0.8661678433418274,1
mqtt_preprocessed_v2.csv,1829,-1,-1,0,0,Normal,Normal,0.9999464750289917,1
mqtt_preprocessed_v2.csv,1830,-1,-1,0,0,Normal,Normal,0.9999467134475708,1
mqtt_preprocessed_v2.csv,1831,-1,-1,0,0,Normal,Normal,0.9998401403427124,1
mqtt_preprocessed_v2.csv,1832,-1,-1,0,0,Normal,Normal,0.9998853206634521,1
mqtt_preprocessed_v2.csv,1833,-1,-1,0,0,Normal,Normal,0.9999446868896484,1
mqtt_preprocessed_v2.csv,1834,-1,-1,0,0,Normal,Normal,0.9997524619102478,1
mqtt_preprocessed_v2.csv,1835,-1,-1,0,0,Normal,Normal,0.999942421913147,1
mqtt_preprocessed_v2.csv,1836,-1,-1,0,0,Normal,Normal,0.9999470710754395,1
mqtt_preprocessed_v2.csv,1837,-1,-1,0,0,Normal,Normal,0.9999374151229858,1
mqtt_preprocessed_v2.csv,1838,-1,-1,0,0,Normal,Normal,0.9999276399612427,1
mqtt_preprocessed_v2.csv,1839,-1,-1,0,0,Normal,Normal,0.9999405145645142,1
mqtt_preprocessed_v2.csv,1840,-1,-1,0,0,Normal,Normal,0.9161297678947449,1
mqtt_preprocessed_v2.csv,1841,-1,-1,0,0,Normal,Normal,0.9999361038208008,1
mqtt_preprocessed_v2.csv,1842,-1,-1,0,0,Normal,Normal,0.9999428987503052,1
mqtt_preprocessed_v2.csv,1843,-1,-1,0,0,Normal,Normal,0.9999594688415527,1
mqtt_preprocessed_v2.csv,1844,-1,-1,0,0,Normal,Normal,0.9999346733093262,1
mqtt_preprocessed_v2.csv,1845,-1,-1,0,0,Normal,Normal,0.9999181032180786,1
mqtt_preprocessed_v2.csv,1846,-1,-1,0,0,Normal,Normal,0.9999309778213501,1
mqtt_preprocessed_v2.csv,1847,-1,-1,0,0,Normal,Normal,0.9999467134475708,1
mqtt_preprocessed_v2.csv,1848,-1,-1,0,0,Normal,Normal,0.9999368190765381,1
mqtt_preprocessed_v2.csv,1849,-1,-1,0,0,Normal,Normal,0.9999158382415771,1
mqtt_preprocessed_v2.csv,1850,-1,-1,0,0,Normal,Normal,0.7177172899246216,1
mqtt_preprocessed_v2.csv,1851,-1,-1,0,0,Normal,Normal,0.9998410940170288,1
mqtt_preprocessed_v2.csv,1852,-1,-1,0,0,Normal,Normal,0.9983939528465271,1
mqtt_preprocessed_v2.csv,1853,-1,-1,0,0,Normal,Normal,0.9999423027038574,1
mqtt_preprocessed_v2.csv,1854,-1,-1,0,0,Normal,Normal,0.9999573230743408,1
mqtt_preprocessed_v2.csv,1855,-1,-1,0,0,Normal,Normal,0.9999045133590698,1
mqtt_preprocessed_v2.csv,1856,-1,-1,0,0,Normal,Normal,0.9997761845588684,1
mqtt_preprocessed_v2.csv,1857,-1,-1,0,0,Normal,Normal,0.9999417066574097,1
mqtt_preprocessed_v2.csv,1858,-1,-1,0,0,Normal,Normal,0.9999446868896484,1
mqtt_preprocessed_v2.csv,1859,-1,-1,0,0,Normal,Normal,0.9999445676803589,1
mqtt_preprocessed_v2.csv,1860,-1,-1,0,0,Normal,Normal,0.9997921586036682,1
mqtt_preprocessed_v2.csv,1861,-1,-1,0,0,Normal,Normal,0.9999159574508667,1
mqtt_preprocessed_v2.csv,1862,-1,-1,0,0,Normal,Normal,0.9999490976333618,1
mqtt_preprocessed_v2.csv,1863,-1,-1,0,0,Normal,Normal,0.9999313354492188,1
mqtt_preprocessed_v2.csv,1864,-1,-1,0,0,Normal,Normal,0.9613696932792664,1
mqtt_preprocessed_v2.csv,1865,-1,-1,0,0,Normal,Normal,0.9999449253082275,1
mqtt_preprocessed_v2.csv,1866,-1,-1,0,0,Normal,Normal,0.9999475479125977,1
mqtt_preprocessed_v2.csv,1867,-1,-1,0,0,Normal,Normal,0.999946117401123,1
mqtt_preprocessed_v2.csv,1868,-1,-1,0,0,Normal,Normal,0.9999524354934692,1
mqtt_preprocessed_v2.csv,1869,-1,-1,0,0,Normal,Normal,0.9999532699584961,1
mqtt_preprocessed_v2.csv,1870,-1,-1,0,0,Normal,Normal,0.999935507774353,1
mqtt_preprocessed_v2.csv,1871,-1,-1,0,0,Normal,Normal,0.9999470710754395,1
mqtt_preprocessed_v2.csv,1872,-1,-1,0,0,Normal,Normal,0.9999450445175171,1
mqtt_preprocessed_v2.csv,1873,-1,-1,0,0,Normal,Normal,0.9999263286590576,1
mqtt_preprocessed_v2.csv,1874,-1,-1,0,0,Normal,Normal,0.9998669624328613,1
mqtt_preprocessed_v2.csv,1875,-1,-1,0,0,Normal,Normal,0.9999374151229858,1
mqtt_preprocessed_v2.csv,1876,-1,-1,0,0,Normal,Normal,0.9999434947967529,1
mqtt_preprocessed_v2.csv,1877,-1,-1,0,0,Normal,Normal,0.9998869895935059,1
mqtt_preprocessed_v2.csv,1878,-1,-1,0,0,Normal,Normal,0.9999485015869141,1
mqtt_preprocessed_v2.csv,1879,-1,-1,0,0,Normal,Normal,0.9999412298202515,1
mqtt_preprocessed_v2.csv,1880,-1,-1,0,0,Normal,Normal,0.9997523427009583,1
mqtt_preprocessed_v2.csv,1881,-1,-1,0,0,Normal,Normal,0.9999401569366455,1
mqtt_preprocessed_v2.csv,1882,-1,-1,0,0,Normal,Normal,0.9998350143432617,1
mqtt_preprocessed_v2.csv,1883,-1,-1,0,0,Normal,Normal,0.9999338388442993,1
mqtt_preprocessed_v2.csv,1884,-1,-1,0,0,Normal,Normal,0.9999363422393799,1
mqtt_preprocessed_v2.csv,1885,-1,-1,0,0,Normal,Normal,0.9999184608459473,1
mqtt_preprocessed_v2.csv,1886,-1,-1,0,0,Normal,Normal,0.9998378753662109,1
mqtt_preprocessed_v2.csv,1887,-1,-1,0,0,Normal,Normal,0.9999477863311768,1
mqtt_preprocessed_v2.csv,1888,-1,-1,0,0,Normal,Normal,0.9989134073257446,1
mqtt_preprocessed_v2.csv,1889,-1,-1,0,0,Normal,Normal,0.9999245405197144,1
mqtt_preprocessed_v2.csv,1890,-1,-1,0,0,Normal,Normal,0.9999262094497681,1
mqtt_preprocessed_v2.csv,1891,-1,-1,0,0,Normal,Normal,0.9998083710670471,1
mqtt_preprocessed_v2.csv,1892,-1,-1,0,0,Normal,Normal,0.9999402761459351,1
mqtt_preprocessed_v2.csv,1893,-1,-1,0,0,Normal,Normal,0.9999207258224487,1
mqtt_preprocessed_v2.csv,1894,-1,-1,0,0,Normal,Normal,0.999908447265625,1
mqtt_preprocessed_v2.csv,1895,-1,-1,0,0,Normal,Normal,0.9999465942382812,1
mqtt_preprocessed_v2.csv,1896,-1,-1,0,0,Normal,Normal,0.9999480247497559,1
mqtt_preprocessed_v2.csv,1897,-1,-1,0,0,Normal,Normal,0.9999212026596069,1
mqtt_preprocessed_v2.csv,1898,-1,-1,0,0,Normal,Normal,0.9999561309814453,1
mqtt_preprocessed_v2.csv,1899,-1,-1,0,0,Normal,Normal,0.9999260902404785,1
mqtt_preprocessed_v2.csv,1900,-1,-1,0,0,Normal,Normal,0.9999542236328125,1
mqtt_preprocessed_v2.csv,1901,-1,-1,0,0,Normal,Normal,0.9999431371688843,1
mqtt_preprocessed_v2.csv,1902,-1,-1,0,0,Normal,Normal,0.9999021291732788,1
mqtt_preprocessed_v2.csv,1903,-1,-1,0,0,Normal,Normal,0.9999402761459351,1
mqtt_preprocessed_v2.csv,1904,-1,-1,0,0,Normal,Normal,0.9999237060546875,1
mqtt_preprocessed_v2.csv,1905,-1,-1,0,0,Normal,Normal,0.9999487400054932,1
mqtt_preprocessed_v2.csv,1906,-1,-1,0,0,Normal,Normal,0.9998944997787476,1
mqtt_preprocessed_v2.csv,1907,-1,-1,0,0,Normal,Normal,0.9999421834945679,1
mqtt_preprocessed_v2.csv,1908,-1,-1,0,0,Normal,Normal,0.9999264478683472,1
mqtt_preprocessed_v2.csv,1909,-1,-1,0,0,Normal,Normal,0.9998038411140442,1
mqtt_preprocessed_v2.csv,1910,-1,-1,0,0,Normal,Normal,0.9999372959136963,1
mqtt_preprocessed_v2.csv,1911,-1,-1,0,0,Normal,Normal,0.9999459981918335,1
mqtt_preprocessed_v2.csv,1912,-1,-1,0,0,Normal,Normal,0.9999464750289917,1
mqtt_preprocessed_v2.csv,1913,-1,-1,0,0,Normal,Normal,0.9999468326568604,1
mqtt_preprocessed_v2.csv,1914,-1,-1,0,0,Normal,Normal,0.9999434947967529,1
mqtt_preprocessed_v2.csv,1915,-1,-1,0,0,Normal,Normal,0.9999456405639648,1
mqtt_preprocessed_v2.csv,1916,-1,-1,0,0,Normal,Normal,0.9999336004257202,1
mqtt_preprocessed_v2.csv,1917,-1,-1,0,0,Normal,Normal,0.9998428821563721,1
mqtt_preprocessed_v2.csv,1918,-1,-1,0,0,Normal,Normal,0.9999569654464722,1
mqtt_preprocessed_v2.csv,1919,-1,-1,0,0,Normal,Normal,0.9997548460960388,1
mqtt_preprocessed_v2.csv,1920,-1,-1,0,0,Normal,Normal,0.9999477863311768,1
mqtt_preprocessed_v2.csv,1921,-1,-1,0,0,Normal,Normal,0.9998947381973267,1
mqtt_preprocessed_v2.csv,1922,-1,-1,0,0,Normal,Normal,0.9999196529388428,1
mqtt_preprocessed_v2.csv,1923,-1,-1,0,0,Normal,Normal,0.9999452829360962,1
mqtt_preprocessed_v2.csv,1924,-1,-1,0,0,Normal,Normal,0.9999455213546753,1
mqtt_preprocessed_v2.csv,1925,-1,-1,0,0,Normal,Normal,0.9999431371688843,1
mqtt_preprocessed_v2.csv,1926,-1,11,0,10,Normal,Tag_11,0.6715636849403381,0
mqtt_preprocessed_v2.csv,1927,-1,-1,0,0,Normal,Normal,0.9999262094497681,1
mqtt_preprocessed_v2.csv,1928,-1,-1,0,0,Normal,Normal,0.9998181462287903,1
mqtt_preprocessed_v2.csv,1929,-1,-1,0,0,Normal,Normal,0.9999432563781738,1
mqtt_preprocessed_v2.csv,1930,-1,-1,0,0,Normal,Normal,0.9999444484710693,1
mqtt_preprocessed_v2.csv,1931,-1,-1,0,0,Normal,Normal,0.9999490976333618,1
mqtt_preprocessed_v2.csv,1932,-1,-1,0,0,Normal,Normal,0.9999374151229858,1
mqtt_preprocessed_v2.csv,1933,-1,-1,0,0,Normal,Normal,0.999942421913147,1
mqtt_preprocessed_v2.csv,1934,-1,-1,0,0,Normal,Normal,0.9999285936355591,1
mqtt_preprocessed_v2.csv,1935,-1,-1,0,0,Normal,Normal,0.9999452829360962,1
mqtt_preprocessed_v2.csv,1936,-1,-1,0,0,Normal,Normal,0.999777615070343,1
mqtt_preprocessed_v2.csv,1937,-1,-1,0,0,Normal,Normal,0.9999473094940186,1
mqtt_preprocessed_v2.csv,1938,-1,-1,0,0,Normal,Normal,0.9998708963394165,1
mqtt_preprocessed_v2.csv,1939,-1,-1,0,0,Normal,Normal,0.999945878982544,1
mqtt_preprocessed_v2.csv,1940,-1,-1,0,0,Normal,Normal,0.9999380111694336,1
mqtt_preprocessed_v2.csv,1941,-1,-1,0,0,Normal,Normal,0.9999464750289917,1
mqtt_preprocessed_v2.csv,1942,-1,-1,0,0,Normal,Normal,0.9999505281448364,1
mqtt_preprocessed_v2.csv,1943,-1,-1,0,0,Normal,Normal,0.9998781681060791,1
mqtt_preprocessed_v2.csv,1944,-1,-1,0,0,Normal,Normal,0.9999455213546753,1
mqtt_preprocessed_v2.csv,1945,-1,-1,0,0,Normal,Normal,0.9992594122886658,1
mqtt_preprocessed_v2.csv,1946,-1,-1,0,0,Normal,Normal,0.999940037727356,1
mqtt_preprocessed_v2.csv,1947,-1,-1,0,0,Normal,Normal,0.9998350143432617,1
mqtt_preprocessed_v2.csv,1948,-1,-1,0,0,Normal,Normal,0.9999436140060425,1
mqtt_preprocessed_v2.csv,1949,-1,-1,0,0,Normal,Normal,0.999954342842102,1
mqtt_preprocessed_v2.csv,1950,-1,11,0,10,Normal,Tag_11,0.5638712644577026,0
mqtt_preprocessed_v2.csv,1951,-1,-1,0,0,Normal,Normal,0.9999419450759888,1
mqtt_preprocessed_v2.csv,1952,-1,-1,0,0,Normal,Normal,0.9999359846115112,1
mqtt_preprocessed_v2.csv,1953,-1,-1,0,0,Normal,Normal,0.9997944235801697,1
mqtt_preprocessed_v2.csv,1954,-1,-1,0,0,Normal,Normal,0.9999531507492065,1
mqtt_preprocessed_v2.csv,1955,-1,-1,0,0,Normal,Normal,0.9999443292617798,1
mqtt_preprocessed_v2.csv,1956,-1,-1,0,0,Normal,Normal,0.9999440908432007,1
mqtt_preprocessed_v2.csv,1957,-1,-1,0,0,Normal,Normal,0.9999411106109619,1
mqtt_preprocessed_v2.csv,1958,-1,-1,0,0,Normal,Normal,0.9999485015869141,1
mqtt_preprocessed_v2.csv,1959,-1,-1,0,0,Normal,Normal,0.9999105930328369,1
mqtt_preprocessed_v2.csv,1960,-1,-1,0,0,Normal,Normal,0.9999468326568604,1
mqtt_preprocessed_v2.csv,1961,-1,-1,0,0,Normal,Normal,0.9999165534973145,1
mqtt_preprocessed_v2.csv,1962,-1,-1,0,0,Normal,Normal,0.9999393224716187,1
mqtt_preprocessed_v2.csv,1963,-1,-1,0,0,Normal,Normal,0.9999316930770874,1
mqtt_preprocessed_v2.csv,1964,-1,-1,0,0,Normal,Normal,0.9999381303787231,1
mqtt_preprocessed_v2.csv,1965,-1,-1,0,0,Normal,Normal,0.9999483823776245,1
mqtt_preprocessed_v2.csv,1966,-1,-1,0,0,Normal,Normal,0.9999313354492188,1
mqtt_preprocessed_v2.csv,1967,-1,-1,0,0,Normal,Normal,0.9999262094497681,1
mqtt_preprocessed_v2.csv,1968,-1,-1,0,0,Normal,Normal,0.9963099360466003,1
mqtt_preprocessed_v2.csv,1969,-1,-1,0,0,Normal,Normal,0.9999454021453857,1
mqtt_preprocessed_v2.csv,1970,-1,-1,0,0,Normal,Normal,0.999935507774353,1
mqtt_preprocessed_v2.csv,1971,-1,-1,0,0,Normal,Normal,0.9998679161071777,1
mqtt_preprocessed_v2.csv,1972,-1,-1,0,0,Normal,Normal,0.9999390840530396,1
mqtt_preprocessed_v2.csv,1973,-1,-1,0,0,Normal,Normal,0.9996331930160522,1
mqtt_preprocessed_v2.csv,1974,-1,-1,0,0,Normal,Normal,0.9998929500579834,1
mqtt_preprocessed_v2.csv,1975,-1,-1,0,0,Normal,Normal,0.9994657635688782,1
mqtt_preprocessed_v2.csv,1976,-1,-1,0,0,Normal,Normal,0.9999450445175171,1
mqtt_preprocessed_v2.csv,1977,-1,-1,0,0,Normal,Normal,0.9999556541442871,1
mqtt_preprocessed_v2.csv,1978,-1,-1,0,0,Normal,Normal,0.9997606873512268,1
mqtt_preprocessed_v2.csv,1979,-1,-1,0,0,Normal,Normal,0.9999501705169678,1
mqtt_preprocessed_v2.csv,1980,-1,-1,0,0,Normal,Normal,0.9999406337738037,1
mqtt_preprocessed_v2.csv,1981,-1,-1,0,0,Normal,Normal,0.9999502897262573,1
mqtt_preprocessed_v2.csv,1982,-1,-1,0,0,Normal,Normal,0.9999315738677979,1
mqtt_preprocessed_v2.csv,1983,-1,-1,0,0,Normal,Normal,0.9999402761459351,1
mqtt_preprocessed_v2.csv,1984,-1,-1,0,0,Normal,Normal,0.9999408721923828,1
mqtt_preprocessed_v2.csv,1985,-1,-1,0,0,Normal,Normal,0.9999544620513916,1
mqtt_preprocessed_v2.csv,1986,-1,-1,0,0,Normal,Normal,0.9999356269836426,1
mqtt_preprocessed_v2.csv,1987,-1,-1,0,0,Normal,Normal,0.9999544620513916,1
mqtt_preprocessed_v2.csv,1988,-1,-1,0,0,Normal,Normal,0.9999465942382812,1
mqtt_preprocessed_v2.csv,1989,-1,-1,0,0,Normal,Normal,0.9998759031295776,1
mqtt_preprocessed_v2.csv,1990,-1,-1,0,0,Normal,Normal,0.999569833278656,1
mqtt_preprocessed_v2.csv,1991,-1,-1,0,0,Normal,Normal,0.9999262094497681,1
mqtt_preprocessed_v2.csv,1992,-1,-1,0,0,Normal,Normal,0.999946117401123,1
mqtt_preprocessed_v2.csv,1993,-1,-1,0,0,Normal,Normal,0.999956488609314,1
mqtt_preprocessed_v2.csv,1994,-1,-1,0,0,Normal,Normal,0.9999314546585083,1
mqtt_preprocessed_v2.csv,1995,-1,-1,0,0,Normal,Normal,0.9999386072158813,1
mqtt_preprocessed_v2.csv,1996,-1,-1,0,0,Normal,Normal,0.9988309741020203,1
mqtt_preprocessed_v2.csv,1997,-1,-1,0,0,Normal,Normal,0.9999475479125977,1
mqtt_preprocessed_v2.csv,1998,-1,-1,0,0,Normal,Normal,0.9998014569282532,1
mqtt_preprocessed_v2.csv,1999,-1,-1,0,0,Normal,Normal,0.9999477863311768,1
mqtt_preprocessed_v2.csv,2000,-1,-1,0,0,Normal,Normal,0.9999278783798218,1
mqtt_preprocessed_v2.csv,2001,-1,-1,0,0,Normal,Normal,0.9999264478683472,1
mqtt_preprocessed_v2.csv,2002,-1,-1,0,0,Normal,Normal,0.9999409914016724,1
mqtt_preprocessed_v2.csv,2003,-1,-1,0,0,Normal,Normal,0.9999382495880127,1
mqtt_preprocessed_v2.csv,2004,-1,-1,0,0,Normal,Normal,0.9999420642852783,1
mqtt_preprocessed_v2.csv,2005,-1,-1,0,0,Normal,Normal,0.9999444484710693,1
mqtt_preprocessed_v2.csv,2006,-1,-1,0,0,Normal,Normal,0.9997765421867371,1
mqtt_preprocessed_v2.csv,2007,-1,-1,0,0,Normal,Normal,0.999800980091095,1
mqtt_preprocessed_v2.csv,2008,-1,-1,0,0,Normal,Normal,0.9999260902404785,1
mqtt_preprocessed_v2.csv,2009,-1,-1,0,0,Normal,Normal,0.8044062852859497,1
mqtt_preprocessed_v2.csv,2010,-1,-1,0,0,Normal,Normal,0.9999452829360962,1
mqtt_preprocessed_v2.csv,2011,-1,-1,0,0,Normal,Normal,0.9998688697814941,1
mqtt_preprocessed_v2.csv,2012,-1,-1,0,0,Normal,Normal,0.9999406337738037,1
mqtt_preprocessed_v2.csv,2013,-1,-1,0,0,Normal,Normal,0.9999468326568604,1
mqtt_preprocessed_v2.csv,2014,-1,-1,0,0,Normal,Normal,0.9999325275421143,1
mqtt_preprocessed_v2.csv,2015,-1,-1,0,0,Normal,Normal,0.9999477863311768,1
mqtt_preprocessed_v2.csv,2016,-1,-1,0,0,Normal,Normal,0.9999473094940186,1
mqtt_preprocessed_v2.csv,2017,-1,-1,0,0,Normal,Normal,0.9999464750289917,1
mqtt_preprocessed_v2.csv,2018,-1,-1,0,0,Normal,Normal,0.9999387264251709,1
mqtt_preprocessed_v2.csv,2019,-1,-1,0,0,Normal,Normal,0.9999377727508545,1
mqtt_preprocessed_v2.csv,2020,-1,-1,0,0,Normal,Normal,0.9999520778656006,1
mqtt_preprocessed_v2.csv,2021,-1,-1,0,0,Normal,Normal,0.9999455213546753,1
mqtt_preprocessed_v2.csv,2022,-1,-1,0,0,Normal,Normal,0.9999129772186279,1
mqtt_preprocessed_v2.csv,2023,-1,-1,0,0,Normal,Normal,0.9999557733535767,1
mqtt_preprocessed_v2.csv,2024,-1,-1,0,0,Normal,Normal,0.9999402761459351,1
mqtt_preprocessed_v2.csv,2025,-1,-1,0,0,Normal,Normal,0.9992721676826477,1
mqtt_preprocessed_v2.csv,2026,-1,-1,0,0,Normal,Normal,0.996965229511261,1
mqtt_preprocessed_v2.csv,2027,-1,-1,0,0,Normal,Normal,0.9997765421867371,1
mqtt_preprocessed_v2.csv,2028,-1,-1,0,0,Normal,Normal,0.9999450445175171,1
mqtt_preprocessed_v2.csv,2029,-1,-1,0,0,Normal,Normal,0.9997063279151917,1
mqtt_preprocessed_v2.csv,2030,-1,-1,0,0,Normal,Normal,0.9999282360076904,1
mqtt_preprocessed_v2.csv,2031,-1,-1,0,0,Normal,Normal,0.9999343156814575,1
mqtt_preprocessed_v2.csv,2032,-1,-1,0,0,Normal,Normal,0.9999462366104126,1
mqtt_preprocessed_v2.csv,2033,-1,-1,0,0,Normal,Normal,0.9999374151229858,1
mqtt_preprocessed_v2.csv,2034,-1,-1,0,0,Normal,Normal,0.9730830192565918,1
mqtt_preprocessed_v2.csv,2035,-1,-1,0,0,Normal,Normal,0.9999024868011475,1
mqtt_preprocessed_v2.csv,2036,-1,-1,0,0,Normal,Normal,0.9999488592147827,1
mqtt_preprocessed_v2.csv,2037,-1,-1,0,0,Normal,Normal,0.9999489784240723,1
mqtt_preprocessed_v2.csv,2038,-1,-1,0,0,Normal,Normal,0.9999407529830933,1
mqtt_preprocessed_v2.csv,2039,-1,-1,0,0,Normal,Normal,0.9999203681945801,1
mqtt_preprocessed_v2.csv,2040,-1,-1,0,0,Normal,Normal,0.9999479055404663,1
mqtt_preprocessed_v2.csv,2041,-1,-1,0,0,Normal,Normal,0.999872088432312,1
mqtt_preprocessed_v2.csv,2042,-1,-1,0,0,Normal,Normal,0.9998055100440979,1
mqtt_preprocessed_v2.csv,2043,-1,-1,0,0,Normal,Normal,0.9997636675834656,1
mqtt_preprocessed_v2.csv,2044,-1,-1,0,0,Normal,Normal,0.9999356269836426,1
mqtt_preprocessed_v2.csv,2045,-1,-1,0,0,Normal,Normal,0.9999490976333618,1
mqtt_preprocessed_v2.csv,2046,-1,-1,0,0,Normal,Normal,0.9999457597732544,1
mqtt_preprocessed_v2.csv,2047,-1,-1,0,0,Normal,Normal,0.9999308586120605,1
mqtt_preprocessed_v2.csv,2048,-1,-1,0,0,Normal,Normal,0.9999411106109619,1
mqtt_preprocessed_v2.csv,2049,-1,-1,0,0,Normal,Normal,0.9999364614486694,1
mqtt_preprocessed_v2.csv,2050,-1,-1,0,0,Normal,Normal,0.9999436140060425,1
mqtt_preprocessed_v2.csv,2051,-1,-1,0,0,Normal,Normal,0.9999390840530396,1
mqtt_preprocessed_v2.csv,2052,-1,-1,0,0,Normal,Normal,0.9997283816337585,1
mqtt_preprocessed_v2.csv,2053,-1,-1,0,0,Normal,Normal,0.9382043480873108,1
mqtt_preprocessed_v2.csv,2054,-1,-1,0,0,Normal,Normal,0.9999241828918457,1
mqtt_preprocessed_v2.csv,2055,-1,-1,0,0,Normal,Normal,0.9999091625213623,1
mqtt_preprocessed_v2.csv,2056,-1,-1,0,0,Normal,Normal,0.99957674741745,1
mqtt_preprocessed_v2.csv,2057,-1,-1,0,0,Normal,Normal,0.9983783960342407,1
mqtt_preprocessed_v2.csv,2058,-1,-1,0,0,Normal,Normal,0.9999474287033081,1
mqtt_preprocessed_v2.csv,2059,-1,-1,0,0,Normal,Normal,0.999940037727356,1
mqtt_preprocessed_v2.csv,2060,-1,-1,0,0,Normal,Normal,0.9999488592147827,1
mqtt_preprocessed_v2.csv,2061,-1,-1,0,0,Normal,Normal,0.9999359846115112,1
mqtt_preprocessed_v2.csv,2062,-1,-1,0,0,Normal,Normal,0.9999445676803589,1
mqtt_preprocessed_v2.csv,2063,-1,-1,0,0,Normal,Normal,0.999943733215332,1
mqtt_preprocessed_v2.csv,2064,-1,-1,0,0,Normal,Normal,0.9998883008956909,1
mqtt_preprocessed_v2.csv,2065,-1,-1,0,0,Normal,Normal,0.8123659491539001,1
mqtt_preprocessed_v2.csv,2066,-1,-1,0,0,Normal,Normal,0.999948263168335,1
mqtt_preprocessed_v2.csv,2067,-1,-1,0,0,Normal,Normal,0.9999456405639648,1
mqtt_preprocessed_v2.csv,2068,-1,-1,0,0,Normal,Normal,0.9999457597732544,1
mqtt_preprocessed_v2.csv,2069,-1,-1,0,0,Normal,Normal,0.9999476671218872,1
mqtt_preprocessed_v2.csv,2070,-1,-1,0,0,Normal,Normal,0.9336978197097778,1
mqtt_preprocessed_v2.csv,2071,-1,-1,0,0,Normal,Normal,0.9999406337738037,1
mqtt_preprocessed_v2.csv,2072,-1,-1,0,0,Normal,Normal,0.9999449253082275,1
mqtt_preprocessed_v2.csv,2073,-1,-1,0,0,Normal,Normal,0.9999161958694458,1
mqtt_preprocessed_v2.csv,2074,-1,-1,0,0,Normal,Normal,0.9999351501464844,1
mqtt_preprocessed_v2.csv,2075,-1,-1,0,0,Normal,Normal,0.9965404272079468,1
mqtt_preprocessed_v2.csv,2076,-1,-1,0,0,Normal,Normal,0.9999419450759888,1
mqtt_preprocessed_v2.csv,2077,-1,-1,0,0,Normal,Normal,0.9999384880065918,1
mqtt_preprocessed_v2.csv,2078,-1,-1,0,0,Normal,Normal,0.9999463558197021,1
mqtt_preprocessed_v2.csv,2079,-1,-1,0,0,Normal,Normal,0.9993100166320801,1
mqtt_preprocessed_v2.csv,2080,-1,-1,0,0,Normal,Normal,0.9999208450317383,1
mqtt_preprocessed_v2.csv,2081,-1,-1,0,0,Normal,Normal,0.9998469352722168,1
mqtt_preprocessed_v2.csv,2082,-1,-1,0,0,Normal,Normal,0.999944806098938,1
mqtt_preprocessed_v2.csv,2083,-1,-1,0,0,Normal,Normal,0.9999207258224487,1
mqtt_preprocessed_v2.csv,2084,-1,-1,0,0,Normal,Normal,0.9999353885650635,1
mqtt_preprocessed_v2.csv,2085,-1,-1,0,0,Normal,Normal,0.9999486207962036,1
mqtt_preprocessed_v2.csv,2086,-1,-1,0,0,Normal,Normal,0.9999496936798096,1
mqtt_preprocessed_v2.csv,2087,-1,-1,0,0,Normal,Normal,0.9999363422393799,1
mqtt_preprocessed_v2.csv,2088,-1,-1,0,0,Normal,Normal,0.9999501705169678,1
mqtt_preprocessed_v2.csv,2089,-1,-1,0,0,Normal,Normal,0.9998317956924438,1
mqtt_preprocessed_v2.csv,2090,-1,-1,0,0,Normal,Normal,0.9999358654022217,1
mqtt_preprocessed_v2.csv,2091,-1,-1,0,0,Normal,Normal,0.9999568462371826,1
mqtt_preprocessed_v2.csv,2092,-1,-1,0,0,Normal,Normal,0.7409457564353943,1
mqtt_preprocessed_v2.csv,2093,-1,-1,0,0,Normal,Normal,0.9999393224716187,1
mqtt_preprocessed_v2.csv,2094,-1,-1,0,0,Normal,Normal,0.9999232292175293,1
mqtt_preprocessed_v2.csv,2095,-1,-1,0,0,Normal,Normal,0.9999376535415649,1
mqtt_preprocessed_v2.csv,2096,-1,-1,0,0,Normal,Normal,0.9999328851699829,1
mqtt_preprocessed_v2.csv,2097,-1,-1,0,0,Normal,Normal,0.9999481439590454,1
mqtt_preprocessed_v2.csv,2098,-1,-1,0,0,Normal,Normal,0.999779999256134,1
mqtt_preprocessed_v2.csv,2099,-1,-1,0,0,Normal,Normal,0.9999450445175171,1
mqtt_preprocessed_v2.csv,2100,-1,-1,0,0,Normal,Normal,0.9999309778213501,1
mqtt_preprocessed_v2.csv,2101,-1,-1,0,0,Normal,Normal,0.9999454021453857,1
mqtt_preprocessed_v2.csv,2102,-1,-1,0,0,Normal,Normal,0.9999407529830933,1
mqtt_preprocessed_v2.csv,2103,-1,-1,0,0,Normal,Normal,0.9999488592147827,1
mqtt_preprocessed_v2.csv,2104,-1,-1,0,0,Normal,Normal,0.9997653365135193,1
mqtt_preprocessed_v2.csv,2105,-1,-1,0,0,Normal,Normal,0.9999409914016724,1
mqtt_preprocessed_v2.csv,2106,-1,-1,0,0,Normal,Normal,0.9999051094055176,1
mqtt_preprocessed_v2.csv,2107,-1,-1,0,0,Normal,Normal,0.9999464750289917,1
mqtt_preprocessed_v2.csv,2108,-1,-1,0,0,Normal,Normal,0.9999455213546753,1
mqtt_preprocessed_v2.csv,2109,-1,-1,0,0,Normal,Normal,0.9999185800552368,1
mqtt_preprocessed_v2.csv,2110,-1,-1,0,0,Normal,Normal,0.9999346733093262,1
mqtt_preprocessed_v2.csv,2111,-1,-1,0,0,Normal,Normal,0.9999138116836548,1
mqtt_preprocessed_v2.csv,2112,-1,-1,0,0,Normal,Normal,0.9999507665634155,1
mqtt_preprocessed_v2.csv,2113,-1,-1,0,0,Normal,Normal,0.9999419450759888,1
mqtt_preprocessed_v2.csv,2114,-1,-1,0,0,Normal,Normal,0.9999326467514038,1
mqtt_preprocessed_v2.csv,2115,-1,-1,0,0,Normal,Normal,0.9999161958694458,1
mqtt_preprocessed_v2.csv,2116,-1,-1,0,0,Normal,Normal,0.9999606609344482,1
mqtt_preprocessed_v2.csv,2117,-1,-1,0,0,Normal,Normal,0.9998301267623901,1
mqtt_preprocessed_v2.csv,2118,-1,-1,0,0,Normal,Normal,0.9999431371688843,1
mqtt_preprocessed_v2.csv,2119,-1,-1,0,0,Normal,Normal,0.9999325275421143,1
mqtt_preprocessed_v2.csv,2120,-1,-1,0,0,Normal,Normal,0.9999500513076782,1
mqtt_preprocessed_v2.csv,2121,-1,-1,0,0,Normal,Normal,0.9999523162841797,1
mqtt_preprocessed_v2.csv,2122,-1,-1,0,0,Normal,Normal,0.9999547004699707,1
mqtt_preprocessed_v2.csv,2123,-1,-1,0,0,Normal,Normal,0.9999265670776367,1
mqtt_preprocessed_v2.csv,2124,-1,-1,0,0,Normal,Normal,0.9998332262039185,1
mqtt_preprocessed_v2.csv,2125,-1,-1,0,0,Normal,Normal,0.9999469518661499,1
mqtt_preprocessed_v2.csv,2126,-1,-1,0,0,Normal,Normal,0.9999315738677979,1
mqtt_preprocessed_v2.csv,2127,-1,-1,0,0,Normal,Normal,0.9999269247055054,1
mqtt_preprocessed_v2.csv,2128,-1,-1,0,0,Normal,Normal,0.999946117401123,1
mqtt_preprocessed_v2.csv,2129,-1,-1,0,0,Normal,Normal,0.9999561309814453,1
mqtt_preprocessed_v2.csv,2130,-1,-1,0,0,Normal,Normal,0.9999494552612305,1
mqtt_preprocessed_v2.csv,2131,-1,-1,0,0,Normal,Normal,0.9999552965164185,1
mqtt_preprocessed_v2.csv,2132,-1,-1,0,0,Normal,Normal,0.9995658993721008,1
mqtt_preprocessed_v2.csv,2133,-1,-1,0,0,Normal,Normal,0.9999194145202637,1
mqtt_preprocessed_v2.csv,2134,-1,-1,0,0,Normal,Normal,0.9004760384559631,1
mqtt_preprocessed_v2.csv,2135,-1,-1,0,0,Normal,Normal,0.9999339580535889,1
mqtt_preprocessed_v2.csv,2136,-1,-1,0,0,Normal,Normal,0.9999403953552246,1
mqtt_preprocessed_v2.csv,2137,-1,-1,0,0,Normal,Normal,0.9999445676803589,1
mqtt_preprocessed_v2.csv,2138,-1,-1,0,0,Normal,Normal,0.9999308586120605,1
mqtt_preprocessed_v2.csv,2139,-1,-1,0,0,Normal,Normal,0.9999263286590576,1
mqtt_preprocessed_v2.csv,2140,-1,-1,0,0,Normal,Normal,0.9999468326568604,1
mqtt_preprocessed_v2.csv,2141,-1,-1,0,0,Normal,Normal,0.9999443292617798,1
mqtt_preprocessed_v2.csv,2142,-1,-1,0,0,Normal,Normal,0.9999459981918335,1
mqtt_preprocessed_v2.csv,2143,-1,-1,0,0,Normal,Normal,0.9999185800552368,1
mqtt_preprocessed_v2.csv,2144,-1,-1,0,0,Normal,Normal,0.9999431371688843,1
mqtt_preprocessed_v2.csv,2145,-1,-1,0,0,Normal,Normal,0.9999485015869141,1
mqtt_preprocessed_v2.csv,2146,-1,-1,0,0,Normal,Normal,0.9999246597290039,1
mqtt_preprocessed_v2.csv,2147,-1,-1,0,0,Normal,Normal,0.9999407529830933,1
mqtt_preprocessed_v2.csv,2148,-1,-1,0,0,Normal,Normal,0.9997846484184265,1
mqtt_preprocessed_v2.csv,2149,-1,-1,0,0,Normal,Normal,0.9999328851699829,1
mqtt_preprocessed_v2.csv,2150,-1,-1,0,0,Normal,Normal,0.999904990196228,1
mqtt_preprocessed_v2.csv,2151,-1,-1,0,0,Normal,Normal,0.9999357461929321,1
mqtt_preprocessed_v2.csv,2152,-1,-1,0,0,Normal,Normal,0.999927282333374,1
mqtt_preprocessed_v2.csv,2153,-1,-1,0,0,Normal,Normal,0.9999406337738037,1
mqtt_preprocessed_v2.csv,2154,-1,-1,0,0,Normal,Normal,0.9999467134475708,1
mqtt_preprocessed_v2.csv,2155,-1,-1,0,0,Normal,Normal,0.9999208450317383,1
mqtt_preprocessed_v2.csv,2156,-1,-1,0,0,Normal,Normal,0.9999068975448608,1
mqtt_preprocessed_v2.csv,2157,-1,-1,0,0,Normal,Normal,0.9997819066047668,1
mqtt_preprocessed_v2.csv,2158,-1,-1,0,0,Normal,Normal,0.9999479055404663,1
mqtt_preprocessed_v2.csv,2159,-1,-1,0,0,Normal,Normal,0.9999067783355713,1
mqtt_preprocessed_v2.csv,2160,-1,-1,0,0,Normal,Normal,0.9999322891235352,1
mqtt_preprocessed_v2.csv,2161,-1,-1,0,0,Normal,Normal,0.9999516010284424,1
mqtt_preprocessed_v2.csv,2162,-1,-1,0,0,Normal,Normal,0.9999113082885742,1
mqtt_preprocessed_v2.csv,2163,-1,-1,0,0,Normal,Normal,0.9999394416809082,1
mqtt_preprocessed_v2.csv,2164,-1,-1,0,0,Normal,Normal,0.9999207258224487,1
mqtt_preprocessed_v2.csv,2165,-1,-1,0,0,Normal,Normal,0.9999468326568604,1
mqtt_preprocessed_v2.csv,2166,-1,-1,0,0,Normal,Normal,0.9997865557670593,1
mqtt_preprocessed_v2.csv,2167,-1,-1,0,0,Normal,Normal,0.9999490976333618,1
mqtt_preprocessed_v2.csv,2168,-1,-1,0,0,Normal,Normal,0.9999294281005859,1
mqtt_preprocessed_v2.csv,2169,-1,-1,0,0,Normal,Normal,0.9999443292617798,1
mqtt_preprocessed_v2.csv,2170,-1,-1,0,0,Normal,Normal,0.999934196472168,1
mqtt_preprocessed_v2.csv,2171,-1,-1,0,0,Normal,Normal,0.9999587535858154,1
mqtt_preprocessed_v2.csv,2172,-1,-1,0,0,Normal,Normal,0.9999321699142456,1
mqtt_preprocessed_v2.csv,2173,-1,-1,0,0,Normal,Normal,0.9999425411224365,1
mqtt_preprocessed_v2.csv,2174,-1,-1,0,0,Normal,Normal,0.9999004602432251,1
mqtt_preprocessed_v2.csv,2175,-1,-1,0,0,Normal,Normal,0.9999572038650513,1
mqtt_preprocessed_v2.csv,2176,-1,-1,0,0,Normal,Normal,0.9999468326568604,1
mqtt_preprocessed_v2.csv,2177,-1,-1,0,0,Normal,Normal,0.9998817443847656,1
mqtt_preprocessed_v2.csv,2178,-1,-1,0,0,Normal,Normal,0.9999501705169678,1
mqtt_preprocessed_v2.csv,2179,-1,-1,0,0,Normal,Normal,0.9998835325241089,1
mqtt_preprocessed_v2.csv,2180,-1,-1,0,0,Normal,Normal,0.9999561309814453,1
mqtt_preprocessed_v2.csv,2181,-1,-1,0,0,Normal,Normal,0.9997355341911316,1
mqtt_preprocessed_v2.csv,2182,-1,-1,0,0,Normal,Normal,0.999944806098938,1
mqtt_preprocessed_v2.csv,2183,-1,-1,0,0,Normal,Normal,0.9999260902404785,1
mqtt_preprocessed_v2.csv,2184,-1,-1,0,0,Normal,Normal,0.9999421834945679,1
mqtt_preprocessed_v2.csv,2185,-1,-1,0,0,Normal,Normal,0.9999454021453857,1
mqtt_preprocessed_v2.csv,2186,-1,-1,0,0,Normal,Normal,0.9997867941856384,1
mqtt_preprocessed_v2.csv,2187,-1,-1,0,0,Normal,Normal,0.9999439716339111,1
mqtt_preprocessed_v2.csv,2188,-1,-1,0,0,Normal,Normal,0.9999442100524902,1
mqtt_preprocessed_v2.csv,2189,-1,-1,0,0,Normal,Normal,0.9999492168426514,1
mqtt_preprocessed_v2.csv,2190,-1,-1,0,0,Normal,Normal,0.9999521970748901,1
mqtt_preprocessed_v2.csv,2191,-1,-1,0,0,Normal,Normal,0.999930739402771,1
mqtt_preprocessed_v2.csv,2192,-1,-1,0,0,Normal,Normal,0.9999457597732544,1
mqtt_preprocessed_v2.csv,2193,-1,-1,0,0,Normal,Normal,0.9999444484710693,1
mqtt_preprocessed_v2.csv,2194,-1,-1,0,0,Normal,Normal,0.9999452829360962,1
mqtt_preprocessed_v2.csv,2195,-1,-1,0,0,Normal,Normal,0.9999384880065918,1
mqtt_preprocessed_v2.csv,2196,-1,-1,0,0,Normal,Normal,0.9999287128448486,1
mqtt_preprocessed_v2.csv,2197,-1,-1,0,0,Normal,Normal,0.9997096657752991,1
mqtt_preprocessed_v2.csv,2198,-1,-1,0,0,Normal,Normal,0.999941349029541,1
mqtt_preprocessed_v2.csv,2199,-1,-1,0,0,Normal,Normal,0.9999450445175171,1
mqtt_preprocessed_v2.csv,2200,-1,-1,0,0,Normal,Normal,0.9999395608901978,1
mqtt_preprocessed_v2.csv,2201,-1,-1,0,0,Normal,Normal,0.9999206066131592,1
mqtt_preprocessed_v2.csv,2202,-1,-1,0,0,Normal,Normal,0.9999481439590454,1
mqtt_preprocessed_v2.csv,2203,-1,-1,0,0,Normal,Normal,0.9999421834945679,1
mqtt_preprocessed_v2.csv,2204,-1,-1,0,0,Normal,Normal,0.999946117401123,1
mqtt_preprocessed_v2.csv,2205,-1,-1,0,0,Normal,Normal,0.9999576807022095,1
mqtt_preprocessed_v2.csv,2206,-1,-1,0,0,Normal,Normal,0.9999442100524902,1
mqtt_preprocessed_v2.csv,2207,-1,-1,0,0,Normal,Normal,0.9999374151229858,1
mqtt_preprocessed_v2.csv,2208,-1,-1,0,0,Normal,Normal,0.9999444484710693,1
mqtt_preprocessed_v2.csv,2209,-1,-1,0,0,Normal,Normal,0.9999545812606812,1
mqtt_preprocessed_v2.csv,2210,-1,-1,0,0,Normal,Normal,0.9998043179512024,1
mqtt_preprocessed_v2.csv,2211,-1,-1,0,0,Normal,Normal,0.9999339580535889,1
mqtt_preprocessed_v2.csv,2212,-1,-1,0,0,Normal,Normal,0.999923586845398,1
mqtt_preprocessed_v2.csv,2213,-1,-1,0,0,Normal,Normal,0.999927282333374,1
mqtt_preprocessed_v2.csv,2214,-1,-1,0,0,Normal,Normal,0.9999462366104126,1
mqtt_preprocessed_v2.csv,2215,-1,-1,0,0,Normal,Normal,0.9999544620513916,1
mqtt_preprocessed_v2.csv,2216,-1,-1,0,0,Normal,Normal,0.9999337196350098,1
mqtt_preprocessed_v2.csv,2217,-1,-1,0,0,Normal,Normal,0.9999446868896484,1
mqtt_preprocessed_v2.csv,2218,-1,-1,0,0,Normal,Normal,0.9999159574508667,1
mqtt_preprocessed_v2.csv,2219,-1,-1,0,0,Normal,Normal,0.9999408721923828,1
mqtt_preprocessed_v2.csv,2220,-1,-1,0,0,Normal,Normal,0.9999158382415771,1
mqtt_preprocessed_v2.csv,2221,-1,-1,0,0,Normal,Normal,0.9999092817306519,1
mqtt_preprocessed_v2.csv,2222,-1,-1,0,0,Normal,Normal,0.9999561309814453,1
mqtt_preprocessed_v2.csv,2223,-1,-1,0,0,Normal,Normal,0.9999556541442871,1
mqtt_preprocessed_v2.csv,2224,-1,-1,0,0,Normal,Normal,0.9999513626098633,1
mqtt_preprocessed_v2.csv,2225,-1,-1,0,0,Normal,Normal,0.9999444484710693,1
mqtt_preprocessed_v2.csv,2226,-1,-1,0,0,Normal,Normal,0.9999315738677979,1
mqtt_preprocessed_v2.csv,2227,-1,-1,0,0,Normal,Normal,0.9999547004699707,1
mqtt_preprocessed_v2.csv,2228,-1,-1,0,0,Normal,Normal,0.999955415725708,1
mqtt_preprocessed_v2.csv,2229,-1,-1,0,0,Normal,Normal,0.9999561309814453,1
mqtt_preprocessed_v2.csv,2230,-1,-1,0,0,Normal,Normal,0.9999339580535889,1
mqtt_preprocessed_v2.csv,2231,-1,-1,0,0,Normal,Normal,0.9997283816337585,1
mqtt_preprocessed_v2.csv,2232,-1,-1,0,0,Normal,Normal,0.9999035596847534,1
mqtt_preprocessed_v2.csv,2233,-1,-1,0,0,Normal,Normal,0.9999568462371826,1
mqtt_preprocessed_v2.csv,2234,-1,-1,0,0,Normal,Normal,0.9998857975006104,1
mqtt_preprocessed_v2.csv,2235,-1,-1,0,0,Normal,Normal,0.9999508857727051,1
mqtt_preprocessed_v2.csv,2236,-1,-1,0,0,Normal,Normal,0.999874472618103,1
mqtt_preprocessed_v2.csv,2237,-1,-1,0,0,Normal,Normal,0.9999539852142334,1
mqtt_preprocessed_v2.csv,2238,-1,-1,0,0,Normal,Normal,0.9997525811195374,1
mqtt_preprocessed_v2.csv,2239,-1,-1,0,0,Normal,Normal,0.9999312162399292,1
mqtt_preprocessed_v2.csv,2240,-1,-1,0,0,Normal,Normal,0.999731719493866,1
mqtt_preprocessed_v2.csv,2241,-1,-1,0,0,Normal,Normal,0.9998863935470581,1
mqtt_preprocessed_v2.csv,2242,-1,-1,0,0,Normal,Normal,0.9994686245918274,1
mqtt_preprocessed_v2.csv,2243,-1,-1,0,0,Normal,Normal,0.999911904335022,1
mqtt_preprocessed_v2.csv,2244,-1,-1,0,0,Normal,Normal,0.9999501705169678,1
mqtt_preprocessed_v2.csv,2245,-1,-1,0,0,Normal,Normal,0.9999350309371948,1
mqtt_preprocessed_v2.csv,2246,-1,-1,0,0,Normal,Normal,0.9999538660049438,1
mqtt_preprocessed_v2.csv,2247,-1,-1,0,0,Normal,Normal,0.9999480247497559,1
mqtt_preprocessed_v2.csv,2248,-1,-1,0,0,Normal,Normal,0.9999258518218994,1
mqtt_preprocessed_v2.csv,2249,-1,-1,0,0,Normal,Normal,0.9995680451393127,1
mqtt_preprocessed_v2.csv,2250,-1,-1,0,0,Normal,Normal,0.9998867511749268,1
mqtt_preprocessed_v2.csv,2251,-1,-1,0,0,Normal,Normal,0.9999349117279053,1
mqtt_preprocessed_v2.csv,2252,-1,-1,0,0,Normal,Normal,0.9999542236328125,1
mqtt_preprocessed_v2.csv,2253,-1,-1,0,0,Normal,Normal,0.9999430179595947,1
mqtt_preprocessed_v2.csv,2254,-1,-1,0,0,Normal,Normal,0.9998419284820557,1
mqtt_preprocessed_v2.csv,2255,-1,-1,0,0,Normal,Normal,0.9999098777770996,1
mqtt_preprocessed_v2.csv,2256,-1,-1,0,0,Normal,Normal,0.9999387264251709,1
mqtt_preprocessed_v2.csv,2257,-1,-1,0,0,Normal,Normal,0.9998960494995117,1
mqtt_preprocessed_v2.csv,2258,-1,-1,0,0,Normal,Normal,0.9999551773071289,1
mqtt_preprocessed_v2.csv,2259,-1,-1,0,0,Normal,Normal,0.9999547004699707,1
mqtt_preprocessed_v2.csv,2260,-1,-1,0,0,Normal,Normal,0.9999315738677979,1
mqtt_preprocessed_v2.csv,2261,-1,-1,0,0,Normal,Normal,0.7358086109161377,1
mqtt_preprocessed_v2.csv,2262,-1,-1,0,0,Normal,Normal,0.9999126195907593,1
mqtt_preprocessed_v2.csv,2263,-1,-1,0,0,Normal,Normal,0.9997656941413879,1
mqtt_preprocessed_v2.csv,2264,-1,-1,0,0,Normal,Normal,0.9999526739120483,1
mqtt_preprocessed_v2.csv,2265,-1,-1,0,0,Normal,Normal,0.9998859167098999,1
mqtt_preprocessed_v2.csv,2266,-1,-1,0,0,Normal,Normal,0.9999494552612305,1
mqtt_preprocessed_v2.csv,2267,-1,-1,0,0,Normal,Normal,0.9998725652694702,1
mqtt_preprocessed_v2.csv,2268,-1,-1,0,0,Normal,Normal,0.9999195337295532,1
mqtt_preprocessed_v2.csv,2269,-1,-1,0,0,Normal,Normal,0.9999359846115112,1
mqtt_preprocessed_v2.csv,2270,-1,-1,0,0,Normal,Normal,0.9999455213546753,1
mqtt_preprocessed_v2.csv,2271,-1,-1,0,0,Normal,Normal,0.9997655749320984,1
mqtt_preprocessed_v2.csv,2272,-1,-1,0,0,Normal,Normal,0.9261919856071472,1
mqtt_preprocessed_v2.csv,2273,-1,-1,0,0,Normal,Normal,0.9995098114013672,1
mqtt_preprocessed_v2.csv,2274,-1,-1,0,0,Normal,Normal,0.9999498128890991,1
mqtt_preprocessed_v2.csv,2275,-1,-1,0,0,Normal,Normal,0.99993896484375,1
mqtt_preprocessed_v2.csv,2276,-1,-1,0,0,Normal,Normal,0.9999409914016724,1
mqtt_preprocessed_v2.csv,2277,-1,-1,0,0,Normal,Normal,0.9999122619628906,1
mqtt_preprocessed_v2.csv,2278,-1,-1,0,0,Normal,Normal,0.999848484992981,1
mqtt_preprocessed_v2.csv,2279,-1,-1,0,0,Normal,Normal,0.9999473094940186,1
mqtt_preprocessed_v2.csv,2280,-1,-1,0,0,Normal,Normal,0.9998363256454468,1
mqtt_preprocessed_v2.csv,2281,-1,-1,0,0,Normal,Normal,0.9999210834503174,1
mqtt_preprocessed_v2.csv,2282,-1,-1,0,0,Normal,Normal,0.9999351501464844,1
mqtt_preprocessed_v2.csv,2283,-1,-1,0,0,Normal,Normal,0.9989855885505676,1
mqtt_preprocessed_v2.csv,2284,-1,-1,0,0,Normal,Normal,0.999933123588562,1
mqtt_preprocessed_v2.csv,2285,-1,-1,0,0,Normal,Normal,0.999913215637207,1
mqtt_preprocessed_v2.csv,2286,-1,-1,0,0,Normal,Normal,0.9999527931213379,1
mqtt_preprocessed_v2.csv,2287,-1,-1,0,0,Normal,Normal,0.9998834133148193,1
mqtt_preprocessed_v2.csv,2288,-1,-1,0,0,Normal,Normal,0.9998873472213745,1
mqtt_preprocessed_v2.csv,2289,-1,-1,0,0,Normal,Normal,0.999936580657959,1
mqtt_preprocessed_v2.csv,2290,-1,-1,0,0,Normal,Normal,0.9999552965164185,1
mqtt_preprocessed_v2.csv,2291,-1,-1,0,0,Normal,Normal,0.9999406337738037,1
mqtt_preprocessed_v2.csv,2292,-1,-1,0,0,Normal,Normal,0.999864935874939,1
mqtt_preprocessed_v2.csv,2293,-1,-1,0,0,Normal,Normal,0.9999558925628662,1
mqtt_preprocessed_v2.csv,2294,-1,-1,0,0,Normal,Normal,0.999866247177124,1
mqtt_preprocessed_v2.csv,2295,-1,-1,0,0,Normal,Normal,0.9999071359634399,1
mqtt_preprocessed_v2.csv,2296,-1,-1,0,0,Normal,Normal,0.9999192953109741,1
mqtt_preprocessed_v2.csv,2297,-1,-1,0,0,Normal,Normal,0.8021387457847595,1
mqtt_preprocessed_v2.csv,2298,-1,-1,0,0,Normal,Normal,0.9999544620513916,1
mqtt_preprocessed_v2.csv,2299,-1,-1,0,0,Normal,Normal,0.9999548196792603,1
mqtt_preprocessed_v2.csv,2300,-1,-1,0,0,Normal,Normal,0.9999431371688843,1
mqtt_preprocessed_v2.csv,2301,-1,-1,0,0,Normal,Normal,0.9993025064468384,1
mqtt_preprocessed_v2.csv,2302,-1,-1,0,0,Normal,Normal,0.9998672008514404,1
mqtt_preprocessed_v2.csv,2303,-1,-1,0,0,Normal,Normal,0.9999496936798096,1
mqtt_preprocessed_v2.csv,2304,-1,-1,0,0,Normal,Normal,0.9999550580978394,1
mqtt_preprocessed_v2.csv,2305,-1,-1,0,0,Normal,Normal,0.9999555349349976,1
mqtt_preprocessed_v2.csv,2306,-1,-1,0,0,Normal,Normal,0.9232878088951111,1
mqtt_preprocessed_v2.csv,2307,-1,-1,0,0,Normal,Normal,0.9999499320983887,1
mqtt_preprocessed_v2.csv,2308,-1,-1,0,0,Normal,Normal,0.9856552481651306,1
mqtt_preprocessed_v2.csv,2309,-1,-1,0,0,Normal,Normal,0.909049391746521,1
mqtt_preprocessed_v2.csv,2310,-1,-1,0,0,Normal,Normal,0.9890507459640503,1
mqtt_preprocessed_v2.csv,2311,-1,-1,0,0,Normal,Normal,0.999701201915741,1
mqtt_preprocessed_v2.csv,2312,-1,-1,0,0,Normal,Normal,0.9976885318756104,1
mqtt_preprocessed_v2.csv,2313,-1,-1,0,0,Normal,Normal,0.9998935461044312,1
mqtt_preprocessed_v2.csv,2314,-1,-1,0,0,Normal,Normal,0.9999455213546753,1
mqtt_preprocessed_v2.csv,2315,-1,-1,0,0,Normal,Normal,0.7835416793823242,1
mqtt_preprocessed_v2.csv,2316,-1,-1,0,0,Normal,Normal,0.999956488609314,1
mqtt_preprocessed_v2.csv,2317,-1,-1,0,0,Normal,Normal,0.9998977184295654,1
mqtt_preprocessed_v2.csv,2318,-1,-1,0,0,Normal,Normal,0.9988685846328735,1
mqtt_preprocessed_v2.csv,2319,-1,-1,0,0,Normal,Normal,0.7814355492591858,1
mqtt_preprocessed_v2.csv,2320,-1,-1,0,0,Normal,Normal,0.9999462366104126,1
mqtt_preprocessed_v2.csv,2321,-1,-1,0,0,Normal,Normal,0.999955415725708,1
mqtt_preprocessed_v2.csv,2322,-1,-1,0,0,Normal,Normal,0.999835729598999,1
mqtt_preprocessed_v2.csv,2323,-1,-1,0,0,Normal,Normal,0.9999334812164307,1
mqtt_preprocessed_v2.csv,2324,-1,-1,0,0,Normal,Normal,0.9998856782913208,1
mqtt_preprocessed_v2.csv,2325,-1,-1,0,0,Normal,Normal,0.9999438524246216,1
mqtt_preprocessed_v2.csv,2326,-1,-1,0,0,Normal,Normal,0.9999313354492188,1
mqtt_preprocessed_v2.csv,2327,-1,-1,0,0,Normal,Normal,0.999951958656311,1
mqtt_preprocessed_v2.csv,2328,-1,-1,0,0,Normal,Normal,0.9998915195465088,1
mqtt_preprocessed_v2.csv,2329,-1,-1,0,0,Normal,Normal,0.9999109506607056,1
mqtt_preprocessed_v2.csv,2330,-1,-1,0,0,Normal,Normal,0.9999306201934814,1
mqtt_preprocessed_v2.csv,2331,-1,-1,0,0,Normal,Normal,0.9999558925628662,1
mqtt_preprocessed_v2.csv,2332,-1,-1,0,0,Normal,Normal,0.9999203681945801,1
mqtt_preprocessed_v2.csv,2333,-1,-1,0,0,Normal,Normal,0.999703586101532,1
mqtt_preprocessed_v2.csv,2334,-1,-1,0,0,Normal,Normal,0.9993684887886047,1
mqtt_preprocessed_v2.csv,2335,-1,-1,0,0,Normal,Normal,0.9999532699584961,1
mqtt_preprocessed_v2.csv,2336,-1,-1,0,0,Normal,Normal,0.9997648596763611,1
mqtt_preprocessed_v2.csv,2337,-1,-1,0,0,Normal,Normal,0.9999537467956543,1
mqtt_preprocessed_v2.csv,2338,-1,-1,0,0,Normal,Normal,0.9999544620513916,1
mqtt_preprocessed_v2.csv,2339,-1,-1,0,0,Normal,Normal,0.9999552965164185,1
mqtt_preprocessed_v2.csv,2340,-1,-1,0,0,Normal,Normal,0.9971838593482971,1
mqtt_preprocessed_v2.csv,2341,-1,-1,0,0,Normal,Normal,0.9999401569366455,1
mqtt_preprocessed_v2.csv,2342,-1,-1,0,0,Normal,Normal,0.9989911913871765,1
mqtt_preprocessed_v2.csv,2343,-1,-1,0,0,Normal,Normal,0.9999222755432129,1
mqtt_preprocessed_v2.csv,2344,-1,-1,0,0,Normal,Normal,0.9999130964279175,1
mqtt_preprocessed_v2.csv,2345,-1,-1,0,0,Normal,Normal,0.9999649524688721,1
mqtt_preprocessed_v2.csv,2346,-1,-1,0,0,Normal,Normal,0.9999556541442871,1
mqtt_preprocessed_v2.csv,2347,-1,-1,0,0,Normal,Normal,0.9999589920043945,1
mqtt_preprocessed_v2.csv,2348,-1,-1,0,0,Normal,Normal,0.9999170303344727,1
mqtt_preprocessed_v2.csv,2349,-1,-1,0,0,Normal,Normal,0.9980584979057312,1
mqtt_preprocessed_v2.csv,2350,-1,-1,0,0,Normal,Normal,0.9999401569366455,1
mqtt_preprocessed_v2.csv,2351,-1,-1,0,0,Normal,Normal,0.8327891826629639,1
mqtt_preprocessed_v2.csv,2352,-1,-1,0,0,Normal,Normal,0.9999700784683228,1
mqtt_preprocessed_v2.csv,2353,-1,-1,0,0,Normal,Normal,0.9998877048492432,1
mqtt_preprocessed_v2.csv,2354,-1,-1,0,0,Normal,Normal,0.9998857975006104,1
mqtt_preprocessed_v2.csv,2355,-1,-1,0,0,Normal,Normal,0.999687910079956,1
mqtt_preprocessed_v2.csv,2356,-1,-1,0,0,Normal,Normal,0.9998182654380798,1
mqtt_preprocessed_v2.csv,2357,-1,-1,0,0,Normal,Normal,0.9998506307601929,1
mqtt_preprocessed_v2.csv,2358,-1,-1,0,0,Normal,Normal,0.9996017813682556,1
mqtt_preprocessed_v2.csv,2359,-1,-1,0,0,Normal,Normal,0.9999326467514038,1
mqtt_preprocessed_v2.csv,2360,-1,-1,0,0,Normal,Normal,0.9999557733535767,1
mqtt_preprocessed_v2.csv,2361,-1,-1,0,0,Normal,Normal,0.9999547004699707,1
mqtt_preprocessed_v2.csv,2362,-1,-1,0,0,Normal,Normal,0.9999523162841797,1
mqtt_preprocessed_v2.csv,2363,-1,-1,0,0,Normal,Normal,0.999954342842102,1
mqtt_preprocessed_v2.csv,2364,-1,-1,0,0,Normal,Normal,0.9999442100524902,1
mqtt_preprocessed_v2.csv,2365,-1,-1,0,0,Normal,Normal,0.9999384880065918,1
mqtt_preprocessed_v2.csv,2366,-1,-1,0,0,Normal,Normal,0.999925971031189,1
mqtt_preprocessed_v2.csv,2367,-1,-1,0,0,Normal,Normal,0.9999551773071289,1
mqtt_preprocessed_v2.csv,2368,-1,-1,0,0,Normal,Normal,0.999893307685852,1
mqtt_preprocessed_v2.csv,2369,-1,-1,0,0,Normal,Normal,0.9998884201049805,1
mqtt_preprocessed_v2.csv,2370,-1,-1,0,0,Normal,Normal,0.9998038411140442,1
mqtt_preprocessed_v2.csv,2371,-1,-1,0,0,Normal,Normal,0.999942421913147,1
mqtt_preprocessed_v2.csv,2372,-1,-1,0,0,Normal,Normal,0.9536405801773071,1
mqtt_preprocessed_v2.csv,2373,-1,-1,0,0,Normal,Normal,0.9998871088027954,1
mqtt_preprocessed_v2.csv,2374,-1,-1,0,0,Normal,Normal,0.9999251365661621,1
mqtt_preprocessed_v2.csv,2375,-1,-1,0,0,Normal,Normal,0.9999547004699707,1
mqtt_preprocessed_v2.csv,2376,-1,-1,0,0,Normal,Normal,0.9999477863311768,1
mqtt_preprocessed_v2.csv,2377,-1,-1,0,0,Normal,Normal,0.999925971031189,1
mqtt_preprocessed_v2.csv,2378,-1,-1,0,0,Normal,Normal,0.759192168712616,1
mqtt_preprocessed_v2.csv,2379,-1,-1,0,0,Normal,Normal,0.9998316764831543,1
mqtt_preprocessed_v2.csv,2380,-1,-1,0,0,Normal,Normal,0.9999511241912842,1
mqtt_preprocessed_v2.csv,2381,-1,-1,0,0,Normal,Normal,0.9998915195465088,1
mqtt_preprocessed_v2.csv,2382,-1,-1,0,0,Normal,Normal,0.9999040365219116,1
mqtt_preprocessed_v2.csv,2383,-1,-1,0,0,Normal,Normal,0.9999493360519409,1
mqtt_preprocessed_v2.csv,2384,-1,-1,0,0,Normal,Normal,0.9999549388885498,1
mqtt_preprocessed_v2.csv,2385,-1,-1,0,0,Normal,Normal,0.9999573230743408,1
mqtt_preprocessed_v2.csv,2386,-1,-1,0,0,Normal,Normal,0.9998213648796082,1
mqtt_preprocessed_v2.csv,2387,-1,-1,0,0,Normal,Normal,0.9998420476913452,1
mqtt_preprocessed_v2.csv,2388,-1,-1,0,0,Normal,Normal,0.9983298182487488,1
mqtt_preprocessed_v2.csv,2389,-1,-1,0,0,Normal,Normal,0.9999501705169678,1
mqtt_preprocessed_v2.csv,2390,-1,-1,0,0,Normal,Normal,0.9999312162399292,1
mqtt_preprocessed_v2.csv,2391,-1,-1,0,0,Normal,Normal,0.999954342842102,1
mqtt_preprocessed_v2.csv,2392,-1,-1,0,0,Normal,Normal,0.9999291896820068,1
mqtt_preprocessed_v2.csv,2393,-1,-1,0,0,Normal,Normal,0.9998857975006104,1
mqtt_preprocessed_v2.csv,2394,-1,-1,0,0,Normal,Normal,0.9999159574508667,1
mqtt_preprocessed_v2.csv,2395,-1,-1,0,0,Normal,Normal,0.9998382329940796,1
mqtt_preprocessed_v2.csv,2396,-1,-1,0,0,Normal,Normal,0.9999463558197021,1
mqtt_preprocessed_v2.csv,2397,-1,-1,0,0,Normal,Normal,0.9998914003372192,1
mqtt_preprocessed_v2.csv,2398,-1,-1,0,0,Normal,Normal,0.9999542236328125,1
mqtt_preprocessed_v2.csv,2399,-1,-1,0,0,Normal,Normal,0.9999574422836304,1
mqtt_preprocessed_v2.csv,2400,-1,-1,0,0,Normal,Normal,0.999947190284729,1
mqtt_preprocessed_v2.csv,2401,-1,-1,0,0,Normal,Normal,0.9996932744979858,1
mqtt_preprocessed_v2.csv,2402,-1,-1,0,0,Normal,Normal,0.9999240636825562,1
mqtt_preprocessed_v2.csv,2403,-1,-1,0,0,Normal,Normal,0.7547405362129211,1
mqtt_preprocessed_v2.csv,2404,-1,-1,0,0,Normal,Normal,0.9997913241386414,1
mqtt_preprocessed_v2.csv,2405,-1,-1,0,0,Normal,Normal,0.9999581575393677,1
mqtt_preprocessed_v2.csv,2406,-1,-1,0,0,Normal,Normal,0.9999287128448486,1
mqtt_preprocessed_v2.csv,2407,-1,-1,0,0,Normal,Normal,0.9006611108779907,1
mqtt_preprocessed_v2.csv,2408,-1,-1,0,0,Normal,Normal,0.9999556541442871,1
mqtt_preprocessed_v2.csv,2409,-1,-1,0,0,Normal,Normal,0.999913215637207,1
mqtt_preprocessed_v2.csv,2410,-1,-1,0,0,Normal,Normal,0.9999489784240723,1
mqtt_preprocessed_v2.csv,2411,-1,-1,0,0,Normal,Normal,0.9999498128890991,1
mqtt_preprocessed_v2.csv,2412,-1,-1,0,0,Normal,Normal,0.9995228052139282,1
mqtt_preprocessed_v2.csv,2413,-1,-1,0,0,Normal,Normal,0.9999550580978394,1
mqtt_preprocessed_v2.csv,2414,-1,-1,0,0,Normal,Normal,0.9999502897262573,1
mqtt_preprocessed_v2.csv,2415,-1,-1,0,0,Normal,Normal,0.9996685981750488,1
mqtt_preprocessed_v2.csv,2416,-1,-1,0,0,Normal,Normal,0.9999295473098755,1
mqtt_preprocessed_v2.csv,2417,-1,-1,0,0,Normal,Normal,0.9996492862701416,1
mqtt_preprocessed_v2.csv,2418,-1,-1,0,0,Normal,Normal,0.9998563528060913,1
mqtt_preprocessed_v2.csv,2419,-1,-1,0,0,Normal,Normal,0.7131375074386597,1
mqtt_preprocessed_v2.csv,2420,-1,-1,0,0,Normal,Normal,0.9998974800109863,1
mqtt_preprocessed_v2.csv,2421,-1,-1,0,0,Normal,Normal,0.6795982122421265,1
mqtt_preprocessed_v2.csv,2422,-1,-1,0,0,Normal,Normal,0.9998946189880371,1
mqtt_preprocessed_v2.csv,2423,-1,-1,0,0,Normal,Normal,0.9999548196792603,1
mqtt_preprocessed_v2.csv,2424,-1,-1,0,0,Normal,Normal,0.9999598264694214,1
mqtt_preprocessed_v2.csv,2425,-1,-1,0,0,Normal,Normal,0.9999486207962036,1
mqtt_preprocessed_v2.csv,2426,-1,-1,0,0,Normal,Normal,0.9993379712104797,1
mqtt_preprocessed_v2.csv,2427,-1,-1,0,0,Normal,Normal,0.9998908042907715,1
mqtt_preprocessed_v2.csv,2428,-1,-1,0,0,Normal,Normal,0.9822743535041809,1
mqtt_preprocessed_v2.csv,2429,-1,-1,0,0,Normal,Normal,0.9998526573181152,1
mqtt_preprocessed_v2.csv,2430,-1,-1,0,0,Normal,Normal,0.9999401569366455,1
mqtt_preprocessed_v2.csv,2431,-1,-1,0,0,Normal,Normal,0.9999504089355469,1
mqtt_preprocessed_v2.csv,2432,-1,-1,0,0,Normal,Normal,0.9999483823776245,1
mqtt_preprocessed_v2.csv,2433,-1,-1,0,0,Normal,Normal,0.9999555349349976,1
mqtt_preprocessed_v2.csv,2434,-1,-1,0,0,Normal,Normal,0.9999445676803589,1
mqtt_preprocessed_v2.csv,2435,-1,-1,0,0,Normal,Normal,0.9999363422393799,1
mqtt_preprocessed_v2.csv,2436,-1,-1,0,0,Normal,Normal,0.9999535083770752,1
mqtt_preprocessed_v2.csv,2437,-1,-1,0,0,Normal,Normal,0.9998461008071899,1
mqtt_preprocessed_v2.csv,2438,-1,-1,0,0,Normal,Normal,0.9998915195465088,1
mqtt_preprocessed_v2.csv,2439,-1,-1,0,0,Normal,Normal,0.9999572038650513,1
mqtt_preprocessed_v2.csv,2440,-1,-1,0,0,Normal,Normal,0.9999291896820068,1
mqtt_preprocessed_v2.csv,2441,-1,-1,0,0,Normal,Normal,0.9999507665634155,1
mqtt_preprocessed_v2.csv,2442,-1,-1,0,0,Normal,Normal,0.9999589920043945,1
mqtt_preprocessed_v2.csv,2443,-1,-1,0,0,Normal,Normal,0.9999532699584961,1
mqtt_preprocessed_v2.csv,2444,-1,-1,0,0,Normal,Normal,0.9999500513076782,1
mqtt_preprocessed_v2.csv,2445,-1,-1,0,0,Normal,Normal,0.9999526739120483,1
mqtt_preprocessed_v2.csv,2446,-1,-1,0,0,Normal,Normal,0.9999586343765259,1
mqtt_preprocessed_v2.csv,2447,-1,-1,0,0,Normal,Normal,0.999954104423523,1
mqtt_preprocessed_v2.csv,2448,-1,-1,0,0,Normal,Normal,0.9999421834945679,1
mqtt_preprocessed_v2.csv,2449,-1,-1,0,0,Normal,Normal,0.9988818764686584,1
mqtt_preprocessed_v2.csv,2450,-1,-1,0,0,Normal,Normal,0.9999312162399292,1
mqtt_preprocessed_v2.csv,2451,-1,-1,0,0,Normal,Normal,0.9999434947967529,1
mqtt_preprocessed_v2.csv,2452,-1,-1,0,0,Normal,Normal,0.9998700618743896,1
mqtt_preprocessed_v2.csv,2453,-1,-1,0,0,Normal,Normal,0.9999531507492065,1
mqtt_preprocessed_v2.csv,2454,-1,-1,0,0,Normal,Normal,0.9993243217468262,1
mqtt_preprocessed_v2.csv,2455,-1,-1,0,0,Normal,Normal,0.9999275207519531,1
mqtt_preprocessed_v2.csv,2456,-1,-1,0,0,Normal,Normal,0.999207079410553,1
mqtt_preprocessed_v2.csv,2457,-1,-1,0,0,Normal,Normal,0.9995236396789551,1
mqtt_preprocessed_v2.csv,2458,-1,-1,0,0,Normal,Normal,0.9999380111694336,1
mqtt_preprocessed_v2.csv,2459,-1,-1,0,0,Normal,Normal,0.9999533891677856,1
mqtt_preprocessed_v2.csv,2460,-1,-1,0,0,Normal,Normal,0.9925630688667297,1
mqtt_preprocessed_v2.csv,2461,-1,-1,0,0,Normal,Normal,0.9999254941940308,1
mqtt_preprocessed_v2.csv,2462,-1,-1,0,0,Normal,Normal,0.9999504089355469,1
mqtt_preprocessed_v2.csv,2463,-1,-1,0,0,Normal,Normal,0.9996346235275269,1
mqtt_preprocessed_v2.csv,2464,-1,-1,0,0,Normal,Normal,0.9999194145202637,1
mqtt_preprocessed_v2.csv,2465,-1,-1,0,0,Normal,Normal,0.9998856782913208,1
mqtt_preprocessed_v2.csv,2466,-1,-1,0,0,Normal,Normal,0.9999129772186279,1
mqtt_preprocessed_v2.csv,2467,-1,-1,0,0,Normal,Normal,0.9999301433563232,1
mqtt_preprocessed_v2.csv,2468,-1,-1,0,0,Normal,Normal,0.9998962879180908,1
mqtt_preprocessed_v2.csv,2469,-1,-1,0,0,Normal,Normal,0.9999549388885498,1
mqtt_preprocessed_v2.csv,2470,-1,-1,0,0,Normal,Normal,0.9998960494995117,1
mqtt_preprocessed_v2.csv,2471,-1,-1,0,0,Normal,Normal,0.9999492168426514,1
mqtt_preprocessed_v2.csv,2472,-1,-1,0,0,Normal,Normal,0.9997281432151794,1
mqtt_preprocessed_v2.csv,2473,-1,-1,0,0,Normal,Normal,0.9999396800994873,1
mqtt_preprocessed_v2.csv,2474,-1,-1,0,0,Normal,Normal,0.9999319314956665,1
mqtt_preprocessed_v2.csv,2475,-1,-1,0,0,Normal,Normal,0.9999490976333618,1
mqtt_preprocessed_v2.csv,2476,-1,-1,0,0,Normal,Normal,0.9999518394470215,1
mqtt_preprocessed_v2.csv,2477,-1,-1,0,0,Normal,Normal,0.9990394711494446,1
mqtt_preprocessed_v2.csv,2478,-1,-1,0,0,Normal,Normal,0.9999339580535889,1
mqtt_preprocessed_v2.csv,2479,-1,-1,0,0,Normal,Normal,0.9999481439590454,1
mqtt_preprocessed_v2.csv,2480,-1,-1,0,0,Normal,Normal,0.999920129776001,1
mqtt_preprocessed_v2.csv,2481,-1,-1,0,0,Normal,Normal,0.9999384880065918,1
mqtt_preprocessed_v2.csv,2482,-1,-1,0,0,Normal,Normal,0.9999499320983887,1
mqtt_preprocessed_v2.csv,2483,-1,-1,0,0,Normal,Normal,0.999953031539917,1
mqtt_preprocessed_v2.csv,2484,-1,-1,0,0,Normal,Normal,0.9999169111251831,1
mqtt_preprocessed_v2.csv,2485,-1,-1,0,0,Normal,Normal,0.9987882971763611,1
mqtt_preprocessed_v2.csv,2486,-1,-1,0,0,Normal,Normal,0.9999481439590454,1
mqtt_preprocessed_v2.csv,2487,-1,-1,0,0,Normal,Normal,0.9999196529388428,1
mqtt_preprocessed_v2.csv,2488,-1,-1,0,0,Normal,Normal,0.9999507665634155,1
mqtt_preprocessed_v2.csv,2489,-1,-1,0,0,Normal,Normal,0.9996932744979858,1
mqtt_preprocessed_v2.csv,2490,-1,-1,0,0,Normal,Normal,0.9999542236328125,1
mqtt_preprocessed_v2.csv,2491,-1,-1,0,0,Normal,Normal,0.9999388456344604,1
mqtt_preprocessed_v2.csv,2492,-1,-1,0,0,Normal,Normal,0.9999150037765503,1
mqtt_preprocessed_v2.csv,2493,-1,-1,0,0,Normal,Normal,0.9998418092727661,1
mqtt_preprocessed_v2.csv,2494,-1,-1,0,0,Normal,Normal,0.9999371767044067,1
mqtt_preprocessed_v2.csv,2495,-1,-1,0,0,Normal,Normal,0.9999312162399292,1
mqtt_preprocessed_v2.csv,2496,-1,-1,0,0,Normal,Normal,0.9998990297317505,1
mqtt_preprocessed_v2.csv,2497,-1,-1,0,0,Normal,Normal,0.9999539852142334,1
mqtt_preprocessed_v2.csv,2498,-1,-1,0,0,Normal,Normal,0.9999569654464722,1
mqtt_preprocessed_v2.csv,2499,-1,-1,0,0,Normal,Normal,0.9999489784240723,1
mqtt_preprocessed_v2.csv,2500,-1,-1,0,0,Normal,Normal,0.999936580657959,1
mqtt_preprocessed_v2.csv,2501,-1,-1,0,0,Normal,Normal,0.999934196472168,1
mqtt_preprocessed_v2.csv,2502,-1,-1,0,0,Normal,Normal,0.9999574422836304,1
mqtt_preprocessed_v2.csv,2503,-1,-1,0,0,Normal,Normal,0.9997329115867615,1
mqtt_preprocessed_v2.csv,2504,-1,-1,0,0,Normal,Normal,0.9998869895935059,1
mqtt_preprocessed_v2.csv,2505,-1,-1,0,0,Normal,Normal,0.9999533891677856,1
mqtt_preprocessed_v2.csv,2506,-1,-1,0,0,Normal,Normal,0.9998037219047546,1
mqtt_preprocessed_v2.csv,2507,-1,-1,0,0,Normal,Normal,0.9999505281448364,1
mqtt_preprocessed_v2.csv,2508,-1,-1,0,0,Normal,Normal,0.9989639520645142,1
mqtt_preprocessed_v2.csv,2509,-1,-1,0,0,Normal,Normal,0.9016119241714478,1
mqtt_preprocessed_v2.csv,2510,-1,-1,0,0,Normal,Normal,0.9998936653137207,1
mqtt_preprocessed_v2.csv,2511,-1,-1,0,0,Normal,Normal,0.9999490976333618,1
mqtt_preprocessed_v2.csv,2512,-1,-1,0,0,Normal,Normal,0.9999567270278931,1
mqtt_preprocessed_v2.csv,2513,-1,-1,0,0,Normal,Normal,0.9999552965164185,1
mqtt_preprocessed_v2.csv,2514,-1,-1,0,0,Normal,Normal,0.9999185800552368,1
mqtt_preprocessed_v2.csv,2515,-1,-1,0,0,Normal,Normal,0.9999414682388306,1
mqtt_preprocessed_v2.csv,2516,-1,-1,0,0,Normal,Normal,0.999954104423523,1
mqtt_preprocessed_v2.csv,2517,-1,-1,0,0,Normal,Normal,0.9999116659164429,1
mqtt_preprocessed_v2.csv,2518,-1,-1,0,0,Normal,Normal,0.9995386600494385,1
mqtt_preprocessed_v2.csv,2519,-1,-1,0,0,Normal,Normal,0.9999479055404663,1
mqtt_preprocessed_v2.csv,2520,-1,-1,0,0,Normal,Normal,0.9998685121536255,1
mqtt_preprocessed_v2.csv,2521,-1,-1,0,0,Normal,Normal,0.9999562501907349,1
mqtt_preprocessed_v2.csv,2522,-1,-1,0,0,Normal,Normal,0.9999533891677856,1
mqtt_preprocessed_v2.csv,2523,-1,-1,0,0,Normal,Normal,0.9999275207519531,1
mqtt_preprocessed_v2.csv,2524,-1,-1,0,0,Normal,Normal,0.9998869895935059,1
mqtt_preprocessed_v2.csv,2525,-1,-1,0,0,Normal,Normal,0.9999566078186035,1
mqtt_preprocessed_v2.csv,2526,-1,-1,0,0,Normal,Normal,0.999903678894043,1
mqtt_preprocessed_v2.csv,2527,-1,-1,0,0,Normal,Normal,0.9999557733535767,1
mqtt_preprocessed_v2.csv,2528,-1,-1,0,0,Normal,Normal,0.9992138147354126,1
mqtt_preprocessed_v2.csv,2529,-1,-1,0,0,Normal,Normal,0.9999533891677856,1
mqtt_preprocessed_v2.csv,2530,-1,-1,0,0,Normal,Normal,0.999934196472168,1
mqtt_preprocessed_v2.csv,2531,-1,-1,0,0,Normal,Normal,0.9999181032180786,1
mqtt_preprocessed_v2.csv,2532,-1,-1,0,0,Normal,Normal,0.9998557567596436,1
mqtt_preprocessed_v2.csv,2533,-1,-1,0,0,Normal,Normal,0.9999374151229858,1
mqtt_preprocessed_v2.csv,2534,-1,-1,0,0,Normal,Normal,0.9999185800552368,1
mqtt_preprocessed_v2.csv,2535,-1,-1,0,0,Normal,Normal,0.9999327659606934,1
mqtt_preprocessed_v2.csv,2536,-1,-1,0,0,Normal,Normal,0.9993935823440552,1
mqtt_preprocessed_v2.csv,2537,-1,-1,0,0,Normal,Normal,0.9999381303787231,1
mqtt_preprocessed_v2.csv,2538,-1,-1,0,0,Normal,Normal,0.9997982382774353,1
mqtt_preprocessed_v2.csv,2539,-1,-1,0,0,Normal,Normal,0.9999083280563354,1
mqtt_preprocessed_v2.csv,2540,-1,-1,0,0,Normal,Normal,0.999927282333374,1
mqtt_preprocessed_v2.csv,2541,-1,-1,0,0,Normal,Normal,0.9530866146087646,1
mqtt_preprocessed_v2.csv,2542,-1,-1,0,0,Normal,Normal,0.9999481439590454,1
mqtt_preprocessed_v2.csv,2543,-1,-1,0,0,Normal,Normal,0.9998762607574463,1
mqtt_preprocessed_v2.csv,2544,-1,-1,0,0,Normal,Normal,0.9999443292617798,1
mqtt_preprocessed_v2.csv,2545,-1,-1,0,0,Normal,Normal,0.9453351497650146,1
mqtt_preprocessed_v2.csv,2546,-1,-1,0,0,Normal,Normal,0.99992835521698,1
mqtt_preprocessed_v2.csv,2547,-1,-1,0,0,Normal,Normal,0.9999279975891113,1
mqtt_preprocessed_v2.csv,2548,-1,-1,0,0,Normal,Normal,0.9990605711936951,1
mqtt_preprocessed_v2.csv,2549,-1,-1,0,0,Normal,Normal,0.9999544620513916,1
mqtt_preprocessed_v2.csv,2550,-1,-1,0,0,Normal,Normal,0.9999556541442871,1
mqtt_preprocessed_v2.csv,2551,-1,-1,0,0,Normal,Normal,0.9999549388885498,1
mqtt_preprocessed_v2.csv,2552,-1,-1,0,0,Normal,Normal,0.9999394416809082,1
mqtt_preprocessed_v2.csv,2553,-1,-1,0,0,Normal,Normal,0.9998880624771118,1
mqtt_preprocessed_v2.csv,2554,-1,-1,0,0,Normal,Normal,0.9998825788497925,1
mqtt_preprocessed_v2.csv,2555,-1,-1,0,0,Normal,Normal,0.9995166063308716,1
mqtt_preprocessed_v2.csv,2556,-1,-1,0,0,Normal,Normal,0.999783456325531,1
mqtt_preprocessed_v2.csv,2557,-1,-1,0,0,Normal,Normal,0.9998705387115479,1
mqtt_preprocessed_v2.csv,2558,-1,-1,0,0,Normal,Normal,0.9999269247055054,1
mqtt_preprocessed_v2.csv,2559,-1,-1,0,0,Normal,Normal,0.9999518394470215,1
mqtt_preprocessed_v2.csv,2560,-1,-1,0,0,Normal,Normal,0.9999434947967529,1
mqtt_preprocessed_v2.csv,2561,-1,-1,0,0,Normal,Normal,0.9999550580978394,1
mqtt_preprocessed_v2.csv,2562,-1,-1,0,0,Normal,Normal,0.9999483823776245,1
mqtt_preprocessed_v2.csv,2563,-1,-1,0,0,Normal,Normal,0.9999150037765503,1
mqtt_preprocessed_v2.csv,2564,-1,-1,0,0,Normal,Normal,0.9999563694000244,1
mqtt_preprocessed_v2.csv,2565,-1,-1,0,0,Normal,Normal,0.9999064207077026,1
mqtt_preprocessed_v2.csv,2566,-1,-1,0,0,Normal,Normal,0.9998726844787598,1
mqtt_preprocessed_v2.csv,2567,-1,-1,0,0,Normal,Normal,0.9998795986175537,1
mqtt_preprocessed_v2.csv,2568,-1,-1,0,0,Normal,Normal,0.9999006986618042,1
mqtt_preprocessed_v2.csv,2569,-1,-1,0,0,Normal,Normal,0.9999226331710815,1
mqtt_preprocessed_v2.csv,2570,-1,-1,0,0,Normal,Normal,0.9999550580978394,1
mqtt_preprocessed_v2.csv,2571,-1,-1,0,0,Normal,Normal,0.9999433755874634,1
mqtt_preprocessed_v2.csv,2572,-1,-1,0,0,Normal,Normal,0.9998621940612793,1
mqtt_preprocessed_v2.csv,2573,-1,-1,0,0,Normal,Normal,0.8014498353004456,1
mqtt_preprocessed_v2.csv,2574,-1,-1,0,0,Normal,Normal,0.998591959476471,1
mqtt_preprocessed_v2.csv,2575,-1,-1,0,0,Normal,Normal,0.9999518394470215,1
mqtt_preprocessed_v2.csv,2576,-1,-1,0,0,Normal,Normal,0.9999232292175293,1
mqtt_preprocessed_v2.csv,2577,-1,-1,0,0,Normal,Normal,0.9999417066574097,1
mqtt_preprocessed_v2.csv,2578,-1,-1,0,0,Normal,Normal,0.6953678727149963,1
mqtt_preprocessed_v2.csv,2579,-1,-1,0,0,Normal,Normal,0.999887228012085,1
mqtt_preprocessed_v2.csv,2580,-1,-1,0,0,Normal,Normal,0.9999526739120483,1
mqtt_preprocessed_v2.csv,2581,-1,-1,0,0,Normal,Normal,0.9999555349349976,1
mqtt_preprocessed_v2.csv,2582,-1,-1,0,0,Normal,Normal,0.9998490810394287,1
mqtt_preprocessed_v2.csv,2583,-1,-1,0,0,Normal,Normal,0.999925971031189,1
mqtt_preprocessed_v2.csv,2584,-1,-1,0,0,Normal,Normal,0.9999529123306274,1
mqtt_preprocessed_v2.csv,2585,-1,-1,0,0,Normal,Normal,0.999951958656311,1
mqtt_preprocessed_v2.csv,2586,-1,-1,0,0,Normal,Normal,0.999957799911499,1
mqtt_preprocessed_v2.csv,2587,-1,-1,0,0,Normal,Normal,0.9926280379295349,1
mqtt_preprocessed_v2.csv,2588,-1,-1,0,0,Normal,Normal,0.9998745918273926,1
mqtt_preprocessed_v2.csv,2589,-1,-1,0,0,Normal,Normal,0.9999299049377441,1
mqtt_preprocessed_v2.csv,2590,-1,-1,0,0,Normal,Normal,0.9999486207962036,1
mqtt_preprocessed_v2.csv,2591,-1,-1,0,0,Normal,Normal,0.9999537467956543,1
mqtt_preprocessed_v2.csv,2592,-1,-1,0,0,Normal,Normal,0.9999507665634155,1
mqtt_preprocessed_v2.csv,2593,-1,-1,0,0,Normal,Normal,0.999931812286377,1
mqtt_preprocessed_v2.csv,2594,-1,-1,0,0,Normal,Normal,0.9993736147880554,1
mqtt_preprocessed_v2.csv,2595,-1,-1,0,0,Normal,Normal,0.9999510049819946,1
mqtt_preprocessed_v2.csv,2596,-1,-1,0,0,Normal,Normal,0.9999161958694458,1
mqtt_preprocessed_v2.csv,2597,-1,-1,0,0,Normal,Normal,0.9993221759796143,1
mqtt_preprocessed_v2.csv,2598,-1,-1,0,0,Normal,Normal,0.9999498128890991,1
mqtt_preprocessed_v2.csv,2599,-1,-1,0,0,Normal,Normal,0.9999479055404663,1
mqtt_preprocessed_v2.csv,2600,-1,-1,0,0,Normal,Normal,0.999955415725708,1
mqtt_preprocessed_v2.csv,2601,-1,-1,0,0,Normal,Normal,0.9999319314956665,1
mqtt_preprocessed_v2.csv,2602,-1,-1,0,0,Normal,Normal,0.9999325275421143,1
mqtt_preprocessed_v2.csv,2603,-1,-1,0,0,Normal,Normal,0.8947848677635193,1
mqtt_preprocessed_v2.csv,2604,-1,-1,0,0,Normal,Normal,0.9999091625213623,1
mqtt_preprocessed_v2.csv,2605,-1,-1,0,0,Normal,Normal,0.999769389629364,1
mqtt_preprocessed_v2.csv,2606,-1,-1,0,0,Normal,Normal,0.9998617172241211,1
mqtt_preprocessed_v2.csv,2607,-1,-1,0,0,Normal,Normal,0.999950647354126,1
mqtt_preprocessed_v2.csv,2608,-1,-1,0,0,Normal,Normal,0.9992853999137878,1
mqtt_preprocessed_v2.csv,2609,-1,-1,0,0,Normal,Normal,0.9999043941497803,1
mqtt_preprocessed_v2.csv,2610,-1,-1,0,0,Normal,Normal,0.9999048709869385,1
mqtt_preprocessed_v2.csv,2611,-1,-1,0,0,Normal,Normal,0.9999552965164185,1
mqtt_preprocessed_v2.csv,2612,-1,-1,0,0,Normal,Normal,0.9999510049819946,1
mqtt_preprocessed_v2.csv,2613,-1,-1,0,0,Normal,Normal,0.9999368190765381,1
mqtt_preprocessed_v2.csv,2614,-1,-1,0,0,Normal,Normal,0.9998869895935059,1
mqtt_preprocessed_v2.csv,2615,-1,-1,0,0,Normal,Normal,0.9999048709869385,1
mqtt_preprocessed_v2.csv,2616,-1,-1,0,0,Normal,Normal,0.7115110754966736,1
mqtt_preprocessed_v2.csv,2617,-1,-1,0,0,Normal,Normal,0.999915361404419,1
mqtt_preprocessed_v2.csv,2618,-1,-1,0,0,Normal,Normal,0.9999014139175415,1
mqtt_preprocessed_v2.csv,2619,-1,-1,0,0,Normal,Normal,0.999884843826294,1
mqtt_preprocessed_v2.csv,2620,-1,-1,0,0,Normal,Normal,0.9999336004257202,1
mqtt_preprocessed_v2.csv,2621,-1,-1,0,0,Normal,Normal,0.9999444484710693,1
mqtt_preprocessed_v2.csv,2622,-1,-1,0,0,Normal,Normal,0.9353270530700684,1
mqtt_preprocessed_v2.csv,2623,-1,-1,0,0,Normal,Normal,0.9999047517776489,1
mqtt_preprocessed_v2.csv,2624,-1,-1,0,0,Normal,Normal,0.999954104423523,1
mqtt_preprocessed_v2.csv,2625,-1,-1,0,0,Normal,Normal,0.9999569654464722,1
mqtt_preprocessed_v2.csv,2626,-1,-1,0,0,Normal,Normal,0.9999480247497559,1
mqtt_preprocessed_v2.csv,2627,-1,-1,0,0,Normal,Normal,0.8146824836730957,1
mqtt_preprocessed_v2.csv,2628,-1,-1,0,0,Normal,Normal,0.9999034404754639,1
mqtt_preprocessed_v2.csv,2629,-1,-1,0,0,Normal,Normal,0.99988853931427,1
mqtt_preprocessed_v2.csv,2630,-1,-1,0,0,Normal,Normal,0.9999539852142334,1
mqtt_preprocessed_v2.csv,2631,-1,-1,0,0,Normal,Normal,0.9998725652694702,1
mqtt_preprocessed_v2.csv,2632,-1,-1,0,0,Normal,Normal,0.9999268054962158,1
mqtt_preprocessed_v2.csv,2633,-1,-1,0,0,Normal,Normal,0.9257128238677979,1
mqtt_preprocessed_v2.csv,2634,-1,-1,0,0,Normal,Normal,0.9522203207015991,1
mqtt_preprocessed_v2.csv,2635,-1,-1,0,0,Normal,Normal,0.9999517202377319,1
mqtt_preprocessed_v2.csv,2636,-1,-1,0,0,Normal,Normal,0.9995974898338318,1
mqtt_preprocessed_v2.csv,2637,-1,-1,0,0,Normal,Normal,0.9999550580978394,1
mqtt_preprocessed_v2.csv,2638,-1,-1,0,0,Normal,Normal,0.9997933506965637,1
mqtt_preprocessed_v2.csv,2639,-1,-1,0,0,Normal,Normal,0.9999394416809082,1
mqtt_preprocessed_v2.csv,2640,-1,-1,0,0,Normal,Normal,0.9998903274536133,1
mqtt_preprocessed_v2.csv,2641,-1,-1,0,0,Normal,Normal,0.9551087021827698,1
mqtt_preprocessed_v2.csv,2642,-1,-1,0,0,Normal,Normal,0.9999566078186035,1
mqtt_preprocessed_v2.csv,2643,-1,-1,0,0,Normal,Normal,0.9999535083770752,1
mqtt_preprocessed_v2.csv,2644,-1,-1,0,0,Normal,Normal,0.9999581575393677,1
mqtt_preprocessed_v2.csv,2645,-1,-1,0,0,Normal,Normal,0.9999287128448486,1
mqtt_preprocessed_v2.csv,2646,-1,-1,0,0,Normal,Normal,0.9999532699584961,1
mqtt_preprocessed_v2.csv,2647,-1,-1,0,0,Normal,Normal,0.9999526739120483,1
mqtt_preprocessed_v2.csv,2648,-1,-1,0,0,Normal,Normal,0.9999051094055176,1
mqtt_preprocessed_v2.csv,2649,-1,-1,0,0,Normal,Normal,0.999954104423523,1
mqtt_preprocessed_v2.csv,2650,-1,-1,0,0,Normal,Normal,0.9999330043792725,1
mqtt_preprocessed_v2.csv,2651,-1,-1,0,0,Normal,Normal,0.99993896484375,1
mqtt_preprocessed_v2.csv,2652,-1,-1,0,0,Normal,Normal,0.9998748302459717,1
mqtt_preprocessed_v2.csv,2653,-1,-1,0,0,Normal,Normal,0.9999520778656006,1
mqtt_preprocessed_v2.csv,2654,-1,-1,0,0,Normal,Normal,0.9999539852142334,1
mqtt_preprocessed_v2.csv,2655,-1,-1,0,0,Normal,Normal,0.9999212026596069,1
mqtt_preprocessed_v2.csv,2656,-1,-1,0,0,Normal,Normal,0.9999386072158813,1
mqtt_preprocessed_v2.csv,2657,-1,-1,0,0,Normal,Normal,0.9999549388885498,1
mqtt_preprocessed_v2.csv,2658,-1,-1,0,0,Normal,Normal,0.999946117401123,1
mqtt_preprocessed_v2.csv,2659,-1,-1,0,0,Normal,Normal,0.9999176263809204,1
mqtt_preprocessed_v2.csv,2660,-1,-1,0,0,Normal,Normal,0.9999563694000244,1
mqtt_preprocessed_v2.csv,2661,-1,-1,0,0,Normal,Normal,0.9999150037765503,1
mqtt_preprocessed_v2.csv,2662,-1,-1,0,0,Normal,Normal,0.9999347925186157,1
mqtt_preprocessed_v2.csv,2663,-1,-1,0,0,Normal,Normal,0.9999067783355713,1
mqtt_preprocessed_v2.csv,2664,-1,-1,0,0,Normal,Normal,0.9722734093666077,1
mqtt_preprocessed_v2.csv,2665,-1,-1,0,0,Normal,Normal,0.9999122619628906,1
mqtt_preprocessed_v2.csv,2666,-1,-1,0,0,Normal,Normal,0.9997329115867615,1
mqtt_preprocessed_v2.csv,2667,-1,-1,0,0,Normal,Normal,0.9999574422836304,1
mqtt_preprocessed_v2.csv,2668,-1,-1,0,0,Normal,Normal,0.9999136924743652,1
mqtt_preprocessed_v2.csv,2669,-1,-1,0,0,Normal,Normal,0.9998575448989868,1
mqtt_preprocessed_v2.csv,2670,-1,-1,0,0,Normal,Normal,0.9998856782913208,1
mqtt_preprocessed_v2.csv,2671,-1,-1,0,0,Normal,Normal,0.998945415019989,1
mqtt_preprocessed_v2.csv,2672,-1,-1,0,0,Normal,Normal,0.9999276399612427,1
mqtt_preprocessed_v2.csv,2673,-1,-1,0,0,Normal,Normal,0.9999203681945801,1
mqtt_preprocessed_v2.csv,2674,-1,-1,0,0,Normal,Normal,0.999956488609314,1
mqtt_preprocessed_v2.csv,2675,-1,-1,0,0,Normal,Normal,0.9999523162841797,1
mqtt_preprocessed_v2.csv,2676,-1,-1,0,0,Normal,Normal,0.9998797178268433,1
mqtt_preprocessed_v2.csv,2677,-1,-1,0,0,Normal,Normal,0.9999463558197021,1
mqtt_preprocessed_v2.csv,2678,-1,-1,0,0,Normal,Normal,0.9997527003288269,1
mqtt_preprocessed_v2.csv,2679,-1,-1,0,0,Normal,Normal,0.999950647354126,1
mqtt_preprocessed_v2.csv,2680,-1,-1,0,0,Normal,Normal,0.9998348951339722,1
mqtt_preprocessed_v2.csv,2681,-1,-1,0,0,Normal,Normal,0.9999440908432007,1
mqtt_preprocessed_v2.csv,2682,-1,-1,0,0,Normal,Normal,0.9997536540031433,1
mqtt_preprocessed_v2.csv,2683,-1,-1,0,0,Normal,Normal,0.9999451637268066,1
mqtt_preprocessed_v2.csv,2684,-1,-1,0,0,Normal,Normal,0.9999523162841797,1
mqtt_preprocessed_v2.csv,2685,-1,-1,0,0,Normal,Normal,0.9999538660049438,1
mqtt_preprocessed_v2.csv,2686,-1,-1,0,0,Normal,Normal,0.9999560117721558,1
mqtt_preprocessed_v2.csv,2687,-1,-1,0,0,Normal,Normal,0.999923825263977,1
mqtt_preprocessed_v2.csv,2688,-1,-1,0,0,Normal,Normal,0.9999278783798218,1
mqtt_preprocessed_v2.csv,2689,-1,-1,0,0,Normal,Normal,0.999916672706604,1
mqtt_preprocessed_v2.csv,2690,-1,-1,0,0,Normal,Normal,0.9999152421951294,1
mqtt_preprocessed_v2.csv,2691,-1,-1,0,0,Normal,Normal,0.999953031539917,1
mqtt_preprocessed_v2.csv,2692,-1,-1,0,0,Normal,Normal,0.776159942150116,1
mqtt_preprocessed_v2.csv,2693,-1,-1,0,0,Normal,Normal,0.9999531507492065,1
mqtt_preprocessed_v2.csv,2694,-1,-1,0,0,Normal,Normal,0.9999279975891113,1
mqtt_preprocessed_v2.csv,2695,-1,-1,0,0,Normal,Normal,0.9999536275863647,1
mqtt_preprocessed_v2.csv,2696,-1,-1,0,0,Normal,Normal,0.9999573230743408,1
mqtt_preprocessed_v2.csv,2697,-1,-1,0,0,Normal,Normal,0.9999549388885498,1
mqtt_preprocessed_v2.csv,2698,-1,-1,0,0,Normal,Normal,0.9999433755874634,1
mqtt_preprocessed_v2.csv,2699,-1,-1,0,0,Normal,Normal,0.9999301433563232,1
mqtt_preprocessed_v2.csv,2700,-1,-1,0,0,Normal,Normal,0.9999033212661743,1
mqtt_preprocessed_v2.csv,2701,-1,-1,0,0,Normal,Normal,0.9999550580978394,1
mqtt_preprocessed_v2.csv,2702,-1,-1,0,0,Normal,Normal,0.9999529123306274,1
mqtt_preprocessed_v2.csv,2703,-1,-1,0,0,Normal,Normal,0.999945878982544,1
mqtt_preprocessed_v2.csv,2704,-1,-1,0,0,Normal,Normal,0.9998884201049805,1
mqtt_preprocessed_v2.csv,2705,-1,-1,0,0,Normal,Normal,0.9999340772628784,1
mqtt_preprocessed_v2.csv,2706,-1,-1,0,0,Normal,Normal,0.9999545812606812,1
mqtt_preprocessed_v2.csv,2707,-1,-1,0,0,Normal,Normal,0.9997881054878235,1
mqtt_preprocessed_v2.csv,2708,-1,-1,0,0,Normal,Normal,0.9999234676361084,1
mqtt_preprocessed_v2.csv,2709,-1,-1,0,0,Normal,Normal,0.9999037981033325,1
mqtt_preprocessed_v2.csv,2710,-1,-1,0,0,Normal,Normal,0.9999481439590454,1
mqtt_preprocessed_v2.csv,2711,-1,-1,0,0,Normal,Normal,0.9999405145645142,1
mqtt_preprocessed_v2.csv,2712,-1,-1,0,0,Normal,Normal,0.9999561309814453,1
mqtt_preprocessed_v2.csv,2713,-1,-1,0,0,Normal,Normal,0.9999551773071289,1
mqtt_preprocessed_v2.csv,2714,-1,-1,0,0,Normal,Normal,0.9999570846557617,1
mqtt_preprocessed_v2.csv,2715,-1,-1,0,0,Normal,Normal,0.999951958656311,1
mqtt_preprocessed_v2.csv,2716,-1,-1,0,0,Normal,Normal,0.9999488592147827,1
mqtt_preprocessed_v2.csv,2717,-1,-1,0,0,Normal,Normal,0.9350165724754333,1
mqtt_preprocessed_v2.csv,2718,-1,-1,0,0,Normal,Normal,0.9995668530464172,1
mqtt_preprocessed_v2.csv,2719,-1,-1,0,0,Normal,Normal,0.9994458556175232,1
mqtt_preprocessed_v2.csv,2720,-1,-1,0,0,Normal,Normal,0.8520743250846863,1
mqtt_preprocessed_v2.csv,2721,-1,-1,0,0,Normal,Normal,0.9998949766159058,1
mqtt_preprocessed_v2.csv,2722,-1,-1,0,0,Normal,Normal,0.9999485015869141,1
mqtt_preprocessed_v2.csv,2723,-1,-1,0,0,Normal,Normal,0.9675652384757996,1
mqtt_preprocessed_v2.csv,2724,-1,-1,0,0,Normal,Normal,0.9998817443847656,1
mqtt_preprocessed_v2.csv,2725,-1,-1,0,0,Normal,Normal,0.9999414682388306,1
mqtt_preprocessed_v2.csv,2726,-1,-1,0,0,Normal,Normal,0.9999547004699707,1
mqtt_preprocessed_v2.csv,2727,-1,-1,0,0,Normal,Normal,0.9999293088912964,1
mqtt_preprocessed_v2.csv,2728,-1,-1,0,0,Normal,Normal,0.9999217987060547,1
mqtt_preprocessed_v2.csv,2729,-1,-1,0,0,Normal,Normal,0.9998964071273804,1
mqtt_preprocessed_v2.csv,2730,-1,-1,0,0,Normal,Normal,0.9999520778656006,1
mqtt_preprocessed_v2.csv,2731,-1,-1,0,0,Normal,Normal,0.9998940229415894,1
mqtt_preprocessed_v2.csv,2732,-1,-1,0,0,Normal,Normal,0.9999539852142334,1
mqtt_preprocessed_v2.csv,2733,-1,-1,0,0,Normal,Normal,0.6706068515777588,1
mqtt_preprocessed_v2.csv,2734,-1,-1,0,0,Normal,Normal,0.9998875856399536,1
mqtt_preprocessed_v2.csv,2735,-1,-1,0,0,Normal,Normal,0.9990562796592712,1
mqtt_preprocessed_v2.csv,2736,-1,-1,0,0,Normal,Normal,0.889150083065033,1
mqtt_preprocessed_v2.csv,2737,-1,-1,0,0,Normal,Normal,0.6584116220474243,1
mqtt_preprocessed_v2.csv,2738,-1,-1,0,0,Normal,Normal,0.999956488609314,1
mqtt_preprocessed_v2.csv,2739,-1,-1,0,0,Normal,Normal,0.9999557733535767,1
mqtt_preprocessed_v2.csv,2740,-1,-1,0,0,Normal,Normal,0.9999223947525024,1
mqtt_preprocessed_v2.csv,2741,-1,-1,0,0,Normal,Normal,0.9999527931213379,1
mqtt_preprocessed_v2.csv,2742,-1,-1,0,0,Normal,Normal,0.9999527931213379,1
mqtt_preprocessed_v2.csv,2743,-1,-1,0,0,Normal,Normal,0.9999456405639648,1
mqtt_preprocessed_v2.csv,2744,-1,-1,0,0,Normal,Normal,0.9878395199775696,1
mqtt_preprocessed_v2.csv,2745,-1,-1,0,0,Normal,Normal,0.9999488592147827,1
mqtt_preprocessed_v2.csv,2746,-1,-1,0,0,Normal,Normal,0.9994163513183594,1
mqtt_preprocessed_v2.csv,2747,-1,-1,0,0,Normal,Normal,0.9998797178268433,1
mqtt_preprocessed_v2.csv,2748,-1,-1,0,0,Normal,Normal,0.9998871088027954,1
mqtt_preprocessed_v2.csv,2749,-1,-1,0,0,Normal,Normal,0.9999494552612305,1
mqtt_preprocessed_v2.csv,2750,-1,-1,0,0,Normal,Normal,0.9998854398727417,1
mqtt_preprocessed_v2.csv,2751,-1,-1,0,0,Normal,Normal,0.6992037296295166,1
mqtt_preprocessed_v2.csv,2752,-1,-1,0,0,Normal,Normal,0.9999029636383057,1
mqtt_preprocessed_v2.csv,2753,-1,-1,0,0,Normal,Normal,0.9999479055404663,1
mqtt_preprocessed_v2.csv,2754,-1,-1,0,0,Normal,Normal,0.999693751335144,1
mqtt_preprocessed_v2.csv,2755,-1,-1,0,0,Normal,Normal,0.999882698059082,1
mqtt_preprocessed_v2.csv,2756,-1,-1,0,0,Normal,Normal,0.9998941421508789,1
mqtt_preprocessed_v2.csv,2757,-1,-1,0,0,Normal,Normal,0.9999514818191528,1
mqtt_preprocessed_v2.csv,2758,-1,-1,0,0,Normal,Normal,0.999890923500061,1
mqtt_preprocessed_v2.csv,2759,-1,-1,0,0,Normal,Normal,0.9999513626098633,1
mqtt_preprocessed_v2.csv,2760,-1,-1,0,0,Normal,Normal,0.9999504089355469,1
mqtt_preprocessed_v2.csv,2761,-1,-1,0,0,Normal,Normal,0.9999096393585205,1
mqtt_preprocessed_v2.csv,2762,-1,-1,0,0,Normal,Normal,0.9997147917747498,1
mqtt_preprocessed_v2.csv,2763,-1,-1,0,0,Normal,Normal,0.9999477863311768,1
mqtt_preprocessed_v2.csv,2764,-1,-1,0,0,Normal,Normal,0.9999513626098633,1
mqtt_preprocessed_v2.csv,2765,-1,-1,0,0,Normal,Normal,0.9999531507492065,1
mqtt_preprocessed_v2.csv,2766,-1,-1,0,0,Normal,Normal,0.9999568462371826,1
mqtt_preprocessed_v2.csv,2767,-1,-1,0,0,Normal,Normal,0.9999539852142334,1
mqtt_preprocessed_v2.csv,2768,-1,-1,0,0,Normal,Normal,0.9998955726623535,1
mqtt_preprocessed_v2.csv,2769,-1,-1,0,0,Normal,Normal,0.9356446266174316,1
mqtt_preprocessed_v2.csv,2770,-1,-1,0,0,Normal,Normal,0.9998181462287903,1
mqtt_preprocessed_v2.csv,2771,-1,-1,0,0,Normal,Normal,0.9998573064804077,1
mqtt_preprocessed_v2.csv,2772,-1,-1,0,0,Normal,Normal,0.9811014533042908,1
mqtt_preprocessed_v2.csv,2773,-1,-1,0,0,Normal,Normal,0.9999507665634155,1
mqtt_preprocessed_v2.csv,2774,-1,-1,0,0,Normal,Normal,0.9999171495437622,1
mqtt_preprocessed_v2.csv,2775,-1,-1,0,0,Normal,Normal,0.9999356269836426,1
mqtt_preprocessed_v2.csv,2776,-1,-1,0,0,Normal,Normal,0.9999353885650635,1
mqtt_preprocessed_v2.csv,2777,-1,-1,0,0,Normal,Normal,0.9999402761459351,1
mqtt_preprocessed_v2.csv,2778,-1,-1,0,0,Normal,Normal,0.9999481439590454,1
mqtt_preprocessed_v2.csv,2779,-1,-1,0,0,Normal,Normal,0.9998843669891357,1
mqtt_preprocessed_v2.csv,2780,-1,-1,0,0,Normal,Normal,0.999915361404419,1
mqtt_preprocessed_v2.csv,2781,-1,-1,0,0,Normal,Normal,0.9998875856399536,1
mqtt_preprocessed_v2.csv,2782,-1,-1,0,0,Normal,Normal,0.9999346733093262,1
mqtt_preprocessed_v2.csv,2783,-1,-1,0,0,Normal,Normal,0.9999417066574097,1
mqtt_preprocessed_v2.csv,2784,-1,-1,0,0,Normal,Normal,0.9999560117721558,1
mqtt_preprocessed_v2.csv,2785,-1,-1,0,0,Normal,Normal,0.9999555349349976,1
mqtt_preprocessed_v2.csv,2786,-1,-1,0,0,Normal,Normal,0.9992502331733704,1
mqtt_preprocessed_v2.csv,2787,-1,-1,0,0,Normal,Normal,0.9999520778656006,1
mqtt_preprocessed_v2.csv,2788,-1,-1,0,0,Normal,Normal,0.9999390840530396,1
mqtt_preprocessed_v2.csv,2789,-1,-1,0,0,Normal,Normal,0.9999531507492065,1
mqtt_preprocessed_v2.csv,2790,-1,-1,0,0,Normal,Normal,0.9991439580917358,1
mqtt_preprocessed_v2.csv,2791,-1,-1,0,0,Normal,Normal,0.9998972415924072,1
mqtt_preprocessed_v2.csv,2792,-1,-1,0,0,Normal,Normal,0.9999306201934814,1
mqtt_preprocessed_v2.csv,2793,-1,-1,0,0,Normal,Normal,0.9999110698699951,1
mqtt_preprocessed_v2.csv,2794,-1,-1,0,0,Normal,Normal,0.9999550580978394,1
mqtt_preprocessed_v2.csv,2795,-1,-1,0,0,Normal,Normal,0.9999109506607056,1
mqtt_preprocessed_v2.csv,2796,-1,-1,0,0,Normal,Normal,0.9999136924743652,1
mqtt_preprocessed_v2.csv,2797,-1,-1,0,0,Normal,Normal,0.9998725652694702,1
mqtt_preprocessed_v2.csv,2798,-1,-1,0,0,Normal,Normal,0.9996057152748108,1
mqtt_preprocessed_v2.csv,2799,-1,-1,0,0,Normal,Normal,0.9996253252029419,1
mqtt_preprocessed_v2.csv,2800,-1,-1,0,0,Normal,Normal,0.999951958656311,1
mqtt_preprocessed_v2.csv,2801,-1,-1,0,0,Normal,Normal,0.9999469518661499,1
mqtt_preprocessed_v2.csv,2802,-1,-1,0,0,Normal,Normal,0.9999423027038574,1
mqtt_preprocessed_v2.csv,2803,-1,-1,0,0,Normal,Normal,0.9999551773071289,1
mqtt_preprocessed_v2.csv,2804,-1,-1,0,0,Normal,Normal,0.9998899698257446,1
mqtt_preprocessed_v2.csv,2805,-1,-1,0,0,Normal,Normal,0.9999209642410278,1
mqtt_preprocessed_v2.csv,2806,-1,-1,0,0,Normal,Normal,0.9998237490653992,1
mqtt_preprocessed_v2.csv,2807,-1,-1,0,0,Normal,Normal,0.9999310970306396,1
mqtt_preprocessed_v2.csv,2808,-1,-1,0,0,Normal,Normal,0.9999110698699951,1
mqtt_preprocessed_v2.csv,2809,-1,-1,0,0,Normal,Normal,0.9999537467956543,1
mqtt_preprocessed_v2.csv,2810,-1,-1,0,0,Normal,Normal,0.9999265670776367,1
mqtt_preprocessed_v2.csv,2811,-1,-1,0,0,Normal,Normal,0.9996534585952759,1
mqtt_preprocessed_v2.csv,2812,-1,-1,0,0,Normal,Normal,0.9999479055404663,1
mqtt_preprocessed_v2.csv,2813,-1,-1,0,0,Normal,Normal,0.9999109506607056,1
mqtt_preprocessed_v2.csv,2814,-1,-1,0,0,Normal,Normal,0.9999537467956543,1
mqtt_preprocessed_v2.csv,2815,-1,-1,0,0,Normal,Normal,0.9997678399085999,1
mqtt_preprocessed_v2.csv,2816,-1,-1,0,0,Normal,Normal,0.9999576807022095,1
mqtt_preprocessed_v2.csv,2817,-1,-1,0,0,Normal,Normal,0.9997351765632629,1
mqtt_preprocessed_v2.csv,2818,-1,-1,0,0,Normal,Normal,0.9999134540557861,1
mqtt_preprocessed_v2.csv,2819,-1,-1,0,0,Normal,Normal,0.9998843669891357,1
mqtt_preprocessed_v2.csv,2820,-1,-1,0,0,Normal,Normal,0.9999556541442871,1
mqtt_preprocessed_v2.csv,2821,-1,-1,0,0,Normal,Normal,0.9999555349349976,1
mqtt_preprocessed_v2.csv,2822,-1,-1,0,0,Normal,Normal,0.9998718500137329,1
mqtt_preprocessed_v2.csv,2823,-1,-1,0,0,Normal,Normal,0.9999570846557617,1
mqtt_preprocessed_v2.csv,2824,-1,-1,0,0,Normal,Normal,0.9999537467956543,1
mqtt_preprocessed_v2.csv,2825,-1,-1,0,0,Normal,Normal,0.9988735318183899,1
mqtt_preprocessed_v2.csv,2826,-1,-1,0,0,Normal,Normal,0.99993896484375,1
mqtt_preprocessed_v2.csv,2827,-1,-1,0,0,Normal,Normal,0.834352433681488,1
mqtt_preprocessed_v2.csv,2828,-1,-1,0,0,Normal,Normal,0.9999080896377563,1
mqtt_preprocessed_v2.csv,2829,-1,-1,0,0,Normal,Normal,0.9999532699584961,1
mqtt_preprocessed_v2.csv,2830,-1,-1,0,0,Normal,Normal,0.9997256398200989,1
mqtt_preprocessed_v2.csv,2831,-1,-1,0,0,Normal,Normal,0.9999520778656006,1
mqtt_preprocessed_v2.csv,2832,-1,-1,0,0,Normal,Normal,0.9999538660049438,1
mqtt_preprocessed_v2.csv,2833,-1,-1,0,0,Normal,Normal,0.9998774528503418,1
mqtt_preprocessed_v2.csv,2834,-1,-1,0,0,Normal,Normal,0.9997676014900208,1
mqtt_preprocessed_v2.csv,2835,-1,-1,0,0,Normal,Normal,0.9997180104255676,1
mqtt_preprocessed_v2.csv,2836,-1,-1,0,0,Normal,Normal,0.9999547004699707,1
mqtt_preprocessed_v2.csv,2837,-1,-1,0,0,Normal,Normal,0.9594100117683411,1
mqtt_preprocessed_v2.csv,2838,-1,-1,0,0,Normal,Normal,0.9999386072158813,1
mqtt_preprocessed_v2.csv,2839,-1,-1,0,0,Normal,Normal,0.9999526739120483,1
mqtt_preprocessed_v2.csv,2840,-1,-1,0,0,Normal,Normal,0.7300047278404236,1
mqtt_preprocessed_v2.csv,2841,-1,-1,0,0,Normal,Normal,0.9999580383300781,1
mqtt_preprocessed_v2.csv,2842,-1,-1,0,0,Normal,Normal,0.9999606609344482,1
mqtt_preprocessed_v2.csv,2843,-1,-1,0,0,Normal,Normal,0.9998972415924072,1
mqtt_preprocessed_v2.csv,2844,-1,-1,0,0,Normal,Normal,0.9999533891677856,1
mqtt_preprocessed_v2.csv,2845,-1,-1,0,0,Normal,Normal,0.9315553903579712,1
mqtt_preprocessed_v2.csv,2846,-1,-1,0,0,Normal,Normal,0.9996026158332825,1
mqtt_preprocessed_v2.csv,2847,-1,-1,0,0,Normal,Normal,0.999924898147583,1
mqtt_preprocessed_v2.csv,2848,-1,-1,0,0,Normal,Normal,0.895347535610199,1
mqtt_preprocessed_v2.csv,2849,-1,-1,0,0,Normal,Normal,0.9998797178268433,1
mqtt_preprocessed_v2.csv,2850,-1,-1,0,0,Normal,Normal,0.9996556043624878,1
mqtt_preprocessed_v2.csv,2851,-1,-1,0,0,Normal,Normal,0.9999569654464722,1
mqtt_preprocessed_v2.csv,2852,-1,-1,0,0,Normal,Normal,0.9999499320983887,1
mqtt_preprocessed_v2.csv,2853,-1,-1,0,0,Normal,Normal,0.9999037981033325,1
mqtt_preprocessed_v2.csv,2854,-1,-1,0,0,Normal,Normal,0.9997112154960632,1
mqtt_preprocessed_v2.csv,2855,-1,-1,0,0,Normal,Normal,0.999882698059082,1
mqtt_preprocessed_v2.csv,2856,-1,-1,0,0,Normal,Normal,0.999911904335022,1
mqtt_preprocessed_v2.csv,2857,-1,-1,0,0,Normal,Normal,0.9998992681503296,1
mqtt_preprocessed_v2.csv,2858,-1,-1,0,0,Normal,Normal,0.9998241066932678,1
mqtt_preprocessed_v2.csv,2859,-1,-1,0,0,Normal,Normal,0.9999535083770752,1
mqtt_preprocessed_v2.csv,2860,-1,-1,0,0,Normal,Normal,0.9990781545639038,1
mqtt_preprocessed_v2.csv,2861,-1,-1,0,0,Normal,Normal,0.9999568462371826,1
mqtt_preprocessed_v2.csv,2862,-1,-1,0,0,Normal,Normal,0.9997828602790833,1
mqtt_preprocessed_v2.csv,2863,-1,-1,0,0,Normal,Normal,0.9998726844787598,1
mqtt_preprocessed_v2.csv,2864,-1,-1,0,0,Normal,Normal,0.9999568462371826,1
mqtt_preprocessed_v2.csv,2865,-1,-1,0,0,Normal,Normal,0.999947190284729,1
mqtt_preprocessed_v2.csv,2866,-1,-1,0,0,Normal,Normal,0.9999221563339233,1
mqtt_preprocessed_v2.csv,2867,-1,-1,0,0,Normal,Normal,0.7709605097770691,1
mqtt_preprocessed_v2.csv,2868,-1,-1,0,0,Normal,Normal,0.9999387264251709,1
mqtt_preprocessed_v2.csv,2869,-1,-1,0,0,Normal,Normal,0.9988119602203369,1
mqtt_preprocessed_v2.csv,2870,-1,-1,0,0,Normal,Normal,0.999955415725708,1
mqtt_preprocessed_v2.csv,2871,-1,-1,0,0,Normal,Normal,0.9999390840530396,1
mqtt_preprocessed_v2.csv,2872,-1,-1,0,0,Normal,Normal,0.9999442100524902,1
mqtt_preprocessed_v2.csv,2873,-1,-1,0,0,Normal,Normal,0.9820521473884583,1
mqtt_preprocessed_v2.csv,2874,-1,-1,0,0,Normal,Normal,0.9999227523803711,1
mqtt_preprocessed_v2.csv,2875,-1,-1,0,0,Normal,Normal,0.9999538660049438,1
mqtt_preprocessed_v2.csv,2876,-1,-1,0,0,Normal,Normal,0.9999575614929199,1
mqtt_preprocessed_v2.csv,2877,-1,-1,0,0,Normal,Normal,0.9999549388885498,1
mqtt_preprocessed_v2.csv,2878,-1,-1,0,0,Normal,Normal,0.999842643737793,1
mqtt_preprocessed_v2.csv,2879,-1,-1,0,0,Normal,Normal,0.9999405145645142,1
mqtt_preprocessed_v2.csv,2880,-1,-1,0,0,Normal,Normal,0.9222192764282227,1
mqtt_preprocessed_v2.csv,2881,-1,-1,0,0,Normal,Normal,0.9999536275863647,1
mqtt_preprocessed_v2.csv,2882,-1,-1,0,0,Normal,Normal,0.9999527931213379,1
mqtt_preprocessed_v2.csv,2883,-1,-1,0,0,Normal,Normal,0.7890045046806335,1
mqtt_preprocessed_v2.csv,2884,-1,-1,0,0,Normal,Normal,0.999910831451416,1
mqtt_preprocessed_v2.csv,2885,-1,-1,0,0,Normal,Normal,0.999536395072937,1
mqtt_preprocessed_v2.csv,2886,-1,-1,0,0,Normal,Normal,0.9999301433563232,1
mqtt_preprocessed_v2.csv,2887,-1,-1,0,0,Normal,Normal,0.999510645866394,1
mqtt_preprocessed_v2.csv,2888,-1,-1,0,0,Normal,Normal,0.9999555349349976,1
mqtt_preprocessed_v2.csv,2889,-1,-1,0,0,Normal,Normal,0.9999545812606812,1
mqtt_preprocessed_v2.csv,2890,-1,-1,0,0,Normal,Normal,0.9999343156814575,1
mqtt_preprocessed_v2.csv,2891,-1,-1,0,0,Normal,Normal,0.9984263181686401,1
mqtt_preprocessed_v2.csv,2892,-1,-1,0,0,Normal,Normal,0.9999488592147827,1
mqtt_preprocessed_v2.csv,2893,-1,-1,0,0,Normal,Normal,0.9999319314956665,1
mqtt_preprocessed_v2.csv,2894,-1,-1,0,0,Normal,Normal,0.9998075366020203,1
mqtt_preprocessed_v2.csv,2895,-1,-1,0,0,Normal,Normal,0.9999197721481323,1
mqtt_preprocessed_v2.csv,2896,-1,-1,0,0,Normal,Normal,0.9991409778594971,1
mqtt_preprocessed_v2.csv,2897,-1,-1,0,0,Normal,Normal,0.9997571110725403,1
mqtt_preprocessed_v2.csv,2898,-1,-1,0,0,Normal,Normal,0.9999585151672363,1
mqtt_preprocessed_v2.csv,2899,-1,-1,0,0,Normal,Normal,0.9991772770881653,1
mqtt_preprocessed_v2.csv,2900,-1,-1,0,0,Normal,Normal,0.999950647354126,1
mqtt_preprocessed_v2.csv,2901,-1,-1,0,0,Normal,Normal,0.9950927495956421,1
mqtt_preprocessed_v2.csv,2902,-1,-1,0,0,Normal,Normal,0.9998338222503662,1
mqtt_preprocessed_v2.csv,2903,-1,-1,0,0,Normal,Normal,0.999951958656311,1
mqtt_preprocessed_v2.csv,2904,-1,-1,0,0,Normal,Normal,0.9999547004699707,1
mqtt_preprocessed_v2.csv,2905,-1,-1,0,0,Normal,Normal,0.9999232292175293,1
mqtt_preprocessed_v2.csv,2906,-1,-1,0,0,Normal,Normal,0.9999110698699951,1
mqtt_preprocessed_v2.csv,2907,-1,-1,0,0,Normal,Normal,0.9999443292617798,1
mqtt_preprocessed_v2.csv,2908,-1,-1,0,0,Normal,Normal,0.9999529123306274,1
mqtt_preprocessed_v2.csv,2909,-1,-1,0,0,Normal,Normal,0.9999406337738037,1
mqtt_preprocessed_v2.csv,2910,-1,-1,0,0,Normal,Normal,0.9997453093528748,1
mqtt_preprocessed_v2.csv,2911,-1,-1,0,0,Normal,Normal,0.9999327659606934,1
mqtt_preprocessed_v2.csv,2912,-1,-1,0,0,Normal,Normal,0.9999278783798218,1
mqtt_preprocessed_v2.csv,2913,-1,-1,0,0,Normal,Normal,0.9998993873596191,1
mqtt_preprocessed_v2.csv,2914,-1,-1,0,0,Normal,Normal,0.9999145269393921,1
mqtt_preprocessed_v2.csv,2915,-1,-1,0,0,Normal,Normal,0.999954342842102,1
mqtt_preprocessed_v2.csv,2916,-1,-1,0,0,Normal,Normal,0.9998425245285034,1
mqtt_preprocessed_v2.csv,2917,-1,-1,0,0,Normal,Normal,0.9999525547027588,1
mqtt_preprocessed_v2.csv,2918,-1,-1,0,0,Normal,Normal,0.9999525547027588,1
mqtt_preprocessed_v2.csv,2919,-1,-1,0,0,Normal,Normal,0.999954342842102,1
mqtt_preprocessed_v2.csv,2920,-1,-1,0,0,Normal,Normal,0.999923586845398,1
mqtt_preprocessed_v2.csv,2921,-1,-1,0,0,Normal,Normal,0.999954342842102,1
mqtt_preprocessed_v2.csv,2922,-1,-1,0,0,Normal,Normal,0.999944806098938,1
mqtt_preprocessed_v2.csv,2923,-1,-1,0,0,Normal,Normal,0.9999555349349976,1
mqtt_preprocessed_v2.csv,2924,-1,-1,0,0,Normal,Normal,0.9999526739120483,1
mqtt_preprocessed_v2.csv,2925,-1,-1,0,0,Normal,Normal,0.999923586845398,1
mqtt_preprocessed_v2.csv,2926,-1,-1,0,0,Normal,Normal,0.9999499320983887,1
mqtt_preprocessed_v2.csv,2927,-1,-1,0,0,Normal,Normal,0.9999493360519409,1
mqtt_preprocessed_v2.csv,2928,-1,-1,0,0,Normal,Normal,0.9999381303787231,1
mqtt_preprocessed_v2.csv,2929,-1,-1,0,0,Normal,Normal,0.999881386756897,1
mqtt_preprocessed_v2.csv,2930,-1,-1,0,0,Normal,Normal,0.9999374151229858,1
mqtt_preprocessed_v2.csv,2931,-1,-1,0,0,Normal,Normal,0.999927282333374,1
mqtt_preprocessed_v2.csv,2932,-1,-1,0,0,Normal,Normal,0.9999485015869141,1
mqtt_preprocessed_v2.csv,2933,-1,-1,0,0,Normal,Normal,0.7987969517707825,1
mqtt_preprocessed_v2.csv,2934,-1,-1,0,0,Normal,Normal,0.9999269247055054,1
mqtt_preprocessed_v2.csv,2935,-1,-1,0,0,Normal,Normal,0.999956488609314,1
mqtt_preprocessed_v2.csv,2936,-1,-1,0,0,Normal,Normal,0.8963943719863892,1
mqtt_preprocessed_v2.csv,2937,-1,-1,0,0,Normal,Normal,0.9999417066574097,1
mqtt_preprocessed_v2.csv,2938,-1,-1,0,0,Normal,Normal,0.999956488609314,1
mqtt_preprocessed_v2.csv,2939,-1,-1,0,0,Normal,Normal,0.9997827410697937,1
mqtt_preprocessed_v2.csv,2940,-1,-1,0,0,Normal,Normal,0.9999592304229736,1
mqtt_preprocessed_v2.csv,2941,-1,-1,0,0,Normal,Normal,0.9999065399169922,1
mqtt_preprocessed_v2.csv,2942,-1,-1,0,0,Normal,Normal,0.9999063014984131,1
mqtt_preprocessed_v2.csv,2943,-1,-1,0,0,Normal,Normal,0.9999490976333618,1
mqtt_preprocessed_v2.csv,2944,-1,-1,0,0,Normal,Normal,0.7377551198005676,1
mqtt_preprocessed_v2.csv,2945,-1,-1,0,0,Normal,Normal,0.99991774559021,1
mqtt_preprocessed_v2.csv,2946,-1,-1,0,0,Normal,Normal,0.999954342842102,1
mqtt_preprocessed_v2.csv,2947,-1,-1,0,0,Normal,Normal,0.9989560842514038,1
mqtt_preprocessed_v2.csv,2948,-1,-1,0,0,Normal,Normal,0.9999536275863647,1
mqtt_preprocessed_v2.csv,2949,-1,-1,0,0,Normal,Normal,0.9999271631240845,1
mqtt_preprocessed_v2.csv,2950,-1,-1,0,0,Normal,Normal,0.9999557733535767,1
mqtt_preprocessed_v2.csv,2951,-1,-1,0,0,Normal,Normal,0.9999545812606812,1
mqtt_preprocessed_v2.csv,2952,-1,-1,0,0,Normal,Normal,0.9997740387916565,1
mqtt_preprocessed_v2.csv,2953,-1,-1,0,0,Normal,Normal,0.9998158812522888,1
mqtt_preprocessed_v2.csv,2954,-1,-1,0,0,Normal,Normal,0.9999529123306274,1
mqtt_preprocessed_v2.csv,2955,-1,-1,0,0,Normal,Normal,0.9999531507492065,1
mqtt_preprocessed_v2.csv,2956,-1,-1,0,0,Normal,Normal,0.99994957447052,1
mqtt_preprocessed_v2.csv,2957,-1,-1,0,0,Normal,Normal,0.9999551773071289,1
mqtt_preprocessed_v2.csv,2958,-1,-1,0,0,Normal,Normal,0.9999734163284302,1
mqtt_preprocessed_v2.csv,2959,-1,-1,0,0,Normal,Normal,0.9997698664665222,1
mqtt_preprocessed_v2.csv,2960,-1,-1,0,0,Normal,Normal,0.9999512434005737,1
mqtt_preprocessed_v2.csv,2961,-1,-1,0,0,Normal,Normal,0.9999550580978394,1
mqtt_preprocessed_v2.csv,2962,-1,-1,0,0,Normal,Normal,0.9998873472213745,1
mqtt_preprocessed_v2.csv,2963,-1,-1,0,0,Normal,Normal,0.9999175071716309,1
mqtt_preprocessed_v2.csv,2964,-1,-1,0,0,Normal,Normal,0.9998879432678223,1
mqtt_preprocessed_v2.csv,2965,-1,-1,0,0,Normal,Normal,0.9999502897262573,1
mqtt_preprocessed_v2.csv,2966,-1,-1,0,0,Normal,Normal,0.9999325275421143,1
mqtt_preprocessed_v2.csv,2967,-1,-1,0,0,Normal,Normal,0.9999535083770752,1
mqtt_preprocessed_v2.csv,2968,-1,-1,0,0,Normal,Normal,0.9999544620513916,1
mqtt_preprocessed_v2.csv,2969,-1,-1,0,0,Normal,Normal,0.9999563694000244,1
mqtt_preprocessed_v2.csv,2970,-1,-1,0,0,Normal,Normal,0.9999262094497681,1
mqtt_preprocessed_v2.csv,2971,-1,-1,0,0,Normal,Normal,0.9999547004699707,1
mqtt_preprocessed_v2.csv,2972,-1,-1,0,0,Normal,Normal,0.9999147653579712,1
mqtt_preprocessed_v2.csv,2973,-1,-1,0,0,Normal,Normal,0.9999105930328369,1
mqtt_preprocessed_v2.csv,2974,-1,-1,0,0,Normal,Normal,0.9998286962509155,1
mqtt_preprocessed_v2.csv,2975,-1,-1,0,0,Normal,Normal,0.9997602105140686,1
mqtt_preprocessed_v2.csv,2976,-1,-1,0,0,Normal,Normal,0.9999421834945679,1
mqtt_preprocessed_v2.csv,2977,-1,-1,0,0,Normal,Normal,0.9999037981033325,1
mqtt_preprocessed_v2.csv,2978,-1,-1,0,0,Normal,Normal,0.9999380111694336,1
mqtt_preprocessed_v2.csv,2979,-1,-1,0,0,Normal,Normal,0.9999523162841797,1
mqtt_preprocessed_v2.csv,2980,-1,-1,0,0,Normal,Normal,0.9999556541442871,1
mqtt_preprocessed_v2.csv,2981,-1,-1,0,0,Normal,Normal,0.9998726844787598,1
mqtt_preprocessed_v2.csv,2982,-1,-1,0,0,Normal,Normal,0.9999531507492065,1
mqtt_preprocessed_v2.csv,2983,-1,-1,0,0,Normal,Normal,0.9999604225158691,1
mqtt_preprocessed_v2.csv,2984,-1,-1,0,0,Normal,Normal,0.9999496936798096,1
mqtt_preprocessed_v2.csv,2985,-1,-1,0,0,Normal,Normal,0.9999557733535767,1
mqtt_preprocessed_v2.csv,2986,-1,-1,0,0,Normal,Normal,0.9996424913406372,1
mqtt_preprocessed_v2.csv,2987,-1,-1,0,0,Normal,Normal,0.9999533891677856,1
mqtt_preprocessed_v2.csv,2988,-1,-1,0,0,Normal,Normal,0.9999548196792603,1
mqtt_preprocessed_v2.csv,2989,-1,-1,0,0,Normal,Normal,0.9999479055404663,1
mqtt_preprocessed_v2.csv,2990,-1,-1,0,0,Normal,Normal,0.9999136924743652,1
mqtt_preprocessed_v2.csv,2991,-1,-1,0,0,Normal,Normal,0.9999555349349976,1
mqtt_preprocessed_v2.csv,2992,-1,-1,0,0,Normal,Normal,0.8994930982589722,1
mqtt_preprocessed_v2.csv,2993,-1,-1,0,0,Normal,Normal,0.9998555183410645,1
mqtt_preprocessed_v2.csv,2994,-1,-1,0,0,Normal,Normal,0.9999560117721558,1
mqtt_preprocessed_v2.csv,2995,-1,-1,0,0,Normal,Normal,0.999862551689148,1
mqtt_preprocessed_v2.csv,2996,-1,-1,0,0,Normal,Normal,0.8848527073860168,1
mqtt_preprocessed_v2.csv,2997,-1,-1,0,0,Normal,Normal,0.9999285936355591,1
mqtt_preprocessed_v2.csv,2998,-1,-1,0,0,Normal,Normal,0.9999585151672363,1
mqtt_preprocessed_v2.csv,2999,-1,-1,0,0,Normal,Normal,0.9999544620513916,1
mqtt_preprocessed_v2.csv,3000,-1,-1,0,0,Normal,Normal,0.9999505281448364,1
mqtt_preprocessed_v2.csv,3001,-1,-1,0,0,Normal,Normal,0.9997792840003967,1
mqtt_preprocessed_v2.csv,3002,-1,-1,0,0,Normal,Normal,0.9999488592147827,1
mqtt_preprocessed_v2.csv,3003,-1,-1,0,0,Normal,Normal,0.9999589920043945,1
mqtt_preprocessed_v2.csv,3004,-1,-1,0,0,Normal,Normal,0.9998501539230347,1
mqtt_preprocessed_v2.csv,3005,-1,-1,0,0,Normal,Normal,0.9999493360519409,1
mqtt_preprocessed_v2.csv,3006,-1,-1,0,0,Normal,Normal,0.9999496936798096,1
mqtt_preprocessed_v2.csv,3007,-1,-1,0,0,Normal,Normal,0.9999374151229858,1
mqtt_preprocessed_v2.csv,3008,-1,-1,0,0,Normal,Normal,0.9999556541442871,1
mqtt_preprocessed_v2.csv,3009,-1,-1,0,0,Normal,Normal,0.99996018409729,1
mqtt_preprocessed_v2.csv,3010,-1,-1,0,0,Normal,Normal,0.9999645948410034,1
mqtt_preprocessed_v2.csv,3011,-1,-1,0,0,Normal,Normal,0.9998683929443359,1
mqtt_preprocessed_v2.csv,3012,-1,-1,0,0,Normal,Normal,0.9999486207962036,1
mqtt_preprocessed_v2.csv,3013,-1,-1,0,0,Normal,Normal,0.9999547004699707,1
mqtt_preprocessed_v2.csv,3014,-1,-1,0,0,Normal,Normal,0.9999594688415527,1
mqtt_preprocessed_v2.csv,3015,-1,-1,0,0,Normal,Normal,0.9999502897262573,1
mqtt_preprocessed_v2.csv,3016,-1,-1,0,0,Normal,Normal,0.999955415725708,1
mqtt_preprocessed_v2.csv,3017,-1,-1,0,0,Normal,Normal,0.9999457597732544,1
mqtt_preprocessed_v2.csv,3018,-1,-1,0,0,Normal,Normal,0.999953031539917,1
mqtt_preprocessed_v2.csv,3019,-1,-1,0,0,Normal,Normal,0.99994957447052,1
mqtt_preprocessed_v2.csv,3020,-1,-1,0,0,Normal,Normal,0.9999549388885498,1
mqtt_preprocessed_v2.csv,3021,-1,-1,0,0,Normal,Normal,0.9999418258666992,1
mqtt_preprocessed_v2.csv,3022,-1,-1,0,0,Normal,Normal,0.9999593496322632,1
mqtt_preprocessed_v2.csv,3023,-1,-1,0,0,Normal,Normal,0.9999024868011475,1
mqtt_preprocessed_v2.csv,3024,-1,-1,0,0,Normal,Normal,0.9999425411224365,1
mqtt_preprocessed_v2.csv,3025,-1,-1,0,0,Normal,Normal,0.9999411106109619,1
mqtt_preprocessed_v2.csv,3026,-1,-1,0,0,Normal,Normal,0.9999148845672607,1
mqtt_preprocessed_v2.csv,3027,-1,-1,0,0,Normal,Normal,0.9999558925628662,1
mqtt_preprocessed_v2.csv,3028,-1,-1,0,0,Normal,Normal,0.999944806098938,1
mqtt_preprocessed_v2.csv,3029,-1,-1,0,0,Normal,Normal,0.9999558925628662,1
mqtt_preprocessed_v2.csv,3030,-1,-1,0,0,Normal,Normal,0.9999617338180542,1
mqtt_preprocessed_v2.csv,3031,-1,-1,0,0,Normal,Normal,0.999954104423523,1
mqtt_preprocessed_v2.csv,3032,-1,-1,0,0,Normal,Normal,0.9999164342880249,1
mqtt_preprocessed_v2.csv,3033,-1,-1,0,0,Normal,Normal,0.9999144077301025,1
mqtt_preprocessed_v2.csv,3034,-1,-1,0,0,Normal,Normal,0.9999462366104126,1
mqtt_preprocessed_v2.csv,3035,-1,-1,0,0,Normal,Normal,0.9999614953994751,1
mqtt_preprocessed_v2.csv,3036,-1,-1,0,0,Normal,Normal,0.9999533891677856,1
mqtt_preprocessed_v2.csv,3037,-1,-1,0,0,Normal,Normal,0.9999496936798096,1
mqtt_preprocessed_v2.csv,3038,-1,-1,0,0,Normal,Normal,0.9999253749847412,1
mqtt_preprocessed_v2.csv,3039,-1,-1,0,0,Normal,Normal,0.9999607801437378,1
mqtt_preprocessed_v2.csv,3040,-1,-1,0,0,Normal,Normal,0.9999591112136841,1
mqtt_preprocessed_v2.csv,3041,-1,-1,0,0,Normal,Normal,0.9999426603317261,1
mqtt_preprocessed_v2.csv,3042,-1,-1,0,0,Normal,Normal,0.9999574422836304,1
mqtt_preprocessed_v2.csv,3043,-1,-1,0,0,Normal,Normal,0.999948263168335,1
mqtt_preprocessed_v2.csv,3044,-1,-1,0,0,Normal,Normal,0.9999579191207886,1
mqtt_preprocessed_v2.csv,3045,-1,-1,0,0,Normal,Normal,0.999957799911499,1
mqtt_preprocessed_v2.csv,3046,-1,-1,0,0,Normal,Normal,0.999954104423523,1
mqtt_preprocessed_v2.csv,3047,-1,-1,0,0,Normal,Normal,0.9999488592147827,1
mqtt_preprocessed_v2.csv,3048,-1,-1,0,0,Normal,Normal,0.9999394416809082,1
mqtt_preprocessed_v2.csv,3049,-1,-1,0,0,Normal,Normal,0.9999349117279053,1
mqtt_preprocessed_v2.csv,3050,-1,-1,0,0,Normal,Normal,0.9999531507492065,1
mqtt_preprocessed_v2.csv,3051,-1,-1,0,0,Normal,Normal,0.9999500513076782,1
mqtt_preprocessed_v2.csv,3052,-1,-1,0,0,Normal,Normal,0.999955415725708,1
mqtt_preprocessed_v2.csv,3053,-1,-1,0,0,Normal,Normal,0.9999490976333618,1
mqtt_preprocessed_v2.csv,3054,-1,-1,0,0,Normal,Normal,0.9997791647911072,1
mqtt_preprocessed_v2.csv,3055,-1,-1,0,0,Normal,Normal,0.9999517202377319,1
mqtt_preprocessed_v2.csv,3056,-1,-1,0,0,Normal,Normal,0.999915361404419,1
mqtt_preprocessed_v2.csv,3057,-1,-1,0,0,Normal,Normal,0.9999521970748901,1
mqtt_preprocessed_v2.csv,3058,-1,-1,0,0,Normal,Normal,0.9999531507492065,1
mqtt_preprocessed_v2.csv,3059,-1,-1,0,0,Normal,Normal,0.9999079704284668,1
mqtt_preprocessed_v2.csv,3060,-1,-1,0,0,Normal,Normal,0.9999567270278931,1
mqtt_preprocessed_v2.csv,3061,-1,-1,0,0,Normal,Normal,0.9999309778213501,1
mqtt_preprocessed_v2.csv,3062,-1,-1,0,0,Normal,Normal,0.999948263168335,1
mqtt_preprocessed_v2.csv,3063,-1,-1,0,0,Normal,Normal,0.999863862991333,1
mqtt_preprocessed_v2.csv,3064,-1,-1,0,0,Normal,Normal,0.9999524354934692,1
mqtt_preprocessed_v2.csv,3065,-1,-1,0,0,Normal,Normal,0.9999443292617798,1
mqtt_preprocessed_v2.csv,3066,-1,-1,0,0,Normal,Normal,0.9999502897262573,1
mqtt_preprocessed_v2.csv,3067,-1,-1,0,0,Normal,Normal,0.9999462366104126,1
mqtt_preprocessed_v2.csv,3068,-1,-1,0,0,Normal,Normal,0.9998524188995361,1
mqtt_preprocessed_v2.csv,3069,-1,-1,0,0,Normal,Normal,0.9999439716339111,1
mqtt_preprocessed_v2.csv,3070,-1,-1,0,0,Normal,Normal,0.9999574422836304,1
mqtt_preprocessed_v2.csv,3071,-1,-1,0,0,Normal,Normal,0.9998621940612793,1
mqtt_preprocessed_v2.csv,3072,-1,-1,0,0,Normal,Normal,0.9999208450317383,1
mqtt_preprocessed_v2.csv,3073,-1,-1,0,0,Normal,Normal,0.9999393224716187,1
mqtt_preprocessed_v2.csv,3074,-1,-1,0,0,Normal,Normal,0.9999245405197144,1
mqtt_preprocessed_v2.csv,3075,-1,-1,0,0,Normal,Normal,0.999954104423523,1
mqtt_preprocessed_v2.csv,3076,-1,-1,0,0,Normal,Normal,0.9999595880508423,1
mqtt_preprocessed_v2.csv,3077,-1,-1,0,0,Normal,Normal,0.9999591112136841,1
mqtt_preprocessed_v2.csv,3078,-1,-1,0,0,Normal,Normal,0.9999580383300781,1
mqtt_preprocessed_v2.csv,3079,-1,-1,0,0,Normal,Normal,0.9999444484710693,1
mqtt_preprocessed_v2.csv,3080,-1,-1,0,0,Normal,Normal,0.9999475479125977,1
mqtt_preprocessed_v2.csv,3081,-1,-1,0,0,Normal,Normal,0.9999542236328125,1
mqtt_preprocessed_v2.csv,3082,-1,-1,0,0,Normal,Normal,0.9998719692230225,1
mqtt_preprocessed_v2.csv,3083,-1,-1,0,0,Normal,Normal,0.9999221563339233,1
mqtt_preprocessed_v2.csv,3084,-1,-1,0,0,Normal,Normal,0.9999570846557617,1
mqtt_preprocessed_v2.csv,3085,-1,-1,0,0,Normal,Normal,0.9999338388442993,1
mqtt_preprocessed_v2.csv,3086,-1,-1,0,0,Normal,Normal,0.9999480247497559,1
mqtt_preprocessed_v2.csv,3087,-1,-1,0,0,Normal,Normal,0.9999581575393677,1
mqtt_preprocessed_v2.csv,3088,-1,-1,0,0,Normal,Normal,0.9999330043792725,1
mqtt_preprocessed_v2.csv,3089,-1,-1,0,0,Normal,Normal,0.9998774528503418,1
mqtt_preprocessed_v2.csv,3090,-1,-1,0,0,Normal,Normal,0.9999505281448364,1
mqtt_preprocessed_v2.csv,3091,-1,-1,0,0,Normal,Normal,0.9999244213104248,1
mqtt_preprocessed_v2.csv,3092,-1,-1,0,0,Normal,Normal,0.9999474287033081,1
mqtt_preprocessed_v2.csv,3093,-1,-1,0,0,Normal,Normal,0.9999610185623169,1
mqtt_preprocessed_v2.csv,3094,-1,-1,0,0,Normal,Normal,0.999956488609314,1
mqtt_preprocessed_v2.csv,3095,-1,-1,0,0,Normal,Normal,0.9999192953109741,1
mqtt_preprocessed_v2.csv,3096,-1,-1,0,0,Normal,Normal,0.9999535083770752,1
mqtt_preprocessed_v2.csv,3097,-1,-1,0,0,Normal,Normal,0.9999483823776245,1
mqtt_preprocessed_v2.csv,3098,-1,-1,0,0,Normal,Normal,0.9999628067016602,1
mqtt_preprocessed_v2.csv,3099,-1,-1,0,0,Normal,Normal,0.9999637603759766,1
mqtt_preprocessed_v2.csv,3100,-1,-1,0,0,Normal,Normal,0.9999606609344482,1
mqtt_preprocessed_v2.csv,3101,-1,-1,0,0,Normal,Normal,0.9999587535858154,1
mqtt_preprocessed_v2.csv,3102,-1,-1,0,0,Normal,Normal,0.9999417066574097,1
mqtt_preprocessed_v2.csv,3103,-1,-1,0,0,Normal,Normal,0.9999513626098633,1
mqtt_preprocessed_v2.csv,3104,-1,-1,0,0,Normal,Normal,0.9999396800994873,1
mqtt_preprocessed_v2.csv,3105,-1,-1,0,0,Normal,Normal,0.9999539852142334,1
mqtt_preprocessed_v2.csv,3106,-1,-1,0,0,Normal,Normal,0.9999587535858154,1
mqtt_preprocessed_v2.csv,3107,-1,-1,0,0,Normal,Normal,0.9999550580978394,1
mqtt_preprocessed_v2.csv,3108,-1,-1,0,0,Normal,Normal,0.9999336004257202,1
mqtt_preprocessed_v2.csv,3109,-1,-1,0,0,Normal,Normal,0.9999208450317383,1
mqtt_preprocessed_v2.csv,3110,-1,-1,0,0,Normal,Normal,0.9999575614929199,1
mqtt_preprocessed_v2.csv,3111,-1,-1,0,0,Normal,Normal,0.9999569654464722,1
mqtt_preprocessed_v2.csv,3112,-1,-1,0,0,Normal,Normal,0.9999481439590454,1
mqtt_preprocessed_v2.csv,3113,-1,-1,0,0,Normal,Normal,0.9999529123306274,1
mqtt_preprocessed_v2.csv,3114,-1,-1,0,0,Normal,Normal,0.999947190284729,1
mqtt_preprocessed_v2.csv,3115,-1,-1,0,0,Normal,Normal,0.9999613761901855,1
mqtt_preprocessed_v2.csv,3116,-1,-1,0,0,Normal,Normal,0.9999507665634155,1
mqtt_preprocessed_v2.csv,3117,-1,-1,0,0,Normal,Normal,0.9999586343765259,1
mqtt_preprocessed_v2.csv,3118,-1,-1,0,0,Normal,Normal,0.999951958656311,1
mqtt_preprocessed_v2.csv,3119,-1,-1,0,0,Normal,Normal,0.9999603033065796,1
mqtt_preprocessed_v2.csv,3120,-1,-1,0,0,Normal,Normal,0.9999470710754395,1
mqtt_preprocessed_v2.csv,3121,-1,-1,0,0,Normal,Normal,0.9998855590820312,1
mqtt_preprocessed_v2.csv,3122,-1,-1,0,0,Normal,Normal,0.9999414682388306,1
mqtt_preprocessed_v2.csv,3123,-1,-1,0,0,Normal,Normal,0.9999449253082275,1
mqtt_preprocessed_v2.csv,3124,-1,-1,0,0,Normal,Normal,0.9998761415481567,1
mqtt_preprocessed_v2.csv,3125,-1,-1,0,0,Normal,Normal,0.999950647354126,1
mqtt_preprocessed_v2.csv,3126,-1,-1,0,0,Normal,Normal,0.9999567270278931,1
mqtt_preprocessed_v2.csv,3127,-1,-1,0,0,Normal,Normal,0.9999569654464722,1
mqtt_preprocessed_v2.csv,3128,-1,-1,0,0,Normal,Normal,0.9999614953994751,1
mqtt_preprocessed_v2.csv,3129,-1,-1,0,0,Normal,Normal,0.9999468326568604,1
mqtt_preprocessed_v2.csv,3130,-1,-1,0,0,Normal,Normal,0.9999377727508545,1
mqtt_preprocessed_v2.csv,3131,-1,-1,0,0,Normal,Normal,0.9999420642852783,1
mqtt_preprocessed_v2.csv,3132,-1,-1,0,0,Normal,Normal,0.9999333620071411,1
mqtt_preprocessed_v2.csv,3133,-1,-1,0,0,Normal,Normal,0.9999563694000244,1
mqtt_preprocessed_v2.csv,3134,-1,-1,0,0,Normal,Normal,0.999947190284729,1
mqtt_preprocessed_v2.csv,3135,-1,-1,0,0,Normal,Normal,0.9999485015869141,1
mqtt_preprocessed_v2.csv,3136,-1,-1,0,0,Normal,Normal,0.9999557733535767,1
mqtt_preprocessed_v2.csv,3137,-1,-1,0,0,Normal,Normal,0.9999523162841797,1
mqtt_preprocessed_v2.csv,3138,-1,-1,0,0,Normal,Normal,0.9999499320983887,1
mqtt_preprocessed_v2.csv,3139,-1,-1,0,0,Normal,Normal,0.9999628067016602,1
mqtt_preprocessed_v2.csv,3140,-1,-1,0,0,Normal,Normal,0.999666690826416,1
mqtt_preprocessed_v2.csv,3141,-1,-1,0,0,Normal,Normal,0.9999537467956543,1
mqtt_preprocessed_v2.csv,3142,-1,-1,0,0,Normal,Normal,0.9999603033065796,1
mqtt_preprocessed_v2.csv,3143,-1,-1,0,0,Normal,Normal,0.9999434947967529,1
mqtt_preprocessed_v2.csv,3144,-1,-1,0,0,Normal,Normal,0.9999597072601318,1
mqtt_preprocessed_v2.csv,3145,-1,-1,0,0,Normal,Normal,0.9999572038650513,1
mqtt_preprocessed_v2.csv,3146,-1,-1,0,0,Normal,Normal,0.9999607801437378,1
mqtt_preprocessed_v2.csv,3147,-1,-1,0,0,Normal,Normal,0.999923586845398,1
mqtt_preprocessed_v2.csv,3148,-1,-1,0,0,Normal,Normal,0.9999465942382812,1
mqtt_preprocessed_v2.csv,3149,-1,-1,0,0,Normal,Normal,0.9999470710754395,1
mqtt_preprocessed_v2.csv,3150,-1,-1,0,0,Normal,Normal,0.9999606609344482,1
mqtt_preprocessed_v2.csv,3151,-1,-1,0,0,Normal,Normal,0.9999324083328247,1
mqtt_preprocessed_v2.csv,3152,-1,-1,0,0,Normal,Normal,0.9998981952667236,1
mqtt_preprocessed_v2.csv,3153,-1,-1,0,0,Normal,Normal,0.9999432563781738,1
mqtt_preprocessed_v2.csv,3154,-1,-1,0,0,Normal,Normal,0.9999581575393677,1
mqtt_preprocessed_v2.csv,3155,-1,-1,0,0,Normal,Normal,0.9999409914016724,1
mqtt_preprocessed_v2.csv,3156,-1,-1,0,0,Normal,Normal,0.9999517202377319,1
mqtt_preprocessed_v2.csv,3157,-1,-1,0,0,Normal,Normal,0.999951958656311,1
mqtt_preprocessed_v2.csv,3158,-1,-1,0,0,Normal,Normal,0.9999538660049438,1
mqtt_preprocessed_v2.csv,3159,-1,-1,0,0,Normal,Normal,0.9999592304229736,1
mqtt_preprocessed_v2.csv,3160,-1,-1,0,0,Normal,Normal,0.9999500513076782,1
mqtt_preprocessed_v2.csv,3161,-1,-1,0,0,Normal,Normal,0.9999454021453857,1
mqtt_preprocessed_v2.csv,3162,-1,-1,0,0,Normal,Normal,0.9999595880508423,1
mqtt_preprocessed_v2.csv,3163,-1,-1,0,0,Normal,Normal,0.9999570846557617,1
mqtt_preprocessed_v2.csv,3164,-1,-1,0,0,Normal,Normal,0.9998905658721924,1
mqtt_preprocessed_v2.csv,3165,-1,-1,0,0,Normal,Normal,0.9999456405639648,1
mqtt_preprocessed_v2.csv,3166,-1,-1,0,0,Normal,Normal,0.9999531507492065,1
mqtt_preprocessed_v2.csv,3167,-1,-1,0,0,Normal,Normal,0.9999579191207886,1
mqtt_preprocessed_v2.csv,3168,-1,-1,0,0,Normal,Normal,0.9999599456787109,1
mqtt_preprocessed_v2.csv,3169,-1,-1,0,0,Normal,Normal,0.9999243021011353,1
mqtt_preprocessed_v2.csv,3170,-1,-1,0,0,Normal,Normal,0.9999446868896484,1
mqtt_preprocessed_v2.csv,3171,-1,-1,0,0,Normal,Normal,0.9999445676803589,1
mqtt_preprocessed_v2.csv,3172,-1,-1,0,0,Normal,Normal,0.9999629259109497,1
mqtt_preprocessed_v2.csv,3173,-1,-1,0,0,Normal,Normal,0.9999550580978394,1
mqtt_preprocessed_v2.csv,3174,-1,-1,0,0,Normal,Normal,0.9999449253082275,1
mqtt_preprocessed_v2.csv,3175,-1,-1,0,0,Normal,Normal,0.9999562501907349,1
mqtt_preprocessed_v2.csv,3176,-1,-1,0,0,Normal,Normal,0.9999568462371826,1
mqtt_preprocessed_v2.csv,3177,-1,-1,0,0,Normal,Normal,0.9999508857727051,1
mqtt_preprocessed_v2.csv,3178,-1,-1,0,0,Normal,Normal,0.9999532699584961,1
mqtt_preprocessed_v2.csv,3179,-1,-1,0,0,Normal,Normal,0.9999587535858154,1
mqtt_preprocessed_v2.csv,3180,-1,-1,0,0,Normal,Normal,0.9999405145645142,1
mqtt_preprocessed_v2.csv,3181,-1,-1,0,0,Normal,Normal,0.9999464750289917,1
mqtt_preprocessed_v2.csv,3182,-1,-1,0,0,Normal,Normal,0.9999533891677856,1
mqtt_preprocessed_v2.csv,3183,-1,-1,0,0,Normal,Normal,0.9999487400054932,1
mqtt_preprocessed_v2.csv,3184,-1,-1,0,0,Normal,Normal,0.9991555213928223,1
mqtt_preprocessed_v2.csv,3185,-1,-1,0,0,Normal,Normal,0.9999504089355469,1
mqtt_preprocessed_v2.csv,3186,-1,-1,0,0,Normal,Normal,0.9999337196350098,1
mqtt_preprocessed_v2.csv,3187,-1,-1,0,0,Normal,Normal,0.9999494552612305,1
mqtt_preprocessed_v2.csv,3188,-1,-1,0,0,Normal,Normal,0.9999456405639648,1
mqtt_preprocessed_v2.csv,3189,-1,-1,0,0,Normal,Normal,0.9999599456787109,1
mqtt_preprocessed_v2.csv,3190,-1,-1,0,0,Normal,Normal,0.9999608993530273,1
mqtt_preprocessed_v2.csv,3191,-1,-1,0,0,Normal,Normal,0.9999384880065918,1
mqtt_preprocessed_v2.csv,3192,-1,-1,0,0,Normal,Normal,0.9999532699584961,1
mqtt_preprocessed_v2.csv,3193,-1,-1,0,0,Normal,Normal,0.9999488592147827,1
mqtt_preprocessed_v2.csv,3194,-1,-1,0,0,Normal,Normal,0.9999533891677856,1
mqtt_preprocessed_v2.csv,3195,-1,-1,0,0,Normal,Normal,0.999945878982544,1
mqtt_preprocessed_v2.csv,3196,-1,-1,0,0,Normal,Normal,0.9997058510780334,1
mqtt_preprocessed_v2.csv,3197,-1,-1,0,0,Normal,Normal,0.9999463558197021,1
mqtt_preprocessed_v2.csv,3198,-1,-1,0,0,Normal,Normal,0.9999507665634155,1
mqtt_preprocessed_v2.csv,3199,-1,-1,0,0,Normal,Normal,0.9999457597732544,1
mqtt_preprocessed_v2.csv,3200,-1,-1,0,0,Normal,Normal,0.9999446868896484,1
mqtt_preprocessed_v2.csv,3201,-1,-1,0,0,Normal,Normal,0.9999425411224365,1
mqtt_preprocessed_v2.csv,3202,-1,-1,0,0,Normal,Normal,0.9999326467514038,1
mqtt_preprocessed_v2.csv,3203,-1,-1,0,0,Normal,Normal,0.9999493360519409,1
mqtt_preprocessed_v2.csv,3204,-1,-1,0,0,Normal,Normal,0.9999531507492065,1
mqtt_preprocessed_v2.csv,3205,-1,-1,0,0,Normal,Normal,0.9998447895050049,1
mqtt_preprocessed_v2.csv,3206,-1,-1,0,0,Normal,Normal,0.9999035596847534,1
mqtt_preprocessed_v2.csv,3207,-1,-1,0,0,Normal,Normal,0.9999569654464722,1
mqtt_preprocessed_v2.csv,3208,-1,-1,0,0,Normal,Normal,0.9999357461929321,1
mqtt_preprocessed_v2.csv,3209,-1,-1,0,0,Normal,Normal,0.9999449253082275,1
mqtt_preprocessed_v2.csv,3210,-1,-1,0,0,Normal,Normal,0.9999573230743408,1
mqtt_preprocessed_v2.csv,3211,-1,-1,0,0,Normal,Normal,0.9999516010284424,1
mqtt_preprocessed_v2.csv,3212,-1,-1,0,0,Normal,Normal,0.9996411800384521,1
mqtt_preprocessed_v2.csv,3213,-1,-1,0,0,Normal,Normal,0.9999289512634277,1
mqtt_preprocessed_v2.csv,3214,-1,-1,0,0,Normal,Normal,0.9999555349349976,1
mqtt_preprocessed_v2.csv,3215,-1,-1,0,0,Normal,Normal,0.9999313354492188,1
mqtt_preprocessed_v2.csv,3216,-1,-1,0,0,Normal,Normal,0.9999581575393677,1
mqtt_preprocessed_v2.csv,3217,-1,-1,0,0,Normal,Normal,0.9999167919158936,1
mqtt_preprocessed_v2.csv,3218,-1,-1,0,0,Normal,Normal,0.9999531507492065,1
mqtt_preprocessed_v2.csv,3219,-1,-1,0,0,Normal,Normal,0.9998778104782104,1
mqtt_preprocessed_v2.csv,3220,-1,-1,0,0,Normal,Normal,0.9999568462371826,1
mqtt_preprocessed_v2.csv,3221,-1,-1,0,0,Normal,Normal,0.9999576807022095,1
mqtt_preprocessed_v2.csv,3222,-1,-1,0,0,Normal,Normal,0.9999507665634155,1
mqtt_preprocessed_v2.csv,3223,-1,-1,0,0,Normal,Normal,0.9999585151672363,1
mqtt_preprocessed_v2.csv,3224,-1,-1,0,0,Normal,Normal,0.9999111890792847,1
mqtt_preprocessed_v2.csv,3225,-1,-1,0,0,Normal,Normal,0.9999582767486572,1
mqtt_preprocessed_v2.csv,3226,-1,-1,0,0,Normal,Normal,0.9999426603317261,1
mqtt_preprocessed_v2.csv,3227,-1,-1,0,0,Normal,Normal,0.9999351501464844,1
mqtt_preprocessed_v2.csv,3228,-1,-1,0,0,Normal,Normal,0.9999512434005737,1
mqtt_preprocessed_v2.csv,3229,-1,-1,0,0,Normal,Normal,0.9999521970748901,1
mqtt_preprocessed_v2.csv,3230,-1,-1,0,0,Normal,Normal,0.999948263168335,1
mqtt_preprocessed_v2.csv,3231,-1,-1,0,0,Normal,Normal,0.9999572038650513,1
mqtt_preprocessed_v2.csv,3232,-1,-1,0,0,Normal,Normal,0.9999605417251587,1
mqtt_preprocessed_v2.csv,3233,-1,-1,0,0,Normal,Normal,0.9999411106109619,1
mqtt_preprocessed_v2.csv,3234,-1,-1,0,0,Normal,Normal,0.9999417066574097,1
mqtt_preprocessed_v2.csv,3235,-1,-1,0,0,Normal,Normal,0.999903678894043,1
mqtt_preprocessed_v2.csv,3236,-1,-1,0,0,Normal,Normal,0.9999582767486572,1
mqtt_preprocessed_v2.csv,3237,-1,-1,0,0,Normal,Normal,0.9999463558197021,1
mqtt_preprocessed_v2.csv,3238,-1,-1,0,0,Normal,Normal,0.9999611377716064,1
mqtt_preprocessed_v2.csv,3239,-1,-1,0,0,Normal,Normal,0.9999440908432007,1
mqtt_preprocessed_v2.csv,3240,-1,-1,0,0,Normal,Normal,0.9999549388885498,1
mqtt_preprocessed_v2.csv,3241,-1,-1,0,0,Normal,Normal,0.9999535083770752,1
mqtt_preprocessed_v2.csv,3242,-1,-1,0,0,Normal,Normal,0.9999589920043945,1
mqtt_preprocessed_v2.csv,3243,-1,-1,0,0,Normal,Normal,0.9999504089355469,1
mqtt_preprocessed_v2.csv,3244,-1,-1,0,0,Normal,Normal,0.9999595880508423,1
mqtt_preprocessed_v2.csv,3245,-1,-1,0,0,Normal,Normal,0.9999648332595825,1
mqtt_preprocessed_v2.csv,3246,-1,-1,0,0,Normal,Normal,0.9999569654464722,1
mqtt_preprocessed_v2.csv,3247,-1,-1,0,0,Normal,Normal,0.9999605417251587,1
mqtt_preprocessed_v2.csv,3248,-1,-1,0,0,Normal,Normal,0.9999606609344482,1
mqtt_preprocessed_v2.csv,3249,-1,-1,0,0,Normal,Normal,0.999958872795105,1
mqtt_preprocessed_v2.csv,3250,-1,-1,0,0,Normal,Normal,0.9999430179595947,1
mqtt_preprocessed_v2.csv,3251,-1,-1,0,0,Normal,Normal,0.999951958656311,1
mqtt_preprocessed_v2.csv,3252,-1,-1,0,0,Normal,Normal,0.999944806098938,1
mqtt_preprocessed_v2.csv,3253,-1,-1,0,0,Normal,Normal,0.9999505281448364,1
mqtt_preprocessed_v2.csv,3254,-1,-1,0,0,Normal,Normal,0.9999598264694214,1
mqtt_preprocessed_v2.csv,3255,-1,-1,0,0,Normal,Normal,0.9999500513076782,1
mqtt_preprocessed_v2.csv,3256,-1,-1,0,0,Normal,Normal,0.9999520778656006,1
mqtt_preprocessed_v2.csv,3257,-1,-1,0,0,Normal,Normal,0.999957799911499,1
mqtt_preprocessed_v2.csv,3258,-1,-1,0,0,Normal,Normal,0.9999449253082275,1
mqtt_preprocessed_v2.csv,3259,-1,-1,0,0,Normal,Normal,0.9999618530273438,1
mqtt_preprocessed_v2.csv,3260,-1,-1,0,0,Normal,Normal,0.9999281167984009,1
mqtt_preprocessed_v2.csv,3261,-1,-1,0,0,Normal,Normal,0.999946117401123,1
mqtt_preprocessed_v2.csv,3262,-1,-1,0,0,Normal,Normal,0.9999517202377319,1
mqtt_preprocessed_v2.csv,3263,-1,-1,0,0,Normal,Normal,0.9999487400054932,1
mqtt_preprocessed_v2.csv,3264,-1,-1,0,0,Normal,Normal,0.9999436140060425,1
mqtt_preprocessed_v2.csv,3265,-1,-1,0,0,Normal,Normal,0.9999388456344604,1
mqtt_preprocessed_v2.csv,3266,-1,-1,0,0,Normal,Normal,0.9999613761901855,1
mqtt_preprocessed_v2.csv,3267,-1,-1,0,0,Normal,Normal,0.9999457597732544,1
mqtt_preprocessed_v2.csv,3268,-1,-1,0,0,Normal,Normal,0.999943733215332,1
mqtt_preprocessed_v2.csv,3269,-1,-1,0,0,Normal,Normal,0.9999465942382812,1
mqtt_preprocessed_v2.csv,3270,-1,-1,0,0,Normal,Normal,0.9999467134475708,1
mqtt_preprocessed_v2.csv,3271,-1,-1,0,0,Normal,Normal,0.9999493360519409,1
mqtt_preprocessed_v2.csv,3272,-1,-1,0,0,Normal,Normal,0.999958872795105,1
mqtt_preprocessed_v2.csv,3273,-1,-1,0,0,Normal,Normal,0.9999394416809082,1
mqtt_preprocessed_v2.csv,3274,-1,-1,0,0,Normal,Normal,0.9999514818191528,1
mqtt_preprocessed_v2.csv,3275,-1,-1,0,0,Normal,Normal,0.9999499320983887,1
mqtt_preprocessed_v2.csv,3276,-1,-1,0,0,Normal,Normal,0.9999386072158813,1
mqtt_preprocessed_v2.csv,3277,-1,-1,0,0,Normal,Normal,0.999927282333374,1
mqtt_preprocessed_v2.csv,3278,-1,-1,0,0,Normal,Normal,0.9999486207962036,1
mqtt_preprocessed_v2.csv,3279,-1,-1,0,0,Normal,Normal,0.9999459981918335,1
mqtt_preprocessed_v2.csv,3280,-1,-1,0,0,Normal,Normal,0.999942421913147,1
mqtt_preprocessed_v2.csv,3281,-1,-1,0,0,Normal,Normal,0.9999587535858154,1
mqtt_preprocessed_v2.csv,3282,-1,-1,0,0,Normal,Normal,0.9999370574951172,1
mqtt_preprocessed_v2.csv,3283,-1,-1,0,0,Normal,Normal,0.9999493360519409,1
mqtt_preprocessed_v2.csv,3284,-1,-1,0,0,Normal,Normal,0.9999001026153564,1
mqtt_preprocessed_v2.csv,3285,-1,-1,0,0,Normal,Normal,0.9999593496322632,1
mqtt_preprocessed_v2.csv,3286,-1,-1,0,0,Normal,Normal,0.9999591112136841,1
mqtt_preprocessed_v2.csv,3287,-1,-1,0,0,Normal,Normal,0.9999525547027588,1
mqtt_preprocessed_v2.csv,3288,-1,-1,0,0,Normal,Normal,0.9999450445175171,1
mqtt_preprocessed_v2.csv,3289,-1,-1,0,0,Normal,Normal,0.9999617338180542,1
mqtt_preprocessed_v2.csv,3290,-1,-1,0,0,Normal,Normal,0.9999600648880005,1
mqtt_preprocessed_v2.csv,3291,-1,-1,0,0,Normal,Normal,0.9998892545700073,1
mqtt_preprocessed_v2.csv,3292,-1,-1,0,0,Normal,Normal,0.9999496936798096,1
mqtt_preprocessed_v2.csv,3293,-1,-1,0,0,Normal,Normal,0.999923586845398,1
mqtt_preprocessed_v2.csv,3294,-1,-1,0,0,Normal,Normal,0.9999254941940308,1
mqtt_preprocessed_v2.csv,3295,-1,-1,0,0,Normal,Normal,0.9999524354934692,1
mqtt_preprocessed_v2.csv,3296,-1,-1,0,0,Normal,Normal,0.9998562335968018,1
mqtt_preprocessed_v2.csv,3297,-1,-1,0,0,Normal,Normal,0.9990711212158203,1
mqtt_preprocessed_v2.csv,3298,-1,-1,0,0,Normal,Normal,0.999950647354126,1
mqtt_preprocessed_v2.csv,3299,-1,-1,0,0,Normal,Normal,0.999955415725708,1
mqtt_preprocessed_v2.csv,3300,-1,-1,0,0,Normal,Normal,0.9999420642852783,1
mqtt_preprocessed_v2.csv,3301,-1,-1,0,0,Normal,Normal,0.9999427795410156,1
mqtt_preprocessed_v2.csv,3302,-1,-1,0,0,Normal,Normal,0.9999558925628662,1
mqtt_preprocessed_v2.csv,3303,-1,-1,0,0,Normal,Normal,0.999855637550354,1
mqtt_preprocessed_v2.csv,3304,-1,-1,0,0,Normal,Normal,0.9999520778656006,1
mqtt_preprocessed_v2.csv,3305,-1,-1,0,0,Normal,Normal,0.9999451637268066,1
mqtt_preprocessed_v2.csv,3306,-1,-1,0,0,Normal,Normal,0.9999536275863647,1
mqtt_preprocessed_v2.csv,3307,-1,-1,0,0,Normal,Normal,0.9999622106552124,1
mqtt_preprocessed_v2.csv,3308,-1,-1,0,0,Normal,Normal,0.9999366998672485,1
mqtt_preprocessed_v2.csv,3309,-1,-1,0,0,Normal,Normal,0.9999593496322632,1
mqtt_preprocessed_v2.csv,3310,-1,-1,0,0,Normal,Normal,0.9999383687973022,1
mqtt_preprocessed_v2.csv,3311,-1,-1,0,0,Normal,Normal,0.9999576807022095,1
mqtt_preprocessed_v2.csv,3312,-1,-1,0,0,Normal,Normal,0.9999051094055176,1
mqtt_preprocessed_v2.csv,3313,-1,-1,0,0,Normal,Normal,0.9999545812606812,1
mqtt_preprocessed_v2.csv,3314,-1,-1,0,0,Normal,Normal,0.9999562501907349,1
mqtt_preprocessed_v2.csv,3315,-1,-1,0,0,Normal,Normal,0.99993896484375,1
mqtt_preprocessed_v2.csv,3316,-1,-1,0,0,Normal,Normal,0.9999299049377441,1
mqtt_preprocessed_v2.csv,3317,-1,-1,0,0,Normal,Normal,0.9999597072601318,1
mqtt_preprocessed_v2.csv,3318,-1,-1,0,0,Normal,Normal,0.9999094009399414,1
mqtt_preprocessed_v2.csv,3319,-1,-1,0,0,Normal,Normal,0.9997416138648987,1
mqtt_preprocessed_v2.csv,3320,-1,-1,0,0,Normal,Normal,0.999958872795105,1
mqtt_preprocessed_v2.csv,3321,-1,-1,0,0,Normal,Normal,0.9999547004699707,1
mqtt_preprocessed_v2.csv,3322,-1,-1,0,0,Normal,Normal,0.9999516010284424,1
mqtt_preprocessed_v2.csv,3323,-1,-1,0,0,Normal,Normal,0.9999599456787109,1
mqtt_preprocessed_v2.csv,3324,-1,-1,0,0,Normal,Normal,0.9999529123306274,1
mqtt_preprocessed_v2.csv,3325,-1,-1,0,0,Normal,Normal,0.9999504089355469,1
mqtt_preprocessed_v2.csv,3326,-1,-1,0,0,Normal,Normal,0.9999582767486572,1
mqtt_preprocessed_v2.csv,3327,-1,-1,0,0,Normal,Normal,0.9999421834945679,1
mqtt_preprocessed_v2.csv,3328,-1,-1,0,0,Normal,Normal,0.9999635219573975,1
mqtt_preprocessed_v2.csv,3329,-1,-1,0,0,Normal,Normal,0.9998552799224854,1
mqtt_preprocessed_v2.csv,3330,-1,-1,0,0,Normal,Normal,0.996767520904541,1
mqtt_preprocessed_v2.csv,3331,-1,-1,0,0,Normal,Normal,0.9999446868896484,1
mqtt_preprocessed_v2.csv,3332,-1,-1,0,0,Normal,Normal,0.9999523162841797,1
mqtt_preprocessed_v2.csv,3333,-1,-1,0,0,Normal,Normal,0.9999529123306274,1
mqtt_preprocessed_v2.csv,3334,-1,-1,0,0,Normal,Normal,0.999948263168335,1
mqtt_preprocessed_v2.csv,3335,-1,-1,0,0,Normal,Normal,0.9999127388000488,1
mqtt_preprocessed_v2.csv,3336,-1,-1,0,0,Normal,Normal,0.9999569654464722,1
mqtt_preprocessed_v2.csv,3337,-1,-1,0,0,Normal,Normal,0.9999401569366455,1
mqtt_preprocessed_v2.csv,3338,-1,-1,0,0,Normal,Normal,0.999911904335022,1
mqtt_preprocessed_v2.csv,3339,-1,-1,0,0,Normal,Normal,0.9999485015869141,1
mqtt_preprocessed_v2.csv,3340,-1,-1,0,0,Normal,Normal,0.9999532699584961,1
mqtt_preprocessed_v2.csv,3341,-1,-1,0,0,Normal,Normal,0.999933123588562,1
mqtt_preprocessed_v2.csv,3342,-1,-1,0,0,Normal,Normal,0.9999605417251587,1
mqtt_preprocessed_v2.csv,3343,-1,-1,0,0,Normal,Normal,0.9999593496322632,1
mqtt_preprocessed_v2.csv,3344,-1,-1,0,0,Normal,Normal,0.9999468326568604,1
mqtt_preprocessed_v2.csv,3345,-1,-1,0,0,Normal,Normal,0.9999586343765259,1
mqtt_preprocessed_v2.csv,3346,-1,-1,0,0,Normal,Normal,0.9999496936798096,1
mqtt_preprocessed_v2.csv,3347,-1,-1,0,0,Normal,Normal,0.9999110698699951,1
mqtt_preprocessed_v2.csv,3348,-1,-1,0,0,Normal,Normal,0.9998944997787476,1
mqtt_preprocessed_v2.csv,3349,-1,-1,0,0,Normal,Normal,0.9999548196792603,1
mqtt_preprocessed_v2.csv,3350,-1,-1,0,0,Normal,Normal,0.999962568283081,1
mqtt_preprocessed_v2.csv,3351,-1,-1,0,0,Normal,Normal,0.999948263168335,1
mqtt_preprocessed_v2.csv,3352,-1,-1,0,0,Normal,Normal,0.9999455213546753,1
mqtt_preprocessed_v2.csv,3353,-1,-1,0,0,Normal,Normal,0.9999561309814453,1
mqtt_preprocessed_v2.csv,3354,-1,-1,0,0,Normal,Normal,0.9999446868896484,1
mqtt_preprocessed_v2.csv,3355,-1,-1,0,0,Normal,Normal,0.9999605417251587,1
mqtt_preprocessed_v2.csv,3356,-1,-1,0,0,Normal,Normal,0.9999436140060425,1
mqtt_preprocessed_v2.csv,3357,-1,-1,0,0,Normal,Normal,0.9999403953552246,1
mqtt_preprocessed_v2.csv,3358,-1,-1,0,0,Normal,Normal,0.9999604225158691,1
mqtt_preprocessed_v2.csv,3359,-1,-1,0,0,Normal,Normal,0.9999570846557617,1
mqtt_preprocessed_v2.csv,3360,-1,-1,0,0,Normal,Normal,0.9998751878738403,1
mqtt_preprocessed_v2.csv,3361,-1,-1,0,0,Normal,Normal,0.999953031539917,1
mqtt_preprocessed_v2.csv,3362,-1,-1,0,0,Normal,Normal,0.9999566078186035,1
mqtt_preprocessed_v2.csv,3363,-1,-1,0,0,Normal,Normal,0.9999128580093384,1
mqtt_preprocessed_v2.csv,3364,-1,-1,0,0,Normal,Normal,0.9999539852142334,1
mqtt_preprocessed_v2.csv,3365,-1,-1,0,0,Normal,Normal,0.9999173879623413,1
mqtt_preprocessed_v2.csv,3366,-1,-1,0,0,Normal,Normal,0.9999598264694214,1
mqtt_preprocessed_v2.csv,3367,-1,-1,0,0,Normal,Normal,0.999943733215332,1
mqtt_preprocessed_v2.csv,3368,-1,-1,0,0,Normal,Normal,0.99974125623703,1
mqtt_preprocessed_v2.csv,3369,-1,-1,0,0,Normal,Normal,0.9999476671218872,1
mqtt_preprocessed_v2.csv,3370,-1,-1,0,0,Normal,Normal,0.9999537467956543,1
mqtt_preprocessed_v2.csv,3371,-1,-1,0,0,Normal,Normal,0.9999502897262573,1
mqtt_preprocessed_v2.csv,3372,-1,-1,0,0,Normal,Normal,0.999941349029541,1
mqtt_preprocessed_v2.csv,3373,-1,-1,0,0,Normal,Normal,0.999962329864502,1
mqtt_preprocessed_v2.csv,3374,-1,-1,0,0,Normal,Normal,0.9999531507492065,1
mqtt_preprocessed_v2.csv,3375,-1,-1,0,0,Normal,Normal,0.9999452829360962,1
mqtt_preprocessed_v2.csv,3376,-1,-1,0,0,Normal,Normal,0.9999457597732544,1
mqtt_preprocessed_v2.csv,3377,-1,-1,0,0,Normal,Normal,0.9999580383300781,1
mqtt_preprocessed_v2.csv,3378,-1,-1,0,0,Normal,Normal,0.9999581575393677,1
mqtt_preprocessed_v2.csv,3379,-1,-1,0,0,Normal,Normal,0.9999545812606812,1
mqtt_preprocessed_v2.csv,3380,-1,-1,0,0,Normal,Normal,0.9995231628417969,1
mqtt_preprocessed_v2.csv,3381,-1,-1,0,0,Normal,Normal,0.9999567270278931,1
mqtt_preprocessed_v2.csv,3382,-1,-1,0,0,Normal,Normal,0.9999474287033081,1
mqtt_preprocessed_v2.csv,3383,-1,-1,0,0,Normal,Normal,0.9999605417251587,1
mqtt_preprocessed_v2.csv,3384,-1,-1,0,0,Normal,Normal,0.999961256980896,1
mqtt_preprocessed_v2.csv,3385,-1,-1,0,0,Normal,Normal,0.9999421834945679,1
mqtt_preprocessed_v2.csv,3386,-1,-1,0,0,Normal,Normal,0.9998974800109863,1
mqtt_preprocessed_v2.csv,3387,-1,-1,0,0,Normal,Normal,0.9999412298202515,1
mqtt_preprocessed_v2.csv,3388,-1,-1,0,0,Normal,Normal,0.9999557733535767,1
mqtt_preprocessed_v2.csv,3389,-1,-1,0,0,Normal,Normal,0.9999526739120483,1
mqtt_preprocessed_v2.csv,3390,-1,-1,0,0,Normal,Normal,0.999954342842102,1
mqtt_preprocessed_v2.csv,3391,-1,-1,0,0,Normal,Normal,0.9999222755432129,1
mqtt_preprocessed_v2.csv,3392,-1,-1,0,0,Normal,Normal,0.9999523162841797,1
mqtt_preprocessed_v2.csv,3393,-1,-1,0,0,Normal,Normal,0.99994957447052,1
mqtt_preprocessed_v2.csv,3394,-1,-1,0,0,Normal,Normal,0.9999531507492065,1
mqtt_preprocessed_v2.csv,3395,-1,-1,0,0,Normal,Normal,0.9999580383300781,1
mqtt_preprocessed_v2.csv,3396,-1,-1,0,0,Normal,Normal,0.9999513626098633,1
mqtt_preprocessed_v2.csv,3397,-1,-1,0,0,Normal,Normal,0.9999487400054932,1
mqtt_preprocessed_v2.csv,3398,-1,-1,0,0,Normal,Normal,0.9999455213546753,1
mqtt_preprocessed_v2.csv,3399,-1,-1,0,0,Normal,Normal,0.9999493360519409,1
mqtt_preprocessed_v2.csv,3400,-1,-1,0,0,Normal,Normal,0.9999619722366333,1
mqtt_preprocessed_v2.csv,3401,-1,-1,0,0,Normal,Normal,0.9999487400054932,1
mqtt_preprocessed_v2.csv,3402,-1,-1,0,0,Normal,Normal,0.9999496936798096,1
mqtt_preprocessed_v2.csv,3403,-1,-1,0,0,Normal,Normal,0.9999452829360962,1
mqtt_preprocessed_v2.csv,3404,-1,-1,0,0,Normal,Normal,0.9999316930770874,1
mqtt_preprocessed_v2.csv,3405,-1,-1,0,0,Normal,Normal,0.9986022114753723,1
mqtt_preprocessed_v2.csv,3406,-1,-1,0,0,Normal,Normal,0.9999536275863647,1
mqtt_preprocessed_v2.csv,3407,-1,-1,0,0,Normal,Normal,0.9999498128890991,1
mqtt_preprocessed_v2.csv,3408,-1,-1,0,0,Normal,Normal,0.9999202489852905,1
mqtt_preprocessed_v2.csv,3409,-1,-1,0,0,Normal,Normal,0.9999463558197021,1
mqtt_preprocessed_v2.csv,3410,-1,-1,0,0,Normal,Normal,0.9999443292617798,1
mqtt_preprocessed_v2.csv,3411,-1,-1,0,0,Normal,Normal,0.9999440908432007,1
mqtt_preprocessed_v2.csv,3412,-1,-1,0,0,Normal,Normal,0.9999444484710693,1
mqtt_preprocessed_v2.csv,3413,-1,-1,0,0,Normal,Normal,0.9999617338180542,1
mqtt_preprocessed_v2.csv,3414,-1,-1,0,0,Normal,Normal,0.9999594688415527,1
mqtt_preprocessed_v2.csv,3415,-1,-1,0,0,Normal,Normal,0.9999592304229736,1
mqtt_preprocessed_v2.csv,3416,-1,-1,0,0,Normal,Normal,0.9999562501907349,1
mqtt_preprocessed_v2.csv,3417,-1,-1,0,0,Normal,Normal,0.9999570846557617,1
mqtt_preprocessed_v2.csv,3418,-1,-1,0,0,Normal,Normal,0.9999517202377319,1
mqtt_preprocessed_v2.csv,3419,-1,-1,0,0,Normal,Normal,0.9999580383300781,1
mqtt_preprocessed_v2.csv,3420,-1,-1,0,0,Normal,Normal,0.9999516010284424,1
mqtt_preprocessed_v2.csv,3421,-1,-1,0,0,Normal,Normal,0.999934196472168,1
mqtt_preprocessed_v2.csv,3422,-1,-1,0,0,Normal,Normal,0.9999114274978638,1
mqtt_preprocessed_v2.csv,3423,-1,-1,0,0,Normal,Normal,0.9999619722366333,1
mqtt_preprocessed_v2.csv,3424,-1,-1,0,0,Normal,Normal,0.9999464750289917,1
mqtt_preprocessed_v2.csv,3425,-1,-1,0,0,Normal,Normal,0.9999619722366333,1
mqtt_preprocessed_v2.csv,3426,-1,-1,0,0,Normal,Normal,0.9999558925628662,1
mqtt_preprocessed_v2.csv,3427,-1,-1,0,0,Normal,Normal,0.9998672008514404,1
mqtt_preprocessed_v2.csv,3428,-1,-1,0,0,Normal,Normal,0.9999510049819946,1
mqtt_preprocessed_v2.csv,3429,-1,-1,0,0,Normal,Normal,0.9999523162841797,1
mqtt_preprocessed_v2.csv,3430,-1,-1,0,0,Normal,Normal,0.9999619722366333,1
mqtt_preprocessed_v2.csv,3431,-1,-1,0,0,Normal,Normal,0.9999591112136841,1
mqtt_preprocessed_v2.csv,3432,-1,-1,0,0,Normal,Normal,0.9999595880508423,1
mqtt_preprocessed_v2.csv,3433,-1,-1,0,0,Normal,Normal,0.9999486207962036,1
mqtt_preprocessed_v2.csv,3434,-1,-1,0,0,Normal,Normal,0.999945878982544,1
mqtt_preprocessed_v2.csv,3435,-1,-1,0,0,Normal,Normal,0.9999593496322632,1
mqtt_preprocessed_v2.csv,3436,-1,-1,0,0,Normal,Normal,0.9999595880508423,1
mqtt_preprocessed_v2.csv,3437,-1,-1,0,0,Normal,Normal,0.9999208450317383,1
mqtt_preprocessed_v2.csv,3438,-1,-1,0,0,Normal,Normal,0.9998548030853271,1
mqtt_preprocessed_v2.csv,3439,-1,-1,0,0,Normal,Normal,0.9999480247497559,1
mqtt_preprocessed_v2.csv,3440,-1,-1,0,0,Normal,Normal,0.999932050704956,1
mqtt_preprocessed_v2.csv,3441,-1,-1,0,0,Normal,Normal,0.9999483823776245,1
mqtt_preprocessed_v2.csv,3442,-1,-1,0,0,Normal,Normal,0.9999223947525024,1
mqtt_preprocessed_v2.csv,3443,-1,-1,0,0,Normal,Normal,0.9999456405639648,1
mqtt_preprocessed_v2.csv,3444,-1,-1,0,0,Normal,Normal,0.9999467134475708,1
mqtt_preprocessed_v2.csv,3445,-1,-1,0,0,Normal,Normal,0.9998360872268677,1
mqtt_preprocessed_v2.csv,3446,-1,-1,0,0,Normal,Normal,0.9999433755874634,1
mqtt_preprocessed_v2.csv,3447,-1,-1,0,0,Normal,Normal,0.9999464750289917,1
mqtt_preprocessed_v2.csv,3448,-1,-1,0,0,Normal,Normal,0.999947190284729,1
mqtt_preprocessed_v2.csv,3449,-1,-1,0,0,Normal,Normal,0.9999487400054932,1
mqtt_preprocessed_v2.csv,3450,-1,-1,0,0,Normal,Normal,0.9999384880065918,1
mqtt_preprocessed_v2.csv,3451,-1,-1,0,0,Normal,Normal,0.9999600648880005,1
mqtt_preprocessed_v2.csv,3452,-1,-1,0,0,Normal,Normal,0.9999479055404663,1
mqtt_preprocessed_v2.csv,3453,-1,-1,0,0,Normal,Normal,0.9999502897262573,1
mqtt_preprocessed_v2.csv,3454,-1,-1,0,0,Normal,Normal,0.9999603033065796,1
mqtt_preprocessed_v2.csv,3455,-1,-1,0,0,Normal,Normal,0.9999321699142456,1
mqtt_preprocessed_v2.csv,3456,-1,-1,0,0,Normal,Normal,0.9997637867927551,1
mqtt_preprocessed_v2.csv,3457,-1,-1,0,0,Normal,Normal,0.9999450445175171,1
mqtt_preprocessed_v2.csv,3458,-1,-1,0,0,Normal,Normal,0.9999582767486572,1
mqtt_preprocessed_v2.csv,3459,-1,-1,0,0,Normal,Normal,0.9999561309814453,1
mqtt_preprocessed_v2.csv,3460,-1,-1,0,0,Normal,Normal,0.9998983144760132,1
mqtt_preprocessed_v2.csv,3461,-1,-1,0,0,Normal,Normal,0.9999314546585083,1
mqtt_preprocessed_v2.csv,3462,-1,-1,0,0,Normal,Normal,0.9999573230743408,1
mqtt_preprocessed_v2.csv,3463,-1,-1,0,0,Normal,Normal,0.9999568462371826,1
mqtt_preprocessed_v2.csv,3464,-1,-1,0,0,Normal,Normal,0.9999608993530273,1
mqtt_preprocessed_v2.csv,3465,-1,-1,0,0,Normal,Normal,0.9999600648880005,1
mqtt_preprocessed_v2.csv,3466,-1,-1,0,0,Normal,Normal,0.9999591112136841,1
mqtt_preprocessed_v2.csv,3467,-1,-1,0,0,Normal,Normal,0.9998558759689331,1
mqtt_preprocessed_v2.csv,3468,-1,-1,0,0,Normal,Normal,0.9999443292617798,1
mqtt_preprocessed_v2.csv,3469,-1,-1,0,0,Normal,Normal,0.9999545812606812,1
mqtt_preprocessed_v2.csv,3470,-1,-1,0,0,Normal,Normal,0.9998471736907959,1
mqtt_preprocessed_v2.csv,3471,-1,-1,0,0,Normal,Normal,0.9998840093612671,1
mqtt_preprocessed_v2.csv,3472,-1,-1,0,0,Normal,Normal,0.9997996687889099,1
mqtt_preprocessed_v2.csv,3473,-1,-1,0,0,Normal,Normal,0.9999454021453857,1
mqtt_preprocessed_v2.csv,3474,-1,-1,0,0,Normal,Normal,0.9999532699584961,1
mqtt_preprocessed_v2.csv,3475,-1,-1,0,0,Normal,Normal,0.9999524354934692,1
mqtt_preprocessed_v2.csv,3476,-1,-1,0,0,Normal,Normal,0.9999336004257202,1
mqtt_preprocessed_v2.csv,3477,-1,-1,0,0,Normal,Normal,0.9999405145645142,1
mqtt_preprocessed_v2.csv,3478,-1,-1,0,0,Normal,Normal,0.9999551773071289,1
mqtt_preprocessed_v2.csv,3479,-1,-1,0,0,Normal,Normal,0.9999597072601318,1
mqtt_preprocessed_v2.csv,3480,-1,-1,0,0,Normal,Normal,0.9998548030853271,1
mqtt_preprocessed_v2.csv,3481,-1,-1,0,0,Normal,Normal,0.99994957447052,1
mqtt_preprocessed_v2.csv,3482,-1,-1,0,0,Normal,Normal,0.9999532699584961,1
mqtt_preprocessed_v2.csv,3483,-1,-1,0,0,Normal,Normal,0.9999492168426514,1
mqtt_preprocessed_v2.csv,3484,-1,-1,0,0,Normal,Normal,0.9999405145645142,1
mqtt_preprocessed_v2.csv,3485,-1,-1,0,0,Normal,Normal,0.9999539852142334,1
mqtt_preprocessed_v2.csv,3486,-1,-1,0,0,Normal,Normal,0.9999544620513916,1
mqtt_preprocessed_v2.csv,3487,-1,-1,0,0,Normal,Normal,0.9997765421867371,1
mqtt_preprocessed_v2.csv,3488,-1,-1,0,0,Normal,Normal,0.9999587535858154,1
mqtt_preprocessed_v2.csv,3489,-1,-1,0,0,Normal,Normal,0.9999309778213501,1
mqtt_preprocessed_v2.csv,3490,-1,-1,0,0,Normal,Normal,0.9999414682388306,1
mqtt_preprocessed_v2.csv,3491,-1,-1,0,0,Normal,Normal,0.9999443292617798,1
mqtt_preprocessed_v2.csv,3492,-1,-1,0,0,Normal,Normal,0.9999486207962036,1
mqtt_preprocessed_v2.csv,3493,-1,-1,0,0,Normal,Normal,0.9999595880508423,1
mqtt_preprocessed_v2.csv,3494,-1,-1,0,0,Normal,Normal,0.9999558925628662,1
mqtt_preprocessed_v2.csv,3495,-1,-1,0,0,Normal,Normal,0.9999399185180664,1
mqtt_preprocessed_v2.csv,3496,-1,-1,0,0,Normal,Normal,0.9999523162841797,1
mqtt_preprocessed_v2.csv,3497,-1,-1,0,0,Normal,Normal,0.9999527931213379,1
mqtt_preprocessed_v2.csv,3498,-1,-1,0,0,Normal,Normal,0.9999339580535889,1
mqtt_preprocessed_v2.csv,3499,-1,-1,0,0,Normal,Normal,0.9999496936798096,1
mqtt_preprocessed_v2.csv,3500,-1,-1,0,0,Normal,Normal,0.9999457597732544,1
mqtt_preprocessed_v2.csv,3501,-1,-1,0,0,Normal,Normal,0.999927282333374,1
mqtt_preprocessed_v2.csv,3502,-1,-1,0,0,Normal,Normal,0.999948263168335,1
mqtt_preprocessed_v2.csv,3503,-1,-1,0,0,Normal,Normal,0.9999598264694214,1
mqtt_preprocessed_v2.csv,3504,-1,-1,0,0,Normal,Normal,0.9999547004699707,1
mqtt_preprocessed_v2.csv,3505,-1,-1,0,0,Normal,Normal,0.9999587535858154,1
mqtt_preprocessed_v2.csv,3506,-1,-1,0,0,Normal,Normal,0.9999551773071289,1
mqtt_preprocessed_v2.csv,3507,-1,-1,0,0,Normal,Normal,0.9999494552612305,1
mqtt_preprocessed_v2.csv,3508,-1,-1,0,0,Normal,Normal,0.9999501705169678,1
mqtt_preprocessed_v2.csv,3509,-1,-1,0,0,Normal,Normal,0.99993896484375,1
mqtt_preprocessed_v2.csv,3510,-1,-1,0,0,Normal,Normal,0.9999618530273438,1
mqtt_preprocessed_v2.csv,3511,-1,-1,0,0,Normal,Normal,0.9999449253082275,1
mqtt_preprocessed_v2.csv,3512,-1,-1,0,0,Normal,Normal,0.9999526739120483,1
mqtt_preprocessed_v2.csv,3513,-1,-1,0,0,Normal,Normal,0.9999514818191528,1
mqtt_preprocessed_v2.csv,3514,-1,-1,0,0,Normal,Normal,0.9999480247497559,1
mqtt_preprocessed_v2.csv,3515,-1,-1,0,0,Normal,Normal,0.9999544620513916,1
mqtt_preprocessed_v2.csv,3516,-1,-1,0,0,Normal,Normal,0.999927282333374,1
mqtt_preprocessed_v2.csv,3517,-1,-1,0,0,Normal,Normal,0.999947190284729,1
mqtt_preprocessed_v2.csv,3518,-1,-1,0,0,Normal,Normal,0.9999459981918335,1
mqtt_preprocessed_v2.csv,3519,-1,-1,0,0,Normal,Normal,0.9999239444732666,1
mqtt_preprocessed_v2.csv,3520,-1,-1,0,0,Normal,Normal,0.9999258518218994,1
mqtt_preprocessed_v2.csv,3521,-1,-1,0,0,Normal,Normal,0.9999521970748901,1
mqtt_preprocessed_v2.csv,3522,-1,-1,0,0,Normal,Normal,0.9999560117721558,1
mqtt_preprocessed_v2.csv,3523,-1,-1,0,0,Normal,Normal,0.9999598264694214,1
mqtt_preprocessed_v2.csv,3524,-1,-1,0,0,Normal,Normal,0.9999170303344727,1
mqtt_preprocessed_v2.csv,3525,-1,-1,0,0,Normal,Normal,0.9999480247497559,1
mqtt_preprocessed_v2.csv,3526,-1,-1,0,0,Normal,Normal,0.9999517202377319,1
mqtt_preprocessed_v2.csv,3527,-1,-1,0,0,Normal,Normal,0.9999456405639648,1
mqtt_preprocessed_v2.csv,3528,-1,-1,0,0,Normal,Normal,0.9999604225158691,1
mqtt_preprocessed_v2.csv,3529,-1,-1,0,0,Normal,Normal,0.9999510049819946,1
mqtt_preprocessed_v2.csv,3530,-1,-1,0,0,Normal,Normal,0.9999426603317261,1
mqtt_preprocessed_v2.csv,3531,-1,-1,0,0,Normal,Normal,0.9999445676803589,1
mqtt_preprocessed_v2.csv,3532,-1,-1,0,0,Normal,Normal,0.9999599456787109,1
mqtt_preprocessed_v2.csv,3533,-1,-1,0,0,Normal,Normal,0.9998985528945923,1
mqtt_preprocessed_v2.csv,3534,-1,-1,0,0,Normal,Normal,0.9999614953994751,1
mqtt_preprocessed_v2.csv,3535,-1,-1,0,0,Normal,Normal,0.9999595880508423,1
mqtt_preprocessed_v2.csv,3536,-1,-1,0,0,Normal,Normal,0.9999642372131348,1
mqtt_preprocessed_v2.csv,3537,-1,-1,0,0,Normal,Normal,0.9999548196792603,1
mqtt_preprocessed_v2.csv,3538,-1,-1,0,0,Normal,Normal,0.9999626874923706,1
mqtt_preprocessed_v2.csv,3539,-1,-1,0,0,Normal,Normal,0.9999312162399292,1
mqtt_preprocessed_v2.csv,3540,-1,-1,0,0,Normal,Normal,0.9999231100082397,1
mqtt_preprocessed_v2.csv,3541,-1,-1,0,0,Normal,Normal,0.9999326467514038,1
mqtt_preprocessed_v2.csv,3542,-1,-1,0,0,Normal,Normal,0.999941349029541,1
mqtt_preprocessed_v2.csv,3543,-1,-1,0,0,Normal,Normal,0.9999620914459229,1
mqtt_preprocessed_v2.csv,3544,-1,-1,0,0,Normal,Normal,0.9999386072158813,1
mqtt_preprocessed_v2.csv,3545,-1,-1,0,0,Normal,Normal,0.9999417066574097,1
mqtt_preprocessed_v2.csv,3546,-1,-1,0,0,Normal,Normal,0.9999444484710693,1
mqtt_preprocessed_v2.csv,3547,-1,-1,0,0,Normal,Normal,0.9999446868896484,1
mqtt_preprocessed_v2.csv,3548,-1,-1,0,0,Normal,Normal,0.9999572038650513,1
mqtt_preprocessed_v2.csv,3549,-1,-1,0,0,Normal,Normal,0.9999622106552124,1
mqtt_preprocessed_v2.csv,3550,-1,-1,0,0,Normal,Normal,0.9999456405639648,1
mqtt_preprocessed_v2.csv,3551,-1,-1,0,0,Normal,Normal,0.9999053478240967,1
mqtt_preprocessed_v2.csv,3552,-1,-1,0,0,Normal,Normal,0.9999426603317261,1
mqtt_preprocessed_v2.csv,3553,-1,-1,0,0,Normal,Normal,0.999964714050293,1
mqtt_preprocessed_v2.csv,3554,-1,-1,0,0,Normal,Normal,0.9999455213546753,1
mqtt_preprocessed_v2.csv,3555,-1,-1,0,0,Normal,Normal,0.9999622106552124,1
mqtt_preprocessed_v2.csv,3556,-1,-1,0,0,Normal,Normal,0.9999616146087646,1
mqtt_preprocessed_v2.csv,3557,-1,-1,0,0,Normal,Normal,0.9999638795852661,1
mqtt_preprocessed_v2.csv,3558,-1,-1,0,0,Normal,Normal,0.9999574422836304,1
mqtt_preprocessed_v2.csv,3559,-1,-1,0,0,Normal,Normal,0.999932050704956,1
mqtt_preprocessed_v2.csv,3560,-1,-1,0,0,Normal,Normal,0.9999527931213379,1
mqtt_preprocessed_v2.csv,3561,-1,-1,0,0,Normal,Normal,0.999935507774353,1
mqtt_preprocessed_v2.csv,3562,-1,-1,0,0,Normal,Normal,0.9999600648880005,1
mqtt_preprocessed_v2.csv,3563,-1,-1,0,0,Normal,Normal,0.9999414682388306,1
mqtt_preprocessed_v2.csv,3564,-1,-1,0,0,Normal,Normal,0.999954104423523,1
mqtt_preprocessed_v2.csv,3565,-1,-1,0,0,Normal,Normal,0.9999432563781738,1
mqtt_preprocessed_v2.csv,3566,-1,-1,0,0,Normal,Normal,0.999954342842102,1
mqtt_preprocessed_v2.csv,3567,-1,-1,0,0,Normal,Normal,0.9999533891677856,1
mqtt_preprocessed_v2.csv,3568,-1,-1,0,0,Normal,Normal,0.9999560117721558,1
mqtt_preprocessed_v2.csv,3569,-1,-1,0,0,Normal,Normal,0.9999501705169678,1
mqtt_preprocessed_v2.csv,3570,-1,-1,0,0,Normal,Normal,0.9999555349349976,1
mqtt_preprocessed_v2.csv,3571,-1,-1,0,0,Normal,Normal,0.9999486207962036,1
mqtt_preprocessed_v2.csv,3572,-1,-1,0,0,Normal,Normal,0.9999592304229736,1
mqtt_preprocessed_v2.csv,3573,-1,-1,0,0,Normal,Normal,0.9999533891677856,1
mqtt_preprocessed_v2.csv,3574,-1,-1,0,0,Normal,Normal,0.9999494552612305,1
mqtt_preprocessed_v2.csv,3575,-1,-1,0,0,Normal,Normal,0.999941349029541,1
mqtt_preprocessed_v2.csv,3576,-1,-1,0,0,Normal,Normal,0.9999536275863647,1
mqtt_preprocessed_v2.csv,3577,-1,-1,0,0,Normal,Normal,0.9998550415039062,1
mqtt_preprocessed_v2.csv,3578,-1,-1,0,0,Normal,Normal,0.999925971031189,1
mqtt_preprocessed_v2.csv,3579,-1,-1,0,0,Normal,Normal,0.9999544620513916,1
mqtt_preprocessed_v2.csv,3580,-1,-1,0,0,Normal,Normal,0.9999474287033081,1
mqtt_preprocessed_v2.csv,3581,-1,-1,0,0,Normal,Normal,0.9999607801437378,1
mqtt_preprocessed_v2.csv,3582,-1,-1,0,0,Normal,Normal,0.9999498128890991,1
mqtt_preprocessed_v2.csv,3583,-1,-1,0,0,Normal,Normal,0.9999616146087646,1
mqtt_preprocessed_v2.csv,3584,-1,-1,0,0,Normal,Normal,0.9999613761901855,1
mqtt_preprocessed_v2.csv,3585,-1,-1,0,0,Normal,Normal,0.9999372959136963,1
mqtt_preprocessed_v2.csv,3586,-1,-1,0,0,Normal,Normal,0.9994966983795166,1
mqtt_preprocessed_v2.csv,3587,-1,-1,0,0,Normal,Normal,0.9999191761016846,1
mqtt_preprocessed_v2.csv,3588,-1,-1,0,0,Normal,Normal,0.9999529123306274,1
mqtt_preprocessed_v2.csv,3589,-1,-1,0,0,Normal,Normal,0.9999510049819946,1
mqtt_preprocessed_v2.csv,3590,-1,-1,0,0,Normal,Normal,0.9999250173568726,1
mqtt_preprocessed_v2.csv,3591,-1,-1,0,0,Normal,Normal,0.9999316930770874,1
mqtt_preprocessed_v2.csv,3592,-1,-1,0,0,Normal,Normal,0.9999635219573975,1
mqtt_preprocessed_v2.csv,3593,-1,-1,0,0,Normal,Normal,0.9999426603317261,1
mqtt_preprocessed_v2.csv,3594,-1,-1,0,0,Normal,Normal,0.9999408721923828,1
mqtt_preprocessed_v2.csv,3595,-1,-1,0,0,Normal,Normal,0.9999557733535767,1
mqtt_preprocessed_v2.csv,3596,-1,-1,0,0,Normal,Normal,0.9999334812164307,1
mqtt_preprocessed_v2.csv,3597,-1,-1,0,0,Normal,Normal,0.9999486207962036,1
mqtt_preprocessed_v2.csv,3598,-1,-1,0,0,Normal,Normal,0.9999382495880127,1
mqtt_preprocessed_v2.csv,3599,-1,-1,0,0,Normal,Normal,0.9999481439590454,1
mqtt_preprocessed_v2.csv,3600,-1,-1,0,0,Normal,Normal,0.9999300241470337,1
mqtt_preprocessed_v2.csv,3601,-1,-1,0,0,Normal,Normal,0.9999245405197144,1
mqtt_preprocessed_v2.csv,3602,-1,-1,0,0,Normal,Normal,0.9999563694000244,1
mqtt_preprocessed_v2.csv,3603,-1,-1,0,0,Normal,Normal,0.9999381303787231,1
mqtt_preprocessed_v2.csv,3604,-1,-1,0,0,Normal,Normal,0.9999433755874634,1
mqtt_preprocessed_v2.csv,3605,-1,-1,0,0,Normal,Normal,0.9999567270278931,1
mqtt_preprocessed_v2.csv,3606,-1,-1,0,0,Normal,Normal,0.9999456405639648,1
mqtt_preprocessed_v2.csv,3607,-1,-1,0,0,Normal,Normal,0.9999508857727051,1
mqtt_preprocessed_v2.csv,3608,-1,-1,0,0,Normal,Normal,0.9999526739120483,1
mqtt_preprocessed_v2.csv,3609,-1,-1,0,0,Normal,Normal,0.9999265670776367,1
mqtt_preprocessed_v2.csv,3610,-1,-1,0,0,Normal,Normal,0.9999486207962036,1
mqtt_preprocessed_v2.csv,3611,-1,-1,0,0,Normal,Normal,0.99992835521698,1
mqtt_preprocessed_v2.csv,3612,-1,-1,0,0,Normal,Normal,0.9999562501907349,1
mqtt_preprocessed_v2.csv,3613,-1,-1,0,0,Normal,Normal,0.9999560117721558,1
mqtt_preprocessed_v2.csv,3614,-1,-1,0,0,Normal,Normal,0.9999592304229736,1
mqtt_preprocessed_v2.csv,3615,-1,-1,0,0,Normal,Normal,0.9999396800994873,1
mqtt_preprocessed_v2.csv,3616,-1,-1,0,0,Normal,Normal,0.9999555349349976,1
mqtt_preprocessed_v2.csv,3617,-1,-1,0,0,Normal,Normal,0.9999629259109497,1
mqtt_preprocessed_v2.csv,3618,-1,-1,0,0,Normal,Normal,0.9999557733535767,1
mqtt_preprocessed_v2.csv,3619,-1,-1,0,0,Normal,Normal,0.9999417066574097,1
mqtt_preprocessed_v2.csv,3620,-1,-1,0,0,Normal,Normal,0.999927282333374,1
mqtt_preprocessed_v2.csv,3621,-1,-1,0,0,Normal,Normal,0.9999521970748901,1
mqtt_preprocessed_v2.csv,3622,-1,-1,0,0,Normal,Normal,0.9999511241912842,1
mqtt_preprocessed_v2.csv,3623,-1,-1,0,0,Normal,Normal,0.9999326467514038,1
mqtt_preprocessed_v2.csv,3624,-1,-1,0,0,Normal,Normal,0.9999592304229736,1
mqtt_preprocessed_v2.csv,3625,-1,-1,0,0,Normal,Normal,0.9999483823776245,1
mqtt_preprocessed_v2.csv,3626,-1,-1,0,0,Normal,Normal,0.9999476671218872,1
mqtt_preprocessed_v2.csv,3627,-1,-1,0,0,Normal,Normal,0.9999252557754517,1
mqtt_preprocessed_v2.csv,3628,-1,-1,0,0,Normal,Normal,0.9999586343765259,1
mqtt_preprocessed_v2.csv,3629,-1,-1,0,0,Normal,Normal,0.9999583959579468,1
mqtt_preprocessed_v2.csv,3630,-1,-1,0,0,Normal,Normal,0.9999555349349976,1
mqtt_preprocessed_v2.csv,3631,-1,-1,0,0,Normal,Normal,0.9999450445175171,1
mqtt_preprocessed_v2.csv,3632,-1,-1,0,0,Normal,Normal,0.9999488592147827,1
mqtt_preprocessed_v2.csv,3633,-1,-1,0,0,Normal,Normal,0.999950647354126,1
mqtt_preprocessed_v2.csv,3634,-1,-1,0,0,Normal,Normal,0.9999454021453857,1
mqtt_preprocessed_v2.csv,3635,-1,-1,0,0,Normal,Normal,0.9999455213546753,1
mqtt_preprocessed_v2.csv,3636,-1,-1,0,0,Normal,Normal,0.9999582767486572,1
mqtt_preprocessed_v2.csv,3637,-1,-1,0,0,Normal,Normal,0.9998552799224854,1
mqtt_preprocessed_v2.csv,3638,-1,-1,0,0,Normal,Normal,0.9999661445617676,1
mqtt_preprocessed_v2.csv,3639,-1,-1,0,0,Normal,Normal,0.999950647354126,1
mqtt_preprocessed_v2.csv,3640,-1,-1,0,0,Normal,Normal,0.9999644756317139,1
mqtt_preprocessed_v2.csv,3641,-1,-1,0,0,Normal,Normal,0.9999561309814453,1
mqtt_preprocessed_v2.csv,3642,-1,-1,0,0,Normal,Normal,0.9999464750289917,1
mqtt_preprocessed_v2.csv,3643,-1,-1,0,0,Normal,Normal,0.9999419450759888,1
mqtt_preprocessed_v2.csv,3644,-1,-1,0,0,Normal,Normal,0.9999513626098633,1
mqtt_preprocessed_v2.csv,3645,-1,-1,0,0,Normal,Normal,0.9998652935028076,1
mqtt_preprocessed_v2.csv,3646,-1,-1,0,0,Normal,Normal,0.9999549388885498,1
mqtt_preprocessed_v2.csv,3647,-1,-1,0,0,Normal,Normal,0.9999570846557617,1
mqtt_preprocessed_v2.csv,3648,-1,-1,0,0,Normal,Normal,0.9999582767486572,1
mqtt_preprocessed_v2.csv,3649,-1,-1,0,0,Normal,Normal,0.9999561309814453,1
mqtt_preprocessed_v2.csv,3650,-1,-1,0,0,Normal,Normal,0.9999635219573975,1
mqtt_preprocessed_v2.csv,3651,-1,-1,0,0,Normal,Normal,0.9999526739120483,1
mqtt_preprocessed_v2.csv,3652,-1,-1,0,0,Normal,Normal,0.9999457597732544,1
mqtt_preprocessed_v2.csv,3653,-1,-1,0,0,Normal,Normal,0.9999569654464722,1
mqtt_preprocessed_v2.csv,3654,-1,-1,0,0,Normal,Normal,0.9998975992202759,1
mqtt_preprocessed_v2.csv,3655,-1,-1,0,0,Normal,Normal,0.9999555349349976,1
mqtt_preprocessed_v2.csv,3656,-1,-1,0,0,Normal,Normal,0.9999572038650513,1
mqtt_preprocessed_v2.csv,3657,-1,-1,0,0,Normal,Normal,0.9999008178710938,1
mqtt_preprocessed_v2.csv,3658,-1,-1,0,0,Normal,Normal,0.9999449253082275,1
mqtt_preprocessed_v2.csv,3659,-1,-1,0,0,Normal,Normal,0.9999529123306274,1
mqtt_preprocessed_v2.csv,3660,-1,-1,0,0,Normal,Normal,0.9999351501464844,1
mqtt_preprocessed_v2.csv,3661,-1,-1,0,0,Normal,Normal,0.9999127388000488,1
mqtt_preprocessed_v2.csv,3662,-1,-1,0,0,Normal,Normal,0.9998712539672852,1
mqtt_preprocessed_v2.csv,3663,-1,-1,0,0,Normal,Normal,0.9999586343765259,1
mqtt_preprocessed_v2.csv,3664,-1,-1,0,0,Normal,Normal,0.9999347925186157,1
mqtt_preprocessed_v2.csv,3665,-1,-1,0,0,Normal,Normal,0.9999212026596069,1
mqtt_preprocessed_v2.csv,3666,-1,-1,0,0,Normal,Normal,0.9999290704727173,1
mqtt_preprocessed_v2.csv,3667,-1,-1,0,0,Normal,Normal,0.9999468326568604,1
mqtt_preprocessed_v2.csv,3668,-1,-1,0,0,Normal,Normal,0.9999198913574219,1
mqtt_preprocessed_v2.csv,3669,-1,-1,0,0,Normal,Normal,0.9999486207962036,1
mqtt_preprocessed_v2.csv,3670,-1,-1,0,0,Normal,Normal,0.9999614953994751,1
mqtt_preprocessed_v2.csv,3671,-1,-1,0,0,Normal,Normal,0.9999353885650635,1
mqtt_preprocessed_v2.csv,3672,-1,-1,0,0,Normal,Normal,0.999945878982544,1
mqtt_preprocessed_v2.csv,3673,-1,-1,0,0,Normal,Normal,0.9999486207962036,1
mqtt_preprocessed_v2.csv,3674,-1,-1,0,0,Normal,Normal,0.9999508857727051,1
mqtt_preprocessed_v2.csv,3675,-1,-1,0,0,Normal,Normal,0.999941349029541,1
mqtt_preprocessed_v2.csv,3676,-1,-1,0,0,Normal,Normal,0.9999610185623169,1
mqtt_preprocessed_v2.csv,3677,-1,-1,0,0,Normal,Normal,0.999954342842102,1
mqtt_preprocessed_v2.csv,3678,-1,-1,0,0,Normal,Normal,0.9999450445175171,1
mqtt_preprocessed_v2.csv,3679,-1,-1,0,0,Normal,Normal,0.9999459981918335,1
mqtt_preprocessed_v2.csv,3680,-1,-1,0,0,Normal,Normal,0.9999423027038574,1
mqtt_preprocessed_v2.csv,3681,-1,-1,0,0,Normal,Normal,0.9999505281448364,1
mqtt_preprocessed_v2.csv,3682,-1,-1,0,0,Normal,Normal,0.9999418258666992,1
mqtt_preprocessed_v2.csv,3683,-1,-1,0,0,Normal,Normal,0.9999502897262573,1
mqtt_preprocessed_v2.csv,3684,-1,-1,0,0,Normal,Normal,0.9999451637268066,1
mqtt_preprocessed_v2.csv,3685,-1,-1,0,0,Normal,Normal,0.9999443292617798,1
mqtt_preprocessed_v2.csv,3686,-1,-1,0,0,Normal,Normal,0.999964714050293,1
mqtt_preprocessed_v2.csv,3687,-1,-1,0,0,Normal,Normal,0.9999548196792603,1
mqtt_preprocessed_v2.csv,3688,-1,-1,0,0,Normal,Normal,0.9999452829360962,1
mqtt_preprocessed_v2.csv,3689,-1,-1,0,0,Normal,Normal,0.9999593496322632,1
mqtt_preprocessed_v2.csv,3690,-1,-1,0,0,Normal,Normal,0.9999504089355469,1
mqtt_preprocessed_v2.csv,3691,-1,-1,0,0,Normal,Normal,0.9999490976333618,1
mqtt_preprocessed_v2.csv,3692,-1,-1,0,0,Normal,Normal,0.9999150037765503,1
mqtt_preprocessed_v2.csv,3693,-1,-1,0,0,Normal,Normal,0.999955415725708,1
mqtt_preprocessed_v2.csv,3694,-1,-1,0,0,Normal,Normal,0.9999364614486694,1
mqtt_preprocessed_v2.csv,3695,-1,-1,0,0,Normal,Normal,0.9999529123306274,1
mqtt_preprocessed_v2.csv,3696,-1,-1,0,0,Normal,Normal,0.9999632835388184,1
mqtt_preprocessed_v2.csv,3697,-1,-1,0,0,Normal,Normal,0.9999337196350098,1
mqtt_preprocessed_v2.csv,3698,-1,-1,0,0,Normal,Normal,0.9999551773071289,1
mqtt_preprocessed_v2.csv,3699,-1,-1,0,0,Normal,Normal,0.9998526573181152,1
mqtt_preprocessed_v2.csv,3700,-1,-1,0,0,Normal,Normal,0.9999254941940308,1
mqtt_preprocessed_v2.csv,3701,-1,-1,0,0,Normal,Normal,0.9999419450759888,1
mqtt_preprocessed_v2.csv,3702,-1,-1,0,0,Normal,Normal,0.9999380111694336,1
mqtt_preprocessed_v2.csv,3703,-1,-1,0,0,Normal,Normal,0.9999551773071289,1
mqtt_preprocessed_v2.csv,3704,-1,-1,0,0,Normal,Normal,0.9999464750289917,1
mqtt_preprocessed_v2.csv,3705,-1,-1,0,0,Normal,Normal,0.9999139308929443,1
mqtt_preprocessed_v2.csv,3706,-1,-1,0,0,Normal,Normal,0.9999499320983887,1
mqtt_preprocessed_v2.csv,3707,-1,-1,0,0,Normal,Normal,0.9999611377716064,1
mqtt_preprocessed_v2.csv,3708,-1,-1,0,0,Normal,Normal,0.9999408721923828,1
mqtt_preprocessed_v2.csv,3709,-1,-1,0,0,Normal,Normal,0.9999463558197021,1
mqtt_preprocessed_v2.csv,3710,-1,-1,0,0,Normal,Normal,0.9999549388885498,1
mqtt_preprocessed_v2.csv,3711,-1,-1,0,0,Normal,Normal,0.9999591112136841,1
mqtt_preprocessed_v2.csv,3712,-1,-1,0,0,Normal,Normal,0.999957799911499,1
mqtt_preprocessed_v2.csv,3713,-1,-1,0,0,Normal,Normal,0.999957799911499,1
mqtt_preprocessed_v2.csv,3714,-1,-1,0,0,Normal,Normal,0.9999500513076782,1
mqtt_preprocessed_v2.csv,3715,-1,-1,0,0,Normal,Normal,0.9999282360076904,1
mqtt_preprocessed_v2.csv,3716,-1,-1,0,0,Normal,Normal,0.9999450445175171,1
mqtt_preprocessed_v2.csv,3717,-1,-1,0,0,Normal,Normal,0.9999421834945679,1
mqtt_preprocessed_v2.csv,3718,-1,-1,0,0,Normal,Normal,0.9995315074920654,1
mqtt_preprocessed_v2.csv,3719,-1,-1,0,0,Normal,Normal,0.9999561309814453,1
mqtt_preprocessed_v2.csv,3720,-1,-1,0,0,Normal,Normal,0.9999536275863647,1
mqtt_preprocessed_v2.csv,3721,-1,-1,0,0,Normal,Normal,0.9999507665634155,1
mqtt_preprocessed_v2.csv,3722,-1,-1,0,0,Normal,Normal,0.9999606609344482,1
mqtt_preprocessed_v2.csv,3723,-1,-1,0,0,Normal,Normal,0.999958872795105,1
mqtt_preprocessed_v2.csv,3724,-1,-1,0,0,Normal,Normal,0.9999452829360962,1
mqtt_preprocessed_v2.csv,3725,-1,-1,0,0,Normal,Normal,0.9999470710754395,1
mqtt_preprocessed_v2.csv,3726,-1,-1,0,0,Normal,Normal,0.9999222755432129,1
mqtt_preprocessed_v2.csv,3727,-1,-1,0,0,Normal,Normal,0.9999537467956543,1
mqtt_preprocessed_v2.csv,3728,-1,-1,0,0,Normal,Normal,0.9999417066574097,1
mqtt_preprocessed_v2.csv,3729,-1,-1,0,0,Normal,Normal,0.9999593496322632,1
mqtt_preprocessed_v2.csv,3730,-1,-1,0,0,Normal,Normal,0.9997650980949402,1
mqtt_preprocessed_v2.csv,3731,-1,-1,0,0,Normal,Normal,0.9999641180038452,1
mqtt_preprocessed_v2.csv,3732,-1,-1,0,0,Normal,Normal,0.9999500513076782,1
mqtt_preprocessed_v2.csv,3733,-1,-1,0,0,Normal,Normal,0.9999486207962036,1
mqtt_preprocessed_v2.csv,3734,-1,-1,0,0,Normal,Normal,0.9999481439590454,1
mqtt_preprocessed_v2.csv,3735,-1,-1,0,0,Normal,Normal,0.999852180480957,1
mqtt_preprocessed_v2.csv,3736,-1,-1,0,0,Normal,Normal,0.9999170303344727,1
mqtt_preprocessed_v2.csv,3737,-1,-1,0,0,Normal,Normal,0.9998103976249695,1
mqtt_preprocessed_v2.csv,3738,-1,-1,0,0,Normal,Normal,0.9999303817749023,1
mqtt_preprocessed_v2.csv,3739,-1,-1,0,0,Normal,Normal,0.9999340772628784,1
mqtt_preprocessed_v2.csv,3740,-1,-1,0,0,Normal,Normal,0.9999517202377319,1
mqtt_preprocessed_v2.csv,3741,-1,-1,0,0,Normal,Normal,0.9999182224273682,1
mqtt_preprocessed_v2.csv,3742,-1,-1,0,0,Normal,Normal,0.9999586343765259,1
mqtt_preprocessed_v2.csv,3743,-1,-1,0,0,Normal,Normal,0.9999402761459351,1
mqtt_preprocessed_v2.csv,3744,-1,-1,0,0,Normal,Normal,0.9999582767486572,1
mqtt_preprocessed_v2.csv,3745,-1,-1,0,0,Normal,Normal,0.9998838901519775,1
mqtt_preprocessed_v2.csv,3746,-1,-1,0,0,Normal,Normal,0.9999397993087769,1
mqtt_preprocessed_v2.csv,3747,-1,-1,0,0,Normal,Normal,0.9999505281448364,1
mqtt_preprocessed_v2.csv,3748,-1,-1,0,0,Normal,Normal,0.999954342842102,1
mqtt_preprocessed_v2.csv,3749,-1,-1,0,0,Normal,Normal,0.9999462366104126,1
mqtt_preprocessed_v2.csv,3750,-1,-1,0,0,Normal,Normal,0.9999420642852783,1
mqtt_preprocessed_v2.csv,3751,-1,-1,0,0,Normal,Normal,0.9999150037765503,1
mqtt_preprocessed_v2.csv,3752,-1,-1,0,0,Normal,Normal,0.999545156955719,1
mqtt_preprocessed_v2.csv,3753,-1,-1,0,0,Normal,Normal,0.9999492168426514,1
mqtt_preprocessed_v2.csv,3754,-1,-1,0,0,Normal,Normal,0.999953031539917,1
mqtt_preprocessed_v2.csv,3755,-1,-1,0,0,Normal,Normal,0.9999485015869141,1
mqtt_preprocessed_v2.csv,3756,-1,-1,0,0,Normal,Normal,0.9998672008514404,1
mqtt_preprocessed_v2.csv,3757,-1,-1,0,0,Normal,Normal,0.9999585151672363,1
mqtt_preprocessed_v2.csv,3758,-1,-1,0,0,Normal,Normal,0.999940037727356,1
mqtt_preprocessed_v2.csv,3759,-1,-1,0,0,Normal,Normal,0.9999568462371826,1
mqtt_preprocessed_v2.csv,3760,-1,-1,0,0,Normal,Normal,0.9999470710754395,1
mqtt_preprocessed_v2.csv,3761,-1,-1,0,0,Normal,Normal,0.999948263168335,1
mqtt_preprocessed_v2.csv,3762,-1,-1,0,0,Normal,Normal,0.9998183846473694,1
mqtt_preprocessed_v2.csv,3763,-1,-1,0,0,Normal,Normal,0.9999197721481323,1
mqtt_preprocessed_v2.csv,3764,-1,-1,0,0,Normal,Normal,0.9999432563781738,1
mqtt_preprocessed_v2.csv,3765,-1,-1,0,0,Normal,Normal,0.9999279975891113,1
mqtt_preprocessed_v2.csv,3766,-1,-1,0,0,Normal,Normal,0.9999641180038452,1
mqtt_preprocessed_v2.csv,3767,-1,-1,0,0,Normal,Normal,0.9999290704727173,1
mqtt_preprocessed_v2.csv,3768,-1,-1,0,0,Normal,Normal,0.9998551607131958,1
mqtt_preprocessed_v2.csv,3769,-1,-1,0,0,Normal,Normal,0.9999548196792603,1
mqtt_preprocessed_v2.csv,3770,-1,-1,0,0,Normal,Normal,0.9999450445175171,1
mqtt_preprocessed_v2.csv,3771,-1,-1,0,0,Normal,Normal,0.9999651908874512,1
mqtt_preprocessed_v2.csv,3772,-1,-1,0,0,Normal,Normal,0.9999607801437378,1
mqtt_preprocessed_v2.csv,3773,-1,-1,0,0,Normal,Normal,0.9999566078186035,1
mqtt_preprocessed_v2.csv,3774,-1,-1,0,0,Normal,Normal,0.9999457597732544,1
mqtt_preprocessed_v2.csv,3775,-1,-1,0,0,Normal,Normal,0.9999101161956787,1
mqtt_preprocessed_v2.csv,3776,-1,-1,0,0,Normal,Normal,0.9999594688415527,1
mqtt_preprocessed_v2.csv,3777,-1,-1,0,0,Normal,Normal,0.9999594688415527,1
mqtt_preprocessed_v2.csv,3778,-1,-1,0,0,Normal,Normal,0.9999591112136841,1
mqtt_preprocessed_v2.csv,3779,-1,-1,0,0,Normal,Normal,0.9999507665634155,1
mqtt_preprocessed_v2.csv,3780,-1,-1,0,0,Normal,Normal,0.9999555349349976,1
mqtt_preprocessed_v2.csv,3781,-1,-1,0,0,Normal,Normal,0.99996018409729,1
mqtt_preprocessed_v2.csv,3782,-1,-1,0,0,Normal,Normal,0.9999510049819946,1
mqtt_preprocessed_v2.csv,3783,-1,-1,0,0,Normal,Normal,0.9999504089355469,1
mqtt_preprocessed_v2.csv,3784,-1,-1,0,0,Normal,Normal,0.9999470710754395,1
mqtt_preprocessed_v2.csv,3785,-1,-1,0,0,Normal,Normal,0.9998548030853271,1
mqtt_preprocessed_v2.csv,3786,-1,-1,0,0,Normal,Normal,0.9999586343765259,1
mqtt_preprocessed_v2.csv,3787,-1,-1,0,0,Normal,Normal,0.9999622106552124,1
mqtt_preprocessed_v2.csv,3788,-1,-1,0,0,Normal,Normal,0.9999393224716187,1
mqtt_preprocessed_v2.csv,3789,-1,-1,0,0,Normal,Normal,0.9999464750289917,1
mqtt_preprocessed_v2.csv,3790,-1,-1,0,0,Normal,Normal,0.9999606609344482,1
mqtt_preprocessed_v2.csv,3791,-1,-1,0,0,Normal,Normal,0.9999455213546753,1
mqtt_preprocessed_v2.csv,3792,-1,-1,0,0,Normal,Normal,0.9999598264694214,1
mqtt_preprocessed_v2.csv,3793,-1,-1,0,0,Normal,Normal,0.9999569654464722,1
mqtt_preprocessed_v2.csv,3794,-1,-1,0,0,Normal,Normal,0.999927282333374,1
mqtt_preprocessed_v2.csv,3795,-1,-1,0,0,Normal,Normal,0.9999442100524902,1
mqtt_preprocessed_v2.csv,3796,-1,-1,0,0,Normal,Normal,0.9999622106552124,1
mqtt_preprocessed_v2.csv,3797,-1,-1,0,0,Normal,Normal,0.9999580383300781,1
mqtt_preprocessed_v2.csv,3798,-1,-1,0,0,Normal,Normal,0.9999501705169678,1
mqtt_preprocessed_v2.csv,3799,-1,-1,0,0,Normal,Normal,0.9999616146087646,1
mqtt_preprocessed_v2.csv,3800,-1,-1,0,0,Normal,Normal,0.9999045133590698,1
mqtt_preprocessed_v2.csv,3801,-1,-1,0,0,Normal,Normal,0.9999336004257202,1
mqtt_preprocessed_v2.csv,3802,-1,-1,0,0,Normal,Normal,0.9999455213546753,1
mqtt_preprocessed_v2.csv,3803,-1,-1,0,0,Normal,Normal,0.9999504089355469,1
mqtt_preprocessed_v2.csv,3804,-1,-1,0,0,Normal,Normal,0.9999343156814575,1
mqtt_preprocessed_v2.csv,3805,-1,-1,0,0,Normal,Normal,0.9999423027038574,1
mqtt_preprocessed_v2.csv,3806,-1,-1,0,0,Normal,Normal,0.9999593496322632,1
mqtt_preprocessed_v2.csv,3807,-1,-1,0,0,Normal,Normal,0.9999618530273438,1
mqtt_preprocessed_v2.csv,3808,-1,-1,0,0,Normal,Normal,0.9998898506164551,1
mqtt_preprocessed_v2.csv,3809,-1,-1,0,0,Normal,Normal,0.9999572038650513,1
mqtt_preprocessed_v2.csv,3810,-1,-1,0,0,Normal,Normal,0.9999524354934692,1
mqtt_preprocessed_v2.csv,3811,-1,-1,0,0,Normal,Normal,0.9999492168426514,1
mqtt_preprocessed_v2.csv,3812,-1,-1,0,0,Normal,Normal,0.9999457597732544,1
mqtt_preprocessed_v2.csv,3813,-1,-1,0,0,Normal,Normal,0.9999463558197021,1
mqtt_preprocessed_v2.csv,3814,-1,-1,0,0,Normal,Normal,0.9999591112136841,1
mqtt_preprocessed_v2.csv,3815,-1,-1,0,0,Normal,Normal,0.9999580383300781,1
mqtt_preprocessed_v2.csv,3816,-1,-1,0,0,Normal,Normal,0.9999517202377319,1
mqtt_preprocessed_v2.csv,3817,-1,-1,0,0,Normal,Normal,0.9999638795852661,1
mqtt_preprocessed_v2.csv,3818,-1,-1,0,0,Normal,Normal,0.9999387264251709,1
mqtt_preprocessed_v2.csv,3819,-1,-1,0,0,Normal,Normal,0.9999463558197021,1
mqtt_preprocessed_v2.csv,3820,-1,-1,0,0,Normal,Normal,0.9999574422836304,1
mqtt_preprocessed_v2.csv,3821,-1,-1,0,0,Normal,Normal,0.9998821020126343,1
mqtt_preprocessed_v2.csv,3822,-1,-1,0,0,Normal,Normal,0.9999576807022095,1
mqtt_preprocessed_v2.csv,3823,-1,-1,0,0,Normal,Normal,0.9999356269836426,1
mqtt_preprocessed_v2.csv,3824,-1,-1,0,0,Normal,Normal,0.9999468326568604,1
mqtt_preprocessed_v2.csv,3825,-1,-1,0,0,Normal,Normal,0.9999551773071289,1
mqtt_preprocessed_v2.csv,3826,-1,-1,0,0,Normal,Normal,0.9999550580978394,1
mqtt_preprocessed_v2.csv,3827,-1,-1,0,0,Normal,Normal,0.9999420642852783,1
mqtt_preprocessed_v2.csv,3828,-1,-1,0,0,Normal,Normal,0.9999600648880005,1
mqtt_preprocessed_v2.csv,3829,-1,-1,0,0,Normal,Normal,0.9999576807022095,1
mqtt_preprocessed_v2.csv,3830,-1,-1,0,0,Normal,Normal,0.9999477863311768,1
mqtt_preprocessed_v2.csv,3831,-1,-1,0,0,Normal,Normal,0.9999457597732544,1
mqtt_preprocessed_v2.csv,3832,-1,-1,0,0,Normal,Normal,0.9999518394470215,1
mqtt_preprocessed_v2.csv,3833,-1,-1,0,0,Normal,Normal,0.9999451637268066,1
mqtt_preprocessed_v2.csv,3834,-1,-1,0,0,Normal,Normal,0.9999613761901855,1
mqtt_preprocessed_v2.csv,3835,-1,-1,0,0,Normal,Normal,0.9999551773071289,1
mqtt_preprocessed_v2.csv,3836,-1,-1,0,0,Normal,Normal,0.9999459981918335,1
mqtt_preprocessed_v2.csv,3837,-1,-1,0,0,Normal,Normal,0.9999474287033081,1
mqtt_preprocessed_v2.csv,3838,-1,-1,0,0,Normal,Normal,0.9999504089355469,1
mqtt_preprocessed_v2.csv,3839,-1,-1,0,0,Normal,Normal,0.9999529123306274,1
mqtt_preprocessed_v2.csv,3840,-1,-1,0,0,Normal,Normal,0.9999544620513916,1
mqtt_preprocessed_v2.csv,3841,-1,-1,0,0,Normal,Normal,0.9999288320541382,1
mqtt_preprocessed_v2.csv,3842,-1,-1,0,0,Normal,Normal,0.9999297857284546,1
mqtt_preprocessed_v2.csv,3843,-1,-1,0,0,Normal,Normal,0.9999418258666992,1
mqtt_preprocessed_v2.csv,3844,-1,-1,0,0,Normal,Normal,0.9999599456787109,1
mqtt_preprocessed_v2.csv,3845,-1,-1,0,0,Normal,Normal,0.9999520778656006,1
mqtt_preprocessed_v2.csv,3846,-1,-1,0,0,Normal,Normal,0.9999539852142334,1
mqtt_preprocessed_v2.csv,3847,-1,-1,0,0,Normal,Normal,0.9999442100524902,1
mqtt_preprocessed_v2.csv,3848,-1,-1,0,0,Normal,Normal,0.99994957447052,1
mqtt_preprocessed_v2.csv,3849,-1,-1,0,0,Normal,Normal,0.999963641166687,1
mqtt_preprocessed_v2.csv,3850,-1,-1,0,0,Normal,Normal,0.9999293088912964,1
mqtt_preprocessed_v2.csv,3851,-1,-1,0,0,Normal,Normal,0.999948263168335,1
mqtt_preprocessed_v2.csv,3852,-1,-1,0,0,Normal,Normal,0.9999603033065796,1
mqtt_preprocessed_v2.csv,3853,-1,-1,0,0,Normal,Normal,0.9999539852142334,1
mqtt_preprocessed_v2.csv,3854,-1,-1,0,0,Normal,Normal,0.9999551773071289,1
mqtt_preprocessed_v2.csv,3855,-1,-1,0,0,Normal,Normal,0.9999579191207886,1
mqtt_preprocessed_v2.csv,3856,-1,-1,0,0,Normal,Normal,0.9999521970748901,1
mqtt_preprocessed_v2.csv,3857,-1,-1,0,0,Normal,Normal,0.9999423027038574,1
mqtt_preprocessed_v2.csv,3858,-1,-1,0,0,Normal,Normal,0.9999592304229736,1
mqtt_preprocessed_v2.csv,3859,-1,-1,0,0,Normal,Normal,0.9999401569366455,1
mqtt_preprocessed_v2.csv,3860,-1,-1,0,0,Normal,Normal,0.9999523162841797,1
mqtt_preprocessed_v2.csv,3861,-1,-1,0,0,Normal,Normal,0.9999568462371826,1
mqtt_preprocessed_v2.csv,3862,-1,-1,0,0,Normal,Normal,0.9999444484710693,1
mqtt_preprocessed_v2.csv,3863,-1,-1,0,0,Normal,Normal,0.9999463558197021,1
mqtt_preprocessed_v2.csv,3864,-1,-1,0,0,Normal,Normal,0.9999523162841797,1
mqtt_preprocessed_v2.csv,3865,-1,-1,0,0,Normal,Normal,0.9999585151672363,1
mqtt_preprocessed_v2.csv,3866,-1,-1,0,0,Normal,Normal,0.9999186992645264,1
mqtt_preprocessed_v2.csv,3867,-1,-1,0,0,Normal,Normal,0.9999626874923706,1
mqtt_preprocessed_v2.csv,3868,-1,-1,0,0,Normal,Normal,0.9997654557228088,1
mqtt_preprocessed_v2.csv,3869,-1,-1,0,0,Normal,Normal,0.9999617338180542,1
mqtt_preprocessed_v2.csv,3870,-1,-1,0,0,Normal,Normal,0.999945878982544,1
mqtt_preprocessed_v2.csv,3871,-1,-1,0,0,Normal,Normal,0.9999517202377319,1
mqtt_preprocessed_v2.csv,3872,-1,-1,0,0,Normal,Normal,0.9999376535415649,1
mqtt_preprocessed_v2.csv,3873,-1,-1,0,0,Normal,Normal,0.9999209642410278,1
mqtt_preprocessed_v2.csv,3874,-1,-1,0,0,Normal,Normal,0.999946117401123,1
mqtt_preprocessed_v2.csv,3875,-1,-1,0,0,Normal,Normal,0.9999339580535889,1
mqtt_preprocessed_v2.csv,3876,-1,-1,0,0,Normal,Normal,0.9999436140060425,1
mqtt_preprocessed_v2.csv,3877,-1,-1,0,0,Normal,Normal,0.9999592304229736,1
mqtt_preprocessed_v2.csv,3878,-1,-1,0,0,Normal,Normal,0.9999561309814453,1
mqtt_preprocessed_v2.csv,3879,-1,-1,0,0,Normal,Normal,0.9999465942382812,1
mqtt_preprocessed_v2.csv,3880,-1,-1,0,0,Normal,Normal,0.9999449253082275,1
mqtt_preprocessed_v2.csv,3881,-1,-1,0,0,Normal,Normal,0.9999504089355469,1
mqtt_preprocessed_v2.csv,3882,-1,-1,0,0,Normal,Normal,0.9998807907104492,1
mqtt_preprocessed_v2.csv,3883,-1,-1,0,0,Normal,Normal,0.9999480247497559,1
mqtt_preprocessed_v2.csv,3884,-1,-1,0,0,Normal,Normal,0.9999581575393677,1
mqtt_preprocessed_v2.csv,3885,-1,-1,0,0,Normal,Normal,0.9999583959579468,1
mqtt_preprocessed_v2.csv,3886,-1,-1,0,0,Normal,Normal,0.9999594688415527,1
mqtt_preprocessed_v2.csv,3887,-1,-1,0,0,Normal,Normal,0.9999202489852905,1
mqtt_preprocessed_v2.csv,3888,-1,-1,0,0,Normal,Normal,0.9999617338180542,1
mqtt_preprocessed_v2.csv,3889,-1,-1,0,0,Normal,Normal,0.9999531507492065,1
mqtt_preprocessed_v2.csv,3890,-1,-1,0,0,Normal,Normal,0.9999489784240723,1
mqtt_preprocessed_v2.csv,3891,-1,-1,0,0,Normal,Normal,0.9999587535858154,1
mqtt_preprocessed_v2.csv,3892,-1,-1,0,0,Normal,Normal,0.9999575614929199,1
mqtt_preprocessed_v2.csv,3893,-1,-1,0,0,Normal,Normal,0.9999511241912842,1
mqtt_preprocessed_v2.csv,3894,-1,-1,0,0,Normal,Normal,0.9999455213546753,1
mqtt_preprocessed_v2.csv,3895,-1,-1,0,0,Normal,Normal,0.9999358654022217,1
mqtt_preprocessed_v2.csv,3896,-1,-1,0,0,Normal,Normal,0.9999469518661499,1
mqtt_preprocessed_v2.csv,3897,-1,-1,0,0,Normal,Normal,0.9999493360519409,1
mqtt_preprocessed_v2.csv,3898,-1,-1,0,0,Normal,Normal,0.9999432563781738,1
mqtt_preprocessed_v2.csv,3899,-1,-1,0,0,Normal,Normal,0.9999406337738037,1
mqtt_preprocessed_v2.csv,3900,-1,-1,0,0,Normal,Normal,0.9999489784240723,1
mqtt_preprocessed_v2.csv,3901,-1,-1,0,0,Normal,Normal,0.9999462366104126,1
mqtt_preprocessed_v2.csv,3902,-1,-1,0,0,Normal,Normal,0.9999572038650513,1
mqtt_preprocessed_v2.csv,3903,-1,-1,0,0,Normal,Normal,0.9997642636299133,1
mqtt_preprocessed_v2.csv,3904,-1,-1,0,0,Normal,Normal,0.9999229907989502,1
mqtt_preprocessed_v2.csv,3905,-1,-1,0,0,Normal,Normal,0.9999582767486572,1
mqtt_preprocessed_v2.csv,3906,-1,-1,0,0,Normal,Normal,0.9999518394470215,1
mqtt_preprocessed_v2.csv,3907,-1,-1,0,0,Normal,Normal,0.9999309778213501,1
mqtt_preprocessed_v2.csv,3908,-1,-1,0,0,Normal,Normal,0.9999494552612305,1
mqtt_preprocessed_v2.csv,3909,-1,-1,0,0,Normal,Normal,0.999946117401123,1
mqtt_preprocessed_v2.csv,3910,-1,-1,0,0,Normal,Normal,0.9999454021453857,1
mqtt_preprocessed_v2.csv,3911,-1,-1,0,0,Normal,Normal,0.999957799911499,1
mqtt_preprocessed_v2.csv,3912,-1,-1,0,0,Normal,Normal,0.9999257326126099,1
mqtt_preprocessed_v2.csv,3913,-1,-1,0,0,Normal,Normal,0.9999227523803711,1
mqtt_preprocessed_v2.csv,3914,-1,-1,0,0,Normal,Normal,0.9999585151672363,1
mqtt_preprocessed_v2.csv,3915,-1,-1,0,0,Normal,Normal,0.9999561309814453,1
mqtt_preprocessed_v2.csv,3916,-1,-1,0,0,Normal,Normal,0.999954104423523,1
mqtt_preprocessed_v2.csv,3917,-1,-1,0,0,Normal,Normal,0.9999575614929199,1
mqtt_preprocessed_v2.csv,3918,-1,-1,0,0,Normal,Normal,0.9999442100524902,1
mqtt_preprocessed_v2.csv,3919,-1,-1,0,0,Normal,Normal,0.9999096393585205,1
mqtt_preprocessed_v2.csv,3920,-1,-1,0,0,Normal,Normal,0.9999532699584961,1
mqtt_preprocessed_v2.csv,3921,-1,-1,0,0,Normal,Normal,0.9999597072601318,1
mqtt_preprocessed_v2.csv,3922,-1,-1,0,0,Normal,Normal,0.9999638795852661,1
mqtt_preprocessed_v2.csv,3923,-1,-1,0,0,Normal,Normal,0.9999523162841797,1
mqtt_preprocessed_v2.csv,3924,-1,-1,0,0,Normal,Normal,0.9999603033065796,1
mqtt_preprocessed_v2.csv,3925,-1,-1,0,0,Normal,Normal,0.9999585151672363,1
mqtt_preprocessed_v2.csv,3926,-1,-1,0,0,Normal,Normal,0.999936580657959,1
mqtt_preprocessed_v2.csv,3927,-1,-1,0,0,Normal,Normal,0.9999563694000244,1
mqtt_preprocessed_v2.csv,3928,-1,-1,0,0,Normal,Normal,0.9999481439590454,1
mqtt_preprocessed_v2.csv,3929,-1,-1,0,0,Normal,Normal,0.9999094009399414,1
mqtt_preprocessed_v2.csv,3930,-1,-1,0,0,Normal,Normal,0.9999501705169678,1
mqtt_preprocessed_v2.csv,3931,-1,-1,0,0,Normal,Normal,0.9999393224716187,1
mqtt_preprocessed_v2.csv,3932,-1,-1,0,0,Normal,Normal,0.999866247177124,1
mqtt_preprocessed_v2.csv,3933,-1,-1,0,0,Normal,Normal,0.9999606609344482,1
mqtt_preprocessed_v2.csv,3934,-1,-1,0,0,Normal,Normal,0.9999518394470215,1
mqtt_preprocessed_v2.csv,3935,-1,-1,0,0,Normal,Normal,0.9999407529830933,1
mqtt_preprocessed_v2.csv,3936,-1,-1,0,0,Normal,Normal,0.9998582601547241,1
mqtt_preprocessed_v2.csv,3937,-1,-1,0,0,Normal,Normal,0.9999504089355469,1
mqtt_preprocessed_v2.csv,3938,-1,-1,0,0,Normal,Normal,0.9999504089355469,1
mqtt_preprocessed_v2.csv,3939,-1,-1,0,0,Normal,Normal,0.9999350309371948,1
mqtt_preprocessed_v2.csv,3940,-1,-1,0,0,Normal,Normal,0.9999586343765259,1
mqtt_preprocessed_v2.csv,3941,-1,-1,0,0,Normal,Normal,0.9999598264694214,1
mqtt_preprocessed_v2.csv,3942,-1,-1,0,0,Normal,Normal,0.9998230338096619,1
mqtt_preprocessed_v2.csv,3943,-1,-1,0,0,Normal,Normal,0.9999591112136841,1
mqtt_preprocessed_v2.csv,3944,-1,-1,0,0,Normal,Normal,0.999951958656311,1
mqtt_preprocessed_v2.csv,3945,-1,-1,0,0,Normal,Normal,0.9999169111251831,1
mqtt_preprocessed_v2.csv,3946,-1,-1,0,0,Normal,Normal,0.9999630451202393,1
mqtt_preprocessed_v2.csv,3947,-1,-1,0,0,Normal,Normal,0.9999449253082275,1
mqtt_preprocessed_v2.csv,3948,-1,-1,0,0,Normal,Normal,0.9999582767486572,1
mqtt_preprocessed_v2.csv,3949,-1,-1,0,0,Normal,Normal,0.9999526739120483,1
mqtt_preprocessed_v2.csv,3950,-1,-1,0,0,Normal,Normal,0.9999469518661499,1
mqtt_preprocessed_v2.csv,3951,-1,-1,0,0,Normal,Normal,0.9999356269836426,1
mqtt_preprocessed_v2.csv,3952,-1,-1,0,0,Normal,Normal,0.9999521970748901,1
mqtt_preprocessed_v2.csv,3953,-1,-1,0,0,Normal,Normal,0.9999536275863647,1
mqtt_preprocessed_v2.csv,3954,-1,-1,0,0,Normal,Normal,0.9999561309814453,1
mqtt_preprocessed_v2.csv,3955,-1,-1,0,0,Normal,Normal,0.9999390840530396,1
mqtt_preprocessed_v2.csv,3956,-1,-1,0,0,Normal,Normal,0.9999483823776245,1
mqtt_preprocessed_v2.csv,3957,-1,-1,0,0,Normal,Normal,0.9999488592147827,1
mqtt_preprocessed_v2.csv,3958,-1,-1,0,0,Normal,Normal,0.9999512434005737,1
mqtt_preprocessed_v2.csv,3959,-1,-1,0,0,Normal,Normal,0.9999594688415527,1
mqtt_preprocessed_v2.csv,3960,-1,-1,0,0,Normal,Normal,0.9998651742935181,1
mqtt_preprocessed_v2.csv,3961,-1,-1,0,0,Normal,Normal,0.9999563694000244,1
mqtt_preprocessed_v2.csv,3962,-1,-1,0,0,Normal,Normal,0.9999419450759888,1
mqtt_preprocessed_v2.csv,3963,-1,-1,0,0,Normal,Normal,0.9987033605575562,1
mqtt_preprocessed_v2.csv,3964,-1,-1,0,0,Normal,Normal,0.999940037727356,1
mqtt_preprocessed_v2.csv,3965,-1,-1,0,0,Normal,Normal,0.999945878982544,1
mqtt_preprocessed_v2.csv,3966,-1,-1,0,0,Normal,Normal,0.9999487400054932,1
mqtt_preprocessed_v2.csv,3967,-1,-1,0,0,Normal,Normal,0.9999538660049438,1
mqtt_preprocessed_v2.csv,3968,-1,-1,0,0,Normal,Normal,0.999946117401123,1
mqtt_preprocessed_v2.csv,3969,-1,-1,0,0,Normal,Normal,0.999954342842102,1
mqtt_preprocessed_v2.csv,3970,-1,-1,0,0,Normal,Normal,0.9999374151229858,1
mqtt_preprocessed_v2.csv,3971,-1,-1,0,0,Normal,Normal,0.999950647354126,1
mqtt_preprocessed_v2.csv,3972,-1,-1,0,0,Normal,Normal,0.9999480247497559,1
mqtt_preprocessed_v2.csv,3973,-1,-1,0,0,Normal,Normal,0.9999568462371826,1
mqtt_preprocessed_v2.csv,3974,-1,-1,0,0,Normal,Normal,0.9999587535858154,1
mqtt_preprocessed_v2.csv,3975,-1,-1,0,0,Normal,Normal,0.9995187520980835,1
mqtt_preprocessed_v2.csv,3976,-1,-1,0,0,Normal,Normal,0.9999474287033081,1
mqtt_preprocessed_v2.csv,3977,-1,-1,0,0,Normal,Normal,0.9999231100082397,1
mqtt_preprocessed_v2.csv,3978,-1,-1,0,0,Normal,Normal,0.9999467134475708,1
mqtt_preprocessed_v2.csv,3979,-1,-1,0,0,Normal,Normal,0.9997896552085876,1
mqtt_preprocessed_v2.csv,3980,-1,-1,0,0,Normal,Normal,0.9999268054962158,1
mqtt_preprocessed_v2.csv,3981,-1,-1,0,0,Normal,Normal,0.9999598264694214,1
mqtt_preprocessed_v2.csv,3982,-1,-1,0,0,Normal,Normal,0.9999446868896484,1
mqtt_preprocessed_v2.csv,3983,-1,-1,0,0,Normal,Normal,0.999956488609314,1
mqtt_preprocessed_v2.csv,3984,-1,-1,0,0,Normal,Normal,0.9999455213546753,1
mqtt_preprocessed_v2.csv,3985,-1,-1,0,0,Normal,Normal,0.9999469518661499,1
mqtt_preprocessed_v2.csv,3986,-1,-1,0,0,Normal,Normal,0.9999501705169678,1
mqtt_preprocessed_v2.csv,3987,-1,-1,0,0,Normal,Normal,0.9999339580535889,1
mqtt_preprocessed_v2.csv,3988,-1,-1,0,0,Normal,Normal,0.999945878982544,1
mqtt_preprocessed_v2.csv,3989,-1,-1,0,0,Normal,Normal,0.999954104423523,1
mqtt_preprocessed_v2.csv,3990,-1,-1,0,0,Normal,Normal,0.9999381303787231,1
mqtt_preprocessed_v2.csv,3991,-1,-1,0,0,Normal,Normal,0.9999539852142334,1
mqtt_preprocessed_v2.csv,3992,-1,-1,0,0,Normal,Normal,0.9999382495880127,1
mqtt_preprocessed_v2.csv,3993,-1,-1,0,0,Normal,Normal,0.9999598264694214,1
mqtt_preprocessed_v2.csv,3994,-1,-1,0,0,Normal,Normal,0.9998779296875,1
mqtt_preprocessed_v2.csv,3995,-1,-1,0,0,Normal,Normal,0.9999516010284424,1
mqtt_preprocessed_v2.csv,3996,-1,-1,0,0,Normal,Normal,0.9999197721481323,1
mqtt_preprocessed_v2.csv,3997,-1,-1,0,0,Normal,Normal,0.999957799911499,1
mqtt_preprocessed_v2.csv,3998,-1,-1,0,0,Normal,Normal,0.9999563694000244,1
mqtt_preprocessed_v2.csv,3999,-1,-1,0,0,Normal,Normal,0.9999492168426514,1
mqtt_preprocessed_v2.csv,4000,-1,-1,0,0,Normal,Normal,0.9999523162841797,1
mqtt_preprocessed_v2.csv,4001,-1,-1,0,0,Normal,Normal,0.9999606609344482,1
mqtt_preprocessed_v2.csv,4002,-1,-1,0,0,Normal,Normal,0.9999468326568604,1
mqtt_preprocessed_v2.csv,4003,-1,-1,0,0,Normal,Normal,0.9999573230743408,1
mqtt_preprocessed_v2.csv,4004,-1,-1,0,0,Normal,Normal,0.9999619722366333,1
mqtt_preprocessed_v2.csv,4005,-1,-1,0,0,Normal,Normal,0.9999585151672363,1
mqtt_preprocessed_v2.csv,4006,-1,-1,0,0,Normal,Normal,0.9999326467514038,1
mqtt_preprocessed_v2.csv,4007,-1,-1,0,0,Normal,Normal,0.9999498128890991,1
mqtt_preprocessed_v2.csv,4008,-1,-1,0,0,Normal,Normal,0.9999358654022217,1
mqtt_preprocessed_v2.csv,4009,-1,-1,0,0,Normal,Normal,0.9999566078186035,1
mqtt_preprocessed_v2.csv,4010,-1,-1,0,0,Normal,Normal,0.9999536275863647,1
mqtt_preprocessed_v2.csv,4011,-1,-1,0,0,Normal,Normal,0.9999473094940186,1
mqtt_preprocessed_v2.csv,4012,-1,-1,0,0,Normal,Normal,0.9999558925628662,1
mqtt_preprocessed_v2.csv,4013,-1,-1,0,0,Normal,Normal,0.9999217987060547,1
mqtt_preprocessed_v2.csv,4014,-1,-1,0,0,Normal,Normal,0.9999430179595947,1
mqtt_preprocessed_v2.csv,4015,-1,-1,0,0,Normal,Normal,0.9999555349349976,1
mqtt_preprocessed_v2.csv,4016,-1,-1,0,0,Normal,Normal,0.9999467134475708,1
mqtt_preprocessed_v2.csv,4017,-1,-1,0,0,Normal,Normal,0.9999358654022217,1
mqtt_preprocessed_v2.csv,4018,-1,-1,0,0,Normal,Normal,0.9999475479125977,1
mqtt_preprocessed_v2.csv,4019,-1,-1,0,0,Normal,Normal,0.9998780488967896,1
mqtt_preprocessed_v2.csv,4020,-1,-1,0,0,Normal,Normal,0.9998365640640259,1
mqtt_preprocessed_v2.csv,4021,-1,-1,0,0,Normal,Normal,0.9999599456787109,1
mqtt_preprocessed_v2.csv,4022,-1,-1,0,0,Normal,Normal,0.9999455213546753,1
mqtt_preprocessed_v2.csv,4023,-1,-1,0,0,Normal,Normal,0.9999377727508545,1
mqtt_preprocessed_v2.csv,4024,-1,-1,0,0,Normal,Normal,0.9999427795410156,1
mqtt_preprocessed_v2.csv,4025,-1,-1,0,0,Normal,Normal,0.9999496936798096,1
mqtt_preprocessed_v2.csv,4026,-1,-1,0,0,Normal,Normal,0.9999589920043945,1
mqtt_preprocessed_v2.csv,4027,-1,-1,0,0,Normal,Normal,0.999947190284729,1
mqtt_preprocessed_v2.csv,4028,-1,-1,0,0,Normal,Normal,0.9999580383300781,1
mqtt_preprocessed_v2.csv,4029,-1,-1,0,0,Normal,Normal,0.9999487400054932,1
mqtt_preprocessed_v2.csv,4030,-1,-1,0,0,Normal,Normal,0.9999496936798096,1
mqtt_preprocessed_v2.csv,4031,-1,-1,0,0,Normal,Normal,0.9999390840530396,1
mqtt_preprocessed_v2.csv,4032,-1,-1,0,0,Normal,Normal,0.9999592304229736,1
mqtt_preprocessed_v2.csv,4033,-1,-1,0,0,Normal,Normal,0.9999513626098633,1
mqtt_preprocessed_v2.csv,4034,-1,-1,0,0,Normal,Normal,0.9999604225158691,1
mqtt_preprocessed_v2.csv,4035,-1,-1,0,0,Normal,Normal,0.9999450445175171,1
mqtt_preprocessed_v2.csv,4036,-1,-1,0,0,Normal,Normal,0.999954104423523,1
mqtt_preprocessed_v2.csv,4037,-1,-1,0,0,Normal,Normal,0.999945878982544,1
mqtt_preprocessed_v2.csv,4038,-1,-1,0,0,Normal,Normal,0.9999490976333618,1
mqtt_preprocessed_v2.csv,4039,-1,-1,0,0,Normal,Normal,0.9999593496322632,1
mqtt_preprocessed_v2.csv,4040,-1,-1,0,0,Normal,Normal,0.9999396800994873,1
mqtt_preprocessed_v2.csv,4041,-1,-1,0,0,Normal,Normal,0.999948263168335,1
mqtt_preprocessed_v2.csv,4042,-1,-1,0,0,Normal,Normal,0.9999501705169678,1
mqtt_preprocessed_v2.csv,4043,-1,-1,0,0,Normal,Normal,0.9999526739120483,1
mqtt_preprocessed_v2.csv,4044,-1,-1,0,0,Normal,Normal,0.9999390840530396,1
mqtt_preprocessed_v2.csv,4045,-1,-1,0,0,Normal,Normal,0.9999570846557617,1
mqtt_preprocessed_v2.csv,4046,-1,-1,0,0,Normal,Normal,0.9997690320014954,1
mqtt_preprocessed_v2.csv,4047,-1,-1,0,0,Normal,Normal,0.9999477863311768,1
mqtt_preprocessed_v2.csv,4048,-1,-1,0,0,Normal,Normal,0.9999370574951172,1
mqtt_preprocessed_v2.csv,4049,-1,-1,0,0,Normal,Normal,0.999872088432312,1
mqtt_preprocessed_v2.csv,4050,-1,-1,0,0,Normal,Normal,0.9999579191207886,1
mqtt_preprocessed_v2.csv,4051,-1,-1,0,0,Normal,Normal,0.9999428987503052,1
mqtt_preprocessed_v2.csv,4052,-1,-1,0,0,Normal,Normal,0.9999512434005737,1
mqtt_preprocessed_v2.csv,4053,-1,-1,0,0,Normal,Normal,0.9999611377716064,1
mqtt_preprocessed_v2.csv,4054,-1,-1,0,0,Normal,Normal,0.9999457597732544,1
mqtt_preprocessed_v2.csv,4055,-1,-1,0,0,Normal,Normal,0.9999496936798096,1
mqtt_preprocessed_v2.csv,4056,-1,-1,0,0,Normal,Normal,0.9997372031211853,1
mqtt_preprocessed_v2.csv,4057,-1,-1,0,0,Normal,Normal,0.9999468326568604,1
mqtt_preprocessed_v2.csv,4058,-1,-1,0,0,Normal,Normal,0.9999451637268066,1
mqtt_preprocessed_v2.csv,4059,-1,-1,0,0,Normal,Normal,0.9999463558197021,1
mqtt_preprocessed_v2.csv,4060,-1,-1,0,0,Normal,Normal,0.9999473094940186,1
mqtt_preprocessed_v2.csv,4061,-1,-1,0,0,Normal,Normal,0.999956488609314,1
mqtt_preprocessed_v2.csv,4062,-1,-1,0,0,Normal,Normal,0.9999459981918335,1
mqtt_preprocessed_v2.csv,4063,-1,-1,0,0,Normal,Normal,0.9999510049819946,1
mqtt_preprocessed_v2.csv,4064,-1,-1,0,0,Normal,Normal,0.9999434947967529,1
mqtt_preprocessed_v2.csv,4065,-1,-1,0,0,Normal,Normal,0.9999037981033325,1
mqtt_preprocessed_v2.csv,4066,-1,-1,0,0,Normal,Normal,0.9999606609344482,1
mqtt_preprocessed_v2.csv,4067,-1,-1,0,0,Normal,Normal,0.9999456405639648,1
mqtt_preprocessed_v2.csv,4068,-1,-1,0,0,Normal,Normal,0.9999556541442871,1
mqtt_preprocessed_v2.csv,4069,-1,-1,0,0,Normal,Normal,0.9999364614486694,1
mqtt_preprocessed_v2.csv,4070,-1,-1,0,0,Normal,Normal,0.9998552799224854,1
mqtt_preprocessed_v2.csv,4071,-1,-1,0,0,Normal,Normal,0.99994957447052,1
mqtt_preprocessed_v2.csv,4072,-1,-1,0,0,Normal,Normal,0.9999608993530273,1
mqtt_preprocessed_v2.csv,4073,-1,-1,0,0,Normal,Normal,0.9999430179595947,1
mqtt_preprocessed_v2.csv,4074,-1,-1,0,0,Normal,Normal,0.9999574422836304,1
mqtt_preprocessed_v2.csv,4075,-1,-1,0,0,Normal,Normal,0.9999525547027588,1
mqtt_preprocessed_v2.csv,4076,-1,-1,0,0,Normal,Normal,0.9999548196792603,1
mqtt_preprocessed_v2.csv,4077,-1,-1,0,0,Normal,Normal,0.9999547004699707,1
mqtt_preprocessed_v2.csv,4078,-1,-1,0,0,Normal,Normal,0.9999591112136841,1
mqtt_preprocessed_v2.csv,4079,-1,-1,0,0,Normal,Normal,0.9999591112136841,1
mqtt_preprocessed_v2.csv,4080,-1,-1,0,0,Normal,Normal,0.9999245405197144,1
mqtt_preprocessed_v2.csv,4081,-1,-1,0,0,Normal,Normal,0.9998291730880737,1
mqtt_preprocessed_v2.csv,4082,-1,-1,0,0,Normal,Normal,0.9997391104698181,1
mqtt_preprocessed_v2.csv,4083,-1,-1,0,0,Normal,Normal,0.9998583793640137,1
mqtt_preprocessed_v2.csv,4084,-1,-1,0,0,Normal,Normal,0.9999475479125977,1
mqtt_preprocessed_v2.csv,4085,-1,-1,0,0,Normal,Normal,0.9999552965164185,1
mqtt_preprocessed_v2.csv,4086,-1,-1,0,0,Normal,Normal,0.9999505281448364,1
mqtt_preprocessed_v2.csv,4087,-1,-1,0,0,Normal,Normal,0.9999372959136963,1
mqtt_preprocessed_v2.csv,4088,-1,-1,0,0,Normal,Normal,0.9999493360519409,1
mqtt_preprocessed_v2.csv,4089,-1,-1,0,0,Normal,Normal,0.9999605417251587,1
mqtt_preprocessed_v2.csv,4090,-1,-1,0,0,Normal,Normal,0.9998975992202759,1
mqtt_preprocessed_v2.csv,4091,-1,-1,0,0,Normal,Normal,0.9999525547027588,1
mqtt_preprocessed_v2.csv,4092,-1,-1,0,0,Normal,Normal,0.9999581575393677,1
mqtt_preprocessed_v2.csv,4093,-1,-1,0,0,Normal,Normal,0.9999598264694214,1
mqtt_preprocessed_v2.csv,4094,-1,-1,0,0,Normal,Normal,0.9999594688415527,1
mqtt_preprocessed_v2.csv,4095,-1,-1,0,0,Normal,Normal,0.9999498128890991,1
mqtt_preprocessed_v2.csv,4096,-1,-1,0,0,Normal,Normal,0.9999479055404663,1
mqtt_preprocessed_v2.csv,4097,-1,-1,0,0,Normal,Normal,0.9999300241470337,1
mqtt_preprocessed_v2.csv,4098,-1,-1,0,0,Normal,Normal,0.9999526739120483,1
mqtt_preprocessed_v2.csv,4099,-1,-1,0,0,Normal,Normal,0.9998687505722046,1
mqtt_preprocessed_v2.csv,4100,-1,-1,0,0,Normal,Normal,0.9999510049819946,1
mqtt_preprocessed_v2.csv,4101,-1,-1,0,0,Normal,Normal,0.9999369382858276,1
mqtt_preprocessed_v2.csv,4102,-1,-1,0,0,Normal,Normal,0.9999490976333618,1
mqtt_preprocessed_v2.csv,4103,-1,-1,0,0,Normal,Normal,0.9999384880065918,1
mqtt_preprocessed_v2.csv,4104,-1,-1,0,0,Normal,Normal,0.9999470710754395,1
mqtt_preprocessed_v2.csv,4105,-1,-1,0,0,Normal,Normal,0.9999442100524902,1
mqtt_preprocessed_v2.csv,4106,-1,-1,0,0,Normal,Normal,0.99996018409729,1
mqtt_preprocessed_v2.csv,4107,-1,-1,0,0,Normal,Normal,0.9999443292617798,1
mqtt_preprocessed_v2.csv,4108,-1,-1,0,0,Normal,Normal,0.9999474287033081,1
mqtt_preprocessed_v2.csv,4109,-1,-1,0,0,Normal,Normal,0.999950647354126,1
mqtt_preprocessed_v2.csv,4110,-1,-1,0,0,Normal,Normal,0.999950647354126,1
mqtt_preprocessed_v2.csv,4111,-1,-1,0,0,Normal,Normal,0.9999523162841797,1
mqtt_preprocessed_v2.csv,4112,-1,-1,0,0,Normal,Normal,0.9999141693115234,1
mqtt_preprocessed_v2.csv,4113,-1,-1,0,0,Normal,Normal,0.9999532699584961,1
mqtt_preprocessed_v2.csv,4114,-1,-1,0,0,Normal,Normal,0.9999450445175171,1
mqtt_preprocessed_v2.csv,4115,-1,-1,0,0,Normal,Normal,0.9999297857284546,1
mqtt_preprocessed_v2.csv,4116,-1,-1,0,0,Normal,Normal,0.9999368190765381,1
mqtt_preprocessed_v2.csv,4117,-1,-1,0,0,Normal,Normal,0.9999555349349976,1
mqtt_preprocessed_v2.csv,4118,-1,-1,0,0,Normal,Normal,0.9999459981918335,1
mqtt_preprocessed_v2.csv,4119,-1,-1,0,0,Normal,Normal,0.9999245405197144,1
mqtt_preprocessed_v2.csv,4120,-1,-1,0,0,Normal,Normal,0.9999245405197144,1
mqtt_preprocessed_v2.csv,4121,-1,-1,0,0,Normal,Normal,0.9999638795852661,1
mqtt_preprocessed_v2.csv,4122,-1,-1,0,0,Normal,Normal,0.999950647354126,1
mqtt_preprocessed_v2.csv,4123,-1,-1,0,0,Normal,Normal,0.999953031539917,1
mqtt_preprocessed_v2.csv,4124,-1,-1,0,0,Normal,Normal,0.9999544620513916,1
mqtt_preprocessed_v2.csv,4125,-1,-1,0,0,Normal,Normal,0.999953031539917,1
mqtt_preprocessed_v2.csv,4126,-1,-1,0,0,Normal,Normal,0.9999514818191528,1
mqtt_preprocessed_v2.csv,4127,-1,-1,0,0,Normal,Normal,0.9999207258224487,1
mqtt_preprocessed_v2.csv,4128,-1,-1,0,0,Normal,Normal,0.9999488592147827,1
mqtt_preprocessed_v2.csv,4129,-1,-1,0,0,Normal,Normal,0.9999547004699707,1
mqtt_preprocessed_v2.csv,4130,-1,-1,0,0,Normal,Normal,0.9999345541000366,1
mqtt_preprocessed_v2.csv,4131,-1,-1,0,0,Normal,Normal,0.9999135732650757,1
mqtt_preprocessed_v2.csv,4132,-1,-1,0,0,Normal,Normal,0.9999470710754395,1
mqtt_preprocessed_v2.csv,4133,-1,-1,0,0,Normal,Normal,0.9997679591178894,1
mqtt_preprocessed_v2.csv,4134,-1,-1,0,0,Normal,Normal,0.9999501705169678,1
mqtt_preprocessed_v2.csv,4135,-1,-1,0,0,Normal,Normal,0.9999507665634155,1
mqtt_preprocessed_v2.csv,4136,-1,-1,0,0,Normal,Normal,0.9999527931213379,1
mqtt_preprocessed_v2.csv,4137,-1,-1,0,0,Normal,Normal,0.9999375343322754,1
mqtt_preprocessed_v2.csv,4138,-1,-1,0,0,Normal,Normal,0.9999550580978394,1
mqtt_preprocessed_v2.csv,4139,-1,-1,0,0,Normal,Normal,0.9999589920043945,1
mqtt_preprocessed_v2.csv,4140,-1,-1,0,0,Normal,Normal,0.9999568462371826,1
mqtt_preprocessed_v2.csv,4141,-1,-1,0,0,Normal,Normal,0.9999558925628662,1
mqtt_preprocessed_v2.csv,4142,-1,-1,0,0,Normal,Normal,0.999947190284729,1
mqtt_preprocessed_v2.csv,4143,-1,-1,0,0,Normal,Normal,0.9999467134475708,1
mqtt_preprocessed_v2.csv,4144,-1,-1,0,0,Normal,Normal,0.9999638795852661,1
mqtt_preprocessed_v2.csv,4145,-1,-1,0,0,Normal,Normal,0.9999494552612305,1
mqtt_preprocessed_v2.csv,4146,-1,-1,0,0,Normal,Normal,0.9998570680618286,1
mqtt_preprocessed_v2.csv,4147,-1,-1,0,0,Normal,Normal,0.9999299049377441,1
mqtt_preprocessed_v2.csv,4148,-1,-1,0,0,Normal,Normal,0.9999545812606812,1
mqtt_preprocessed_v2.csv,4149,-1,-1,0,0,Normal,Normal,0.9999569654464722,1
mqtt_preprocessed_v2.csv,4150,-1,-1,0,0,Normal,Normal,0.9999536275863647,1
mqtt_preprocessed_v2.csv,4151,-1,-1,0,0,Normal,Normal,0.9999347925186157,1
mqtt_preprocessed_v2.csv,4152,-1,-1,0,0,Normal,Normal,0.9998735189437866,1
mqtt_preprocessed_v2.csv,4153,-1,-1,0,0,Normal,Normal,0.9999598264694214,1
mqtt_preprocessed_v2.csv,4154,-1,-1,0,0,Normal,Normal,0.9999496936798096,1
mqtt_preprocessed_v2.csv,4155,-1,-1,0,0,Normal,Normal,0.9999550580978394,1
mqtt_preprocessed_v2.csv,4156,-1,-1,0,0,Normal,Normal,0.999906063079834,1
mqtt_preprocessed_v2.csv,4157,-1,-1,0,0,Normal,Normal,0.9999539852142334,1
mqtt_preprocessed_v2.csv,4158,-1,-1,0,0,Normal,Normal,0.9999516010284424,1
mqtt_preprocessed_v2.csv,4159,-1,-1,0,0,Normal,Normal,0.9999555349349976,1
mqtt_preprocessed_v2.csv,4160,-1,-1,0,0,Normal,Normal,0.9999604225158691,1
mqtt_preprocessed_v2.csv,4161,-1,-1,0,0,Normal,Normal,0.999956488609314,1
mqtt_preprocessed_v2.csv,4162,-1,-1,0,0,Normal,Normal,0.9999065399169922,1
mqtt_preprocessed_v2.csv,4163,-1,-1,0,0,Normal,Normal,0.9999569654464722,1
mqtt_preprocessed_v2.csv,4164,-1,-1,0,0,Normal,Normal,0.9999502897262573,1
mqtt_preprocessed_v2.csv,4165,-1,-1,0,0,Normal,Normal,0.9999356269836426,1
mqtt_preprocessed_v2.csv,4166,-1,-1,0,0,Normal,Normal,0.9999468326568604,1
mqtt_preprocessed_v2.csv,4167,-1,-1,0,0,Normal,Normal,0.9999492168426514,1
mqtt_preprocessed_v2.csv,4168,-1,-1,0,0,Normal,Normal,0.9999547004699707,1
mqtt_preprocessed_v2.csv,4169,-1,-1,0,0,Normal,Normal,0.9999587535858154,1
mqtt_preprocessed_v2.csv,4170,-1,-1,0,0,Normal,Normal,0.9999538660049438,1
mqtt_preprocessed_v2.csv,4171,-1,-1,0,0,Normal,Normal,0.9999030828475952,1
mqtt_preprocessed_v2.csv,4172,-1,-1,0,0,Normal,Normal,0.9999579191207886,1
mqtt_preprocessed_v2.csv,4173,-1,-1,0,0,Normal,Normal,0.9999594688415527,1
mqtt_preprocessed_v2.csv,4174,-1,-1,0,0,Normal,Normal,0.9999397993087769,1
mqtt_preprocessed_v2.csv,4175,-1,-1,0,0,Normal,Normal,0.9999403953552246,1
mqtt_preprocessed_v2.csv,4176,-1,-1,0,0,Normal,Normal,0.9990003705024719,1
mqtt_preprocessed_v2.csv,4177,-1,-1,0,0,Normal,Normal,0.9999619722366333,1
mqtt_preprocessed_v2.csv,4178,-1,-1,0,0,Normal,Normal,0.9999454021453857,1
mqtt_preprocessed_v2.csv,4179,-1,-1,0,0,Normal,Normal,0.9999462366104126,1
mqtt_preprocessed_v2.csv,4180,-1,-1,0,0,Normal,Normal,0.9999415874481201,1
mqtt_preprocessed_v2.csv,4181,-1,-1,0,0,Normal,Normal,0.9999598264694214,1
mqtt_preprocessed_v2.csv,4182,-1,-1,0,0,Normal,Normal,0.9999198913574219,1
mqtt_preprocessed_v2.csv,4183,-1,-1,0,0,Normal,Normal,0.999951958656311,1
mqtt_preprocessed_v2.csv,4184,-1,-1,0,0,Normal,Normal,0.9999186992645264,1
mqtt_preprocessed_v2.csv,4185,-1,-1,0,0,Normal,Normal,0.9999505281448364,1
mqtt_preprocessed_v2.csv,4186,-1,-1,0,0,Normal,Normal,0.9999579191207886,1
mqtt_preprocessed_v2.csv,4187,-1,-1,0,0,Normal,Normal,0.999943733215332,1
mqtt_preprocessed_v2.csv,4188,-1,-1,0,0,Normal,Normal,0.9999462366104126,1
mqtt_preprocessed_v2.csv,4189,-1,-1,0,0,Normal,Normal,0.9999560117721558,1
mqtt_preprocessed_v2.csv,4190,-1,-1,0,0,Normal,Normal,0.9999593496322632,1
mqtt_preprocessed_v2.csv,4191,-1,-1,0,0,Normal,Normal,0.9999266862869263,1
mqtt_preprocessed_v2.csv,4192,-1,-1,0,0,Normal,Normal,0.9999556541442871,1
mqtt_preprocessed_v2.csv,4193,-1,-1,0,0,Normal,Normal,0.9999603033065796,1
mqtt_preprocessed_v2.csv,4194,-1,-1,0,0,Normal,Normal,0.9999514818191528,1
mqtt_preprocessed_v2.csv,4195,-1,-1,0,0,Normal,Normal,0.9999368190765381,1
mqtt_preprocessed_v2.csv,4196,-1,-1,0,0,Normal,Normal,0.9999449253082275,1
mqtt_preprocessed_v2.csv,4197,-1,-1,0,0,Normal,Normal,0.9999524354934692,1
mqtt_preprocessed_v2.csv,4198,-1,-1,0,0,Normal,Normal,0.9993302822113037,1
mqtt_preprocessed_v2.csv,4199,-1,-1,0,0,Normal,Normal,0.9999467134475708,1
mqtt_preprocessed_v2.csv,4200,-1,-1,0,0,Normal,Normal,0.9998726844787598,1
mqtt_preprocessed_v2.csv,4201,-1,-1,0,0,Normal,Normal,0.9999397993087769,1
mqtt_preprocessed_v2.csv,4202,-1,-1,0,0,Normal,Normal,0.9999624490737915,1
mqtt_preprocessed_v2.csv,4203,-1,-1,0,0,Normal,Normal,0.9999562501907349,1
mqtt_preprocessed_v2.csv,4204,-1,-1,0,0,Normal,Normal,0.9999524354934692,1
mqtt_preprocessed_v2.csv,4205,-1,-1,0,0,Normal,Normal,0.9999145269393921,1
mqtt_preprocessed_v2.csv,4206,-1,-1,0,0,Normal,Normal,0.9999598264694214,1
mqtt_preprocessed_v2.csv,4207,-1,-1,0,0,Normal,Normal,0.9999499320983887,1
mqtt_preprocessed_v2.csv,4208,-1,-1,0,0,Normal,Normal,0.999951958656311,1
mqtt_preprocessed_v2.csv,4209,-1,-1,0,0,Normal,Normal,0.999946117401123,1
mqtt_preprocessed_v2.csv,4210,-1,-1,0,0,Normal,Normal,0.9999585151672363,1
mqtt_preprocessed_v2.csv,4211,-1,-1,0,0,Normal,Normal,0.9999550580978394,1
mqtt_preprocessed_v2.csv,4212,-1,-1,0,0,Normal,Normal,0.999842643737793,1
mqtt_preprocessed_v2.csv,4213,-1,-1,0,0,Normal,Normal,0.9999436140060425,1
mqtt_preprocessed_v2.csv,4214,-1,-1,0,0,Normal,Normal,0.9999552965164185,1
mqtt_preprocessed_v2.csv,4215,-1,-1,0,0,Normal,Normal,0.9999278783798218,1
mqtt_preprocessed_v2.csv,4216,-1,-1,0,0,Normal,Normal,0.9999349117279053,1
mqtt_preprocessed_v2.csv,4217,-1,-1,0,0,Normal,Normal,0.9999396800994873,1
mqtt_preprocessed_v2.csv,4218,-1,-1,0,0,Normal,Normal,0.9999524354934692,1
mqtt_preprocessed_v2.csv,4219,-1,-1,0,0,Normal,Normal,0.9999502897262573,1
mqtt_preprocessed_v2.csv,4220,-1,-1,0,0,Normal,Normal,0.9999558925628662,1
mqtt_preprocessed_v2.csv,4221,-1,-1,0,0,Normal,Normal,0.9999490976333618,1
mqtt_preprocessed_v2.csv,4222,-1,-1,0,0,Normal,Normal,0.9999525547027588,1
mqtt_preprocessed_v2.csv,4223,-1,-1,0,0,Normal,Normal,0.9999263286590576,1
mqtt_preprocessed_v2.csv,4224,-1,-1,0,0,Normal,Normal,0.9999555349349976,1
mqtt_preprocessed_v2.csv,4225,-1,-1,0,0,Normal,Normal,0.9999330043792725,1
mqtt_preprocessed_v2.csv,4226,-1,-1,0,0,Normal,Normal,0.9999595880508423,1
mqtt_preprocessed_v2.csv,4227,-1,-1,0,0,Normal,Normal,0.9999597072601318,1
mqtt_preprocessed_v2.csv,4228,-1,-1,0,0,Normal,Normal,0.999954104423523,1
mqtt_preprocessed_v2.csv,4229,-1,-1,0,0,Normal,Normal,0.9999014139175415,1
mqtt_preprocessed_v2.csv,4230,-1,-1,0,0,Normal,Normal,0.9999463558197021,1
mqtt_preprocessed_v2.csv,4231,-1,-1,0,0,Normal,Normal,0.9998602867126465,1
mqtt_preprocessed_v2.csv,4232,-1,-1,0,0,Normal,Normal,0.9999462366104126,1
mqtt_preprocessed_v2.csv,4233,-1,-1,0,0,Normal,Normal,0.9999455213546753,1
mqtt_preprocessed_v2.csv,4234,-1,-1,0,0,Normal,Normal,0.9999321699142456,1
mqtt_preprocessed_v2.csv,4235,-1,-1,0,0,Normal,Normal,0.9999560117721558,1
mqtt_preprocessed_v2.csv,4236,-1,-1,0,0,Normal,Normal,0.9999427795410156,1
mqtt_preprocessed_v2.csv,4237,-1,-1,0,0,Normal,Normal,0.9999145269393921,1
mqtt_preprocessed_v2.csv,4238,-1,-1,0,0,Normal,Normal,0.9999535083770752,1
mqtt_preprocessed_v2.csv,4239,-1,-1,0,0,Normal,Normal,0.9999494552612305,1
mqtt_preprocessed_v2.csv,4240,-1,-1,0,0,Normal,Normal,0.9999510049819946,1
mqtt_preprocessed_v2.csv,4241,-1,-1,0,0,Normal,Normal,0.9999455213546753,1
mqtt_preprocessed_v2.csv,4242,-1,-1,0,0,Normal,Normal,0.9999560117721558,1
mqtt_preprocessed_v2.csv,4243,-1,-1,0,0,Normal,Normal,0.9999514818191528,1
mqtt_preprocessed_v2.csv,4244,-1,-1,0,0,Normal,Normal,0.9998682737350464,1
mqtt_preprocessed_v2.csv,4245,-1,-1,0,0,Normal,Normal,0.9999619722366333,1
mqtt_preprocessed_v2.csv,4246,-1,-1,0,0,Normal,Normal,0.9999262094497681,1
mqtt_preprocessed_v2.csv,4247,-1,-1,0,0,Normal,Normal,0.9999303817749023,1
mqtt_preprocessed_v2.csv,4248,-1,-1,0,0,Normal,Normal,0.9999510049819946,1
mqtt_preprocessed_v2.csv,4249,-1,-1,0,0,Normal,Normal,0.999955415725708,1
mqtt_preprocessed_v2.csv,4250,-1,-1,0,0,Normal,Normal,0.9999345541000366,1
mqtt_preprocessed_v2.csv,4251,-1,-1,0,0,Normal,Normal,0.9997460246086121,1
mqtt_preprocessed_v2.csv,4252,-1,-1,0,0,Normal,Normal,0.9999501705169678,1
mqtt_preprocessed_v2.csv,4253,-1,-1,0,0,Normal,Normal,0.9999598264694214,1
mqtt_preprocessed_v2.csv,4254,-1,-1,0,0,Normal,Normal,0.999958872795105,1
mqtt_preprocessed_v2.csv,4255,-1,-1,0,0,Normal,Normal,0.9999303817749023,1
mqtt_preprocessed_v2.csv,4256,-1,-1,0,0,Normal,Normal,0.999962568283081,1
mqtt_preprocessed_v2.csv,4257,-1,-1,0,0,Normal,Normal,0.999950647354126,1
mqtt_preprocessed_v2.csv,4258,-1,-1,0,0,Normal,Normal,0.9999527931213379,1
mqtt_preprocessed_v2.csv,4259,-1,-1,0,0,Normal,Normal,0.9999264478683472,1
mqtt_preprocessed_v2.csv,4260,-1,-1,0,0,Normal,Normal,0.9999414682388306,1
mqtt_preprocessed_v2.csv,4261,-1,-1,0,0,Normal,Normal,0.9999463558197021,1
mqtt_preprocessed_v2.csv,4262,-1,-1,0,0,Normal,Normal,0.9999630451202393,1
mqtt_preprocessed_v2.csv,4263,-1,-1,0,0,Normal,Normal,0.9999539852142334,1
mqtt_preprocessed_v2.csv,4264,-1,-1,0,0,Normal,Normal,0.99994957447052,1
mqtt_preprocessed_v2.csv,4265,-1,-1,0,0,Normal,Normal,0.9999504089355469,1
mqtt_preprocessed_v2.csv,4266,-1,-1,0,0,Normal,Normal,0.9999507665634155,1
mqtt_preprocessed_v2.csv,4267,-1,-1,0,0,Normal,Normal,0.999963641166687,1
mqtt_preprocessed_v2.csv,4268,-1,-1,0,0,Normal,Normal,0.999957799911499,1
mqtt_preprocessed_v2.csv,4269,-1,-1,0,0,Normal,Normal,0.999961256980896,1
mqtt_preprocessed_v2.csv,4270,-1,-1,0,0,Normal,Normal,0.999955415725708,1
mqtt_preprocessed_v2.csv,4271,-1,-1,0,0,Normal,Normal,0.999964714050293,1
mqtt_preprocessed_v2.csv,4272,-1,-1,0,0,Normal,Normal,0.9998654127120972,1
mqtt_preprocessed_v2.csv,4273,-1,-1,0,0,Normal,Normal,0.9999539852142334,1
mqtt_preprocessed_v2.csv,4274,-1,-1,0,0,Normal,Normal,0.9999419450759888,1
mqtt_preprocessed_v2.csv,4275,-1,-1,0,0,Normal,Normal,0.999947190284729,1
mqtt_preprocessed_v2.csv,4276,-1,-1,0,0,Normal,Normal,0.9999328851699829,1
mqtt_preprocessed_v2.csv,4277,-1,-1,0,0,Normal,Normal,0.9999465942382812,1
mqtt_preprocessed_v2.csv,4278,-1,-1,0,0,Normal,Normal,0.9999203681945801,1
mqtt_preprocessed_v2.csv,4279,-1,-1,0,0,Normal,Normal,0.9999586343765259,1
mqtt_preprocessed_v2.csv,4280,-1,-1,0,0,Normal,Normal,0.9999545812606812,1
mqtt_preprocessed_v2.csv,4281,-1,-1,0,0,Normal,Normal,0.9999542236328125,1
mqtt_preprocessed_v2.csv,4282,-1,-1,0,0,Normal,Normal,0.9999624490737915,1
mqtt_preprocessed_v2.csv,4283,-1,-1,0,0,Normal,Normal,0.9999560117721558,1
mqtt_preprocessed_v2.csv,4284,-1,-1,0,0,Normal,Normal,0.9999403953552246,1
mqtt_preprocessed_v2.csv,4285,-1,-1,0,0,Normal,Normal,0.999937891960144,1
mqtt_preprocessed_v2.csv,4286,-1,-1,0,0,Normal,Normal,0.9999483823776245,1
mqtt_preprocessed_v2.csv,4287,-1,-1,0,0,Normal,Normal,0.999958872795105,1
mqtt_preprocessed_v2.csv,4288,-1,-1,0,0,Normal,Normal,0.9999600648880005,1
mqtt_preprocessed_v2.csv,4289,-1,-1,0,0,Normal,Normal,0.9997454285621643,1
mqtt_preprocessed_v2.csv,4290,-1,-1,0,0,Normal,Normal,0.9999593496322632,1
mqtt_preprocessed_v2.csv,4291,-1,-1,0,0,Normal,Normal,0.9999536275863647,1
mqtt_preprocessed_v2.csv,4292,-1,-1,0,0,Normal,Normal,0.9998766183853149,1
mqtt_preprocessed_v2.csv,4293,-1,-1,0,0,Normal,Normal,0.9999586343765259,1
mqtt_preprocessed_v2.csv,4294,-1,-1,0,0,Normal,Normal,0.9999624490737915,1
mqtt_preprocessed_v2.csv,4295,-1,-1,0,0,Normal,Normal,0.9999586343765259,1
mqtt_preprocessed_v2.csv,4296,-1,-1,0,0,Normal,Normal,0.9999550580978394,1
mqtt_preprocessed_v2.csv,4297,-1,-1,0,0,Normal,Normal,0.9999513626098633,1
mqtt_preprocessed_v2.csv,4298,-1,-1,0,0,Normal,Normal,0.9999548196792603,1
mqtt_preprocessed_v2.csv,4299,-1,-1,0,0,Normal,Normal,0.9999480247497559,1
mqtt_preprocessed_v2.csv,4300,-1,-1,0,0,Normal,Normal,0.9999054670333862,1
mqtt_preprocessed_v2.csv,4301,-1,-1,0,0,Normal,Normal,0.9999457597732544,1
mqtt_preprocessed_v2.csv,4302,-1,-1,0,0,Normal,Normal,0.9999539852142334,1
mqtt_preprocessed_v2.csv,4303,-1,-1,0,0,Normal,Normal,0.9999537467956543,1
mqtt_preprocessed_v2.csv,4304,-1,-1,0,0,Normal,Normal,0.9999572038650513,1
mqtt_preprocessed_v2.csv,4305,-1,-1,0,0,Normal,Normal,0.9999382495880127,1
mqtt_preprocessed_v2.csv,4306,-1,-1,0,0,Normal,Normal,0.9999614953994751,1
mqtt_preprocessed_v2.csv,4307,-1,-1,0,0,Normal,Normal,0.9998763799667358,1
mqtt_preprocessed_v2.csv,4308,-1,-1,0,0,Normal,Normal,0.9999573230743408,1
mqtt_preprocessed_v2.csv,4309,-1,-1,0,0,Normal,Normal,0.9999490976333618,1
mqtt_preprocessed_v2.csv,4310,-1,-1,0,0,Normal,Normal,0.9999512434005737,1
mqtt_preprocessed_v2.csv,4311,-1,-1,0,0,Normal,Normal,0.9999544620513916,1
mqtt_preprocessed_v2.csv,4312,-1,-1,0,0,Normal,Normal,0.9999597072601318,1
mqtt_preprocessed_v2.csv,4313,-1,-1,0,0,Normal,Normal,0.9999481439590454,1
mqtt_preprocessed_v2.csv,4314,-1,-1,0,0,Normal,Normal,0.9999454021453857,1
mqtt_preprocessed_v2.csv,4315,-1,-1,0,0,Normal,Normal,0.9999499320983887,1
mqtt_preprocessed_v2.csv,4316,-1,-1,0,0,Normal,Normal,0.9999040365219116,1
mqtt_preprocessed_v2.csv,4317,-1,-1,0,0,Normal,Normal,0.9999551773071289,1
mqtt_preprocessed_v2.csv,4318,-1,-1,0,0,Normal,Normal,0.9999579191207886,1
mqtt_preprocessed_v2.csv,4319,-1,-1,0,0,Normal,Normal,0.9999407529830933,1
mqtt_preprocessed_v2.csv,4320,-1,-1,0,0,Normal,Normal,0.9999582767486572,1
mqtt_preprocessed_v2.csv,4321,-1,-1,0,0,Normal,Normal,0.9999420642852783,1
mqtt_preprocessed_v2.csv,4322,-1,-1,0,0,Normal,Normal,0.999956488609314,1
mqtt_preprocessed_v2.csv,4323,-1,-1,0,0,Normal,Normal,0.9999439716339111,1
mqtt_preprocessed_v2.csv,4324,-1,-1,0,0,Normal,Normal,0.9999638795852661,1
mqtt_preprocessed_v2.csv,4325,-1,-1,0,0,Normal,Normal,0.9999474287033081,1
mqtt_preprocessed_v2.csv,4326,-1,-1,0,0,Normal,Normal,0.9999576807022095,1
mqtt_preprocessed_v2.csv,4327,-1,-1,0,0,Normal,Normal,0.9999523162841797,1
mqtt_preprocessed_v2.csv,4328,-1,-1,0,0,Normal,Normal,0.9999459981918335,1
mqtt_preprocessed_v2.csv,4329,-1,-1,0,0,Normal,Normal,0.9999591112136841,1
mqtt_preprocessed_v2.csv,4330,-1,-1,0,0,Normal,Normal,0.9999592304229736,1
mqtt_preprocessed_v2.csv,4331,-1,-1,0,0,Normal,Normal,0.9997168183326721,1
mqtt_preprocessed_v2.csv,4332,-1,-1,0,0,Normal,Normal,0.9999411106109619,1
mqtt_preprocessed_v2.csv,4333,-1,-1,0,0,Normal,Normal,0.999953031539917,1
mqtt_preprocessed_v2.csv,4334,-1,-1,0,0,Normal,Normal,0.9999608993530273,1
mqtt_preprocessed_v2.csv,4335,-1,-1,0,0,Normal,Normal,0.999958872795105,1
mqtt_preprocessed_v2.csv,4336,-1,-1,0,0,Normal,Normal,0.9999301433563232,1
mqtt_preprocessed_v2.csv,4337,-1,-1,0,0,Normal,Normal,0.9999505281448364,1
mqtt_preprocessed_v2.csv,4338,-1,-1,0,0,Normal,Normal,0.9999470710754395,1
mqtt_preprocessed_v2.csv,4339,-1,-1,0,0,Normal,Normal,0.9999258518218994,1
mqtt_preprocessed_v2.csv,4340,-1,-1,0,0,Normal,Normal,0.9999133348464966,1
mqtt_preprocessed_v2.csv,4341,-1,-1,0,0,Normal,Normal,0.9999442100524902,1
mqtt_preprocessed_v2.csv,4342,-1,-1,0,0,Normal,Normal,0.9999518394470215,1
mqtt_preprocessed_v2.csv,4343,-1,-1,0,0,Normal,Normal,0.9999552965164185,1
mqtt_preprocessed_v2.csv,4344,-1,-1,0,0,Normal,Normal,0.9999470710754395,1
mqtt_preprocessed_v2.csv,4345,-1,-1,0,0,Normal,Normal,0.9999600648880005,1
mqtt_preprocessed_v2.csv,4346,-1,-1,0,0,Normal,Normal,0.9999508857727051,1
mqtt_preprocessed_v2.csv,4347,-1,-1,0,0,Normal,Normal,0.999954104423523,1
mqtt_preprocessed_v2.csv,4348,-1,-1,0,0,Normal,Normal,0.9999186992645264,1
mqtt_preprocessed_v2.csv,4349,-1,-1,0,0,Normal,Normal,0.9999579191207886,1
mqtt_preprocessed_v2.csv,4350,-1,-1,0,0,Normal,Normal,0.9999511241912842,1
mqtt_preprocessed_v2.csv,4351,-1,-1,0,0,Normal,Normal,0.9999457597732544,1
mqtt_preprocessed_v2.csv,4352,-1,-1,0,0,Normal,Normal,0.9999628067016602,1
mqtt_preprocessed_v2.csv,4353,-1,-1,0,0,Normal,Normal,0.9997685551643372,1
mqtt_preprocessed_v2.csv,4354,-1,-1,0,0,Normal,Normal,0.9999529123306274,1
mqtt_preprocessed_v2.csv,4355,-1,-1,0,0,Normal,Normal,0.9999598264694214,1
mqtt_preprocessed_v2.csv,4356,-1,-1,0,0,Normal,Normal,0.999934196472168,1
mqtt_preprocessed_v2.csv,4357,-1,-1,0,0,Normal,Normal,0.9999573230743408,1
mqtt_preprocessed_v2.csv,4358,-1,-1,0,0,Normal,Normal,0.9999525547027588,1
mqtt_preprocessed_v2.csv,4359,-1,-1,0,0,Normal,Normal,0.9999502897262573,1
mqtt_preprocessed_v2.csv,4360,-1,-1,0,0,Normal,Normal,0.9999556541442871,1
mqtt_preprocessed_v2.csv,4361,-1,-1,0,0,Normal,Normal,0.9999194145202637,1
mqtt_preprocessed_v2.csv,4362,-1,-1,0,0,Normal,Normal,0.9999594688415527,1
mqtt_preprocessed_v2.csv,4363,-1,-1,0,0,Normal,Normal,0.9999504089355469,1
mqtt_preprocessed_v2.csv,4364,-1,-1,0,0,Normal,Normal,0.9999479055404663,1
mqtt_preprocessed_v2.csv,4365,-1,-1,0,0,Normal,Normal,0.9999508857727051,1
mqtt_preprocessed_v2.csv,4366,-1,-1,0,0,Normal,Normal,0.999945878982544,1
mqtt_preprocessed_v2.csv,4367,-1,-1,0,0,Normal,Normal,0.999954104423523,1
mqtt_preprocessed_v2.csv,4368,-1,-1,0,0,Normal,Normal,0.9999555349349976,1
mqtt_preprocessed_v2.csv,4369,-1,-1,0,0,Normal,Normal,0.9999325275421143,1
mqtt_preprocessed_v2.csv,4370,-1,-1,0,0,Normal,Normal,0.9999209642410278,1
mqtt_preprocessed_v2.csv,4371,-1,-1,0,0,Normal,Normal,0.999942421913147,1
mqtt_preprocessed_v2.csv,4372,-1,-1,0,0,Normal,Normal,0.9999473094940186,1
mqtt_preprocessed_v2.csv,4373,-1,-1,0,0,Normal,Normal,0.9999549388885498,1
mqtt_preprocessed_v2.csv,4374,-1,-1,0,0,Normal,Normal,0.999948263168335,1
mqtt_preprocessed_v2.csv,4375,-1,-1,0,0,Normal,Normal,0.9999556541442871,1
mqtt_preprocessed_v2.csv,4376,-1,-1,0,0,Normal,Normal,0.9999585151672363,1
mqtt_preprocessed_v2.csv,4377,-1,-1,0,0,Normal,Normal,0.9999393224716187,1
mqtt_preprocessed_v2.csv,4378,-1,-1,0,0,Normal,Normal,0.999948263168335,1
mqtt_preprocessed_v2.csv,4379,-1,-1,0,0,Normal,Normal,0.9999549388885498,1
mqtt_preprocessed_v2.csv,4380,-1,-1,0,0,Normal,Normal,0.9999583959579468,1
mqtt_preprocessed_v2.csv,4381,-1,-1,0,0,Normal,Normal,0.9999470710754395,1
mqtt_preprocessed_v2.csv,4382,-1,-1,0,0,Normal,Normal,0.9999455213546753,1
mqtt_preprocessed_v2.csv,4383,-1,-1,0,0,Normal,Normal,0.9999580383300781,1
mqtt_preprocessed_v2.csv,4384,-1,-1,0,0,Normal,Normal,0.9999430179595947,1
mqtt_preprocessed_v2.csv,4385,-1,-1,0,0,Normal,Normal,0.9999508857727051,1
mqtt_preprocessed_v2.csv,4386,-1,-1,0,0,Normal,Normal,0.9999496936798096,1
mqtt_preprocessed_v2.csv,4387,-1,-1,0,0,Normal,Normal,0.9999585151672363,1
mqtt_preprocessed_v2.csv,4388,-1,-1,0,0,Normal,Normal,0.9999477863311768,1
mqtt_preprocessed_v2.csv,4389,-1,-1,0,0,Normal,Normal,0.999945878982544,1
mqtt_preprocessed_v2.csv,4390,-1,-1,0,0,Normal,Normal,0.9999451637268066,1
mqtt_preprocessed_v2.csv,4391,-1,-1,0,0,Normal,Normal,0.9999514818191528,1
mqtt_preprocessed_v2.csv,4392,-1,-1,0,0,Normal,Normal,0.9998769760131836,1
mqtt_preprocessed_v2.csv,4393,-1,-1,0,0,Normal,Normal,0.999955415725708,1
mqtt_preprocessed_v2.csv,4394,-1,-1,0,0,Normal,Normal,0.9999485015869141,1
mqtt_preprocessed_v2.csv,4395,-1,-1,0,0,Normal,Normal,0.9999529123306274,1
mqtt_preprocessed_v2.csv,4396,-1,-1,0,0,Normal,Normal,0.9999384880065918,1
mqtt_preprocessed_v2.csv,4397,-1,-1,0,0,Normal,Normal,0.999954104423523,1
mqtt_preprocessed_v2.csv,4398,-1,-1,0,0,Normal,Normal,0.9999569654464722,1
mqtt_preprocessed_v2.csv,4399,-1,-1,0,0,Normal,Normal,0.9999549388885498,1
mqtt_preprocessed_v2.csv,4400,-1,-1,0,0,Normal,Normal,0.9998898506164551,1
mqtt_preprocessed_v2.csv,4401,-1,-1,0,0,Normal,Normal,0.9999496936798096,1
mqtt_preprocessed_v2.csv,4402,-1,-1,0,0,Normal,Normal,0.9999570846557617,1
mqtt_preprocessed_v2.csv,4403,-1,-1,0,0,Normal,Normal,0.9999399185180664,1
mqtt_preprocessed_v2.csv,4404,-1,-1,0,0,Normal,Normal,0.9999498128890991,1
mqtt_preprocessed_v2.csv,4405,-1,-1,0,0,Normal,Normal,0.9999336004257202,1
mqtt_preprocessed_v2.csv,4406,-1,-1,0,0,Normal,Normal,0.9999417066574097,1
mqtt_preprocessed_v2.csv,4407,-1,-1,0,0,Normal,Normal,0.9999209642410278,1
mqtt_preprocessed_v2.csv,4408,-1,-1,0,0,Normal,Normal,0.9999558925628662,1
mqtt_preprocessed_v2.csv,4409,-1,-1,0,0,Normal,Normal,0.9999442100524902,1
mqtt_preprocessed_v2.csv,4410,-1,-1,0,0,Normal,Normal,0.9998955726623535,1
mqtt_preprocessed_v2.csv,4411,-1,-1,0,0,Normal,Normal,0.9999524354934692,1
mqtt_preprocessed_v2.csv,4412,-1,-1,0,0,Normal,Normal,0.999961256980896,1
mqtt_preprocessed_v2.csv,4413,-1,-1,0,0,Normal,Normal,0.999945878982544,1
mqtt_preprocessed_v2.csv,4414,-1,-1,0,0,Normal,Normal,0.9999470710754395,1
mqtt_preprocessed_v2.csv,4415,-1,-1,0,0,Normal,Normal,0.9999521970748901,1
mqtt_preprocessed_v2.csv,4416,-1,-1,0,0,Normal,Normal,0.9999433755874634,1
mqtt_preprocessed_v2.csv,4417,-1,-1,0,0,Normal,Normal,0.9999511241912842,1
mqtt_preprocessed_v2.csv,4418,-1,-1,0,0,Normal,Normal,0.9999610185623169,1
mqtt_preprocessed_v2.csv,4419,-1,-1,0,0,Normal,Normal,0.9999535083770752,1
mqtt_preprocessed_v2.csv,4420,-1,-1,0,0,Normal,Normal,0.9999421834945679,1
mqtt_preprocessed_v2.csv,4421,-1,-1,0,0,Normal,Normal,0.9999382495880127,1
mqtt_preprocessed_v2.csv,4422,-1,-1,0,0,Normal,Normal,0.9999499320983887,1
mqtt_preprocessed_v2.csv,4423,-1,-1,0,0,Normal,Normal,0.9997679591178894,1
mqtt_preprocessed_v2.csv,4424,-1,-1,0,0,Normal,Normal,0.999955415725708,1
mqtt_preprocessed_v2.csv,4425,-1,-1,0,0,Normal,Normal,0.9999592304229736,1
mqtt_preprocessed_v2.csv,4426,-1,-1,0,0,Normal,Normal,0.9999467134475708,1
mqtt_preprocessed_v2.csv,4427,-1,-1,0,0,Normal,Normal,0.9999593496322632,1
mqtt_preprocessed_v2.csv,4428,-1,-1,0,0,Normal,Normal,0.9999597072601318,1
mqtt_preprocessed_v2.csv,4429,-1,-1,0,0,Normal,Normal,0.9999566078186035,1
mqtt_preprocessed_v2.csv,4430,-1,-1,0,0,Normal,Normal,0.9999531507492065,1
mqtt_preprocessed_v2.csv,4431,-1,-1,0,0,Normal,Normal,0.9999496936798096,1
mqtt_preprocessed_v2.csv,4432,-1,-1,0,0,Normal,Normal,0.9999462366104126,1
mqtt_preprocessed_v2.csv,4433,-1,-1,0,0,Normal,Normal,0.9999433755874634,1
mqtt_preprocessed_v2.csv,4434,-1,-1,0,0,Normal,Normal,0.9999003410339355,1
mqtt_preprocessed_v2.csv,4435,-1,-1,0,0,Normal,Normal,0.9999550580978394,1
mqtt_preprocessed_v2.csv,4436,-1,-1,0,0,Normal,Normal,0.9999499320983887,1
mqtt_preprocessed_v2.csv,4437,-1,-1,0,0,Normal,Normal,0.9999507665634155,1
mqtt_preprocessed_v2.csv,4438,-1,-1,0,0,Normal,Normal,0.9999604225158691,1
mqtt_preprocessed_v2.csv,4439,-1,-1,0,0,Normal,Normal,0.9999486207962036,1
mqtt_preprocessed_v2.csv,4440,-1,-1,0,0,Normal,Normal,0.9998923540115356,1
mqtt_preprocessed_v2.csv,4441,-1,-1,0,0,Normal,Normal,0.9999645948410034,1
mqtt_preprocessed_v2.csv,4442,-1,-1,0,0,Normal,Normal,0.999953031539917,1
mqtt_preprocessed_v2.csv,4443,-1,-1,0,0,Normal,Normal,0.999954342842102,1
mqtt_preprocessed_v2.csv,4444,-1,-1,0,0,Normal,Normal,0.9999386072158813,1
mqtt_preprocessed_v2.csv,4445,-1,-1,0,0,Normal,Normal,0.9999507665634155,1
mqtt_preprocessed_v2.csv,4446,-1,-1,0,0,Normal,Normal,0.9999330043792725,1
mqtt_preprocessed_v2.csv,4447,-1,-1,0,0,Normal,Normal,0.9999490976333618,1
mqtt_preprocessed_v2.csv,4448,-1,-1,0,0,Normal,Normal,0.9999436140060425,1
mqtt_preprocessed_v2.csv,4449,-1,-1,0,0,Normal,Normal,0.999957799911499,1
mqtt_preprocessed_v2.csv,4450,-1,-1,0,0,Normal,Normal,0.9999572038650513,1
mqtt_preprocessed_v2.csv,4451,-1,-1,0,0,Normal,Normal,0.9999328851699829,1
mqtt_preprocessed_v2.csv,4452,-1,-1,0,0,Normal,Normal,0.999956488609314,1
mqtt_preprocessed_v2.csv,4453,-1,-1,0,0,Normal,Normal,0.9999366998672485,1
mqtt_preprocessed_v2.csv,4454,-1,-1,0,0,Normal,Normal,0.9999349117279053,1
mqtt_preprocessed_v2.csv,4455,-1,-1,0,0,Normal,Normal,0.9999505281448364,1
mqtt_preprocessed_v2.csv,4456,-1,-1,0,0,Normal,Normal,0.9999563694000244,1
mqtt_preprocessed_v2.csv,4457,-1,-1,0,0,Normal,Normal,0.999951958656311,1
mqtt_preprocessed_v2.csv,4458,-1,-1,0,0,Normal,Normal,0.999956488609314,1
mqtt_preprocessed_v2.csv,4459,-1,-1,0,0,Normal,Normal,0.9999587535858154,1
mqtt_preprocessed_v2.csv,4460,-1,-1,0,0,Normal,Normal,0.9999054670333862,1
mqtt_preprocessed_v2.csv,4461,-1,-1,0,0,Normal,Normal,0.9999489784240723,1
mqtt_preprocessed_v2.csv,4462,-1,-1,0,0,Normal,Normal,0.9999508857727051,1
mqtt_preprocessed_v2.csv,4463,-1,-1,0,0,Normal,Normal,0.9999459981918335,1
mqtt_preprocessed_v2.csv,4464,-1,-1,0,0,Normal,Normal,0.9999501705169678,1
mqtt_preprocessed_v2.csv,4465,-1,-1,0,0,Normal,Normal,0.9999589920043945,1
mqtt_preprocessed_v2.csv,4466,-1,-1,0,0,Normal,Normal,0.9999494552612305,1
mqtt_preprocessed_v2.csv,4467,-1,-1,0,0,Normal,Normal,0.9999560117721558,1
mqtt_preprocessed_v2.csv,4468,-1,-1,0,0,Normal,Normal,0.999953031539917,1
mqtt_preprocessed_v2.csv,4469,-1,-1,0,0,Normal,Normal,0.9999582767486572,1
mqtt_preprocessed_v2.csv,4470,-1,-1,0,0,Normal,Normal,0.9999473094940186,1
mqtt_preprocessed_v2.csv,4471,-1,-1,0,0,Normal,Normal,0.9999604225158691,1
mqtt_preprocessed_v2.csv,4472,-1,-1,0,0,Normal,Normal,0.9999333620071411,1
mqtt_preprocessed_v2.csv,4473,-1,-1,0,0,Normal,Normal,0.9999321699142456,1
mqtt_preprocessed_v2.csv,4474,-1,-1,0,0,Normal,Normal,0.999951958656311,1
mqtt_preprocessed_v2.csv,4475,-1,-1,0,0,Normal,Normal,0.9999316930770874,1
mqtt_preprocessed_v2.csv,4476,-1,-1,0,0,Normal,Normal,0.999858021736145,1
mqtt_preprocessed_v2.csv,4477,-1,-1,0,0,Normal,Normal,0.9999456405639648,1
mqtt_preprocessed_v2.csv,4478,-1,-1,0,0,Normal,Normal,0.9999469518661499,1
mqtt_preprocessed_v2.csv,4479,-1,-1,0,0,Normal,Normal,0.9999499320983887,1
mqtt_preprocessed_v2.csv,4480,-1,-1,0,0,Normal,Normal,0.9999582767486572,1
mqtt_preprocessed_v2.csv,4481,-1,-1,0,0,Normal,Normal,0.9999436140060425,1
mqtt_preprocessed_v2.csv,4482,-1,-1,0,0,Normal,Normal,0.9999610185623169,1
mqtt_preprocessed_v2.csv,4483,-1,-1,0,0,Normal,Normal,0.9999462366104126,1
mqtt_preprocessed_v2.csv,4484,-1,-1,0,0,Normal,Normal,0.9999610185623169,1
mqtt_preprocessed_v2.csv,4485,-1,-1,0,0,Normal,Normal,0.9999572038650513,1
mqtt_preprocessed_v2.csv,4486,-1,-1,0,0,Normal,Normal,0.9999457597732544,1
mqtt_preprocessed_v2.csv,4487,-1,-1,0,0,Normal,Normal,0.9999585151672363,1
mqtt_preprocessed_v2.csv,4488,-1,-1,0,0,Normal,Normal,0.9999583959579468,1
mqtt_preprocessed_v2.csv,4489,-1,-1,0,0,Normal,Normal,0.9999561309814453,1
mqtt_preprocessed_v2.csv,4490,-1,-1,0,0,Normal,Normal,0.9999456405639648,1
mqtt_preprocessed_v2.csv,4491,-1,-1,0,0,Normal,Normal,0.9999275207519531,1
mqtt_preprocessed_v2.csv,4492,-1,-1,0,0,Normal,Normal,0.9999513626098633,1
mqtt_preprocessed_v2.csv,4493,-1,-1,0,0,Normal,Normal,0.9999498128890991,1
mqtt_preprocessed_v2.csv,4494,-1,-1,0,0,Normal,Normal,0.9999488592147827,1
mqtt_preprocessed_v2.csv,4495,-1,-1,0,0,Normal,Normal,0.9999476671218872,1
mqtt_preprocessed_v2.csv,4496,-1,-1,0,0,Normal,Normal,0.9999532699584961,1
mqtt_preprocessed_v2.csv,4497,-1,-1,0,0,Normal,Normal,0.9999488592147827,1
mqtt_preprocessed_v2.csv,4498,-1,-1,0,0,Normal,Normal,0.9999508857727051,1
mqtt_preprocessed_v2.csv,4499,-1,-1,0,0,Normal,Normal,0.9998319149017334,1
mqtt_preprocessed_v2.csv,4500,-1,-1,0,0,Normal,Normal,0.9999343156814575,1
mqtt_preprocessed_v2.csv,4501,-1,-1,0,0,Normal,Normal,0.9999192953109741,1
mqtt_preprocessed_v2.csv,4502,-1,-1,0,0,Normal,Normal,0.9998366832733154,1
mqtt_preprocessed_v2.csv,4503,-1,-1,0,0,Normal,Normal,0.9999347925186157,1
mqtt_preprocessed_v2.csv,4504,-1,-1,0,0,Normal,Normal,0.9998987913131714,1
mqtt_preprocessed_v2.csv,4505,-1,-1,0,0,Normal,Normal,0.9999532699584961,1
mqtt_preprocessed_v2.csv,4506,-1,-1,0,0,Normal,Normal,0.9999489784240723,1
mqtt_preprocessed_v2.csv,4507,-1,-1,0,0,Normal,Normal,0.9998886585235596,1
mqtt_preprocessed_v2.csv,4508,-1,-1,0,0,Normal,Normal,0.9999350309371948,1
mqtt_preprocessed_v2.csv,4509,-1,-1,0,0,Normal,Normal,0.9999405145645142,1
mqtt_preprocessed_v2.csv,4510,-1,-1,0,0,Normal,Normal,0.9999080896377563,1
mqtt_preprocessed_v2.csv,4511,-1,-1,0,0,Normal,Normal,0.9999232292175293,1
mqtt_preprocessed_v2.csv,4512,-1,-1,0,0,Normal,Normal,0.9999338388442993,1
mqtt_preprocessed_v2.csv,4513,-1,-1,0,0,Normal,Normal,0.9999490976333618,1
mqtt_preprocessed_v2.csv,4514,-1,-1,0,0,Normal,Normal,0.9999463558197021,1
mqtt_preprocessed_v2.csv,4515,-1,-1,0,0,Normal,Normal,0.9999338388442993,1
mqtt_preprocessed_v2.csv,4516,-1,-1,0,0,Normal,Normal,0.9999504089355469,1
mqtt_preprocessed_v2.csv,4517,-1,-1,0,0,Normal,Normal,0.9999314546585083,1
mqtt_preprocessed_v2.csv,4518,-1,-1,0,0,Normal,Normal,0.9999172687530518,1
mqtt_preprocessed_v2.csv,4519,-1,-1,0,0,Normal,Normal,0.9998770952224731,1
mqtt_preprocessed_v2.csv,4520,-1,-1,0,0,Normal,Normal,0.999913215637207,1
mqtt_preprocessed_v2.csv,4521,-1,-1,0,0,Normal,Normal,0.9999322891235352,1
mqtt_preprocessed_v2.csv,4522,-1,-1,0,0,Normal,Normal,0.9999358654022217,1
mqtt_preprocessed_v2.csv,4523,-1,-1,0,0,Normal,Normal,0.9999388456344604,1
mqtt_preprocessed_v2.csv,4524,-1,-1,0,0,Normal,Normal,0.9999339580535889,1
mqtt_preprocessed_v2.csv,4525,-1,-1,0,0,Normal,Normal,0.9999040365219116,1
mqtt_preprocessed_v2.csv,4526,-1,-1,0,0,Normal,Normal,0.9999532699584961,1
mqtt_preprocessed_v2.csv,4527,-1,-1,0,0,Normal,Normal,0.9998373985290527,1
mqtt_preprocessed_v2.csv,4528,-1,-1,0,0,Normal,Normal,0.9998711347579956,1
mqtt_preprocessed_v2.csv,4529,-1,-1,0,0,Normal,Normal,0.9999154806137085,1
mqtt_preprocessed_v2.csv,4530,-1,-1,0,0,Normal,Normal,0.999929666519165,1
mqtt_preprocessed_v2.csv,4531,-1,-1,0,0,Normal,Normal,0.9998884201049805,1
mqtt_preprocessed_v2.csv,4532,-1,-1,0,0,Normal,Normal,0.9999370574951172,1
mqtt_preprocessed_v2.csv,4533,-1,-1,0,0,Normal,Normal,0.9999502897262573,1
mqtt_preprocessed_v2.csv,4534,-1,-1,0,0,Normal,Normal,0.9999270439147949,1
mqtt_preprocessed_v2.csv,4535,-1,-1,0,0,Normal,Normal,0.9999133348464966,1
mqtt_preprocessed_v2.csv,4536,-1,-1,0,0,Normal,Normal,0.9999356269836426,1
mqtt_preprocessed_v2.csv,4537,-1,-1,0,0,Normal,Normal,0.9999419450759888,1
mqtt_preprocessed_v2.csv,4538,-1,-1,0,0,Normal,Normal,0.9999208450317383,1
mqtt_preprocessed_v2.csv,4539,-1,-1,0,0,Normal,Normal,0.9999344348907471,1
mqtt_preprocessed_v2.csv,4540,-1,-1,0,0,Normal,Normal,0.9998701810836792,1
mqtt_preprocessed_v2.csv,4541,-1,-1,0,0,Normal,Normal,0.9999127388000488,1
mqtt_preprocessed_v2.csv,4542,-1,-1,0,0,Normal,Normal,0.9998307228088379,1
mqtt_preprocessed_v2.csv,4543,-1,-1,0,0,Normal,Normal,0.9999313354492188,1
mqtt_preprocessed_v2.csv,4544,-1,-1,0,0,Normal,Normal,0.9999243021011353,1
mqtt_preprocessed_v2.csv,4545,-1,-1,0,0,Normal,Normal,0.9999390840530396,1
mqtt_preprocessed_v2.csv,4546,-1,-1,0,0,Normal,Normal,0.9999423027038574,1
mqtt_preprocessed_v2.csv,4547,-1,-1,0,0,Normal,Normal,0.9999305009841919,1
mqtt_preprocessed_v2.csv,4548,-1,-1,0,0,Normal,Normal,0.999916672706604,1
mqtt_preprocessed_v2.csv,4549,-1,-1,0,0,Normal,Normal,0.9999065399169922,1
mqtt_preprocessed_v2.csv,4550,-1,-1,0,0,Normal,Normal,0.9999352693557739,1
mqtt_preprocessed_v2.csv,4551,-1,-1,0,0,Normal,Normal,0.9999213218688965,1
mqtt_preprocessed_v2.csv,4552,-1,-1,0,0,Normal,Normal,0.9999268054962158,1
mqtt_preprocessed_v2.csv,4553,-1,-1,0,0,Normal,Normal,0.9999134540557861,1
mqtt_preprocessed_v2.csv,4554,-1,-1,0,0,Normal,Normal,0.9998397827148438,1
mqtt_preprocessed_v2.csv,4555,-1,-1,0,0,Normal,Normal,0.9999276399612427,1
mqtt_preprocessed_v2.csv,4556,-1,-1,0,0,Normal,Normal,0.9997492432594299,1
mqtt_preprocessed_v2.csv,4557,-1,-1,0,0,Normal,Normal,0.9999170303344727,1
mqtt_preprocessed_v2.csv,4558,-1,-1,0,0,Normal,Normal,0.999843955039978,1
mqtt_preprocessed_v2.csv,4559,-1,-1,0,0,Normal,Normal,0.9998902082443237,1
mqtt_preprocessed_v2.csv,4560,-1,-1,0,0,Normal,Normal,0.9999327659606934,1
mqtt_preprocessed_v2.csv,4561,-1,-1,0,0,Normal,Normal,0.9999431371688843,1
mqtt_preprocessed_v2.csv,4562,-1,-1,0,0,Normal,Normal,0.9998685121536255,1
mqtt_preprocessed_v2.csv,4563,-1,-1,0,0,Normal,Normal,0.999891996383667,1
mqtt_preprocessed_v2.csv,4564,-1,-1,0,0,Normal,Normal,0.9999406337738037,1
mqtt_preprocessed_v2.csv,4565,-1,-1,0,0,Normal,Normal,0.9999005794525146,1
mqtt_preprocessed_v2.csv,4566,-1,-1,0,0,Normal,Normal,0.9998855590820312,1
mqtt_preprocessed_v2.csv,4567,-1,-1,0,0,Normal,Normal,0.999954342842102,1
mqtt_preprocessed_v2.csv,4568,-1,-1,0,0,Normal,Normal,0.9999083280563354,1
mqtt_preprocessed_v2.csv,4569,-1,-1,0,0,Normal,Normal,0.9999133348464966,1
mqtt_preprocessed_v2.csv,4570,-1,-1,0,0,Normal,Normal,0.9998944997787476,1
mqtt_preprocessed_v2.csv,4571,-1,-1,0,0,Normal,Normal,0.9998138546943665,1
mqtt_preprocessed_v2.csv,4572,-1,-1,0,0,Normal,Normal,0.999931812286377,1
mqtt_preprocessed_v2.csv,4573,-1,-1,0,0,Normal,Normal,0.9998805522918701,1
mqtt_preprocessed_v2.csv,4574,-1,-1,0,0,Normal,Normal,0.9999434947967529,1
mqtt_preprocessed_v2.csv,4575,-1,-1,0,0,Normal,Normal,0.9999202489852905,1
mqtt_preprocessed_v2.csv,4576,-1,-1,0,0,Normal,Normal,0.9999362230300903,1
mqtt_preprocessed_v2.csv,4577,-1,-1,0,0,Normal,Normal,0.9999113082885742,1
mqtt_preprocessed_v2.csv,4578,-1,-1,0,0,Normal,Normal,0.9999462366104126,1
mqtt_preprocessed_v2.csv,4579,-1,-1,0,0,Normal,Normal,0.9999033212661743,1
mqtt_preprocessed_v2.csv,4580,-1,-1,0,0,Normal,Normal,0.9999188184738159,1
mqtt_preprocessed_v2.csv,4581,-1,-1,0,0,Normal,Normal,0.9999498128890991,1
mqtt_preprocessed_v2.csv,4582,-1,-1,0,0,Normal,Normal,0.9999542236328125,1
mqtt_preprocessed_v2.csv,4583,-1,-1,0,0,Normal,Normal,0.9999405145645142,1
mqtt_preprocessed_v2.csv,4584,-1,-1,0,0,Normal,Normal,0.9999303817749023,1
mqtt_preprocessed_v2.csv,4585,-1,-1,0,0,Normal,Normal,0.9998797178268433,1
mqtt_preprocessed_v2.csv,4586,-1,-1,0,0,Normal,Normal,0.9998921155929565,1
mqtt_preprocessed_v2.csv,4587,-1,-1,0,0,Normal,Normal,0.9999450445175171,1
mqtt_preprocessed_v2.csv,4588,-1,-1,0,0,Normal,Normal,0.9999339580535889,1
mqtt_preprocessed_v2.csv,4589,-1,-1,0,0,Normal,Normal,0.999909520149231,1
mqtt_preprocessed_v2.csv,4590,-1,-1,0,0,Normal,Normal,0.9999231100082397,1
mqtt_preprocessed_v2.csv,4591,-1,-1,0,0,Normal,Normal,0.9999438524246216,1
mqtt_preprocessed_v2.csv,4592,-1,-1,0,0,Normal,Normal,0.9999340772628784,1
mqtt_preprocessed_v2.csv,4593,-1,-1,0,0,Normal,Normal,0.9999200105667114,1
mqtt_preprocessed_v2.csv,4594,-1,-1,0,0,Normal,Normal,0.999936580657959,1
mqtt_preprocessed_v2.csv,4595,-1,-1,0,0,Normal,Normal,0.9999182224273682,1
mqtt_preprocessed_v2.csv,4596,-1,-1,0,0,Normal,Normal,0.9999233484268188,1
mqtt_preprocessed_v2.csv,4597,-1,-1,0,0,Normal,Normal,0.9999390840530396,1
mqtt_preprocessed_v2.csv,4598,-1,-1,0,0,Normal,Normal,0.9999043941497803,1
mqtt_preprocessed_v2.csv,4599,-1,-1,0,0,Normal,Normal,0.9999276399612427,1
mqtt_preprocessed_v2.csv,4600,-1,-1,0,0,Normal,Normal,0.9998629093170166,1
mqtt_preprocessed_v2.csv,4601,-1,-1,0,0,Normal,Normal,0.9997922778129578,1
mqtt_preprocessed_v2.csv,4602,-1,-1,0,0,Normal,Normal,0.9999051094055176,1
mqtt_preprocessed_v2.csv,4603,-1,-1,0,0,Normal,Normal,0.999760091304779,1
mqtt_preprocessed_v2.csv,4604,-1,-1,0,0,Normal,Normal,0.999729573726654,1
mqtt_preprocessed_v2.csv,4605,-1,-1,0,0,Normal,Normal,0.9997791647911072,1
mqtt_preprocessed_v2.csv,4606,-1,-1,0,0,Normal,Normal,0.999862790107727,1
mqtt_preprocessed_v2.csv,4607,-1,-1,0,0,Normal,Normal,0.9999111890792847,1
mqtt_preprocessed_v2.csv,4608,-1,-1,0,0,Normal,Normal,0.9999080896377563,1
mqtt_preprocessed_v2.csv,4609,-1,-1,0,0,Normal,Normal,0.9997743964195251,1
mqtt_preprocessed_v2.csv,4610,-1,-1,0,0,Normal,Normal,0.9999104738235474,1
mqtt_preprocessed_v2.csv,4611,-1,-1,0,0,Normal,Normal,0.9998044371604919,1
mqtt_preprocessed_v2.csv,4612,-1,-1,0,0,Normal,Normal,0.9997406601905823,1
mqtt_preprocessed_v2.csv,4613,-1,-1,0,0,Normal,Normal,0.9998010993003845,1
mqtt_preprocessed_v2.csv,4614,-1,-1,0,0,Normal,Normal,0.9998038411140442,1
mqtt_preprocessed_v2.csv,4615,-1,-1,0,0,Normal,Normal,0.999739944934845,1
mqtt_preprocessed_v2.csv,4616,-1,-1,0,0,Normal,Normal,0.9998169541358948,1
mqtt_preprocessed_v2.csv,4617,-1,-1,0,0,Normal,Normal,0.9998315572738647,1
mqtt_preprocessed_v2.csv,4618,-1,-1,0,0,Normal,Normal,0.9999110698699951,1
mqtt_preprocessed_v2.csv,4619,-1,-1,0,0,Normal,Normal,0.9997276663780212,1
mqtt_preprocessed_v2.csv,4620,-1,-1,0,0,Normal,Normal,0.9999085664749146,1
mqtt_preprocessed_v2.csv,4621,-1,-1,0,0,Normal,Normal,0.9997976422309875,1
mqtt_preprocessed_v2.csv,4622,-1,-1,0,0,Normal,Normal,0.999832034111023,1
mqtt_preprocessed_v2.csv,4623,-1,-1,0,0,Normal,Normal,0.9998688697814941,1
mqtt_preprocessed_v2.csv,4624,-1,-1,0,0,Normal,Normal,0.9997780919075012,1
mqtt_preprocessed_v2.csv,4625,-1,-1,0,0,Normal,Normal,0.9998738765716553,1
mqtt_preprocessed_v2.csv,4626,-1,-1,0,0,Normal,Normal,0.9999091625213623,1
mqtt_preprocessed_v2.csv,4627,-1,-1,0,0,Normal,Normal,0.9998849630355835,1
mqtt_preprocessed_v2.csv,4628,-1,-1,0,0,Normal,Normal,0.9998923540115356,1
mqtt_preprocessed_v2.csv,4629,-1,-1,0,0,Normal,Normal,0.9999170303344727,1
mqtt_preprocessed_v2.csv,4630,-1,-1,0,0,Normal,Normal,0.9998376369476318,1
mqtt_preprocessed_v2.csv,4631,-1,-1,0,0,Normal,Normal,0.9999196529388428,1
mqtt_preprocessed_v2.csv,4632,-1,-1,0,0,Normal,Normal,0.9998051524162292,1
mqtt_preprocessed_v2.csv,4633,-1,-1,0,0,Normal,Normal,0.9998773336410522,1
mqtt_preprocessed_v2.csv,4634,-1,-1,0,0,Normal,Normal,0.9998939037322998,1
mqtt_preprocessed_v2.csv,4635,-1,-1,0,0,Normal,Normal,0.9998457431793213,1
mqtt_preprocessed_v2.csv,4636,-1,-1,0,0,Normal,Normal,0.9998950958251953,1
mqtt_preprocessed_v2.csv,4637,-1,-1,0,0,Normal,Normal,0.9997528195381165,1
mqtt_preprocessed_v2.csv,4638,-1,-1,0,0,Normal,Normal,0.9999167919158936,1
mqtt_preprocessed_v2.csv,4639,-1,-1,0,0,Normal,Normal,0.999902606010437,1
mqtt_preprocessed_v2.csv,4640,-1,-1,0,0,Normal,Normal,0.9999003410339355,1
mqtt_preprocessed_v2.csv,4641,-1,-1,0,0,Normal,Normal,0.9998505115509033,1
mqtt_preprocessed_v2.csv,4642,-1,-1,0,0,Normal,Normal,0.9996638298034668,1
mqtt_preprocessed_v2.csv,4643,-1,-1,0,0,Normal,Normal,0.9998062252998352,1
mqtt_preprocessed_v2.csv,4644,-1,-1,0,0,Normal,Normal,0.9998693466186523,1
mqtt_preprocessed_v2.csv,4645,-1,-1,0,0,Normal,Normal,0.999853253364563,1
mqtt_preprocessed_v2.csv,4646,-1,-1,0,0,Normal,Normal,0.9998834133148193,1
mqtt_preprocessed_v2.csv,4647,-1,-1,0,0,Normal,Normal,0.9997918009757996,1
mqtt_preprocessed_v2.csv,4648,-1,-1,0,0,Normal,Normal,0.9998987913131714,1
mqtt_preprocessed_v2.csv,4649,-1,-1,0,0,Normal,Normal,0.999924898147583,1
mqtt_preprocessed_v2.csv,4650,-1,-1,0,0,Normal,Normal,0.9998904466629028,1
mqtt_preprocessed_v2.csv,4651,-1,-1,0,0,Normal,Normal,0.999742329120636,1
mqtt_preprocessed_v2.csv,4652,-1,-1,0,0,Normal,Normal,0.9998468160629272,1
mqtt_preprocessed_v2.csv,4653,-1,-1,0,0,Normal,Normal,0.9996377229690552,1
mqtt_preprocessed_v2.csv,4654,-1,-1,0,0,Normal,Normal,0.9997294545173645,1
mqtt_preprocessed_v2.csv,4655,-1,-1,0,0,Normal,Normal,0.9998960494995117,1
mqtt_preprocessed_v2.csv,4656,-1,-1,0,0,Normal,Normal,0.9998076558113098,1
mqtt_preprocessed_v2.csv,4657,-1,-1,0,0,Normal,Normal,0.9997208714485168,1
mqtt_preprocessed_v2.csv,4658,-1,-1,0,0,Normal,Normal,0.9999239444732666,1
mqtt_preprocessed_v2.csv,4659,-1,-1,0,0,Normal,Normal,0.9997963309288025,1
mqtt_preprocessed_v2.csv,4660,-1,-1,0,0,Normal,Normal,0.999879002571106,1
mqtt_preprocessed_v2.csv,4661,-1,-1,0,0,Normal,Normal,0.9998032450675964,1
mqtt_preprocessed_v2.csv,4662,-1,-1,0,0,Normal,Normal,0.9997972846031189,1
mqtt_preprocessed_v2.csv,4663,-1,-1,0,0,Normal,Normal,0.9998950958251953,1
mqtt_preprocessed_v2.csv,4664,-1,-1,0,0,Normal,Normal,0.9997878670692444,1
mqtt_preprocessed_v2.csv,4665,-1,-1,0,0,Normal,Normal,0.9998821020126343,1
mqtt_preprocessed_v2.csv,4666,-1,-1,0,0,Normal,Normal,0.9999053478240967,1
mqtt_preprocessed_v2.csv,4667,-1,-1,0,0,Normal,Normal,0.9999195337295532,1
mqtt_preprocessed_v2.csv,4668,-1,-1,0,0,Normal,Normal,0.9999054670333862,1
mqtt_preprocessed_v2.csv,4669,-1,-1,0,0,Normal,Normal,0.9999054670333862,1
mqtt_preprocessed_v2.csv,4670,-1,-1,0,0,Normal,Normal,0.9999097585678101,1
mqtt_preprocessed_v2.csv,4671,-1,-1,0,0,Normal,Normal,0.9998934268951416,1
mqtt_preprocessed_v2.csv,4672,-1,-1,0,0,Normal,Normal,0.9998853206634521,1
mqtt_preprocessed_v2.csv,4673,-1,-1,0,0,Normal,Normal,0.9997426867485046,1
mqtt_preprocessed_v2.csv,4674,-1,-1,0,0,Normal,Normal,0.9998364448547363,1
mqtt_preprocessed_v2.csv,4675,-1,-1,0,0,Normal,Normal,0.9988769888877869,1
mqtt_preprocessed_v2.csv,4676,-1,-1,0,0,Normal,Normal,0.9997681975364685,1
mqtt_preprocessed_v2.csv,4677,-1,-1,0,0,Normal,Normal,0.9997418522834778,1
mqtt_preprocessed_v2.csv,4678,-1,-1,0,0,Normal,Normal,0.9997780919075012,1
mqtt_preprocessed_v2.csv,4679,-1,-1,0,0,Normal,Normal,0.9998376369476318,1
mqtt_preprocessed_v2.csv,4680,-1,-1,0,0,Normal,Normal,0.999904990196228,1
mqtt_preprocessed_v2.csv,4681,-1,-1,0,0,Normal,Normal,0.9998681545257568,1
mqtt_preprocessed_v2.csv,4682,-1,-1,0,0,Normal,Normal,0.9998558759689331,1
mqtt_preprocessed_v2.csv,4683,-1,-1,0,0,Normal,Normal,0.9999158382415771,1
mqtt_preprocessed_v2.csv,4684,-1,-1,0,0,Normal,Normal,0.9998225569725037,1
mqtt_preprocessed_v2.csv,4685,-1,-1,0,0,Normal,Normal,0.9999234676361084,1
mqtt_preprocessed_v2.csv,4686,-1,-1,0,0,Normal,Normal,0.9998996257781982,1
mqtt_preprocessed_v2.csv,4687,-1,-1,0,0,Normal,Normal,0.9998736381530762,1
mqtt_preprocessed_v2.csv,4688,-1,-1,0,0,Normal,Normal,0.9998681545257568,1
mqtt_preprocessed_v2.csv,4689,-1,-1,0,0,Normal,Normal,0.999813973903656,1
mqtt_preprocessed_v2.csv,4690,-1,-1,0,0,Normal,Normal,0.9997838139533997,1
mqtt_preprocessed_v2.csv,4691,-1,-1,0,0,Normal,Normal,0.9999212026596069,1
mqtt_preprocessed_v2.csv,4692,-1,-1,0,0,Normal,Normal,0.9997367262840271,1
mqtt_preprocessed_v2.csv,4693,-1,-1,0,0,Normal,Normal,0.9998949766159058,1
mqtt_preprocessed_v2.csv,4694,-1,-1,0,0,Normal,Normal,0.9999203681945801,1
mqtt_preprocessed_v2.csv,4695,-1,-1,0,0,Normal,Normal,0.9998995065689087,1
mqtt_preprocessed_v2.csv,4696,-1,-1,0,0,Normal,Normal,0.9996813535690308,1
mqtt_preprocessed_v2.csv,4697,-1,-1,0,0,Normal,Normal,0.9997912049293518,1
mqtt_preprocessed_v2.csv,4698,-1,-1,0,0,Normal,Normal,0.9995437264442444,1
mqtt_preprocessed_v2.csv,4699,-1,-1,0,0,Normal,Normal,0.9998445510864258,1
mqtt_preprocessed_v2.csv,4700,-1,-1,0,0,Normal,Normal,0.9999337196350098,1
mqtt_preprocessed_v2.csv,4701,-1,-1,0,0,Normal,Normal,0.9999459981918335,1
mqtt_preprocessed_v2.csv,4702,-1,-1,0,0,Normal,Normal,0.9999264478683472,1
mqtt_preprocessed_v2.csv,4703,-1,-1,0,0,Normal,Normal,0.9999271631240845,1
mqtt_preprocessed_v2.csv,4704,-1,-1,0,0,Normal,Normal,0.999932050704956,1
mqtt_preprocessed_v2.csv,4705,-1,-1,0,0,Normal,Normal,0.9999310970306396,1
mqtt_preprocessed_v2.csv,4706,-1,-1,0,0,Normal,Normal,0.9999390840530396,1
mqtt_preprocessed_v2.csv,4707,-1,-1,0,0,Normal,Normal,0.9999440908432007,1
mqtt_preprocessed_v2.csv,4708,-1,-1,0,0,Normal,Normal,0.999932050704956,1
mqtt_preprocessed_v2.csv,4709,-1,-1,0,0,Normal,Normal,0.9999366998672485,1
mqtt_preprocessed_v2.csv,4710,-1,-1,0,0,Normal,Normal,0.9999463558197021,1
mqtt_preprocessed_v2.csv,4711,-1,-1,0,0,Normal,Normal,0.9999431371688843,1
mqtt_preprocessed_v2.csv,4712,-1,-1,0,0,Normal,Normal,0.9999395608901978,1
mqtt_preprocessed_v2.csv,4713,-1,-1,0,0,Normal,Normal,0.9999207258224487,1
mqtt_preprocessed_v2.csv,4714,-1,-1,0,0,Normal,Normal,0.999937891960144,1
mqtt_preprocessed_v2.csv,4715,-1,-1,0,0,Normal,Normal,0.9998522996902466,1
mqtt_preprocessed_v2.csv,4716,-1,-1,0,0,Normal,Normal,0.9999427795410156,1
mqtt_preprocessed_v2.csv,4717,-1,-1,0,0,Normal,Normal,0.9999450445175171,1
mqtt_preprocessed_v2.csv,4718,-1,-1,0,0,Normal,Normal,0.9999470710754395,1
mqtt_preprocessed_v2.csv,4719,-1,-1,0,0,Normal,Normal,0.9999421834945679,1
mqtt_preprocessed_v2.csv,4720,-1,-1,0,0,Normal,Normal,0.9999357461929321,1
mqtt_preprocessed_v2.csv,4721,-1,-1,0,0,Normal,Normal,0.999946117401123,1
mqtt_preprocessed_v2.csv,4722,-1,-1,0,0,Normal,Normal,0.9999440908432007,1
mqtt_preprocessed_v2.csv,4723,-1,-1,0,0,Normal,Normal,0.9972152709960938,1
mqtt_preprocessed_v2.csv,4724,-1,-1,0,0,Normal,Normal,0.9999282360076904,1
mqtt_preprocessed_v2.csv,4725,-1,-1,0,0,Normal,Normal,0.9999430179595947,1
mqtt_preprocessed_v2.csv,4726,-1,-1,0,0,Normal,Normal,0.9999368190765381,1
mqtt_preprocessed_v2.csv,4727,-1,-1,0,0,Normal,Normal,0.9709006547927856,1
mqtt_preprocessed_v2.csv,4728,-1,-1,0,0,Normal,Normal,0.9991193413734436,1
mqtt_preprocessed_v2.csv,4729,-1,-1,0,0,Normal,Normal,0.9999494552612305,1
mqtt_preprocessed_v2.csv,4730,-1,-1,0,0,Normal,Normal,0.9992204904556274,1
mqtt_preprocessed_v2.csv,4731,-1,-1,0,0,Normal,Normal,0.99562668800354,1
mqtt_preprocessed_v2.csv,4732,-1,-1,0,0,Normal,Normal,0.99992835521698,1
mqtt_preprocessed_v2.csv,4733,-1,-1,0,0,Normal,Normal,0.999858021736145,1
mqtt_preprocessed_v2.csv,4734,-1,-1,0,0,Normal,Normal,0.999309778213501,1
mqtt_preprocessed_v2.csv,4735,-1,-1,0,0,Normal,Normal,0.9997836947441101,1
mqtt_preprocessed_v2.csv,4736,-1,-1,0,0,Normal,Normal,0.9999498128890991,1
mqtt_preprocessed_v2.csv,4737,-1,-1,0,0,Normal,Normal,0.9973859190940857,1
mqtt_preprocessed_v2.csv,4738,-1,-1,0,0,Normal,Normal,0.9995571970939636,1
mqtt_preprocessed_v2.csv,4739,-1,-1,0,0,Normal,Normal,0.9995535016059875,1
mqtt_preprocessed_v2.csv,4740,-1,-1,0,0,Normal,Normal,0.9998953342437744,1
mqtt_preprocessed_v2.csv,4741,-1,-1,0,0,Normal,Normal,0.9999462366104126,1
mqtt_preprocessed_v2.csv,4742,-1,-1,0,0,Normal,Normal,0.9976170063018799,1
mqtt_preprocessed_v2.csv,4743,-1,-1,0,0,Normal,Normal,0.9999371767044067,1
mqtt_preprocessed_v2.csv,4744,-1,-1,0,0,Normal,Normal,0.9999467134475708,1
mqtt_preprocessed_v2.csv,4745,-1,-1,0,0,Normal,Normal,0.9999339580535889,1
mqtt_preprocessed_v2.csv,4746,-1,-1,0,0,Normal,Normal,0.999944806098938,1
mqtt_preprocessed_v2.csv,4747,-1,-1,0,0,Normal,Normal,0.9999361038208008,1
mqtt_preprocessed_v2.csv,4748,-1,-1,0,0,Normal,Normal,0.999924898147583,1
mqtt_preprocessed_v2.csv,4749,-1,-1,0,0,Normal,Normal,0.9999412298202515,1
mqtt_preprocessed_v2.csv,4750,-1,-1,0,0,Normal,Normal,0.9998548030853271,1
mqtt_preprocessed_v2.csv,4751,-1,-1,0,0,Normal,Normal,0.9997918009757996,1
mqtt_preprocessed_v2.csv,4752,-1,-1,0,0,Normal,Normal,0.9999359846115112,1
mqtt_preprocessed_v2.csv,4753,-1,-1,0,0,Normal,Normal,0.9998220801353455,1
mqtt_preprocessed_v2.csv,4754,-1,-1,0,0,Normal,Normal,0.999947190284729,1
mqtt_preprocessed_v2.csv,4755,-1,22,0,21,Normal,Tag_22,0.6567866802215576,0
mqtt_preprocessed_v2.csv,4756,-1,-1,0,0,Normal,Normal,0.9999115467071533,1
mqtt_preprocessed_v2.csv,4757,-1,-1,0,0,Normal,Normal,0.9999470710754395,1
mqtt_preprocessed_v2.csv,4758,-1,-1,0,0,Normal,Normal,0.9998076558113098,1
mqtt_preprocessed_v2.csv,4759,-1,-1,0,0,Normal,Normal,0.9999455213546753,1
mqtt_preprocessed_v2.csv,4760,-1,-1,0,0,Normal,Normal,0.997619092464447,1
mqtt_preprocessed_v2.csv,4761,-1,-1,0,0,Normal,Normal,0.9999371767044067,1
mqtt_preprocessed_v2.csv,4762,-1,-1,0,0,Normal,Normal,0.9999107122421265,1
mqtt_preprocessed_v2.csv,4763,-1,-1,0,0,Normal,Normal,0.9999432563781738,1
mqtt_preprocessed_v2.csv,4764,-1,-1,0,0,Normal,Normal,0.9999452829360962,1
mqtt_preprocessed_v2.csv,4765,-1,-1,0,0,Normal,Normal,0.9999337196350098,1
mqtt_preprocessed_v2.csv,4766,-1,-1,0,0,Normal,Normal,0.9999611377716064,1
mqtt_preprocessed_v2.csv,4767,-1,-1,0,0,Normal,Normal,0.9999423027038574,1
mqtt_preprocessed_v2.csv,4768,-1,-1,0,0,Normal,Normal,0.9976165294647217,1
mqtt_preprocessed_v2.csv,4769,-1,-1,0,0,Normal,Normal,0.9999452829360962,1
mqtt_preprocessed_v2.csv,4770,-1,-1,0,0,Normal,Normal,0.9998372793197632,1
mqtt_preprocessed_v2.csv,4771,-1,-1,0,0,Normal,Normal,0.999854326248169,1
mqtt_preprocessed_v2.csv,4772,-1,-1,0,0,Normal,Normal,0.9999390840530396,1
mqtt_preprocessed_v2.csv,4773,-1,-1,0,0,Normal,Normal,0.9976194500923157,1
mqtt_preprocessed_v2.csv,4774,-1,-1,0,0,Normal,Normal,0.9976134300231934,1
mqtt_preprocessed_v2.csv,4775,-1,-1,0,0,Normal,Normal,0.9998853206634521,1
mqtt_preprocessed_v2.csv,4776,-1,-1,0,0,Normal,Normal,0.9998456239700317,1
mqtt_preprocessed_v2.csv,4777,-1,-1,0,0,Normal,Normal,0.9999363422393799,1
mqtt_preprocessed_v2.csv,4778,-1,-1,0,0,Normal,Normal,0.9999451637268066,1
mqtt_preprocessed_v2.csv,4779,-1,-1,0,0,Normal,Normal,0.9999423027038574,1
mqtt_preprocessed_v2.csv,4780,-1,-1,0,0,Normal,Normal,0.999943733215332,1
mqtt_preprocessed_v2.csv,4781,-1,-1,0,0,Normal,Normal,0.9513248801231384,1
mqtt_preprocessed_v2.csv,4782,-1,-1,0,0,Normal,Normal,0.999942421913147,1
mqtt_preprocessed_v2.csv,4783,-1,-1,0,0,Normal,Normal,0.999920129776001,1
mqtt_preprocessed_v2.csv,4784,-1,-1,0,0,Normal,Normal,0.9999327659606934,1
mqtt_preprocessed_v2.csv,4785,-1,-1,0,0,Normal,Normal,0.9999443292617798,1
mqtt_preprocessed_v2.csv,4786,-1,-1,0,0,Normal,Normal,0.9994876384735107,1
mqtt_preprocessed_v2.csv,4787,-1,-1,0,0,Normal,Normal,0.9999256134033203,1
mqtt_preprocessed_v2.csv,4788,-1,-1,0,0,Normal,Normal,0.9988889098167419,1
mqtt_preprocessed_v2.csv,4789,-1,-1,0,0,Normal,Normal,0.9996976852416992,1
mqtt_preprocessed_v2.csv,4790,-1,-1,0,0,Normal,Normal,0.9985962510108948,1
mqtt_preprocessed_v2.csv,4791,-1,-1,0,0,Normal,Normal,0.9999203681945801,1
mqtt_preprocessed_v2.csv,4792,-1,-1,0,0,Normal,Normal,0.999943733215332,1
mqtt_preprocessed_v2.csv,4793,-1,-1,0,0,Normal,Normal,0.9976155757904053,1
mqtt_preprocessed_v2.csv,4794,-1,-1,0,0,Normal,Normal,0.9999433755874634,1
mqtt_preprocessed_v2.csv,4795,-1,-1,0,0,Normal,Normal,0.999852180480957,1
mqtt_preprocessed_v2.csv,4796,-1,-1,0,0,Normal,Normal,0.9996022582054138,1
mqtt_preprocessed_v2.csv,4797,-1,-1,0,0,Normal,Normal,0.9999459981918335,1
mqtt_preprocessed_v2.csv,4798,-1,-1,0,0,Normal,Normal,0.9998646974563599,1
mqtt_preprocessed_v2.csv,4799,-1,-1,0,0,Normal,Normal,0.9999264478683472,1
mqtt_preprocessed_v2.csv,4800,-1,-1,0,0,Normal,Normal,0.9999443292617798,1
mqtt_preprocessed_v2.csv,4801,-1,-1,0,0,Normal,Normal,0.999934196472168,1
mqtt_preprocessed_v2.csv,4802,-1,-1,0,0,Normal,Normal,0.9999455213546753,1
mqtt_preprocessed_v2.csv,4803,-1,-1,0,0,Normal,Normal,0.9996048808097839,1
mqtt_preprocessed_v2.csv,4804,-1,-1,0,0,Normal,Normal,0.9999325275421143,1
mqtt_preprocessed_v2.csv,4805,-1,-1,0,0,Normal,Normal,0.9999469518661499,1
mqtt_preprocessed_v2.csv,4806,-1,-1,0,0,Normal,Normal,0.9999477863311768,1
mqtt_preprocessed_v2.csv,4807,-1,-1,0,0,Normal,Normal,0.9999450445175171,1
mqtt_preprocessed_v2.csv,4808,-1,-1,0,0,Normal,Normal,0.9999494552612305,1
mqtt_preprocessed_v2.csv,4809,-1,-1,0,0,Normal,Normal,0.9984629154205322,1
mqtt_preprocessed_v2.csv,4810,-1,-1,0,0,Normal,Normal,0.9999470710754395,1
mqtt_preprocessed_v2.csv,4811,-1,-1,0,0,Normal,Normal,0.9997486472129822,1
mqtt_preprocessed_v2.csv,4812,-1,-1,0,0,Normal,Normal,0.9999337196350098,1
mqtt_preprocessed_v2.csv,4813,-1,-1,0,0,Normal,Normal,0.9999459981918335,1
mqtt_preprocessed_v2.csv,4814,-1,-1,0,0,Normal,Normal,0.9999297857284546,1
mqtt_preprocessed_v2.csv,4815,-1,-1,0,0,Normal,Normal,0.9999407529830933,1
mqtt_preprocessed_v2.csv,4816,-1,-1,0,0,Normal,Normal,0.9998354911804199,1
mqtt_preprocessed_v2.csv,4817,-1,-1,0,0,Normal,Normal,0.9999420642852783,1
mqtt_preprocessed_v2.csv,4818,-1,-1,0,0,Normal,Normal,0.9999372959136963,1
mqtt_preprocessed_v2.csv,4819,-1,-1,0,0,Normal,Normal,0.9999328851699829,1
mqtt_preprocessed_v2.csv,4820,-1,-1,0,0,Normal,Normal,0.9999406337738037,1
mqtt_preprocessed_v2.csv,4821,-1,-1,0,0,Normal,Normal,0.9993374943733215,1
mqtt_preprocessed_v2.csv,4822,-1,-1,0,0,Normal,Normal,0.9989866614341736,1
mqtt_preprocessed_v2.csv,4823,-1,-1,0,0,Normal,Normal,0.9999333620071411,1
mqtt_preprocessed_v2.csv,4824,-1,-1,0,0,Normal,Normal,0.9999444484710693,1
mqtt_preprocessed_v2.csv,4825,-1,-1,0,0,Normal,Normal,0.9997768998146057,1
mqtt_preprocessed_v2.csv,4826,-1,-1,0,0,Normal,Normal,0.9999480247497559,1
mqtt_preprocessed_v2.csv,4827,-1,-1,0,0,Normal,Normal,0.999934196472168,1
mqtt_preprocessed_v2.csv,4828,-1,-1,0,0,Normal,Normal,0.9999490976333618,1
mqtt_preprocessed_v2.csv,4829,-1,-1,0,0,Normal,Normal,0.9998812675476074,1
mqtt_preprocessed_v2.csv,4830,-1,-1,0,0,Normal,Normal,0.9999383687973022,1
mqtt_preprocessed_v2.csv,4831,-1,-1,0,0,Normal,Normal,0.9999029636383057,1
mqtt_preprocessed_v2.csv,4832,-1,-1,0,0,Normal,Normal,0.9999438524246216,1
mqtt_preprocessed_v2.csv,4833,-1,-1,0,0,Normal,Normal,0.999943733215332,1
mqtt_preprocessed_v2.csv,4834,-1,-1,0,0,Normal,Normal,0.9999442100524902,1
mqtt_preprocessed_v2.csv,4835,-1,-1,0,0,Normal,Normal,0.9997033476829529,1
mqtt_preprocessed_v2.csv,4836,-1,-1,0,0,Normal,Normal,0.9999195337295532,1
mqtt_preprocessed_v2.csv,4837,-1,-1,0,0,Normal,Normal,0.9999339580535889,1
mqtt_preprocessed_v2.csv,4838,-1,-1,0,0,Normal,Normal,0.999797523021698,1
mqtt_preprocessed_v2.csv,4839,-1,-1,0,0,Normal,Normal,0.9999402761459351,1
mqtt_preprocessed_v2.csv,4840,-1,-1,0,0,Normal,Normal,0.9999444484710693,1
mqtt_preprocessed_v2.csv,4841,-1,-1,0,0,Normal,Normal,0.9999455213546753,1
mqtt_preprocessed_v2.csv,4842,-1,-1,0,0,Normal,Normal,0.999920129776001,1
mqtt_preprocessed_v2.csv,4843,-1,-1,0,0,Normal,Normal,0.9997205138206482,1
mqtt_preprocessed_v2.csv,4844,-1,-1,0,0,Normal,Normal,0.9999452829360962,1
mqtt_preprocessed_v2.csv,4845,-1,-1,0,0,Normal,Normal,0.9999425411224365,1
mqtt_preprocessed_v2.csv,4846,-1,-1,0,0,Normal,Normal,0.9976145029067993,1
mqtt_preprocessed_v2.csv,4847,-1,-1,0,0,Normal,Normal,0.9999432563781738,1
mqtt_preprocessed_v2.csv,4848,-1,-1,0,0,Normal,Normal,0.9999446868896484,1
mqtt_preprocessed_v2.csv,4849,-1,-1,0,0,Normal,Normal,0.9999456405639648,1
mqtt_preprocessed_v2.csv,4850,-1,-1,0,0,Normal,Normal,0.999940037727356,1
mqtt_preprocessed_v2.csv,4851,-1,-1,0,0,Normal,Normal,0.9999451637268066,1
mqtt_preprocessed_v2.csv,4852,-1,-1,0,0,Normal,Normal,0.9998201727867126,1
mqtt_preprocessed_v2.csv,4853,-1,-1,0,0,Normal,Normal,0.9999481439590454,1
mqtt_preprocessed_v2.csv,4854,-1,-1,0,0,Normal,Normal,0.9965445399284363,1
mqtt_preprocessed_v2.csv,4855,-1,-1,0,0,Normal,Normal,0.9995816349983215,1
mqtt_preprocessed_v2.csv,4856,-1,-1,0,0,Normal,Normal,0.9999490976333618,1
mqtt_preprocessed_v2.csv,4857,-1,-1,0,0,Normal,Normal,0.9997902512550354,1
mqtt_preprocessed_v2.csv,4858,-1,-1,0,0,Normal,Normal,0.9998561143875122,1
mqtt_preprocessed_v2.csv,4859,-1,-1,0,0,Normal,Normal,0.9998975992202759,1
mqtt_preprocessed_v2.csv,4860,-1,-1,0,0,Normal,Normal,0.9999221563339233,1
mqtt_preprocessed_v2.csv,4861,-1,-1,0,0,Normal,Normal,0.9999315738677979,1
mqtt_preprocessed_v2.csv,4862,-1,-1,0,0,Normal,Normal,0.9999164342880249,1
mqtt_preprocessed_v2.csv,4863,-1,-1,0,0,Normal,Normal,0.9999426603317261,1
mqtt_preprocessed_v2.csv,4864,-1,-1,0,0,Normal,Normal,0.9997957348823547,1
mqtt_preprocessed_v2.csv,4865,-1,-1,0,0,Normal,Normal,0.9999326467514038,1
mqtt_preprocessed_v2.csv,4866,-1,-1,0,0,Normal,Normal,0.9999328851699829,1
mqtt_preprocessed_v2.csv,4867,-1,-1,0,0,Normal,Normal,0.9999445676803589,1
mqtt_preprocessed_v2.csv,4868,-1,-1,0,0,Normal,Normal,0.9999394416809082,1
mqtt_preprocessed_v2.csv,4869,-1,-1,0,0,Normal,Normal,0.9998708963394165,1
mqtt_preprocessed_v2.csv,4870,-1,-1,0,0,Normal,Normal,0.9999431371688843,1
mqtt_preprocessed_v2.csv,4871,-1,-1,0,0,Normal,Normal,0.9999473094940186,1
mqtt_preprocessed_v2.csv,4872,-1,-1,0,0,Normal,Normal,0.9999210834503174,1
mqtt_preprocessed_v2.csv,4873,-1,-1,0,0,Normal,Normal,0.9999253749847412,1
mqtt_preprocessed_v2.csv,4874,-1,-1,0,0,Normal,Normal,0.9999358654022217,1
mqtt_preprocessed_v2.csv,4875,-1,-1,0,0,Normal,Normal,0.9999402761459351,1
mqtt_preprocessed_v2.csv,4876,-1,-1,0,0,Normal,Normal,0.9999392032623291,1
mqtt_preprocessed_v2.csv,4877,-1,-1,0,0,Normal,Normal,0.999854326248169,1
mqtt_preprocessed_v2.csv,4878,-1,-1,0,0,Normal,Normal,0.9999399185180664,1
mqtt_preprocessed_v2.csv,4879,-1,-1,0,0,Normal,Normal,0.9999451637268066,1
mqtt_preprocessed_v2.csv,4880,-1,-1,0,0,Normal,Normal,0.9999250173568726,1
mqtt_preprocessed_v2.csv,4881,-1,-1,0,0,Normal,Normal,0.9998776912689209,1
mqtt_preprocessed_v2.csv,4882,-1,-1,0,0,Normal,Normal,0.9999395608901978,1
mqtt_preprocessed_v2.csv,4883,-1,-1,0,0,Normal,Normal,0.9999470710754395,1
mqtt_preprocessed_v2.csv,4884,-1,-1,0,0,Normal,Normal,0.999834418296814,1
mqtt_preprocessed_v2.csv,4885,-1,-1,0,0,Normal,Normal,0.999942421913147,1
mqtt_preprocessed_v2.csv,4886,-1,-1,0,0,Normal,Normal,0.9999449253082275,1
mqtt_preprocessed_v2.csv,4887,-1,-1,0,0,Normal,Normal,0.9999527931213379,1
mqtt_preprocessed_v2.csv,4888,-1,-1,0,0,Normal,Normal,0.9999322891235352,1
mqtt_preprocessed_v2.csv,4889,-1,-1,0,0,Normal,Normal,0.9823532104492188,1
mqtt_preprocessed_v2.csv,4890,-1,-1,0,0,Normal,Normal,0.9999363422393799,1
mqtt_preprocessed_v2.csv,4891,-1,-1,0,0,Normal,Normal,0.9999209642410278,1
mqtt_preprocessed_v2.csv,4892,-1,-1,0,0,Normal,Normal,0.9999107122421265,1
mqtt_preprocessed_v2.csv,4893,-1,-1,0,0,Normal,Normal,0.9976171851158142,1
mqtt_preprocessed_v2.csv,4894,-1,-1,0,0,Normal,Normal,0.9998775720596313,1
mqtt_preprocessed_v2.csv,4895,-1,-1,0,0,Normal,Normal,0.9998924732208252,1
mqtt_preprocessed_v2.csv,4896,-1,-1,0,0,Normal,Normal,0.999941349029541,1
mqtt_preprocessed_v2.csv,4897,-1,-1,0,0,Normal,Normal,0.9999419450759888,1
mqtt_preprocessed_v2.csv,4898,-1,-1,0,0,Normal,Normal,0.9999397993087769,1
mqtt_preprocessed_v2.csv,4899,-1,-1,0,0,Normal,Normal,0.9998410940170288,1
mqtt_preprocessed_v2.csv,4900,-1,-1,0,0,Normal,Normal,0.9998772144317627,1
mqtt_preprocessed_v2.csv,4901,-1,-1,0,0,Normal,Normal,0.9999375343322754,1
mqtt_preprocessed_v2.csv,4902,-1,-1,0,0,Normal,Normal,0.9996579885482788,1
mqtt_preprocessed_v2.csv,4903,-1,-1,0,0,Normal,Normal,0.9999405145645142,1
mqtt_preprocessed_v2.csv,4904,-1,-1,0,0,Normal,Normal,0.9999433755874634,1
mqtt_preprocessed_v2.csv,4905,-1,-1,0,0,Normal,Normal,0.9999436140060425,1
mqtt_preprocessed_v2.csv,4906,-1,-1,0,0,Normal,Normal,0.9999433755874634,1
mqtt_preprocessed_v2.csv,4907,-1,-1,0,0,Normal,Normal,0.9999468326568604,1
mqtt_preprocessed_v2.csv,4908,-1,-1,0,0,Normal,Normal,0.9999452829360962,1
mqtt_preprocessed_v2.csv,4909,-1,-1,0,0,Normal,Normal,0.9998615980148315,1
mqtt_preprocessed_v2.csv,4910,-1,-1,0,0,Normal,Normal,0.9997648596763611,1
mqtt_preprocessed_v2.csv,4911,-1,-1,0,0,Normal,Normal,0.9999486207962036,1
mqtt_preprocessed_v2.csv,4912,-1,-1,0,0,Normal,Normal,0.9999474287033081,1
mqtt_preprocessed_v2.csv,4913,-1,-1,0,0,Normal,Normal,0.9999285936355591,1
mqtt_preprocessed_v2.csv,4914,-1,-1,0,0,Normal,Normal,0.8753316402435303,1
mqtt_preprocessed_v2.csv,4915,-1,-1,0,0,Normal,Normal,0.9999284744262695,1
mqtt_preprocessed_v2.csv,4916,-1,-1,0,0,Normal,Normal,0.9998252987861633,1
mqtt_preprocessed_v2.csv,4917,-1,-1,0,0,Normal,Normal,0.9998113512992859,1
mqtt_preprocessed_v2.csv,4918,-1,-1,0,0,Normal,Normal,0.999945878982544,1
mqtt_preprocessed_v2.csv,4919,-1,-1,0,0,Normal,Normal,0.9999430179595947,1
mqtt_preprocessed_v2.csv,4920,-1,-1,0,0,Normal,Normal,0.9999135732650757,1
mqtt_preprocessed_v2.csv,4921,-1,-1,0,0,Normal,Normal,0.9999346733093262,1
mqtt_preprocessed_v2.csv,4922,-1,-1,0,0,Normal,Normal,0.9999369382858276,1
mqtt_preprocessed_v2.csv,4923,-1,-1,0,0,Normal,Normal,0.9999467134475708,1
mqtt_preprocessed_v2.csv,4924,-1,-1,0,0,Normal,Normal,0.999942421913147,1
mqtt_preprocessed_v2.csv,4925,-1,-1,0,0,Normal,Normal,0.9999434947967529,1
mqtt_preprocessed_v2.csv,4926,-1,-1,0,0,Normal,Normal,0.9999470710754395,1
mqtt_preprocessed_v2.csv,4927,-1,-1,0,0,Normal,Normal,0.9999375343322754,1
mqtt_preprocessed_v2.csv,4928,-1,-1,0,0,Normal,Normal,0.9998527765274048,1
mqtt_preprocessed_v2.csv,4929,-1,-1,0,0,Normal,Normal,0.9999431371688843,1
mqtt_preprocessed_v2.csv,4930,-1,-1,0,0,Normal,Normal,0.9992837309837341,1
mqtt_preprocessed_v2.csv,4931,-1,-1,0,0,Normal,Normal,0.9999265670776367,1
mqtt_preprocessed_v2.csv,4932,-1,-1,0,0,Normal,Normal,0.9993316531181335,1
mqtt_preprocessed_v2.csv,4933,-1,-1,0,0,Normal,Normal,0.9998794794082642,1
mqtt_preprocessed_v2.csv,4934,-1,-1,0,0,Normal,Normal,0.9995751976966858,1
mqtt_preprocessed_v2.csv,4935,-1,-1,0,0,Normal,Normal,0.951549232006073,1
mqtt_preprocessed_v2.csv,4936,-1,-1,0,0,Normal,Normal,0.9999440908432007,1
mqtt_preprocessed_v2.csv,4937,-1,-1,0,0,Normal,Normal,0.9998425245285034,1
mqtt_preprocessed_v2.csv,4938,-1,-1,0,0,Normal,Normal,0.9999455213546753,1
mqtt_preprocessed_v2.csv,4939,-1,-1,0,0,Normal,Normal,0.9999375343322754,1
mqtt_preprocessed_v2.csv,4940,-1,-1,0,0,Normal,Normal,0.9999454021453857,1
mqtt_preprocessed_v2.csv,4941,-1,-1,0,0,Normal,Normal,0.9999362230300903,1
mqtt_preprocessed_v2.csv,4942,-1,-1,0,0,Normal,Normal,0.990467369556427,1
mqtt_preprocessed_v2.csv,4943,-1,-1,0,0,Normal,Normal,0.999943733215332,1
mqtt_preprocessed_v2.csv,4944,-1,-1,0,0,Normal,Normal,0.9999427795410156,1
mqtt_preprocessed_v2.csv,4945,-1,-1,0,0,Normal,Normal,0.9999421834945679,1
mqtt_preprocessed_v2.csv,4946,-1,-1,0,0,Normal,Normal,0.9997007846832275,1
mqtt_preprocessed_v2.csv,4947,-1,-1,0,0,Normal,Normal,0.6376527547836304,1
mqtt_preprocessed_v2.csv,4948,-1,-1,0,0,Normal,Normal,0.9998142123222351,1
mqtt_preprocessed_v2.csv,4949,-1,-1,0,0,Normal,Normal,0.9995225667953491,1
mqtt_preprocessed_v2.csv,4950,-1,-1,0,0,Normal,Normal,0.9993177652359009,1
mqtt_preprocessed_v2.csv,4951,-1,-1,0,0,Normal,Normal,0.9995802044868469,1
mqtt_preprocessed_v2.csv,4952,-1,-1,0,0,Normal,Normal,0.9997101426124573,1
mqtt_preprocessed_v2.csv,4953,-1,-1,0,0,Normal,Normal,0.9998953342437744,1
mqtt_preprocessed_v2.csv,4954,-1,-1,0,0,Normal,Normal,0.9999483823776245,1
mqtt_preprocessed_v2.csv,4955,-1,-1,0,0,Normal,Normal,0.9999446868896484,1
mqtt_preprocessed_v2.csv,4956,-1,-1,0,0,Normal,Normal,0.9996751546859741,1
mqtt_preprocessed_v2.csv,4957,-1,-1,0,0,Normal,Normal,0.9999158382415771,1
mqtt_preprocessed_v2.csv,4958,-1,-1,0,0,Normal,Normal,0.9999446868896484,1
mqtt_preprocessed_v2.csv,4959,-1,-1,0,0,Normal,Normal,0.9996556043624878,1
mqtt_preprocessed_v2.csv,4960,-1,-1,0,0,Normal,Normal,0.999947190284729,1
mqtt_preprocessed_v2.csv,4961,-1,-1,0,0,Normal,Normal,0.9999066591262817,1
mqtt_preprocessed_v2.csv,4962,-1,-1,0,0,Normal,Normal,0.999950647354126,1
mqtt_preprocessed_v2.csv,4963,-1,-1,0,0,Normal,Normal,0.999941349029541,1
mqtt_preprocessed_v2.csv,4964,-1,-1,0,0,Normal,Normal,0.9999475479125977,1
mqtt_preprocessed_v2.csv,4965,-1,-1,0,0,Normal,Normal,0.9999414682388306,1
mqtt_preprocessed_v2.csv,4966,-1,-1,0,0,Normal,Normal,0.9999438524246216,1
mqtt_preprocessed_v2.csv,4967,-1,-1,0,0,Normal,Normal,0.9999450445175171,1
mqtt_preprocessed_v2.csv,4968,-1,-1,0,0,Normal,Normal,0.9998736381530762,1
mqtt_preprocessed_v2.csv,4969,-1,-1,0,0,Normal,Normal,0.9999175071716309,1
mqtt_preprocessed_v2.csv,4970,-1,-1,0,0,Normal,Normal,0.9999024868011475,1
mqtt_preprocessed_v2.csv,4971,-1,-1,0,0,Normal,Normal,0.9999306201934814,1
mqtt_preprocessed_v2.csv,4972,-1,-1,0,0,Normal,Normal,0.9999450445175171,1
mqtt_preprocessed_v2.csv,4973,-1,-1,0,0,Normal,Normal,0.9999452829360962,1
mqtt_preprocessed_v2.csv,4974,-1,-1,0,0,Normal,Normal,0.9999394416809082,1
mqtt_preprocessed_v2.csv,4975,-1,-1,0,0,Normal,Normal,0.9999442100524902,1
mqtt_preprocessed_v2.csv,4976,-1,-1,0,0,Normal,Normal,0.999900221824646,1
mqtt_preprocessed_v2.csv,4977,-1,-1,0,0,Normal,Normal,0.9999203681945801,1
mqtt_preprocessed_v2.csv,4978,-1,-1,0,0,Normal,Normal,0.9999465942382812,1
mqtt_preprocessed_v2.csv,4979,-1,-1,0,0,Normal,Normal,0.9999432563781738,1
mqtt_preprocessed_v2.csv,4980,-1,-1,0,0,Normal,Normal,0.9999465942382812,1
mqtt_preprocessed_v2.csv,4981,-1,-1,0,0,Normal,Normal,0.9999444484710693,1
mqtt_preprocessed_v2.csv,4982,-1,-1,0,0,Normal,Normal,0.9997007846832275,1
mqtt_preprocessed_v2.csv,4983,-1,-1,0,0,Normal,Normal,0.9999464750289917,1
mqtt_preprocessed_v2.csv,4984,-1,-1,0,0,Normal,Normal,0.9999338388442993,1
mqtt_preprocessed_v2.csv,4985,-1,-1,0,0,Normal,Normal,0.9976149797439575,1
mqtt_preprocessed_v2.csv,4986,-1,-1,0,0,Normal,Normal,0.9999463558197021,1
mqtt_preprocessed_v2.csv,4987,-1,-1,0,0,Normal,Normal,0.999579131603241,1
mqtt_preprocessed_v2.csv,4988,-1,-1,0,0,Normal,Normal,0.9999324083328247,1
mqtt_preprocessed_v2.csv,4989,-1,-1,0,0,Normal,Normal,0.9998974800109863,1
mqtt_preprocessed_v2.csv,4990,-1,-1,0,0,Normal,Normal,0.997612714767456,1
mqtt_preprocessed_v2.csv,4991,-1,-1,0,0,Normal,Normal,0.9998499155044556,1
mqtt_preprocessed_v2.csv,4992,-1,-1,0,0,Normal,Normal,0.9999443292617798,1
mqtt_preprocessed_v2.csv,4993,-1,-1,0,0,Normal,Normal,0.9999417066574097,1
mqtt_preprocessed_v2.csv,4994,-1,-1,0,0,Normal,Normal,0.9999476671218872,1
mqtt_preprocessed_v2.csv,4995,-1,-1,0,0,Normal,Normal,0.9999464750289917,1
mqtt_preprocessed_v2.csv,4996,-1,-1,0,0,Normal,Normal,0.9998635053634644,1
mqtt_preprocessed_v2.csv,4997,-1,-1,0,0,Normal,Normal,0.9998133778572083,1
mqtt_preprocessed_v2.csv,4998,-1,-1,0,0,Normal,Normal,0.9999446868896484,1
mqtt_preprocessed_v2.csv,4999,-1,-1,0,0,Normal,Normal,0.9999438524246216,1
mqtt_preprocessed_v2.csv,5000,-1,-1,0,0,Normal,Normal,0.9997506737709045,1
mqtt_preprocessed_v2.csv,5001,-1,-1,0,0,Normal,Normal,0.9999476671218872,1
mqtt_preprocessed_v2.csv,5002,-1,-1,0,0,Normal,Normal,0.9998294115066528,1
mqtt_preprocessed_v2.csv,5003,-1,-1,0,0,Normal,Normal,0.9999443292617798,1
mqtt_preprocessed_v2.csv,5004,-1,-1,0,0,Normal,Normal,0.9999349117279053,1
mqtt_preprocessed_v2.csv,5005,-1,-1,0,0,Normal,Normal,0.9999517202377319,1
mqtt_preprocessed_v2.csv,5006,-1,-1,0,0,Normal,Normal,0.9999321699142456,1
mqtt_preprocessed_v2.csv,5007,-1,-1,0,0,Normal,Normal,0.9999443292617798,1
mqtt_preprocessed_v2.csv,5008,-1,-1,0,0,Normal,Normal,0.9999423027038574,1
mqtt_preprocessed_v2.csv,5009,-1,-1,0,0,Normal,Normal,0.9999470710754395,1
mqtt_preprocessed_v2.csv,5010,-1,-1,0,0,Normal,Normal,0.9999241828918457,1
mqtt_preprocessed_v2.csv,5011,-1,-1,0,0,Normal,Normal,0.9999181032180786,1
mqtt_preprocessed_v2.csv,5012,-1,-1,0,0,Normal,Normal,0.9997935891151428,1
mqtt_preprocessed_v2.csv,5013,-1,-1,0,0,Normal,Normal,0.9999480247497559,1
mqtt_preprocessed_v2.csv,5014,-1,-1,0,0,Normal,Normal,0.9999366998672485,1
mqtt_preprocessed_v2.csv,5015,-1,-1,0,0,Normal,Normal,0.9976934790611267,1
mqtt_preprocessed_v2.csv,5016,-1,-1,0,0,Normal,Normal,0.9999480247497559,1
mqtt_preprocessed_v2.csv,5017,-1,-1,0,0,Normal,Normal,0.999944806098938,1
mqtt_preprocessed_v2.csv,5018,-1,-1,0,0,Normal,Normal,0.9999219179153442,1
mqtt_preprocessed_v2.csv,5019,-1,-1,0,0,Normal,Normal,0.999942421913147,1
mqtt_preprocessed_v2.csv,5020,-1,-1,0,0,Normal,Normal,0.9999451637268066,1
mqtt_preprocessed_v2.csv,5021,-1,-1,0,0,Normal,Normal,0.9999456405639648,1
mqtt_preprocessed_v2.csv,5022,-1,-1,0,0,Normal,Normal,0.9999381303787231,1
mqtt_preprocessed_v2.csv,5023,-1,-1,0,0,Normal,Normal,0.9999440908432007,1
mqtt_preprocessed_v2.csv,5024,-1,-1,0,0,Normal,Normal,0.9136547446250916,1
mqtt_preprocessed_v2.csv,5025,-1,-1,0,0,Normal,Normal,0.9999486207962036,1
mqtt_preprocessed_v2.csv,5026,-1,-1,0,0,Normal,Normal,0.9999434947967529,1
mqtt_preprocessed_v2.csv,5027,-1,-1,0,0,Normal,Normal,0.9997838139533997,1
mqtt_preprocessed_v2.csv,5028,-1,-1,0,0,Normal,Normal,0.9999287128448486,1
mqtt_preprocessed_v2.csv,5029,-1,-1,0,0,Normal,Normal,0.9999146461486816,1
mqtt_preprocessed_v2.csv,5030,-1,-1,0,0,Normal,Normal,0.9978005290031433,1
mqtt_preprocessed_v2.csv,5031,-1,-1,0,0,Normal,Normal,0.9999319314956665,1
mqtt_preprocessed_v2.csv,5032,-1,-1,0,0,Normal,Normal,0.9896259903907776,1
mqtt_preprocessed_v2.csv,5033,-1,-1,0,0,Normal,Normal,0.9710950255393982,1
mqtt_preprocessed_v2.csv,5034,-1,-1,0,0,Normal,Normal,0.9978002905845642,1
mqtt_preprocessed_v2.csv,5035,-1,-1,0,0,Normal,Normal,0.9998260140419006,1
mqtt_preprocessed_v2.csv,5036,-1,-1,0,0,Normal,Normal,0.9999456405639648,1
mqtt_preprocessed_v2.csv,5037,-1,-1,0,0,Normal,Normal,0.9999315738677979,1
mqtt_preprocessed_v2.csv,5038,-1,-1,0,0,Normal,Normal,0.9997928738594055,1
mqtt_preprocessed_v2.csv,5039,-1,-1,0,0,Normal,Normal,0.9999141693115234,1
mqtt_preprocessed_v2.csv,5040,-1,-1,0,0,Normal,Normal,0.9998779296875,1
mqtt_preprocessed_v2.csv,5041,-1,-1,0,0,Normal,Normal,0.9999426603317261,1
mqtt_preprocessed_v2.csv,5042,-1,-1,0,0,Normal,Normal,0.9999352693557739,1
mqtt_preprocessed_v2.csv,5043,-1,-1,0,0,Normal,Normal,0.9999476671218872,1
mqtt_preprocessed_v2.csv,5044,-1,-1,0,0,Normal,Normal,0.9999451637268066,1
mqtt_preprocessed_v2.csv,5045,-1,-1,0,0,Normal,Normal,0.9999122619628906,1
mqtt_preprocessed_v2.csv,5046,-1,-1,0,0,Normal,Normal,0.9999415874481201,1
mqtt_preprocessed_v2.csv,5047,-1,-1,0,0,Normal,Normal,0.9999487400054932,1
mqtt_preprocessed_v2.csv,5048,-1,-1,0,0,Normal,Normal,0.9999414682388306,1
mqtt_preprocessed_v2.csv,5049,-1,-1,0,0,Normal,Normal,0.999933123588562,1
mqtt_preprocessed_v2.csv,5050,-1,-1,0,0,Normal,Normal,0.9999452829360962,1
mqtt_preprocessed_v2.csv,5051,-1,-1,0,0,Normal,Normal,0.9999489784240723,1
mqtt_preprocessed_v2.csv,5052,-1,-1,0,0,Normal,Normal,0.9999457597732544,1
mqtt_preprocessed_v2.csv,5053,-1,-1,0,0,Normal,Normal,0.9999463558197021,1
mqtt_preprocessed_v2.csv,5054,-1,-1,0,0,Normal,Normal,0.9999465942382812,1
mqtt_preprocessed_v2.csv,5055,-1,-1,0,0,Normal,Normal,0.999894380569458,1
mqtt_preprocessed_v2.csv,5056,-1,-1,0,0,Normal,Normal,0.9999357461929321,1
mqtt_preprocessed_v2.csv,5057,-1,-1,0,0,Normal,Normal,0.9514132738113403,1
mqtt_preprocessed_v2.csv,5058,-1,-1,0,0,Normal,Normal,0.999944806098938,1
mqtt_preprocessed_v2.csv,5059,-1,-1,0,0,Normal,Normal,0.9998001456260681,1
mqtt_preprocessed_v2.csv,5060,-1,-1,0,0,Normal,Normal,0.9977962970733643,1
mqtt_preprocessed_v2.csv,5061,-1,-1,0,0,Normal,Normal,0.9995736479759216,1
mqtt_preprocessed_v2.csv,5062,-1,-1,0,0,Normal,Normal,0.9999395608901978,1
mqtt_preprocessed_v2.csv,5063,-1,-1,0,0,Normal,Normal,0.5952698588371277,1
mqtt_preprocessed_v2.csv,5064,-1,-1,0,0,Normal,Normal,0.9999454021453857,1
mqtt_preprocessed_v2.csv,5065,-1,-1,0,0,Normal,Normal,0.9995111227035522,1
mqtt_preprocessed_v2.csv,5066,-1,-1,0,0,Normal,Normal,0.9999419450759888,1
mqtt_preprocessed_v2.csv,5067,-1,-1,0,0,Normal,Normal,0.9999054670333862,1
mqtt_preprocessed_v2.csv,5068,-1,-1,0,0,Normal,Normal,0.9977983832359314,1
mqtt_preprocessed_v2.csv,5069,-1,-1,0,0,Normal,Normal,0.999953031539917,1
mqtt_preprocessed_v2.csv,5070,-1,-1,0,0,Normal,Normal,0.9977746605873108,1
mqtt_preprocessed_v2.csv,5071,-1,-1,0,0,Normal,Normal,0.9997896552085876,1
mqtt_preprocessed_v2.csv,5072,-1,-1,0,0,Normal,Normal,0.9999426603317261,1
mqtt_preprocessed_v2.csv,5073,-1,-1,0,0,Normal,Normal,0.9999368190765381,1
mqtt_preprocessed_v2.csv,5074,-1,-1,0,0,Normal,Normal,0.9999421834945679,1
mqtt_preprocessed_v2.csv,5075,-1,-1,0,0,Normal,Normal,0.9997376799583435,1
mqtt_preprocessed_v2.csv,5076,-1,-1,0,0,Normal,Normal,0.9999417066574097,1
mqtt_preprocessed_v2.csv,5077,-1,-1,0,0,Normal,Normal,0.999943733215332,1
mqtt_preprocessed_v2.csv,5078,-1,-1,0,0,Normal,Normal,0.9998496770858765,1
mqtt_preprocessed_v2.csv,5079,-1,-1,0,0,Normal,Normal,0.9999380111694336,1
mqtt_preprocessed_v2.csv,5080,-1,-1,0,0,Normal,Normal,0.9532870054244995,1
mqtt_preprocessed_v2.csv,5081,-1,-1,0,0,Normal,Normal,0.9977992177009583,1
mqtt_preprocessed_v2.csv,5082,-1,-1,0,0,Normal,Normal,0.9993306398391724,1
mqtt_preprocessed_v2.csv,5083,-1,-1,0,0,Normal,Normal,0.9999384880065918,1
mqtt_preprocessed_v2.csv,5084,-1,-1,0,0,Normal,Normal,0.9999443292617798,1
mqtt_preprocessed_v2.csv,5085,-1,-1,0,0,Normal,Normal,0.9999454021453857,1
mqtt_preprocessed_v2.csv,5086,-1,-1,0,0,Normal,Normal,0.9999477863311768,1
mqtt_preprocessed_v2.csv,5087,-1,-1,0,0,Normal,Normal,0.999942421913147,1
mqtt_preprocessed_v2.csv,5088,-1,-1,0,0,Normal,Normal,0.9999403953552246,1
mqtt_preprocessed_v2.csv,5089,-1,-1,0,0,Normal,Normal,0.9999465942382812,1
mqtt_preprocessed_v2.csv,5090,-1,-1,0,0,Normal,Normal,0.9999455213546753,1
mqtt_preprocessed_v2.csv,5091,-1,-1,0,0,Normal,Normal,0.9999418258666992,1
mqtt_preprocessed_v2.csv,5092,-1,-1,0,0,Normal,Normal,0.9999457597732544,1
mqtt_preprocessed_v2.csv,5093,-1,-1,0,0,Normal,Normal,0.9999423027038574,1
mqtt_preprocessed_v2.csv,5094,-1,-1,0,0,Normal,Normal,0.9999191761016846,1
mqtt_preprocessed_v2.csv,5095,-1,-1,0,0,Normal,Normal,0.9999496936798096,1
mqtt_preprocessed_v2.csv,5096,-1,-1,0,0,Normal,Normal,0.9999560117721558,1
mqtt_preprocessed_v2.csv,5097,-1,-1,0,0,Normal,Normal,0.9999313354492188,1
mqtt_preprocessed_v2.csv,5098,-1,-1,0,0,Normal,Normal,0.9999321699142456,1
mqtt_preprocessed_v2.csv,5099,-1,-1,0,0,Normal,Normal,0.9999332427978516,1
mqtt_preprocessed_v2.csv,5100,-1,-1,0,0,Normal,Normal,0.99993896484375,1
mqtt_preprocessed_v2.csv,5101,-1,-1,0,0,Normal,Normal,0.99970942735672,1
mqtt_preprocessed_v2.csv,5102,-1,-1,0,0,Normal,Normal,0.999942421913147,1
mqtt_preprocessed_v2.csv,5103,-1,-1,0,0,Normal,Normal,0.9999326467514038,1
mqtt_preprocessed_v2.csv,5104,-1,-1,0,0,Normal,Normal,0.9777912497520447,1
mqtt_preprocessed_v2.csv,5105,-1,-1,0,0,Normal,Normal,0.9999351501464844,1
mqtt_preprocessed_v2.csv,5106,-1,-1,0,0,Normal,Normal,0.9999418258666992,1
mqtt_preprocessed_v2.csv,5107,-1,-1,0,0,Normal,Normal,0.999812662601471,1
mqtt_preprocessed_v2.csv,5108,-1,-1,0,0,Normal,Normal,0.9979550838470459,1
mqtt_preprocessed_v2.csv,5109,-1,-1,0,0,Normal,Normal,0.999945878982544,1
mqtt_preprocessed_v2.csv,5110,-1,-1,0,0,Normal,Normal,0.9999241828918457,1
mqtt_preprocessed_v2.csv,5111,-1,-1,0,0,Normal,Normal,0.9977994561195374,1
mqtt_preprocessed_v2.csv,5112,-1,-1,0,0,Normal,Normal,0.9999357461929321,1
mqtt_preprocessed_v2.csv,5113,-1,-1,0,0,Normal,Normal,0.9840273857116699,1
mqtt_preprocessed_v2.csv,5114,-1,-1,0,0,Normal,Normal,0.9998421669006348,1
mqtt_preprocessed_v2.csv,5115,-1,-1,0,0,Normal,Normal,0.9999384880065918,1
mqtt_preprocessed_v2.csv,5116,-1,-1,0,0,Normal,Normal,0.9983075857162476,1
mqtt_preprocessed_v2.csv,5117,-1,-1,0,0,Normal,Normal,0.9999102354049683,1
mqtt_preprocessed_v2.csv,5118,-1,-1,0,0,Normal,Normal,0.9999433755874634,1
mqtt_preprocessed_v2.csv,5119,-1,-1,0,0,Normal,Normal,0.9999417066574097,1
mqtt_preprocessed_v2.csv,5120,-1,-1,0,0,Normal,Normal,0.999948263168335,1
mqtt_preprocessed_v2.csv,5121,-1,-1,0,0,Normal,Normal,0.9998001456260681,1
mqtt_preprocessed_v2.csv,5122,-1,-1,0,0,Normal,Normal,0.9993348717689514,1
mqtt_preprocessed_v2.csv,5123,-1,-1,0,0,Normal,Normal,0.9999406337738037,1
mqtt_preprocessed_v2.csv,5124,-1,-1,0,0,Normal,Normal,0.9710730910301208,1
mqtt_preprocessed_v2.csv,5125,-1,-1,0,0,Normal,Normal,0.9764900207519531,1
mqtt_preprocessed_v2.csv,5126,-1,-1,0,0,Normal,Normal,0.9999164342880249,1
mqtt_preprocessed_v2.csv,5127,-1,-1,0,0,Normal,Normal,0.9999433755874634,1
mqtt_preprocessed_v2.csv,5128,-1,-1,0,0,Normal,Normal,0.9998610019683838,1
mqtt_preprocessed_v2.csv,5129,-1,-1,0,0,Normal,Normal,0.9999334812164307,1
mqtt_preprocessed_v2.csv,5130,-1,-1,0,0,Normal,Normal,0.9999306201934814,1
mqtt_preprocessed_v2.csv,5131,-1,-1,0,0,Normal,Normal,0.9993379712104797,1
mqtt_preprocessed_v2.csv,5132,-1,-1,0,0,Normal,Normal,0.9997004270553589,1
mqtt_preprocessed_v2.csv,5133,-1,-1,0,0,Normal,Normal,0.9998446702957153,1
mqtt_preprocessed_v2.csv,5134,-1,-1,0,0,Normal,Normal,0.9998082518577576,1
mqtt_preprocessed_v2.csv,5135,-1,-1,0,0,Normal,Normal,0.9999387264251709,1
mqtt_preprocessed_v2.csv,5136,-1,-1,0,0,Normal,Normal,0.9978013634681702,1
mqtt_preprocessed_v2.csv,5137,-1,-1,0,0,Normal,Normal,0.999945878982544,1
mqtt_preprocessed_v2.csv,5138,-1,-1,0,0,Normal,Normal,0.9999356269836426,1
mqtt_preprocessed_v2.csv,5139,-1,-1,0,0,Normal,Normal,0.9999431371688843,1
mqtt_preprocessed_v2.csv,5140,-1,-1,0,0,Normal,Normal,0.9999462366104126,1
mqtt_preprocessed_v2.csv,5141,-1,-1,0,0,Normal,Normal,0.9999001026153564,1
mqtt_preprocessed_v2.csv,5142,-1,-1,0,0,Normal,Normal,0.9998927116394043,1
mqtt_preprocessed_v2.csv,5143,-1,-1,0,0,Normal,Normal,0.9999034404754639,1
mqtt_preprocessed_v2.csv,5144,-1,-1,0,0,Normal,Normal,0.975818932056427,1
mqtt_preprocessed_v2.csv,5145,-1,-1,0,0,Normal,Normal,0.9992652535438538,1
mqtt_preprocessed_v2.csv,5146,-1,-1,0,0,Normal,Normal,0.9999459981918335,1
mqtt_preprocessed_v2.csv,5147,-1,-1,0,0,Normal,Normal,0.9999420642852783,1
mqtt_preprocessed_v2.csv,5148,-1,-1,0,0,Normal,Normal,0.9999411106109619,1
mqtt_preprocessed_v2.csv,5149,-1,-1,0,0,Normal,Normal,0.973379373550415,1
mqtt_preprocessed_v2.csv,5150,-1,-1,0,0,Normal,Normal,0.9733384251594543,1
mqtt_preprocessed_v2.csv,5151,-1,-1,0,0,Normal,Normal,0.9999475479125977,1
mqtt_preprocessed_v2.csv,5152,-1,-1,0,0,Normal,Normal,0.9999476671218872,1
mqtt_preprocessed_v2.csv,5153,-1,-1,0,0,Normal,Normal,0.9999352693557739,1
mqtt_preprocessed_v2.csv,5154,-1,-1,0,0,Normal,Normal,0.9999397993087769,1
mqtt_preprocessed_v2.csv,5155,-1,-1,0,0,Normal,Normal,0.9999159574508667,1
mqtt_preprocessed_v2.csv,5156,-1,-1,0,0,Normal,Normal,0.9999433755874634,1
mqtt_preprocessed_v2.csv,5157,-1,-1,0,0,Normal,Normal,0.9999333620071411,1
mqtt_preprocessed_v2.csv,5158,-1,-1,0,0,Normal,Normal,0.9977960586547852,1
mqtt_preprocessed_v2.csv,5159,-1,-1,0,0,Normal,Normal,0.999854564666748,1
mqtt_preprocessed_v2.csv,5160,-1,-1,0,0,Normal,Normal,0.9999468326568604,1
mqtt_preprocessed_v2.csv,5161,-1,-1,0,0,Normal,Normal,0.9999163150787354,1
mqtt_preprocessed_v2.csv,5162,-1,-1,0,0,Normal,Normal,0.9999251365661621,1
mqtt_preprocessed_v2.csv,5163,-1,-1,0,0,Normal,Normal,0.9999330043792725,1
mqtt_preprocessed_v2.csv,5164,-1,-1,0,0,Normal,Normal,0.9997572302818298,1
mqtt_preprocessed_v2.csv,5165,-1,-1,0,0,Normal,Normal,0.9999469518661499,1
mqtt_preprocessed_v2.csv,5166,-1,-1,0,0,Normal,Normal,0.9999473094940186,1
mqtt_preprocessed_v2.csv,5167,-1,-1,0,0,Normal,Normal,0.999927282333374,1
mqtt_preprocessed_v2.csv,5168,-1,-1,0,0,Normal,Normal,0.9999340772628784,1
mqtt_preprocessed_v2.csv,5169,-1,-1,0,0,Normal,Normal,0.9999250173568726,1
mqtt_preprocessed_v2.csv,5170,-1,-1,0,0,Normal,Normal,0.9998470544815063,1
mqtt_preprocessed_v2.csv,5171,-1,-1,0,0,Normal,Normal,0.9999411106109619,1
mqtt_preprocessed_v2.csv,5172,-1,-1,0,0,Normal,Normal,0.999832272529602,1
mqtt_preprocessed_v2.csv,5173,-1,-1,0,0,Normal,Normal,0.9999473094940186,1
mqtt_preprocessed_v2.csv,5174,-1,-1,0,0,Normal,Normal,0.9998780488967896,1
mqtt_preprocessed_v2.csv,5175,-1,-1,0,0,Normal,Normal,0.9999434947967529,1
mqtt_preprocessed_v2.csv,5176,-1,-1,0,0,Normal,Normal,0.9999504089355469,1
mqtt_preprocessed_v2.csv,5177,-1,-1,0,0,Normal,Normal,0.9998519420623779,1
mqtt_preprocessed_v2.csv,5178,-1,-1,0,0,Normal,Normal,0.6525071859359741,1
mqtt_preprocessed_v2.csv,5179,-1,-1,0,0,Normal,Normal,0.9995282888412476,1
mqtt_preprocessed_v2.csv,5180,-1,-1,0,0,Normal,Normal,0.9997451901435852,1
mqtt_preprocessed_v2.csv,5181,-1,-1,0,0,Normal,Normal,0.9840120077133179,1
mqtt_preprocessed_v2.csv,5182,-1,-1,0,0,Normal,Normal,0.9998440742492676,1
mqtt_preprocessed_v2.csv,5183,-1,-1,0,0,Normal,Normal,0.9999483823776245,1
mqtt_preprocessed_v2.csv,5184,-1,-1,0,0,Normal,Normal,0.9998626708984375,1
mqtt_preprocessed_v2.csv,5185,-1,-1,0,0,Normal,Normal,0.999945878982544,1
mqtt_preprocessed_v2.csv,5186,-1,-1,0,0,Normal,Normal,0.9999459981918335,1
mqtt_preprocessed_v2.csv,5187,-1,-1,0,0,Normal,Normal,0.9999581575393677,1
mqtt_preprocessed_v2.csv,5188,-1,-1,0,0,Normal,Normal,0.9995797276496887,1
mqtt_preprocessed_v2.csv,5189,-1,-1,0,0,Normal,Normal,0.999552309513092,1
mqtt_preprocessed_v2.csv,5190,-1,-1,0,0,Normal,Normal,0.9998478889465332,1
mqtt_preprocessed_v2.csv,5191,-1,-1,0,0,Normal,Normal,0.9853480458259583,1
mqtt_preprocessed_v2.csv,5192,-1,-1,0,0,Normal,Normal,0.9999160766601562,1
mqtt_preprocessed_v2.csv,5193,-1,-1,0,0,Normal,Normal,0.9806922674179077,1
mqtt_preprocessed_v2.csv,5194,-1,-1,0,0,Normal,Normal,0.9998371601104736,1
mqtt_preprocessed_v2.csv,5195,-1,-1,0,0,Normal,Normal,0.9999159574508667,1
mqtt_preprocessed_v2.csv,5196,-1,-1,0,0,Normal,Normal,0.9999120235443115,1
mqtt_preprocessed_v2.csv,5197,-1,-1,0,0,Normal,Normal,0.7350384593009949,1
mqtt_preprocessed_v2.csv,5198,-1,-1,0,0,Normal,Normal,0.9995555281639099,1
mqtt_preprocessed_v2.csv,5199,-1,-1,0,0,Normal,Normal,0.9996213912963867,1
mqtt_preprocessed_v2.csv,5200,-1,-1,0,0,Normal,Normal,0.9996641874313354,1
mqtt_preprocessed_v2.csv,5201,-1,-1,0,0,Normal,Normal,0.9834113717079163,1
mqtt_preprocessed_v2.csv,5202,-1,-1,0,0,Normal,Normal,0.99994957447052,1
mqtt_preprocessed_v2.csv,5203,-1,-1,0,0,Normal,Normal,0.9999550580978394,1
mqtt_preprocessed_v2.csv,5204,-1,-1,0,0,Normal,Normal,0.9818081259727478,1
mqtt_preprocessed_v2.csv,5205,-1,-1,0,0,Normal,Normal,0.9997861981391907,1
mqtt_preprocessed_v2.csv,5206,-1,-1,0,0,Normal,Normal,0.999907374382019,1
mqtt_preprocessed_v2.csv,5207,-1,-1,0,0,Normal,Normal,0.9999160766601562,1
mqtt_preprocessed_v2.csv,5208,-1,-1,0,0,Normal,Normal,0.9896159172058105,1
mqtt_preprocessed_v2.csv,5209,-1,-1,0,0,Normal,Normal,0.9997164607048035,1
mqtt_preprocessed_v2.csv,5210,-1,-1,0,0,Normal,Normal,0.9999470710754395,1
mqtt_preprocessed_v2.csv,5211,-1,-1,0,0,Normal,Normal,0.9999465942382812,1
mqtt_preprocessed_v2.csv,5212,-1,-1,0,0,Normal,Normal,0.9997201561927795,1
mqtt_preprocessed_v2.csv,5213,-1,-1,0,0,Normal,Normal,0.9998857975006104,1
mqtt_preprocessed_v2.csv,5214,-1,-1,0,0,Normal,Normal,0.9999480247497559,1
mqtt_preprocessed_v2.csv,5215,-1,-1,0,0,Normal,Normal,0.9999479055404663,1
mqtt_preprocessed_v2.csv,5216,-1,-1,0,0,Normal,Normal,0.9996429681777954,1
mqtt_preprocessed_v2.csv,5217,-1,-1,0,0,Normal,Normal,0.9997932314872742,1
mqtt_preprocessed_v2.csv,5218,-1,-1,0,0,Normal,Normal,0.9996321201324463,1
mqtt_preprocessed_v2.csv,5219,-1,-1,0,0,Normal,Normal,0.999947190284729,1
mqtt_preprocessed_v2.csv,5220,-1,-1,0,0,Normal,Normal,0.9999438524246216,1
mqtt_preprocessed_v2.csv,5221,-1,-1,0,0,Normal,Normal,0.9999382495880127,1
mqtt_preprocessed_v2.csv,5222,-1,-1,0,0,Normal,Normal,0.9997854828834534,1
mqtt_preprocessed_v2.csv,5223,-1,-1,0,0,Normal,Normal,0.9138312339782715,1
mqtt_preprocessed_v2.csv,5224,-1,-1,0,0,Normal,Normal,0.9999485015869141,1
mqtt_preprocessed_v2.csv,5225,-1,-1,0,0,Normal,Normal,0.9981005787849426,1
mqtt_preprocessed_v2.csv,5226,-1,-1,0,0,Normal,Normal,0.9993304014205933,1
mqtt_preprocessed_v2.csv,5227,-1,-1,0,0,Normal,Normal,0.9999539852142334,1
mqtt_preprocessed_v2.csv,5228,-1,-1,0,0,Normal,Normal,0.9999500513076782,1
mqtt_preprocessed_v2.csv,5229,-1,-1,0,0,Normal,Normal,0.9998589754104614,1
mqtt_preprocessed_v2.csv,5230,-1,-1,0,0,Normal,Normal,0.9866859912872314,1
mqtt_preprocessed_v2.csv,5231,-1,-1,0,0,Normal,Normal,0.9997588992118835,1
mqtt_preprocessed_v2.csv,5232,-1,-1,0,0,Normal,Normal,0.999946117401123,1
mqtt_preprocessed_v2.csv,5233,-1,-1,0,0,Normal,Normal,0.9984650611877441,1
mqtt_preprocessed_v2.csv,5234,-1,-1,0,0,Normal,Normal,0.9999321699142456,1
mqtt_preprocessed_v2.csv,5235,-1,-1,0,0,Normal,Normal,0.9996064305305481,1
mqtt_preprocessed_v2.csv,5236,-1,-1,0,0,Normal,Normal,0.999945878982544,1
mqtt_preprocessed_v2.csv,5237,-1,-1,0,0,Normal,Normal,0.9994258880615234,1
mqtt_preprocessed_v2.csv,5238,-1,-1,0,0,Normal,Normal,0.9999473094940186,1
mqtt_preprocessed_v2.csv,5239,-1,-1,0,0,Normal,Normal,0.9999200105667114,1
mqtt_preprocessed_v2.csv,5240,-1,-1,0,0,Normal,Normal,0.9993379712104797,1
mqtt_preprocessed_v2.csv,5241,-1,-1,0,0,Normal,Normal,0.9999281167984009,1
mqtt_preprocessed_v2.csv,5242,-1,-1,0,0,Normal,Normal,0.9999470710754395,1
mqtt_preprocessed_v2.csv,5243,-1,-1,0,0,Normal,Normal,0.9999493360519409,1
mqtt_preprocessed_v2.csv,5244,-1,-1,0,0,Normal,Normal,0.9997904896736145,1
mqtt_preprocessed_v2.csv,5245,-1,-1,0,0,Normal,Normal,0.9997854828834534,1
mqtt_preprocessed_v2.csv,5246,-1,-1,0,0,Normal,Normal,0.9998805522918701,1
mqtt_preprocessed_v2.csv,5247,-1,-1,0,0,Normal,Normal,0.9998598098754883,1
mqtt_preprocessed_v2.csv,5248,-1,-1,0,0,Normal,Normal,0.9993263483047485,1
mqtt_preprocessed_v2.csv,5249,-1,-1,0,0,Normal,Normal,0.9999028444290161,1
mqtt_preprocessed_v2.csv,5250,-1,-1,0,0,Normal,Normal,0.9999053478240967,1
mqtt_preprocessed_v2.csv,5251,-1,-1,0,0,Normal,Normal,0.9993512034416199,1
mqtt_preprocessed_v2.csv,5252,-1,-1,0,0,Normal,Normal,0.9997358918190002,1
mqtt_preprocessed_v2.csv,5253,-1,-1,0,0,Normal,Normal,0.9999496936798096,1
mqtt_preprocessed_v2.csv,5254,-1,-1,0,0,Normal,Normal,0.9998780488967896,1
mqtt_preprocessed_v2.csv,5255,-1,-1,0,0,Normal,Normal,0.9984014630317688,1
mqtt_preprocessed_v2.csv,5256,-1,-1,0,0,Normal,Normal,0.9999488592147827,1
mqtt_preprocessed_v2.csv,5257,-1,-1,0,0,Normal,Normal,0.9999046325683594,1
mqtt_preprocessed_v2.csv,5258,-1,-1,0,0,Normal,Normal,0.9999462366104126,1
mqtt_preprocessed_v2.csv,5259,-1,-1,0,0,Normal,Normal,0.9999160766601562,1
mqtt_preprocessed_v2.csv,5260,-1,-1,0,0,Normal,Normal,0.999947190284729,1
mqtt_preprocessed_v2.csv,5261,-1,-1,0,0,Normal,Normal,0.9999480247497559,1
mqtt_preprocessed_v2.csv,5262,-1,-1,0,0,Normal,Normal,0.9998334646224976,1
mqtt_preprocessed_v2.csv,5263,-1,-1,0,0,Normal,Normal,0.9999446868896484,1
mqtt_preprocessed_v2.csv,5264,-1,-1,0,0,Normal,Normal,0.9999045133590698,1
mqtt_preprocessed_v2.csv,5265,-1,-1,0,0,Normal,Normal,0.9999442100524902,1
mqtt_preprocessed_v2.csv,5266,-1,-1,0,0,Normal,Normal,0.9999477863311768,1
mqtt_preprocessed_v2.csv,5267,-1,-1,0,0,Normal,Normal,0.9375596642494202,1
mqtt_preprocessed_v2.csv,5268,-1,-1,0,0,Normal,Normal,0.9999474287033081,1
mqtt_preprocessed_v2.csv,5269,-1,-1,0,0,Normal,Normal,0.9988916516304016,1
mqtt_preprocessed_v2.csv,5270,-1,-1,0,0,Normal,Normal,0.9998611211776733,1
mqtt_preprocessed_v2.csv,5271,-1,-1,0,0,Normal,Normal,0.9997803568840027,1
mqtt_preprocessed_v2.csv,5272,-1,-1,0,0,Normal,Normal,0.9912652373313904,1
mqtt_preprocessed_v2.csv,5273,-1,-1,0,0,Normal,Normal,0.9999164342880249,1
mqtt_preprocessed_v2.csv,5274,-1,-1,0,0,Normal,Normal,0.9998170733451843,1
mqtt_preprocessed_v2.csv,5275,-1,-1,0,0,Normal,Normal,0.9999520778656006,1
mqtt_preprocessed_v2.csv,5276,-1,-1,0,0,Normal,Normal,0.9999463558197021,1
mqtt_preprocessed_v2.csv,5277,-1,-1,0,0,Normal,Normal,0.9994404911994934,1
mqtt_preprocessed_v2.csv,5278,-1,-1,0,0,Normal,Normal,0.9996867179870605,1
mqtt_preprocessed_v2.csv,5279,-1,-1,0,0,Normal,Normal,0.9999021291732788,1
mqtt_preprocessed_v2.csv,5280,-1,-1,0,0,Normal,Normal,0.9999046325683594,1
mqtt_preprocessed_v2.csv,5281,-1,-1,0,0,Normal,Normal,0.9998016953468323,1
mqtt_preprocessed_v2.csv,5282,-1,-1,0,0,Normal,Normal,0.9995201826095581,1
mqtt_preprocessed_v2.csv,5283,-1,-1,0,0,Normal,Normal,0.9995529055595398,1
mqtt_preprocessed_v2.csv,5284,-1,-1,0,0,Normal,Normal,0.9997625946998596,1
mqtt_preprocessed_v2.csv,5285,-1,-1,0,0,Normal,Normal,0.9998754262924194,1
mqtt_preprocessed_v2.csv,5286,-1,-1,0,0,Normal,Normal,0.9999481439590454,1
mqtt_preprocessed_v2.csv,5287,-1,-1,0,0,Normal,Normal,0.9997138381004333,1
mqtt_preprocessed_v2.csv,5288,-1,-1,0,0,Normal,Normal,0.9999498128890991,1
mqtt_preprocessed_v2.csv,5289,-1,-1,0,0,Normal,Normal,0.9989375472068787,1
mqtt_preprocessed_v2.csv,5290,-1,-1,0,0,Normal,Normal,0.9999463558197021,1
mqtt_preprocessed_v2.csv,5291,-1,-1,0,0,Normal,Normal,0.9904682040214539,1
mqtt_preprocessed_v2.csv,5292,-1,-1,0,0,Normal,Normal,0.9998528957366943,1
mqtt_preprocessed_v2.csv,5293,-1,-1,0,0,Normal,Normal,0.9997368454933167,1
mqtt_preprocessed_v2.csv,5294,-1,-1,0,0,Normal,Normal,0.9998366832733154,1
mqtt_preprocessed_v2.csv,5295,-1,-1,0,0,Normal,Normal,0.9998632669448853,1
mqtt_preprocessed_v2.csv,5296,-1,-1,0,0,Normal,Normal,0.9999468326568604,1
mqtt_preprocessed_v2.csv,5297,-1,-1,0,0,Normal,Normal,0.9853488802909851,1
mqtt_preprocessed_v2.csv,5298,-1,-1,0,0,Normal,Normal,0.9998001456260681,1
mqtt_preprocessed_v2.csv,5299,-1,-1,0,0,Normal,Normal,0.9999334812164307,1
mqtt_preprocessed_v2.csv,5300,-1,-1,0,0,Normal,Normal,0.9999440908432007,1
mqtt_preprocessed_v2.csv,5301,-1,-1,0,0,Normal,Normal,0.9999470710754395,1
mqtt_preprocessed_v2.csv,5302,-1,-1,0,0,Normal,Normal,0.9698289036750793,1
mqtt_preprocessed_v2.csv,5303,-1,-1,0,0,Normal,Normal,0.9999487400054932,1
mqtt_preprocessed_v2.csv,5304,-1,-1,0,0,Normal,Normal,0.9999479055404663,1
mqtt_preprocessed_v2.csv,5305,-1,-1,0,0,Normal,Normal,0.9995529055595398,1
mqtt_preprocessed_v2.csv,5306,-1,-1,0,0,Normal,Normal,0.9996590614318848,1
mqtt_preprocessed_v2.csv,5307,-1,-1,0,0,Normal,Normal,0.9998413324356079,1
mqtt_preprocessed_v2.csv,5308,-1,-1,0,0,Normal,Normal,0.9998939037322998,1
mqtt_preprocessed_v2.csv,5309,-1,-1,0,0,Normal,Normal,0.999906063079834,1
mqtt_preprocessed_v2.csv,5310,-1,-1,0,0,Normal,Normal,0.9999159574508667,1
mqtt_preprocessed_v2.csv,5311,-1,-1,0,0,Normal,Normal,0.99994957447052,1
mqtt_preprocessed_v2.csv,5312,-1,-1,0,0,Normal,Normal,0.5644539594650269,1
mqtt_preprocessed_v2.csv,5313,-1,-1,0,0,Normal,Normal,0.9997636675834656,1
mqtt_preprocessed_v2.csv,5314,-1,-1,0,0,Normal,Normal,0.9997069239616394,1
mqtt_preprocessed_v2.csv,5315,-1,-1,0,0,Normal,Normal,0.9999316930770874,1
mqtt_preprocessed_v2.csv,5316,-1,-1,0,0,Normal,Normal,0.9999432563781738,1
mqtt_preprocessed_v2.csv,5317,-1,-1,0,0,Normal,Normal,0.9999504089355469,1
mqtt_preprocessed_v2.csv,5318,-1,-1,0,0,Normal,Normal,0.9999487400054932,1
mqtt_preprocessed_v2.csv,5319,-1,-1,0,0,Normal,Normal,0.966693639755249,1
mqtt_preprocessed_v2.csv,5320,-1,-1,0,0,Normal,Normal,0.9999452829360962,1
mqtt_preprocessed_v2.csv,5321,-1,-1,0,0,Normal,Normal,0.9995527863502502,1
mqtt_preprocessed_v2.csv,5322,-1,-1,0,0,Normal,Normal,0.9997592568397522,1
mqtt_preprocessed_v2.csv,5323,-1,-1,0,0,Normal,Normal,0.9999494552612305,1
mqtt_preprocessed_v2.csv,5324,-1,-1,0,0,Normal,Normal,0.9995529055595398,1
mqtt_preprocessed_v2.csv,5325,-1,-1,0,0,Normal,Normal,0.9999474287033081,1
mqtt_preprocessed_v2.csv,5326,-1,-1,0,0,Normal,Normal,0.9997010827064514,1
mqtt_preprocessed_v2.csv,5327,-1,-1,0,0,Normal,Normal,0.9999480247497559,1
mqtt_preprocessed_v2.csv,5328,-1,-1,0,0,Normal,Normal,0.9999470710754395,1
mqtt_preprocessed_v2.csv,5329,-1,-1,0,0,Normal,Normal,0.9993587136268616,1
mqtt_preprocessed_v2.csv,5330,-1,-1,0,0,Normal,Normal,0.9999439716339111,1
mqtt_preprocessed_v2.csv,5331,-1,-1,0,0,Normal,Normal,0.9999525547027588,1
mqtt_preprocessed_v2.csv,5332,-1,-1,0,0,Normal,Normal,0.9999157190322876,1
mqtt_preprocessed_v2.csv,5333,-1,-1,0,0,Normal,Normal,0.9853522181510925,1
mqtt_preprocessed_v2.csv,5334,-1,-1,0,0,Normal,Normal,0.9999548196792603,1
mqtt_preprocessed_v2.csv,5335,-1,-1,0,0,Normal,Normal,0.9997546076774597,1
mqtt_preprocessed_v2.csv,5336,-1,-1,0,0,Normal,Normal,0.9998916387557983,1
mqtt_preprocessed_v2.csv,5337,-1,-1,0,0,Normal,Normal,0.9999502897262573,1
mqtt_preprocessed_v2.csv,5338,-1,-1,0,0,Normal,Normal,0.9645325541496277,1
mqtt_preprocessed_v2.csv,5339,-1,-1,0,0,Normal,Normal,0.9999524354934692,1
mqtt_preprocessed_v2.csv,5340,-1,-1,0,0,Normal,Normal,0.999931812286377,1
mqtt_preprocessed_v2.csv,5341,-1,-1,0,0,Normal,Normal,0.9999347925186157,1
mqtt_preprocessed_v2.csv,5342,-1,-1,0,0,Normal,Normal,0.9999431371688843,1
mqtt_preprocessed_v2.csv,5343,-1,-1,0,0,Normal,Normal,0.9999021291732788,1
mqtt_preprocessed_v2.csv,5344,-1,-1,0,0,Normal,Normal,0.9999353885650635,1
mqtt_preprocessed_v2.csv,5345,-1,-1,0,0,Normal,Normal,0.9992191791534424,1
mqtt_preprocessed_v2.csv,5346,-1,-1,0,0,Normal,Normal,0.9999325275421143,1
mqtt_preprocessed_v2.csv,5347,-1,-1,0,0,Normal,Normal,0.9994908571243286,1
mqtt_preprocessed_v2.csv,5348,-1,-1,0,0,Normal,Normal,0.9999474287033081,1
mqtt_preprocessed_v2.csv,5349,-1,-1,0,0,Normal,Normal,0.9999401569366455,1
mqtt_preprocessed_v2.csv,5350,-1,-1,0,0,Normal,Normal,0.9999139308929443,1
mqtt_preprocessed_v2.csv,5351,-1,-1,0,0,Normal,Normal,0.9998586177825928,1
mqtt_preprocessed_v2.csv,5352,-1,-1,0,0,Normal,Normal,0.9999154806137085,1
mqtt_preprocessed_v2.csv,5353,-1,-1,0,0,Normal,Normal,0.9999401569366455,1
mqtt_preprocessed_v2.csv,5354,-1,-1,0,0,Normal,Normal,0.9999220371246338,1
mqtt_preprocessed_v2.csv,5355,-1,-1,0,0,Normal,Normal,0.9999521970748901,1
mqtt_preprocessed_v2.csv,5356,-1,-1,0,0,Normal,Normal,0.996073842048645,1
mqtt_preprocessed_v2.csv,5357,-1,-1,0,0,Normal,Normal,0.9999432563781738,1
mqtt_preprocessed_v2.csv,5358,-1,-1,0,0,Normal,Normal,0.9969870448112488,1
mqtt_preprocessed_v2.csv,5359,-1,-1,0,0,Normal,Normal,0.999903678894043,1
mqtt_preprocessed_v2.csv,5360,-1,-1,0,0,Normal,Normal,0.9999257326126099,1
mqtt_preprocessed_v2.csv,5361,-1,-1,0,0,Normal,Normal,0.999326229095459,1
mqtt_preprocessed_v2.csv,5362,-1,-1,0,0,Normal,Normal,0.9999209642410278,1
mqtt_preprocessed_v2.csv,5363,-1,-1,0,0,Normal,Normal,0.9999463558197021,1
mqtt_preprocessed_v2.csv,5364,-1,-1,0,0,Normal,Normal,0.9999325275421143,1
mqtt_preprocessed_v2.csv,5365,-1,-1,0,0,Normal,Normal,0.9999182224273682,1
mqtt_preprocessed_v2.csv,5366,-1,-1,0,0,Normal,Normal,0.9999382495880127,1
mqtt_preprocessed_v2.csv,5367,-1,-1,0,0,Normal,Normal,0.9974027276039124,1
mqtt_preprocessed_v2.csv,5368,-1,-1,0,0,Normal,Normal,0.998661994934082,1
mqtt_preprocessed_v2.csv,5369,-1,-1,0,0,Normal,Normal,0.999923586845398,1
mqtt_preprocessed_v2.csv,5370,-1,-1,0,0,Normal,Normal,0.9999455213546753,1
mqtt_preprocessed_v2.csv,5371,-1,-1,0,0,Normal,Normal,0.9999144077301025,1
mqtt_preprocessed_v2.csv,5372,-1,-1,0,0,Normal,Normal,0.9948179125785828,1
mqtt_preprocessed_v2.csv,5373,-1,-1,0,0,Normal,Normal,0.9999268054962158,1
mqtt_preprocessed_v2.csv,5374,-1,-1,0,0,Normal,Normal,0.9999275207519531,1
mqtt_preprocessed_v2.csv,5375,-1,-1,0,0,Normal,Normal,0.9999432563781738,1
mqtt_preprocessed_v2.csv,5376,-1,-1,0,0,Normal,Normal,0.9998593330383301,1
mqtt_preprocessed_v2.csv,5377,-1,-1,0,0,Normal,Normal,0.9990003705024719,1
mqtt_preprocessed_v2.csv,5378,-1,-1,0,0,Normal,Normal,0.9999244213104248,1
mqtt_preprocessed_v2.csv,5379,-1,-1,0,0,Normal,Normal,0.999935507774353,1
mqtt_preprocessed_v2.csv,5380,-1,-1,0,0,Normal,Normal,0.999953031539917,1
mqtt_preprocessed_v2.csv,5381,-1,-1,0,0,Normal,Normal,0.9998360872268677,1
mqtt_preprocessed_v2.csv,5382,-1,-1,0,0,Normal,Normal,0.9999351501464844,1
mqtt_preprocessed_v2.csv,5383,-1,-1,0,0,Normal,Normal,0.9990224838256836,1
mqtt_preprocessed_v2.csv,5384,-1,-1,0,0,Normal,Normal,0.9999312162399292,1
mqtt_preprocessed_v2.csv,5385,-1,-1,0,0,Normal,Normal,0.9998922348022461,1
mqtt_preprocessed_v2.csv,5386,-1,-1,0,0,Normal,Normal,0.9999306201934814,1
mqtt_preprocessed_v2.csv,5387,-1,-1,0,0,Normal,Normal,0.9992799162864685,1
mqtt_preprocessed_v2.csv,5388,-1,-1,0,0,Normal,Normal,0.9988006353378296,1
mqtt_preprocessed_v2.csv,5389,-1,-1,0,0,Normal,Normal,0.9999427795410156,1
mqtt_preprocessed_v2.csv,5390,-1,-1,0,0,Normal,Normal,0.9992635846138,1
mqtt_preprocessed_v2.csv,5391,-1,-1,0,0,Normal,Normal,0.9999302625656128,1
mqtt_preprocessed_v2.csv,5392,-1,-1,0,0,Normal,Normal,0.9998968839645386,1
mqtt_preprocessed_v2.csv,5393,-1,-1,0,0,Normal,Normal,0.9985628724098206,1
mqtt_preprocessed_v2.csv,5394,-1,-1,0,0,Normal,Normal,0.9995443224906921,1
mqtt_preprocessed_v2.csv,5395,-1,-1,0,0,Normal,Normal,0.9992375373840332,1
mqtt_preprocessed_v2.csv,5396,-1,-1,0,0,Normal,Normal,0.9998818635940552,1
mqtt_preprocessed_v2.csv,5397,-1,-1,0,0,Normal,Normal,0.9999204874038696,1
mqtt_preprocessed_v2.csv,5398,-1,-1,0,0,Normal,Normal,0.9999371767044067,1
mqtt_preprocessed_v2.csv,5399,-1,-1,0,0,Normal,Normal,0.9999333620071411,1
mqtt_preprocessed_v2.csv,5400,-1,-1,0,0,Normal,Normal,0.9999350309371948,1
mqtt_preprocessed_v2.csv,5401,-1,-1,0,0,Normal,Normal,0.9998090863227844,1
mqtt_preprocessed_v2.csv,5402,-1,-1,0,0,Normal,Normal,0.9990049004554749,1
mqtt_preprocessed_v2.csv,5403,-1,-1,0,0,Normal,Normal,0.9997835755348206,1
mqtt_preprocessed_v2.csv,5404,-1,-1,0,0,Normal,Normal,0.9998959302902222,1
mqtt_preprocessed_v2.csv,5405,-1,-1,0,0,Normal,Normal,0.9999392032623291,1
mqtt_preprocessed_v2.csv,5406,-1,-1,0,0,Normal,Normal,0.999946117401123,1
mqtt_preprocessed_v2.csv,5407,-1,-1,0,0,Normal,Normal,0.6069639325141907,1
mqtt_preprocessed_v2.csv,5408,-1,-1,0,0,Normal,Normal,0.9999048709869385,1
mqtt_preprocessed_v2.csv,5409,-1,-1,0,0,Normal,Normal,0.9082058668136597,1
mqtt_preprocessed_v2.csv,5410,-1,-1,0,0,Normal,Normal,0.9999161958694458,1
mqtt_preprocessed_v2.csv,5411,-1,-1,0,0,Normal,Normal,0.9999536275863647,1
mqtt_preprocessed_v2.csv,5412,-1,-1,0,0,Normal,Normal,0.9784772992134094,1
mqtt_preprocessed_v2.csv,5413,-1,-1,0,0,Normal,Normal,0.9999281167984009,1
mqtt_preprocessed_v2.csv,5414,-1,-1,0,0,Normal,Normal,0.9999326467514038,1
mqtt_preprocessed_v2.csv,5415,-1,-1,0,0,Normal,Normal,0.999930739402771,1
mqtt_preprocessed_v2.csv,5416,-1,-1,0,0,Normal,Normal,0.9999347925186157,1
mqtt_preprocessed_v2.csv,5417,-1,-1,0,0,Normal,Normal,0.9974169731140137,1
mqtt_preprocessed_v2.csv,5418,-1,-1,0,0,Normal,Normal,0.9998652935028076,1
mqtt_preprocessed_v2.csv,5419,-1,-1,0,0,Normal,Normal,0.9999468326568604,1
mqtt_preprocessed_v2.csv,5420,-1,-1,0,0,Normal,Normal,0.9994686245918274,1
mqtt_preprocessed_v2.csv,5421,-1,-1,0,0,Normal,Normal,0.6637880802154541,1
mqtt_preprocessed_v2.csv,5422,-1,-1,0,0,Normal,Normal,0.9991146922111511,1
mqtt_preprocessed_v2.csv,5423,-1,-1,0,0,Normal,Normal,0.9990725517272949,1
mqtt_preprocessed_v2.csv,5424,-1,-1,0,0,Normal,Normal,0.9999343156814575,1
mqtt_preprocessed_v2.csv,5425,-1,-1,0,0,Normal,Normal,0.9999418258666992,1
mqtt_preprocessed_v2.csv,5426,-1,-1,0,0,Normal,Normal,0.9999101161956787,1
mqtt_preprocessed_v2.csv,5427,-1,-1,0,0,Normal,Normal,0.9781363606452942,1
mqtt_preprocessed_v2.csv,5428,-1,-1,0,0,Normal,Normal,0.9994568228721619,1
mqtt_preprocessed_v2.csv,5429,-1,-1,0,0,Normal,Normal,0.9999390840530396,1
mqtt_preprocessed_v2.csv,5430,-1,-1,0,0,Normal,Normal,0.9999105930328369,1
mqtt_preprocessed_v2.csv,5431,-1,-1,0,0,Normal,Normal,0.9994677901268005,1
mqtt_preprocessed_v2.csv,5432,-1,-1,0,0,Normal,Normal,0.9082406759262085,1
mqtt_preprocessed_v2.csv,5433,-1,-1,0,0,Normal,Normal,0.9999536275863647,1
mqtt_preprocessed_v2.csv,5434,-1,-1,0,0,Normal,Normal,0.9999455213546753,1
mqtt_preprocessed_v2.csv,5435,-1,-1,0,0,Normal,Normal,0.999941349029541,1
mqtt_preprocessed_v2.csv,5436,-1,-1,0,0,Normal,Normal,0.9828795790672302,1
mqtt_preprocessed_v2.csv,5437,-1,-1,0,0,Normal,Normal,0.9994194507598877,1
mqtt_preprocessed_v2.csv,5438,-1,-1,0,0,Normal,Normal,0.999943733215332,1
mqtt_preprocessed_v2.csv,5439,-1,-1,0,0,Normal,Normal,0.9999532699584961,1
mqtt_preprocessed_v2.csv,5440,-1,-1,0,0,Normal,Normal,0.9999074935913086,1
mqtt_preprocessed_v2.csv,5441,-1,-1,0,0,Normal,Normal,0.9999251365661621,1
mqtt_preprocessed_v2.csv,5442,-1,-1,0,0,Normal,Normal,0.9996190071105957,1
mqtt_preprocessed_v2.csv,5443,-1,-1,0,0,Normal,Normal,0.9998270869255066,1
mqtt_preprocessed_v2.csv,5444,-1,-1,0,0,Normal,Normal,0.9999145269393921,1
mqtt_preprocessed_v2.csv,5445,-1,-1,0,0,Normal,Normal,0.999468982219696,1
mqtt_preprocessed_v2.csv,5446,-1,-1,0,0,Normal,Normal,0.999022364616394,1
mqtt_preprocessed_v2.csv,5447,-1,-1,0,0,Normal,Normal,0.9989815354347229,1
mqtt_preprocessed_v2.csv,5448,-1,-1,0,0,Normal,Normal,0.9999356269836426,1
mqtt_preprocessed_v2.csv,5449,-1,-1,0,0,Normal,Normal,0.9983161687850952,1
mqtt_preprocessed_v2.csv,5450,-1,-1,0,0,Normal,Normal,0.9994199275970459,1
mqtt_preprocessed_v2.csv,5451,-1,-1,0,0,Normal,Normal,0.9999380111694336,1
mqtt_preprocessed_v2.csv,5452,-1,-1,0,0,Normal,Normal,0.9999459981918335,1
mqtt_preprocessed_v2.csv,5453,-1,-1,0,0,Normal,Normal,0.9957630634307861,1
mqtt_preprocessed_v2.csv,5454,-1,-1,0,0,Normal,Normal,0.9982465505599976,1
mqtt_preprocessed_v2.csv,5455,-1,-1,0,0,Normal,Normal,0.999420166015625,1
mqtt_preprocessed_v2.csv,5456,-1,-1,0,0,Normal,Normal,0.9999148845672607,1
mqtt_preprocessed_v2.csv,5457,-1,-1,0,0,Normal,Normal,0.9998887777328491,1
mqtt_preprocessed_v2.csv,5458,-1,-1,0,0,Normal,Normal,0.9990845918655396,1
mqtt_preprocessed_v2.csv,5459,-1,-1,0,0,Normal,Normal,0.999151349067688,1
mqtt_preprocessed_v2.csv,5460,-1,-1,0,0,Normal,Normal,0.9985841512680054,1
mqtt_preprocessed_v2.csv,5461,-1,-1,0,0,Normal,Normal,0.9988657236099243,1
mqtt_preprocessed_v2.csv,5462,-1,-1,0,0,Normal,Normal,0.9999382495880127,1
mqtt_preprocessed_v2.csv,5463,-1,-1,0,0,Normal,Normal,0.9999016523361206,1
mqtt_preprocessed_v2.csv,5464,-1,-1,0,0,Normal,Normal,0.9996121525764465,1
mqtt_preprocessed_v2.csv,5465,-1,-1,0,0,Normal,Normal,0.9999314546585083,1
mqtt_preprocessed_v2.csv,5466,-1,-1,0,0,Normal,Normal,0.9999446868896484,1
mqtt_preprocessed_v2.csv,5467,-1,-1,0,0,Normal,Normal,0.9999330043792725,1
mqtt_preprocessed_v2.csv,5468,-1,-1,0,0,Normal,Normal,0.9999301433563232,1
mqtt_preprocessed_v2.csv,5469,-1,-1,0,0,Normal,Normal,0.9999501705169678,1
mqtt_preprocessed_v2.csv,5470,-1,-1,0,0,Normal,Normal,0.9995664954185486,1
mqtt_preprocessed_v2.csv,5471,-1,-1,0,0,Normal,Normal,0.9999229907989502,1
mqtt_preprocessed_v2.csv,5472,-1,-1,0,0,Normal,Normal,0.9994681477546692,1
mqtt_preprocessed_v2.csv,5473,-1,-1,0,0,Normal,Normal,0.9999266862869263,1
mqtt_preprocessed_v2.csv,5474,-1,-1,0,0,Normal,Normal,0.9999046325683594,1
mqtt_preprocessed_v2.csv,5475,-1,-1,0,0,Normal,Normal,0.9999366998672485,1
mqtt_preprocessed_v2.csv,5476,-1,-1,0,0,Normal,Normal,0.9999327659606934,1
mqtt_preprocessed_v2.csv,5477,-1,-1,0,0,Normal,Normal,0.9994189739227295,1
mqtt_preprocessed_v2.csv,5478,-1,-1,0,0,Normal,Normal,0.9998636245727539,1
mqtt_preprocessed_v2.csv,5479,-1,-1,0,0,Normal,Normal,0.9998024106025696,1
mqtt_preprocessed_v2.csv,5480,-1,-1,0,0,Normal,Normal,0.9999327659606934,1
mqtt_preprocessed_v2.csv,5481,-1,-1,0,0,Normal,Normal,0.99993896484375,1
mqtt_preprocessed_v2.csv,5482,-1,-1,0,0,Normal,Normal,0.9999345541000366,1
mqtt_preprocessed_v2.csv,5483,-1,-1,0,0,Normal,Normal,0.9999356269836426,1
mqtt_preprocessed_v2.csv,5484,-1,-1,0,0,Normal,Normal,0.9999141693115234,1
mqtt_preprocessed_v2.csv,5485,-1,-1,0,0,Normal,Normal,0.9999390840530396,1
mqtt_preprocessed_v2.csv,5486,-1,-1,0,0,Normal,Normal,0.9999356269836426,1
mqtt_preprocessed_v2.csv,5487,-1,-1,0,0,Normal,Normal,0.9999334812164307,1
mqtt_preprocessed_v2.csv,5488,-1,-1,0,0,Normal,Normal,0.9999244213104248,1
mqtt_preprocessed_v2.csv,5489,-1,-1,0,0,Normal,Normal,0.9985982775688171,1
mqtt_preprocessed_v2.csv,5490,-1,-1,0,0,Normal,Normal,0.9998857975006104,1
mqtt_preprocessed_v2.csv,5491,-1,-1,0,0,Normal,Normal,0.9998582601547241,1
mqtt_preprocessed_v2.csv,5492,-1,-1,0,0,Normal,Normal,0.9986944794654846,1
mqtt_preprocessed_v2.csv,5493,-1,-1,0,0,Normal,Normal,0.9999476671218872,1
mqtt_preprocessed_v2.csv,5494,-1,-1,0,0,Normal,Normal,0.9999150037765503,1
mqtt_preprocessed_v2.csv,5495,-1,-1,0,0,Normal,Normal,0.999945878982544,1
mqtt_preprocessed_v2.csv,5496,-1,-1,0,0,Normal,Normal,0.9999251365661621,1
mqtt_preprocessed_v2.csv,5497,-1,-1,0,0,Normal,Normal,0.9081674218177795,1
mqtt_preprocessed_v2.csv,5498,-1,-1,0,0,Normal,Normal,0.9999507665634155,1
mqtt_preprocessed_v2.csv,5499,-1,-1,0,0,Normal,Normal,0.9999324083328247,1
mqtt_preprocessed_v2.csv,5500,-1,-1,0,0,Normal,Normal,0.9988747239112854,1
mqtt_preprocessed_v2.csv,5501,-1,-1,0,0,Normal,Normal,0.999894380569458,1
mqtt_preprocessed_v2.csv,5502,-1,-1,0,0,Normal,Normal,0.9978551268577576,1
mqtt_preprocessed_v2.csv,5503,-1,-1,0,0,Normal,Normal,0.9999489784240723,1
mqtt_preprocessed_v2.csv,5504,-1,-1,0,0,Normal,Normal,0.9999498128890991,1
mqtt_preprocessed_v2.csv,5505,-1,-1,0,0,Normal,Normal,0.9998952150344849,1
mqtt_preprocessed_v2.csv,5506,-1,-1,0,0,Normal,Normal,0.9999346733093262,1
mqtt_preprocessed_v2.csv,5507,-1,-1,0,0,Normal,Normal,0.999941349029541,1
mqtt_preprocessed_v2.csv,5508,-1,-1,0,0,Normal,Normal,0.9990671277046204,1
mqtt_preprocessed_v2.csv,5509,-1,-1,0,0,Normal,Normal,0.9999465942382812,1
mqtt_preprocessed_v2.csv,5510,-1,-1,0,0,Normal,Normal,0.9999374151229858,1
mqtt_preprocessed_v2.csv,5511,-1,-1,0,0,Normal,Normal,0.9999079704284668,1
mqtt_preprocessed_v2.csv,5512,-1,-1,0,0,Normal,Normal,0.9994827508926392,1
mqtt_preprocessed_v2.csv,5513,-1,-1,0,0,Normal,Normal,0.9999337196350098,1
mqtt_preprocessed_v2.csv,5514,-1,-1,0,0,Normal,Normal,0.999957799911499,1
mqtt_preprocessed_v2.csv,5515,-1,-1,0,0,Normal,Normal,0.9999297857284546,1
mqtt_preprocessed_v2.csv,5516,-1,-1,0,0,Normal,Normal,0.9999192953109741,1
mqtt_preprocessed_v2.csv,5517,-1,-1,0,0,Normal,Normal,0.9999071359634399,1
mqtt_preprocessed_v2.csv,5518,-1,-1,0,0,Normal,Normal,0.9999136924743652,1
mqtt_preprocessed_v2.csv,5519,-1,-1,0,0,Normal,Normal,0.9994217157363892,1
mqtt_preprocessed_v2.csv,5520,-1,-1,0,0,Normal,Normal,0.9999334812164307,1
mqtt_preprocessed_v2.csv,5521,-1,-1,0,0,Normal,Normal,0.9987990856170654,1
mqtt_preprocessed_v2.csv,5522,-1,-1,0,0,Normal,Normal,0.9999420642852783,1
mqtt_preprocessed_v2.csv,5523,-1,-1,0,0,Normal,Normal,0.9999204874038696,1
mqtt_preprocessed_v2.csv,5524,-1,-1,0,0,Normal,Normal,0.9999291896820068,1
mqtt_preprocessed_v2.csv,5525,-1,-1,0,0,Normal,Normal,0.9999542236328125,1
mqtt_preprocessed_v2.csv,5526,-1,-1,0,0,Normal,Normal,0.9997772574424744,1
mqtt_preprocessed_v2.csv,5527,-1,-1,0,0,Normal,Normal,0.9999442100524902,1
mqtt_preprocessed_v2.csv,5528,-1,-1,0,0,Normal,Normal,0.999935507774353,1
mqtt_preprocessed_v2.csv,5529,-1,-1,0,0,Normal,Normal,0.9999182224273682,1
mqtt_preprocessed_v2.csv,5530,-1,-1,0,0,Normal,Normal,0.9992614388465881,1
mqtt_preprocessed_v2.csv,5531,-1,-1,0,0,Normal,Normal,0.9999375343322754,1
mqtt_preprocessed_v2.csv,5532,-1,-1,0,0,Normal,Normal,0.9998288154602051,1
mqtt_preprocessed_v2.csv,5533,-1,-1,0,0,Normal,Normal,0.9988889098167419,1
mqtt_preprocessed_v2.csv,5534,-1,-1,0,0,Normal,Normal,0.9998925924301147,1
mqtt_preprocessed_v2.csv,5535,-1,-1,0,0,Normal,Normal,0.9999197721481323,1
mqtt_preprocessed_v2.csv,5536,-1,-1,0,0,Normal,Normal,0.9991796612739563,1
mqtt_preprocessed_v2.csv,5537,-1,-1,0,0,Normal,Normal,0.9315778613090515,1
mqtt_preprocessed_v2.csv,5538,-1,-1,0,0,Normal,Normal,0.9998944997787476,1
mqtt_preprocessed_v2.csv,5539,-1,-1,0,0,Normal,Normal,0.9998893737792969,1
mqtt_preprocessed_v2.csv,5540,-1,-1,0,0,Normal,Normal,0.9997890591621399,1
mqtt_preprocessed_v2.csv,5541,-1,-1,0,0,Normal,Normal,0.9989393353462219,1
mqtt_preprocessed_v2.csv,5542,-1,-1,0,0,Normal,Normal,0.9999340772628784,1
mqtt_preprocessed_v2.csv,5543,-1,-1,0,0,Normal,Normal,0.9999252557754517,1
mqtt_preprocessed_v2.csv,5544,-1,-1,0,0,Normal,Normal,0.9957919120788574,1
mqtt_preprocessed_v2.csv,5545,-1,-1,0,0,Normal,Normal,0.9999326467514038,1
mqtt_preprocessed_v2.csv,5546,-1,-1,0,0,Normal,Normal,0.9990323781967163,1
mqtt_preprocessed_v2.csv,5547,-1,-1,0,0,Normal,Normal,0.9992642998695374,1
mqtt_preprocessed_v2.csv,5548,-1,-1,0,0,Normal,Normal,0.9999085664749146,1
mqtt_preprocessed_v2.csv,5549,-1,-1,0,0,Normal,Normal,0.9991288781166077,1
mqtt_preprocessed_v2.csv,5550,-1,-1,0,0,Normal,Normal,0.9992988109588623,1
mqtt_preprocessed_v2.csv,5551,-1,-1,0,0,Normal,Normal,0.9999349117279053,1
mqtt_preprocessed_v2.csv,5552,-1,-1,0,0,Normal,Normal,0.9984484910964966,1
mqtt_preprocessed_v2.csv,5553,-1,-1,0,0,Normal,Normal,0.9999350309371948,1
mqtt_preprocessed_v2.csv,5554,-1,-1,0,0,Normal,Normal,0.9989936947822571,1
mqtt_preprocessed_v2.csv,5555,-1,-1,0,0,Normal,Normal,0.9999178647994995,1
mqtt_preprocessed_v2.csv,5556,-1,-1,0,0,Normal,Normal,0.9999525547027588,1
mqtt_preprocessed_v2.csv,5557,-1,-1,0,0,Normal,Normal,0.9859640598297119,1
mqtt_preprocessed_v2.csv,5558,-1,-1,0,0,Normal,Normal,0.9999333620071411,1
mqtt_preprocessed_v2.csv,5559,-1,-1,0,0,Normal,Normal,0.9998799562454224,1
mqtt_preprocessed_v2.csv,5560,-1,-1,0,0,Normal,Normal,0.9999450445175171,1
mqtt_preprocessed_v2.csv,5561,-1,-1,0,0,Normal,Normal,0.9999538660049438,1
mqtt_preprocessed_v2.csv,5562,-1,-1,0,0,Normal,Normal,0.9999253749847412,1
mqtt_preprocessed_v2.csv,5563,-1,-1,0,0,Normal,Normal,0.9999349117279053,1
mqtt_preprocessed_v2.csv,5564,-1,-1,0,0,Normal,Normal,0.9999501705169678,1
mqtt_preprocessed_v2.csv,5565,-1,-1,0,0,Normal,Normal,0.9993526339530945,1
mqtt_preprocessed_v2.csv,5566,-1,-1,0,0,Normal,Normal,0.9992781281471252,1
mqtt_preprocessed_v2.csv,5567,-1,-1,0,0,Normal,Normal,0.9997429251670837,1
mqtt_preprocessed_v2.csv,5568,-1,-1,0,0,Normal,Normal,0.9999381303787231,1
mqtt_preprocessed_v2.csv,5569,-1,-1,0,0,Normal,Normal,0.999929666519165,1
mqtt_preprocessed_v2.csv,5570,-1,-1,0,0,Normal,Normal,0.9999449253082275,1
mqtt_preprocessed_v2.csv,5571,-1,-1,0,0,Normal,Normal,0.9999380111694336,1
mqtt_preprocessed_v2.csv,5572,-1,-1,0,0,Normal,Normal,0.9999374151229858,1
mqtt_preprocessed_v2.csv,5573,-1,-1,0,0,Normal,Normal,0.9996089339256287,1
mqtt_preprocessed_v2.csv,5574,-1,-1,0,0,Normal,Normal,0.9999347925186157,1
mqtt_preprocessed_v2.csv,5575,-1,-1,0,0,Normal,Normal,0.9999518394470215,1
mqtt_preprocessed_v2.csv,5576,-1,-1,0,0,Normal,Normal,0.9999219179153442,1
mqtt_preprocessed_v2.csv,5577,-1,-1,0,0,Normal,Normal,0.999901294708252,1
mqtt_preprocessed_v2.csv,5578,-1,-1,0,0,Normal,Normal,0.9999383687973022,1
mqtt_preprocessed_v2.csv,5579,-1,-1,0,0,Normal,Normal,0.9999457597732544,1
mqtt_preprocessed_v2.csv,5580,-1,-1,0,0,Normal,Normal,0.9999488592147827,1
mqtt_preprocessed_v2.csv,5581,-1,-1,0,0,Normal,Normal,0.9973552227020264,1
mqtt_preprocessed_v2.csv,5582,-1,-1,0,0,Normal,Normal,0.9998407363891602,1
mqtt_preprocessed_v2.csv,5583,-1,-1,0,0,Normal,Normal,0.9985944628715515,1
mqtt_preprocessed_v2.csv,5584,-1,-1,0,0,Normal,Normal,0.999913215637207,1
mqtt_preprocessed_v2.csv,5585,-1,-1,0,0,Normal,Normal,0.9999289512634277,1
mqtt_preprocessed_v2.csv,5586,-1,-1,0,0,Normal,Normal,0.6184557676315308,1
mqtt_preprocessed_v2.csv,5587,-1,-1,0,0,Normal,Normal,0.9999251365661621,1
mqtt_preprocessed_v2.csv,5588,-1,-1,0,0,Normal,Normal,0.9998934268951416,1
mqtt_preprocessed_v2.csv,5589,-1,-1,0,0,Normal,Normal,0.9999232292175293,1
mqtt_preprocessed_v2.csv,5590,-1,-1,0,0,Normal,Normal,0.9998743534088135,1
mqtt_preprocessed_v2.csv,5591,-1,-1,0,0,Normal,Normal,0.9988204836845398,1
mqtt_preprocessed_v2.csv,5592,-1,-1,0,0,Normal,Normal,0.9999338388442993,1
mqtt_preprocessed_v2.csv,5593,-1,-1,0,0,Normal,Normal,0.9999326467514038,1
mqtt_preprocessed_v2.csv,5594,-1,-1,0,0,Normal,Normal,0.9999362230300903,1
mqtt_preprocessed_v2.csv,5595,-1,-1,0,0,Normal,Normal,0.9999330043792725,1
mqtt_preprocessed_v2.csv,5596,-1,-1,0,0,Normal,Normal,0.6178792715072632,1
mqtt_preprocessed_v2.csv,5597,-1,-1,0,0,Normal,Normal,0.9999254941940308,1
mqtt_preprocessed_v2.csv,5598,-1,-1,0,0,Normal,Normal,0.9999350309371948,1
mqtt_preprocessed_v2.csv,5599,-1,-1,0,0,Normal,Normal,0.9999550580978394,1
mqtt_preprocessed_v2.csv,5600,-1,-1,0,0,Normal,Normal,0.9999436140060425,1
mqtt_preprocessed_v2.csv,5601,-1,-1,0,0,Normal,Normal,0.9999544620513916,1
mqtt_preprocessed_v2.csv,5602,-1,-1,0,0,Normal,Normal,0.9999510049819946,1
mqtt_preprocessed_v2.csv,5603,-1,-1,0,0,Normal,Normal,0.9990326166152954,1
mqtt_preprocessed_v2.csv,5604,-1,-1,0,0,Normal,Normal,0.9999454021453857,1
mqtt_preprocessed_v2.csv,5605,-1,-1,0,0,Normal,Normal,0.9999498128890991,1
mqtt_preprocessed_v2.csv,5606,-1,-1,0,0,Normal,Normal,0.9999289512634277,1
mqtt_preprocessed_v2.csv,5607,-1,-1,0,0,Normal,Normal,0.9994377493858337,1
mqtt_preprocessed_v2.csv,5608,-1,-1,0,0,Normal,Normal,0.9999465942382812,1
mqtt_preprocessed_v2.csv,5609,-1,-1,0,0,Normal,Normal,0.9999243021011353,1
mqtt_preprocessed_v2.csv,5610,-1,-1,0,0,Normal,Normal,0.9999369382858276,1
mqtt_preprocessed_v2.csv,5611,-1,-1,0,0,Normal,Normal,0.9998542070388794,1
mqtt_preprocessed_v2.csv,5612,-1,-1,0,0,Normal,Normal,0.9988036155700684,1
mqtt_preprocessed_v2.csv,5613,-1,-1,0,0,Normal,Normal,0.9999319314956665,1
mqtt_preprocessed_v2.csv,5614,-1,-1,0,0,Normal,Normal,0.9991425275802612,1
mqtt_preprocessed_v2.csv,5615,-1,-1,0,0,Normal,Normal,0.9999414682388306,1
mqtt_preprocessed_v2.csv,5616,-1,-1,0,0,Normal,Normal,0.9999204874038696,1
mqtt_preprocessed_v2.csv,5617,-1,-1,0,0,Normal,Normal,0.9999284744262695,1
mqtt_preprocessed_v2.csv,5618,-1,-1,0,0,Normal,Normal,0.9999245405197144,1
mqtt_preprocessed_v2.csv,5619,-1,-1,0,0,Normal,Normal,0.9999256134033203,1
mqtt_preprocessed_v2.csv,5620,-1,-1,0,0,Normal,Normal,0.9989269375801086,1
mqtt_preprocessed_v2.csv,5621,-1,-1,0,0,Normal,Normal,0.9991806149482727,1
mqtt_preprocessed_v2.csv,5622,-1,-1,0,0,Normal,Normal,0.9999237060546875,1
mqtt_preprocessed_v2.csv,5623,-1,-1,0,0,Normal,Normal,0.99993896484375,1
mqtt_preprocessed_v2.csv,5624,-1,-1,0,0,Normal,Normal,0.9977089166641235,1
mqtt_preprocessed_v2.csv,5625,-1,-1,0,0,Normal,Normal,0.9999324083328247,1
mqtt_preprocessed_v2.csv,5626,-1,-1,0,0,Normal,Normal,0.9998887777328491,1
mqtt_preprocessed_v2.csv,5627,-1,-1,0,0,Normal,Normal,0.9998829364776611,1
mqtt_preprocessed_v2.csv,5628,-1,-1,0,0,Normal,Normal,0.9998835325241089,1
mqtt_preprocessed_v2.csv,5629,-1,-1,0,0,Normal,Normal,0.9999293088912964,1
mqtt_preprocessed_v2.csv,5630,-1,-1,0,0,Normal,Normal,0.9999384880065918,1
mqtt_preprocessed_v2.csv,5631,-1,-1,0,0,Normal,Normal,0.9999141693115234,1
mqtt_preprocessed_v2.csv,5632,-1,-1,0,0,Normal,Normal,0.99991774559021,1
mqtt_preprocessed_v2.csv,5633,-1,-1,0,0,Normal,Normal,0.9999345541000366,1
mqtt_preprocessed_v2.csv,5634,-1,-1,0,0,Normal,Normal,0.9992153644561768,1
mqtt_preprocessed_v2.csv,5635,-1,-1,0,0,Normal,Normal,0.9999505281448364,1
mqtt_preprocessed_v2.csv,5636,-1,-1,0,0,Normal,Normal,0.9990655779838562,1
mqtt_preprocessed_v2.csv,5637,-1,-1,0,0,Normal,Normal,0.9995689988136292,1
mqtt_preprocessed_v2.csv,5638,-1,-1,0,0,Normal,Normal,0.9999374151229858,1
mqtt_preprocessed_v2.csv,5639,-1,-1,0,0,Normal,Normal,0.9990009665489197,1
mqtt_preprocessed_v2.csv,5640,-1,-1,0,0,Normal,Normal,0.9999371767044067,1
mqtt_preprocessed_v2.csv,5641,-1,-1,0,0,Normal,Normal,0.9986982345581055,1
mqtt_preprocessed_v2.csv,5642,-1,-1,0,0,Normal,Normal,0.9999145269393921,1
mqtt_preprocessed_v2.csv,5643,-1,-1,0,0,Normal,Normal,0.9991734623908997,1
mqtt_preprocessed_v2.csv,5644,-1,-1,0,0,Normal,Normal,0.9993065595626831,1
mqtt_preprocessed_v2.csv,5645,-1,-1,0,0,Normal,Normal,0.9999401569366455,1
mqtt_preprocessed_v2.csv,5646,-1,-1,0,0,Normal,Normal,0.9999293088912964,1
mqtt_preprocessed_v2.csv,5647,-1,-1,0,0,Normal,Normal,0.9999371767044067,1
mqtt_preprocessed_v2.csv,5648,-1,-1,0,0,Normal,Normal,0.9999518394470215,1
mqtt_preprocessed_v2.csv,5649,-1,-1,0,0,Normal,Normal,0.9999241828918457,1
mqtt_preprocessed_v2.csv,5650,-1,-1,0,0,Normal,Normal,0.9999004602432251,1
mqtt_preprocessed_v2.csv,5651,-1,-1,0,0,Normal,Normal,0.9999276399612427,1
mqtt_preprocessed_v2.csv,5652,-1,-1,0,0,Normal,Normal,0.9999388456344604,1
mqtt_preprocessed_v2.csv,5653,-1,-1,0,0,Normal,Normal,0.9999014139175415,1
mqtt_preprocessed_v2.csv,5654,-1,-1,0,0,Normal,Normal,0.9999349117279053,1
mqtt_preprocessed_v2.csv,5655,-1,-1,0,0,Normal,Normal,0.9999251365661621,1
mqtt_preprocessed_v2.csv,5656,-1,-1,0,0,Normal,Normal,0.9999029636383057,1
mqtt_preprocessed_v2.csv,5657,-1,-1,0,0,Normal,Normal,0.9998321533203125,1
mqtt_preprocessed_v2.csv,5658,-1,-1,0,0,Normal,Normal,0.999890923500061,1
mqtt_preprocessed_v2.csv,5659,-1,-1,0,0,Normal,Normal,0.9999306201934814,1
mqtt_preprocessed_v2.csv,5660,-1,-1,0,0,Normal,Normal,0.9999041557312012,1
mqtt_preprocessed_v2.csv,5661,-1,-1,0,0,Normal,Normal,0.9998906850814819,1
mqtt_preprocessed_v2.csv,5662,-1,-1,0,0,Normal,Normal,0.9998955726623535,1
mqtt_preprocessed_v2.csv,5663,-1,-1,0,0,Normal,Normal,0.9997084736824036,1
mqtt_preprocessed_v2.csv,5664,-1,-1,0,0,Normal,Normal,0.999932050704956,1
mqtt_preprocessed_v2.csv,5665,-1,-1,0,0,Normal,Normal,0.9999206066131592,1
mqtt_preprocessed_v2.csv,5666,-1,-1,0,0,Normal,Normal,0.9999105930328369,1
mqtt_preprocessed_v2.csv,5667,-1,-1,0,0,Normal,Normal,0.9998476505279541,1
mqtt_preprocessed_v2.csv,5668,-1,-1,0,0,Normal,Normal,0.9999144077301025,1
mqtt_preprocessed_v2.csv,5669,-1,-1,0,0,Normal,Normal,0.9998823404312134,1
mqtt_preprocessed_v2.csv,5670,-1,-1,0,0,Normal,Normal,0.9999085664749146,1
mqtt_preprocessed_v2.csv,5671,-1,-1,0,0,Normal,Normal,0.9998879432678223,1
mqtt_preprocessed_v2.csv,5672,-1,-1,0,0,Normal,Normal,0.9998611211776733,1
mqtt_preprocessed_v2.csv,5673,-1,-1,0,0,Normal,Normal,0.9998922348022461,1
mqtt_preprocessed_v2.csv,5674,-1,-1,0,0,Normal,Normal,0.9999207258224487,1
mqtt_preprocessed_v2.csv,5675,-1,-1,0,0,Normal,Normal,0.999882698059082,1
mqtt_preprocessed_v2.csv,5676,-1,-1,0,0,Normal,Normal,0.9998925924301147,1
mqtt_preprocessed_v2.csv,5677,-1,-1,0,0,Normal,Normal,0.9998871088027954,1
mqtt_preprocessed_v2.csv,5678,-1,-1,0,0,Normal,Normal,0.9999047517776489,1
mqtt_preprocessed_v2.csv,5679,-1,-1,0,0,Normal,Normal,0.9998751878738403,1
mqtt_preprocessed_v2.csv,5680,-1,-1,0,0,Normal,Normal,0.9998916387557983,1
mqtt_preprocessed_v2.csv,5681,-1,-1,0,0,Normal,Normal,0.9999079704284668,1
mqtt_preprocessed_v2.csv,5682,-1,-1,0,0,Normal,Normal,0.9999198913574219,1
mqtt_preprocessed_v2.csv,5683,-1,-1,0,0,Normal,Normal,0.9998610019683838,1
mqtt_preprocessed_v2.csv,5684,-1,-1,0,0,Normal,Normal,0.998607337474823,1
mqtt_preprocessed_v2.csv,5685,-1,-1,0,0,Normal,Normal,0.9999158382415771,1
mqtt_preprocessed_v2.csv,5686,-1,-1,0,0,Normal,Normal,0.9991324543952942,1
mqtt_preprocessed_v2.csv,5687,-1,-1,0,0,Normal,Normal,0.9998227953910828,1
mqtt_preprocessed_v2.csv,5688,-1,-1,0,0,Normal,Normal,0.9999022483825684,1
mqtt_preprocessed_v2.csv,5689,-1,-1,0,0,Normal,Normal,0.9998605251312256,1
mqtt_preprocessed_v2.csv,5690,-1,-1,0,0,Normal,Normal,0.999887228012085,1
mqtt_preprocessed_v2.csv,5691,-1,-1,0,0,Normal,Normal,0.9998950958251953,1
mqtt_preprocessed_v2.csv,5692,-1,-1,0,0,Normal,Normal,0.9999184608459473,1
mqtt_preprocessed_v2.csv,5693,-1,-1,0,0,Normal,Normal,0.9998674392700195,1
mqtt_preprocessed_v2.csv,5694,-1,-1,0,0,Normal,Normal,0.9998365640640259,1
mqtt_preprocessed_v2.csv,5695,-1,-1,0,0,Normal,Normal,0.9999157190322876,1
mqtt_preprocessed_v2.csv,5696,-1,-1,0,0,Normal,Normal,0.9999107122421265,1
mqtt_preprocessed_v2.csv,5697,-1,-1,0,0,Normal,Normal,0.9998238682746887,1
mqtt_preprocessed_v2.csv,5698,-1,-1,0,0,Normal,Normal,0.9940571784973145,1
mqtt_preprocessed_v2.csv,5699,-1,-1,0,0,Normal,Normal,0.9998533725738525,1
mqtt_preprocessed_v2.csv,5700,1,1,1,1,Tag_1,Tag_1,0.999873161315918,1
mqtt_preprocessed_v2.csv,5701,1,1,1,1,Tag_1,Tag_1,0.9997512698173523,1
mqtt_preprocessed_v2.csv,5702,1,1,1,1,Tag_1,Tag_1,0.998981773853302,1
mqtt_preprocessed_v2.csv,5703,1,1,1,1,Tag_1,Tag_1,0.9995033740997314,1
mqtt_preprocessed_v2.csv,5704,1,1,1,1,Tag_1,Tag_1,0.999447762966156,1
mqtt_preprocessed_v2.csv,5705,1,1,1,1,Tag_1,Tag_1,0.9989224672317505,1
mqtt_preprocessed_v2.csv,5706,1,1,1,1,Tag_1,Tag_1,0.9994962215423584,1
mqtt_preprocessed_v2.csv,5707,1,1,1,1,Tag_1,Tag_1,0.999554455280304,1
mqtt_preprocessed_v2.csv,5708,1,1,1,1,Tag_1,Tag_1,0.9997302889823914,1
mqtt_preprocessed_v2.csv,5709,1,1,1,1,Tag_1,Tag_1,0.9999301433563232,1
mqtt_preprocessed_v2.csv,5710,1,1,1,1,Tag_1,Tag_1,0.9995092153549194,1
mqtt_preprocessed_v2.csv,5711,1,1,1,1,Tag_1,Tag_1,0.9997777342796326,1
mqtt_preprocessed_v2.csv,5712,1,1,1,1,Tag_1,Tag_1,0.9996687173843384,1
mqtt_preprocessed_v2.csv,5713,1,1,1,1,Tag_1,Tag_1,0.9995225667953491,1
mqtt_preprocessed_v2.csv,5714,1,1,1,1,Tag_1,Tag_1,0.9994127750396729,1
mqtt_preprocessed_v2.csv,5715,1,1,1,1,Tag_1,Tag_1,0.9994286894798279,1
mqtt_preprocessed_v2.csv,5716,1,1,1,1,Tag_1,Tag_1,0.9996763467788696,1
mqtt_preprocessed_v2.csv,5717,1,1,1,1,Tag_1,Tag_1,0.9994608759880066,1
mqtt_preprocessed_v2.csv,5718,1,1,1,1,Tag_1,Tag_1,0.999471127986908,1
mqtt_preprocessed_v2.csv,5719,1,1,1,1,Tag_1,Tag_1,0.9998626708984375,1
mqtt_preprocessed_v2.csv,5720,1,1,1,1,Tag_1,Tag_1,0.9992520213127136,1
mqtt_preprocessed_v2.csv,5721,1,1,1,1,Tag_1,Tag_1,0.9997637867927551,1
mqtt_preprocessed_v2.csv,5722,1,1,1,1,Tag_1,Tag_1,0.9991922974586487,1
mqtt_preprocessed_v2.csv,5723,1,1,1,1,Tag_1,Tag_1,0.9995480179786682,1
mqtt_preprocessed_v2.csv,5724,1,1,1,1,Tag_1,Tag_1,0.9994567036628723,1
mqtt_preprocessed_v2.csv,5725,1,1,1,1,Tag_1,Tag_1,0.9997808337211609,1
mqtt_preprocessed_v2.csv,5726,1,1,1,1,Tag_1,Tag_1,0.9992507100105286,1
mqtt_preprocessed_v2.csv,5727,1,1,1,1,Tag_1,Tag_1,0.9992142915725708,1
mqtt_preprocessed_v2.csv,5728,1,1,1,1,Tag_1,Tag_1,0.9998164772987366,1
mqtt_preprocessed_v2.csv,5729,1,1,1,1,Tag_1,Tag_1,0.9998670816421509,1
mqtt_preprocessed_v2.csv,5730,1,1,1,1,Tag_1,Tag_1,0.99958735704422,1
mqtt_preprocessed_v2.csv,5731,1,1,1,1,Tag_1,Tag_1,0.9994046688079834,1
mqtt_preprocessed_v2.csv,5732,1,1,1,1,Tag_1,Tag_1,0.9853336215019226,1
mqtt_preprocessed_v2.csv,5733,1,1,1,1,Tag_1,Tag_1,0.9996985197067261,1
mqtt_preprocessed_v2.csv,5734,1,1,1,1,Tag_1,Tag_1,0.9998478889465332,1
mqtt_preprocessed_v2.csv,5735,1,1,1,1,Tag_1,Tag_1,0.9998842477798462,1
mqtt_preprocessed_v2.csv,5736,1,1,1,1,Tag_1,Tag_1,0.999725878238678,1
mqtt_preprocessed_v2.csv,5737,1,1,1,1,Tag_1,Tag_1,0.9998612403869629,1
mqtt_preprocessed_v2.csv,5738,1,1,1,1,Tag_1,Tag_1,0.9999041557312012,1
mqtt_preprocessed_v2.csv,5739,1,1,1,1,Tag_1,Tag_1,0.9997259974479675,1
mqtt_preprocessed_v2.csv,5740,1,1,1,1,Tag_1,Tag_1,0.9936895370483398,1
mqtt_preprocessed_v2.csv,5741,1,1,1,1,Tag_1,Tag_1,0.999771773815155,1
mqtt_preprocessed_v2.csv,5742,1,1,1,1,Tag_1,Tag_1,0.9998317956924438,1
mqtt_preprocessed_v2.csv,5743,1,1,1,1,Tag_1,Tag_1,0.999833345413208,1
mqtt_preprocessed_v2.csv,5744,1,1,1,1,Tag_1,Tag_1,0.9996635913848877,1
mqtt_preprocessed_v2.csv,5745,1,1,1,1,Tag_1,Tag_1,0.9990792274475098,1
mqtt_preprocessed_v2.csv,5746,1,1,1,1,Tag_1,Tag_1,0.9993152618408203,1
mqtt_preprocessed_v2.csv,5747,1,1,1,1,Tag_1,Tag_1,0.9998352527618408,1
mqtt_preprocessed_v2.csv,5748,1,1,1,1,Tag_1,Tag_1,0.9983396530151367,1
mqtt_preprocessed_v2.csv,5749,1,1,1,1,Tag_1,Tag_1,0.9994955062866211,1
mqtt_preprocessed_v2.csv,5750,1,1,1,1,Tag_1,Tag_1,0.9998015761375427,1
mqtt_preprocessed_v2.csv,5751,1,1,1,1,Tag_1,Tag_1,0.999377429485321,1
mqtt_preprocessed_v2.csv,5752,1,1,1,1,Tag_1,Tag_1,0.9994493126869202,1
mqtt_preprocessed_v2.csv,5753,1,1,1,1,Tag_1,Tag_1,0.9978076815605164,1
mqtt_preprocessed_v2.csv,5754,1,1,1,1,Tag_1,Tag_1,0.998786985874176,1
mqtt_preprocessed_v2.csv,5755,1,1,1,1,Tag_1,Tag_1,0.9997215867042542,1
mqtt_preprocessed_v2.csv,5756,1,1,1,1,Tag_1,Tag_1,0.9997825026512146,1
mqtt_preprocessed_v2.csv,5757,1,1,1,1,Tag_1,Tag_1,0.9998125433921814,1
mqtt_preprocessed_v2.csv,5758,1,1,1,1,Tag_1,Tag_1,0.9996129870414734,1
mqtt_preprocessed_v2.csv,5759,1,1,1,1,Tag_1,Tag_1,0.9998561143875122,1
mqtt_preprocessed_v2.csv,5760,1,1,1,1,Tag_1,Tag_1,0.9994317889213562,1
mqtt_preprocessed_v2.csv,5761,1,1,1,1,Tag_1,Tag_1,0.9998028874397278,1
mqtt_preprocessed_v2.csv,5762,1,1,1,1,Tag_1,Tag_1,0.9998250603675842,1
mqtt_preprocessed_v2.csv,5763,1,1,1,1,Tag_1,Tag_1,0.9998459815979004,1
mqtt_preprocessed_v2.csv,5764,1,1,1,1,Tag_1,Tag_1,0.9995885491371155,1
mqtt_preprocessed_v2.csv,5765,1,1,1,1,Tag_1,Tag_1,0.9996032118797302,1
mqtt_preprocessed_v2.csv,5766,1,1,1,1,Tag_1,Tag_1,0.9997994303703308,1
mqtt_preprocessed_v2.csv,5767,1,1,1,1,Tag_1,Tag_1,0.999630331993103,1
mqtt_preprocessed_v2.csv,5768,1,1,1,1,Tag_1,Tag_1,0.9997472167015076,1
mqtt_preprocessed_v2.csv,5769,1,1,1,1,Tag_1,Tag_1,0.9997374415397644,1
mqtt_preprocessed_v2.csv,5770,1,1,1,1,Tag_1,Tag_1,0.9997259974479675,1
mqtt_preprocessed_v2.csv,5771,1,1,1,1,Tag_1,Tag_1,0.9996002316474915,1
mqtt_preprocessed_v2.csv,5772,1,1,1,1,Tag_1,Tag_1,0.9996832609176636,1
mqtt_preprocessed_v2.csv,5773,1,1,1,1,Tag_1,Tag_1,0.9997724890708923,1
mqtt_preprocessed_v2.csv,5774,1,1,1,1,Tag_1,Tag_1,0.9997842907905579,1
mqtt_preprocessed_v2.csv,5775,1,1,1,1,Tag_1,Tag_1,0.9994183778762817,1
mqtt_preprocessed_v2.csv,5776,1,1,1,1,Tag_1,Tag_1,0.9996763467788696,1
mqtt_preprocessed_v2.csv,5777,1,1,1,1,Tag_1,Tag_1,0.9996218681335449,1
mqtt_preprocessed_v2.csv,5778,1,1,1,1,Tag_1,Tag_1,0.9998641014099121,1
mqtt_preprocessed_v2.csv,5779,1,1,1,1,Tag_1,Tag_1,0.9997493624687195,1
mqtt_preprocessed_v2.csv,5780,1,1,1,1,Tag_1,Tag_1,0.9993706345558167,1
mqtt_preprocessed_v2.csv,5781,1,1,1,1,Tag_1,Tag_1,0.9997983574867249,1
mqtt_preprocessed_v2.csv,5782,1,1,1,1,Tag_1,Tag_1,0.999769389629364,1
mqtt_preprocessed_v2.csv,5783,1,1,1,1,Tag_1,Tag_1,0.9998062252998352,1
mqtt_preprocessed_v2.csv,5784,1,1,1,1,Tag_1,Tag_1,0.9993333220481873,1
mqtt_preprocessed_v2.csv,5785,1,1,1,1,Tag_1,Tag_1,0.9998089671134949,1
mqtt_preprocessed_v2.csv,5786,1,1,1,1,Tag_1,Tag_1,0.9997493624687195,1
mqtt_preprocessed_v2.csv,5787,1,1,1,1,Tag_1,Tag_1,0.9997145533561707,1
mqtt_preprocessed_v2.csv,5788,1,1,1,1,Tag_1,Tag_1,0.9997937083244324,1
mqtt_preprocessed_v2.csv,5789,1,1,1,1,Tag_1,Tag_1,0.9997557997703552,1
mqtt_preprocessed_v2.csv,5790,1,1,1,1,Tag_1,Tag_1,0.9998000264167786,1
mqtt_preprocessed_v2.csv,5791,1,1,1,1,Tag_1,Tag_1,0.9980573058128357,1
mqtt_preprocessed_v2.csv,5792,1,1,1,1,Tag_1,Tag_1,0.9998204112052917,1
mqtt_preprocessed_v2.csv,5793,1,1,1,1,Tag_1,Tag_1,0.9996858835220337,1
mqtt_preprocessed_v2.csv,5794,1,1,1,1,Tag_1,Tag_1,0.9996451139450073,1
mqtt_preprocessed_v2.csv,5795,1,1,1,1,Tag_1,Tag_1,0.9990431666374207,1
mqtt_preprocessed_v2.csv,5796,1,1,1,1,Tag_1,Tag_1,0.9998781681060791,1
mqtt_preprocessed_v2.csv,5797,1,1,1,1,Tag_1,Tag_1,0.9998733997344971,1
mqtt_preprocessed_v2.csv,5798,1,1,1,1,Tag_1,Tag_1,0.9931305050849915,1
mqtt_preprocessed_v2.csv,5799,1,1,1,1,Tag_1,Tag_1,0.9993033409118652,1
mqtt_preprocessed_v2.csv,5800,2,2,2,2,Tag_2,Tag_2,0.9978237152099609,1
mqtt_preprocessed_v2.csv,5801,2,2,2,2,Tag_2,Tag_2,0.8908071517944336,1
mqtt_preprocessed_v2.csv,5802,2,2,2,2,Tag_2,Tag_2,0.9977999329566956,1
mqtt_preprocessed_v2.csv,5803,2,-1,2,0,Tag_2,Normal,0.877159595489502,0
mqtt_preprocessed_v2.csv,5804,2,2,2,2,Tag_2,Tag_2,0.9380559921264648,1
mqtt_preprocessed_v2.csv,5805,2,2,2,2,Tag_2,Tag_2,0.9975829124450684,1
mqtt_preprocessed_v2.csv,5806,2,2,2,2,Tag_2,Tag_2,0.9967683553695679,1
mqtt_preprocessed_v2.csv,5807,2,-1,2,0,Tag_2,Normal,0.920762836933136,0
mqtt_preprocessed_v2.csv,5808,2,-1,2,0,Tag_2,Normal,0.6287600994110107,0
mqtt_preprocessed_v2.csv,5809,2,-1,2,0,Tag_2,Normal,0.939984917640686,0
mqtt_preprocessed_v2.csv,5810,2,-1,2,0,Tag_2,Normal,0.9456719160079956,0
mqtt_preprocessed_v2.csv,5811,2,2,2,2,Tag_2,Tag_2,0.9980924725532532,1
mqtt_preprocessed_v2.csv,5812,2,2,2,2,Tag_2,Tag_2,0.9766619205474854,1
mqtt_preprocessed_v2.csv,5813,2,2,2,2,Tag_2,Tag_2,0.9975536465644836,1
mqtt_preprocessed_v2.csv,5814,2,2,2,2,Tag_2,Tag_2,0.9979301691055298,1
mqtt_preprocessed_v2.csv,5815,2,2,2,2,Tag_2,Tag_2,0.9968704581260681,1
mqtt_preprocessed_v2.csv,5816,2,2,2,2,Tag_2,Tag_2,0.6575590372085571,1
mqtt_preprocessed_v2.csv,5817,2,-1,2,0,Tag_2,Normal,0.6558682918548584,0
mqtt_preprocessed_v2.csv,5818,2,2,2,2,Tag_2,Tag_2,0.9977688789367676,1
mqtt_preprocessed_v2.csv,5819,2,2,2,2,Tag_2,Tag_2,0.996776282787323,1
mqtt_preprocessed_v2.csv,5820,2,2,2,2,Tag_2,Tag_2,0.9969310760498047,1
mqtt_preprocessed_v2.csv,5821,2,2,2,2,Tag_2,Tag_2,0.9988111257553101,1
mqtt_preprocessed_v2.csv,5822,2,-1,2,0,Tag_2,Normal,0.5335047245025635,0
mqtt_preprocessed_v2.csv,5823,2,-1,2,0,Tag_2,Normal,0.7617279887199402,0
mqtt_preprocessed_v2.csv,5824,2,2,2,2,Tag_2,Tag_2,0.979929506778717,1
mqtt_preprocessed_v2.csv,5825,2,2,2,2,Tag_2,Tag_2,0.9977311491966248,1
mqtt_preprocessed_v2.csv,5826,2,-1,2,0,Tag_2,Normal,0.7057399153709412,0
mqtt_preprocessed_v2.csv,5827,2,-1,2,0,Tag_2,Normal,0.7313610911369324,0
mqtt_preprocessed_v2.csv,5828,2,2,2,2,Tag_2,Tag_2,0.9985615611076355,1
mqtt_preprocessed_v2.csv,5829,2,2,2,2,Tag_2,Tag_2,0.9979475140571594,1
mqtt_preprocessed_v2.csv,5830,2,2,2,2,Tag_2,Tag_2,0.9421955347061157,1
mqtt_preprocessed_v2.csv,5831,2,-1,2,0,Tag_2,Normal,0.7663442492485046,0
mqtt_preprocessed_v2.csv,5832,2,2,2,2,Tag_2,Tag_2,0.9983224272727966,1
mqtt_preprocessed_v2.csv,5833,2,2,2,2,Tag_2,Tag_2,0.9988766312599182,1
mqtt_preprocessed_v2.csv,5834,2,2,2,2,Tag_2,Tag_2,0.9977248311042786,1
mqtt_preprocessed_v2.csv,5835,2,2,2,2,Tag_2,Tag_2,0.9686948657035828,1
mqtt_preprocessed_v2.csv,5836,2,2,2,2,Tag_2,Tag_2,0.9976728558540344,1
mqtt_preprocessed_v2.csv,5837,2,2,2,2,Tag_2,Tag_2,0.9737102389335632,1
mqtt_preprocessed_v2.csv,5838,2,-1,2,0,Tag_2,Normal,0.7325239181518555,0
mqtt_preprocessed_v2.csv,5839,2,-1,2,0,Tag_2,Normal,0.7561531066894531,0
mqtt_preprocessed_v2.csv,5840,2,2,2,2,Tag_2,Tag_2,0.9750884771347046,1
mqtt_preprocessed_v2.csv,5841,2,2,2,2,Tag_2,Tag_2,0.99832683801651,1
mqtt_preprocessed_v2.csv,5842,2,2,2,2,Tag_2,Tag_2,0.998752236366272,1
mqtt_preprocessed_v2.csv,5843,2,2,2,2,Tag_2,Tag_2,0.9948559999465942,1
mqtt_preprocessed_v2.csv,5844,2,-1,2,0,Tag_2,Normal,0.6665953993797302,0
mqtt_preprocessed_v2.csv,5845,2,-1,2,0,Tag_2,Normal,0.7485564947128296,0
mqtt_preprocessed_v2.csv,5846,2,2,2,2,Tag_2,Tag_2,0.9038759469985962,1
mqtt_preprocessed_v2.csv,5847,2,2,2,2,Tag_2,Tag_2,0.9960508942604065,1
mqtt_preprocessed_v2.csv,5848,2,-1,2,0,Tag_2,Normal,0.6858129501342773,0
mqtt_preprocessed_v2.csv,5849,2,2,2,2,Tag_2,Tag_2,0.835483193397522,1
mqtt_preprocessed_v2.csv,5850,2,-1,2,0,Tag_2,Normal,0.6401957273483276,0
mqtt_preprocessed_v2.csv,5851,2,2,2,2,Tag_2,Tag_2,0.9986140727996826,1
mqtt_preprocessed_v2.csv,5852,2,-1,2,0,Tag_2,Normal,0.7176612019538879,0
mqtt_preprocessed_v2.csv,5853,2,-1,2,0,Tag_2,Normal,0.7182433009147644,0
mqtt_preprocessed_v2.csv,5854,2,2,2,2,Tag_2,Tag_2,0.9983239769935608,1
mqtt_preprocessed_v2.csv,5855,2,-1,2,0,Tag_2,Normal,0.9360138177871704,0
mqtt_preprocessed_v2.csv,5856,2,-1,2,0,Tag_2,Normal,0.9231683015823364,0
mqtt_preprocessed_v2.csv,5857,2,-1,2,0,Tag_2,Normal,0.811001181602478,0
mqtt_preprocessed_v2.csv,5858,2,-1,2,0,Tag_2,Normal,0.8897362947463989,0
mqtt_preprocessed_v2.csv,5859,2,2,2,2,Tag_2,Tag_2,0.7265661954879761,1
mqtt_preprocessed_v2.csv,5860,2,2,2,2,Tag_2,Tag_2,0.9983388185501099,1
mqtt_preprocessed_v2.csv,5861,2,-1,2,0,Tag_2,Normal,0.7027464509010315,0
mqtt_preprocessed_v2.csv,5862,2,-1,2,0,Tag_2,Normal,0.7483494877815247,0
mqtt_preprocessed_v2.csv,5863,2,2,2,2,Tag_2,Tag_2,0.9980997443199158,1
mqtt_preprocessed_v2.csv,5864,2,2,2,2,Tag_2,Tag_2,0.9821471571922302,1
mqtt_preprocessed_v2.csv,5865,2,2,2,2,Tag_2,Tag_2,0.9980893731117249,1
mqtt_preprocessed_v2.csv,5866,2,-1,2,0,Tag_2,Normal,0.6712505221366882,0
mqtt_preprocessed_v2.csv,5867,2,2,2,2,Tag_2,Tag_2,0.9967723488807678,1
mqtt_preprocessed_v2.csv,5868,2,-1,2,0,Tag_2,Normal,0.7877310514450073,0
mqtt_preprocessed_v2.csv,5869,2,2,2,2,Tag_2,Tag_2,0.9989226460456848,1
mqtt_preprocessed_v2.csv,5870,2,2,2,2,Tag_2,Tag_2,0.9985894560813904,1
mqtt_preprocessed_v2.csv,5871,2,2,2,2,Tag_2,Tag_2,0.9988651275634766,1
mqtt_preprocessed_v2.csv,5872,2,2,2,2,Tag_2,Tag_2,0.9980852603912354,1
mqtt_preprocessed_v2.csv,5873,2,2,2,2,Tag_2,Tag_2,0.9984152317047119,1
mqtt_preprocessed_v2.csv,5874,2,2,2,2,Tag_2,Tag_2,0.9976906776428223,1
mqtt_preprocessed_v2.csv,5875,2,2,2,2,Tag_2,Tag_2,0.997616171836853,1
mqtt_preprocessed_v2.csv,5876,2,2,2,2,Tag_2,Tag_2,0.9985626339912415,1
mqtt_preprocessed_v2.csv,5877,2,2,2,2,Tag_2,Tag_2,0.9984283447265625,1
mqtt_preprocessed_v2.csv,5878,2,2,2,2,Tag_2,Tag_2,0.998337984085083,1
mqtt_preprocessed_v2.csv,5879,2,2,2,2,Tag_2,Tag_2,0.9983320832252502,1
mqtt_preprocessed_v2.csv,5880,2,2,2,2,Tag_2,Tag_2,0.9985378980636597,1
mqtt_preprocessed_v2.csv,5881,2,2,2,2,Tag_2,Tag_2,0.997766375541687,1
mqtt_preprocessed_v2.csv,5882,2,2,2,2,Tag_2,Tag_2,0.9984681010246277,1
mqtt_preprocessed_v2.csv,5883,2,2,2,2,Tag_2,Tag_2,0.9982435703277588,1
mqtt_preprocessed_v2.csv,5884,2,2,2,2,Tag_2,Tag_2,0.9984292387962341,1
mqtt_preprocessed_v2.csv,5885,2,2,2,2,Tag_2,Tag_2,0.9981181621551514,1
mqtt_preprocessed_v2.csv,5886,2,2,2,2,Tag_2,Tag_2,0.998319685459137,1
mqtt_preprocessed_v2.csv,5887,2,2,2,2,Tag_2,Tag_2,0.9974946975708008,1
mqtt_preprocessed_v2.csv,5888,2,2,2,2,Tag_2,Tag_2,0.9986131191253662,1
mqtt_preprocessed_v2.csv,5889,2,2,2,2,Tag_2,Tag_2,0.9988957643508911,1
mqtt_preprocessed_v2.csv,5890,2,2,2,2,Tag_2,Tag_2,0.9983166456222534,1
mqtt_preprocessed_v2.csv,5891,2,2,2,2,Tag_2,Tag_2,0.998599112033844,1
mqtt_preprocessed_v2.csv,5892,2,2,2,2,Tag_2,Tag_2,0.9981727600097656,1
mqtt_preprocessed_v2.csv,5893,2,2,2,2,Tag_2,Tag_2,0.9985139966011047,1
mqtt_preprocessed_v2.csv,5894,2,2,2,2,Tag_2,Tag_2,0.9985911250114441,1
mqtt_preprocessed_v2.csv,5895,2,2,2,2,Tag_2,Tag_2,0.9981110095977783,1
mqtt_preprocessed_v2.csv,5896,2,2,2,2,Tag_2,Tag_2,0.9981774091720581,1
mqtt_preprocessed_v2.csv,5897,2,2,2,2,Tag_2,Tag_2,0.9985814094543457,1
mqtt_preprocessed_v2.csv,5898,2,2,2,2,Tag_2,Tag_2,0.9977967739105225,1
mqtt_preprocessed_v2.csv,5899,2,2,2,2,Tag_2,Tag_2,0.998129665851593,1
mqtt_preprocessed_v2.csv,5900,3,3,3,3,Tag_3,Tag_3,0.9998108744621277,1
mqtt_preprocessed_v2.csv,5901,3,3,3,3,Tag_3,Tag_3,0.999711811542511,1
mqtt_preprocessed_v2.csv,5902,3,3,3,3,Tag_3,Tag_3,0.9999165534973145,1
mqtt_preprocessed_v2.csv,5903,3,3,3,3,Tag_3,Tag_3,0.9975825548171997,1
mqtt_preprocessed_v2.csv,5904,3,3,3,3,Tag_3,Tag_3,0.9975774884223938,1
mqtt_preprocessed_v2.csv,5905,3,3,3,3,Tag_3,Tag_3,0.9999327659606934,1
mqtt_preprocessed_v2.csv,5906,3,3,3,3,Tag_3,Tag_3,0.9998106360435486,1
mqtt_preprocessed_v2.csv,5907,3,3,3,3,Tag_3,Tag_3,0.9999314546585083,1
mqtt_preprocessed_v2.csv,5908,3,3,3,3,Tag_3,Tag_3,0.9997120499610901,1
mqtt_preprocessed_v2.csv,5909,3,3,3,3,Tag_3,Tag_3,0.995771586894989,1
mqtt_preprocessed_v2.csv,5910,3,3,3,3,Tag_3,Tag_3,0.9977452158927917,1
mqtt_preprocessed_v2.csv,5911,3,3,3,3,Tag_3,Tag_3,0.9998106360435486,1
mqtt_preprocessed_v2.csv,5912,3,3,3,3,Tag_3,Tag_3,0.9999326467514038,1
mqtt_preprocessed_v2.csv,5913,3,3,3,3,Tag_3,Tag_3,0.9999328851699829,1
mqtt_preprocessed_v2.csv,5914,3,3,3,3,Tag_3,Tag_3,0.9998997449874878,1
mqtt_preprocessed_v2.csv,5915,3,3,3,3,Tag_3,Tag_3,0.9998997449874878,1
mqtt_preprocessed_v2.csv,5916,3,3,3,3,Tag_3,Tag_3,0.9978544116020203,1
mqtt_preprocessed_v2.csv,5917,3,3,3,3,Tag_3,Tag_3,0.9955888986587524,1
mqtt_preprocessed_v2.csv,5918,3,3,3,3,Tag_3,Tag_3,0.9997051358222961,1
mqtt_preprocessed_v2.csv,5919,3,3,3,3,Tag_3,Tag_3,0.9999164342880249,1
mqtt_preprocessed_v2.csv,5920,3,3,3,3,Tag_3,Tag_3,0.9978564381599426,1
mqtt_preprocessed_v2.csv,5921,3,3,3,3,Tag_3,Tag_3,0.9997047781944275,1
mqtt_preprocessed_v2.csv,5922,3,3,3,3,Tag_3,Tag_3,0.9998144507408142,1
mqtt_preprocessed_v2.csv,5923,3,3,3,3,Tag_3,Tag_3,0.9999316930770874,1
mqtt_preprocessed_v2.csv,5924,3,3,3,3,Tag_3,Tag_3,0.9999326467514038,1
mqtt_preprocessed_v2.csv,5925,3,3,3,3,Tag_3,Tag_3,0.9956045150756836,1
mqtt_preprocessed_v2.csv,5926,3,3,3,3,Tag_3,Tag_3,0.9997051358222961,1
mqtt_preprocessed_v2.csv,5927,3,3,3,3,Tag_3,Tag_3,0.9957589507102966,1
mqtt_preprocessed_v2.csv,5928,3,3,3,3,Tag_3,Tag_3,0.9998152852058411,1
mqtt_preprocessed_v2.csv,5929,3,3,3,3,Tag_3,Tag_3,0.9998132586479187,1
mqtt_preprocessed_v2.csv,5930,3,3,3,3,Tag_3,Tag_3,0.9999161958694458,1
mqtt_preprocessed_v2.csv,5931,3,3,3,3,Tag_3,Tag_3,0.9999327659606934,1
mqtt_preprocessed_v2.csv,5932,3,3,3,3,Tag_3,Tag_3,0.9997041821479797,1
mqtt_preprocessed_v2.csv,5933,3,3,3,3,Tag_3,Tag_3,0.9997190833091736,1
mqtt_preprocessed_v2.csv,5934,3,3,3,3,Tag_3,Tag_3,0.9999221563339233,1
mqtt_preprocessed_v2.csv,5935,3,3,3,3,Tag_3,Tag_3,0.9991100430488586,1
mqtt_preprocessed_v2.csv,5936,3,3,3,3,Tag_3,Tag_3,0.9999161958694458,1
mqtt_preprocessed_v2.csv,5937,3,3,3,3,Tag_3,Tag_3,0.9999164342880249,1
mqtt_preprocessed_v2.csv,5938,3,3,3,3,Tag_3,Tag_3,0.9999327659606934,1
mqtt_preprocessed_v2.csv,5939,3,3,3,3,Tag_3,Tag_3,0.9999219179153442,1
mqtt_preprocessed_v2.csv,5940,3,3,3,3,Tag_3,Tag_3,0.9999165534973145,1
mqtt_preprocessed_v2.csv,5941,3,3,3,3,Tag_3,Tag_3,0.9963100552558899,1
mqtt_preprocessed_v2.csv,5942,3,3,3,3,Tag_3,Tag_3,0.9999148845672607,1
mqtt_preprocessed_v2.csv,5943,3,3,3,3,Tag_3,Tag_3,0.9991087317466736,1
mqtt_preprocessed_v2.csv,5944,3,3,3,3,Tag_3,Tag_3,0.9978631138801575,1
mqtt_preprocessed_v2.csv,5945,3,3,3,3,Tag_3,Tag_3,0.9975706934928894,1
mqtt_preprocessed_v2.csv,5946,3,3,3,3,Tag_3,Tag_3,0.9999164342880249,1
mqtt_preprocessed_v2.csv,5947,3,3,3,3,Tag_3,Tag_3,0.9999179840087891,1
mqtt_preprocessed_v2.csv,5948,3,3,3,3,Tag_3,Tag_3,0.9976073503494263,1
mqtt_preprocessed_v2.csv,5949,3,3,3,3,Tag_3,Tag_3,0.9999161958694458,1
mqtt_preprocessed_v2.csv,5950,4,4,4,4,Tag_4,Tag_4,0.999994158744812,1
mqtt_preprocessed_v2.csv,5951,4,4,4,4,Tag_4,Tag_4,0.9998384714126587,1
mqtt_preprocessed_v2.csv,5952,4,4,4,4,Tag_4,Tag_4,0.9999903440475464,1
mqtt_preprocessed_v2.csv,5953,4,4,4,4,Tag_4,Tag_4,0.9999823570251465,1
mqtt_preprocessed_v2.csv,5954,4,4,4,4,Tag_4,Tag_4,0.9999473094940186,1
mqtt_preprocessed_v2.csv,5955,4,4,4,4,Tag_4,Tag_4,0.9999184608459473,1
mqtt_preprocessed_v2.csv,5956,4,4,4,4,Tag_4,Tag_4,0.9999932050704956,1
mqtt_preprocessed_v2.csv,5957,4,4,4,4,Tag_4,Tag_4,0.9999843835830688,1
mqtt_preprocessed_v2.csv,5958,4,4,4,4,Tag_4,Tag_4,0.9999912977218628,1
mqtt_preprocessed_v2.csv,5959,4,4,4,4,Tag_4,Tag_4,0.999994158744812,1
mqtt_preprocessed_v2.csv,5960,4,4,4,4,Tag_4,Tag_4,0.9999932050704956,1
mqtt_preprocessed_v2.csv,5961,4,4,4,4,Tag_4,Tag_4,0.999994158744812,1
mqtt_preprocessed_v2.csv,5962,4,4,4,4,Tag_4,Tag_4,0.9999908208847046,1
mqtt_preprocessed_v2.csv,5963,4,4,4,4,Tag_4,Tag_4,0.9999932050704956,1
mqtt_preprocessed_v2.csv,5964,4,4,4,4,Tag_4,Tag_4,0.999991774559021,1
mqtt_preprocessed_v2.csv,5965,4,4,4,4,Tag_4,Tag_4,0.999990701675415,1
mqtt_preprocessed_v2.csv,5966,4,4,4,4,Tag_4,Tag_4,0.9999942779541016,1
mqtt_preprocessed_v2.csv,5967,4,4,4,4,Tag_4,Tag_4,0.9992964267730713,1
mqtt_preprocessed_v2.csv,5968,4,4,4,4,Tag_4,Tag_4,0.999994158744812,1
mqtt_preprocessed_v2.csv,5969,4,4,4,4,Tag_4,Tag_4,0.999947190284729,1
mqtt_preprocessed_v2.csv,5970,4,4,4,4,Tag_4,Tag_4,0.9995465874671936,1
mqtt_preprocessed_v2.csv,5971,4,4,4,4,Tag_4,Tag_4,0.9999867677688599,1
mqtt_preprocessed_v2.csv,5972,4,4,4,4,Tag_4,Tag_4,0.9999843835830688,1
mqtt_preprocessed_v2.csv,5973,4,4,4,4,Tag_4,Tag_4,0.9999902248382568,1
mqtt_preprocessed_v2.csv,5974,4,4,4,4,Tag_4,Tag_4,0.9999911785125732,1
mqtt_preprocessed_v2.csv,5975,4,4,4,4,Tag_4,Tag_4,0.999987006187439,1
mqtt_preprocessed_v2.csv,5976,4,4,4,4,Tag_4,Tag_4,0.9995570778846741,1
mqtt_preprocessed_v2.csv,5977,4,4,4,4,Tag_4,Tag_4,0.999991774559021,1
mqtt_preprocessed_v2.csv,5978,4,4,4,4,Tag_4,Tag_4,0.9999916553497314,1
mqtt_preprocessed_v2.csv,5979,4,4,4,4,Tag_4,Tag_4,0.9998382329940796,1
mqtt_preprocessed_v2.csv,5980,4,4,4,4,Tag_4,Tag_4,0.9999823570251465,1
mqtt_preprocessed_v2.csv,5981,4,4,4,4,Tag_4,Tag_4,0.9998432397842407,1
mqtt_preprocessed_v2.csv,5982,4,4,4,4,Tag_4,Tag_4,0.9999852180480957,1
mqtt_preprocessed_v2.csv,5983,4,4,4,4,Tag_4,Tag_4,0.999991774559021,1
mqtt_preprocessed_v2.csv,5984,4,4,4,4,Tag_4,Tag_4,0.9998195767402649,1
mqtt_preprocessed_v2.csv,5985,4,4,4,4,Tag_4,Tag_4,0.9999915361404419,1
mqtt_preprocessed_v2.csv,5986,4,4,4,4,Tag_4,Tag_4,0.999954342842102,1
mqtt_preprocessed_v2.csv,5987,4,4,4,4,Tag_4,Tag_4,0.9999939203262329,1
mqtt_preprocessed_v2.csv,5988,4,4,4,4,Tag_4,Tag_4,0.9998431205749512,1
mqtt_preprocessed_v2.csv,5989,4,4,4,4,Tag_4,Tag_4,0.999991774559021,1
mqtt_preprocessed_v2.csv,5990,4,4,4,4,Tag_4,Tag_4,0.9999915361404419,1
mqtt_preprocessed_v2.csv,5991,4,4,4,4,Tag_4,Tag_4,0.9999924898147583,1
mqtt_preprocessed_v2.csv,5992,4,4,4,4,Tag_4,Tag_4,0.9999915361404419,1
mqtt_preprocessed_v2.csv,5993,4,4,4,4,Tag_4,Tag_4,0.9999843835830688,1
mqtt_preprocessed_v2.csv,5994,4,4,4,4,Tag_4,Tag_4,0.9999847412109375,1
mqtt_preprocessed_v2.csv,5995,4,4,4,4,Tag_4,Tag_4,0.9998401403427124,1
mqtt_preprocessed_v2.csv,5996,4,4,4,4,Tag_4,Tag_4,0.9999909400939941,1
mqtt_preprocessed_v2.csv,5997,4,4,4,4,Tag_4,Tag_4,0.9999871253967285,1
mqtt_preprocessed_v2.csv,5998,4,4,4,4,Tag_4,Tag_4,0.9999436140060425,1
mqtt_preprocessed_v2.csv,5999,4,4,4,4,Tag_4,Tag_4,0.9999934434890747,1
mqtt_preprocessed_v2.csv,6000,4,4,4,4,Tag_4,Tag_4,0.9999971389770508,1
mqtt_preprocessed_v2.csv,6001,4,4,4,4,Tag_4,Tag_4,0.9999959468841553,1
mqtt_preprocessed_v2.csv,6002,4,4,4,4,Tag_4,Tag_4,0.9999786615371704,1
mqtt_preprocessed_v2.csv,6003,4,4,4,4,Tag_4,Tag_4,0.9999905824661255,1
mqtt_preprocessed_v2.csv,6004,4,4,4,4,Tag_4,Tag_4,0.9999929666519165,1
mqtt_preprocessed_v2.csv,6005,4,4,4,4,Tag_4,Tag_4,0.999991774559021,1
mqtt_preprocessed_v2.csv,6006,4,4,4,4,Tag_4,Tag_4,0.9999992847442627,1
mqtt_preprocessed_v2.csv,6007,4,4,4,4,Tag_4,Tag_4,0.9999945163726807,1
mqtt_preprocessed_v2.csv,6008,4,4,4,4,Tag_4,Tag_4,0.9999879598617554,1
mqtt_preprocessed_v2.csv,6009,4,4,4,4,Tag_4,Tag_4,0.9999943971633911,1
mqtt_preprocessed_v2.csv,6010,4,4,4,4,Tag_4,Tag_4,0.999993085861206,1
mqtt_preprocessed_v2.csv,6011,4,4,4,4,Tag_4,Tag_4,0.9999935626983643,1
mqtt_preprocessed_v2.csv,6012,4,4,4,4,Tag_4,Tag_4,0.9999978542327881,1
mqtt_preprocessed_v2.csv,6013,4,4,4,4,Tag_4,Tag_4,0.9999556541442871,1
mqtt_preprocessed_v2.csv,6014,4,4,4,4,Tag_4,Tag_4,0.9999849796295166,1
mqtt_preprocessed_v2.csv,6015,4,4,4,4,Tag_4,Tag_4,0.9999953508377075,1
mqtt_preprocessed_v2.csv,6016,4,4,4,4,Tag_4,Tag_4,0.999993085861206,1
mqtt_preprocessed_v2.csv,6017,4,4,4,4,Tag_4,Tag_4,0.9999945163726807,1
mqtt_preprocessed_v2.csv,6018,4,4,4,4,Tag_4,Tag_4,0.9999954700469971,1
mqtt_preprocessed_v2.csv,6019,4,4,4,4,Tag_4,Tag_4,0.9999924898147583,1
mqtt_preprocessed_v2.csv,6020,4,4,4,4,Tag_4,Tag_4,0.9999947547912598,1
mqtt_preprocessed_v2.csv,6021,4,4,4,4,Tag_4,Tag_4,0.9999390840530396,1
mqtt_preprocessed_v2.csv,6022,4,4,4,4,Tag_4,Tag_4,0.999982476234436,1
mqtt_preprocessed_v2.csv,6023,4,4,4,4,Tag_4,Tag_4,0.9999815225601196,1
mqtt_preprocessed_v2.csv,6024,4,4,4,4,Tag_4,Tag_4,0.9999933242797852,1
mqtt_preprocessed_v2.csv,6025,4,4,4,4,Tag_4,Tag_4,0.9999874830245972,1
mqtt_preprocessed_v2.csv,6026,4,4,4,4,Tag_4,Tag_4,0.9999959468841553,1
mqtt_preprocessed_v2.csv,6027,4,4,4,4,Tag_4,Tag_4,0.9999935626983643,1
mqtt_preprocessed_v2.csv,6028,4,4,4,4,Tag_4,Tag_4,0.9999938011169434,1
mqtt_preprocessed_v2.csv,6029,4,4,4,4,Tag_4,Tag_4,0.9999949932098389,1
mqtt_preprocessed_v2.csv,6030,4,4,4,4,Tag_4,Tag_4,0.999996542930603,1
mqtt_preprocessed_v2.csv,6031,4,4,4,4,Tag_4,Tag_4,0.9999923706054688,1
mqtt_preprocessed_v2.csv,6032,4,4,4,4,Tag_4,Tag_4,0.9999868869781494,1
mqtt_preprocessed_v2.csv,6033,4,4,4,4,Tag_4,Tag_4,0.9999994039535522,1
mqtt_preprocessed_v2.csv,6034,4,4,4,4,Tag_4,Tag_4,0.9999949932098389,1
mqtt_preprocessed_v2.csv,6035,4,4,4,4,Tag_4,Tag_4,0.9999949932098389,1
mqtt_preprocessed_v2.csv,6036,4,4,4,4,Tag_4,Tag_4,0.9999945163726807,1
mqtt_preprocessed_v2.csv,6037,4,4,4,4,Tag_4,Tag_4,0.9999716281890869,1
mqtt_preprocessed_v2.csv,6038,4,4,4,4,Tag_4,Tag_4,0.9999940395355225,1
mqtt_preprocessed_v2.csv,6039,4,4,4,4,Tag_4,Tag_4,0.9999951124191284,1
mqtt_preprocessed_v2.csv,6040,4,4,4,4,Tag_4,Tag_4,0.9999986886978149,1
mqtt_preprocessed_v2.csv,6041,4,4,4,4,Tag_4,Tag_4,0.9999879598617554,1
mqtt_preprocessed_v2.csv,6042,4,4,4,4,Tag_4,Tag_4,0.9999946355819702,1
mqtt_preprocessed_v2.csv,6043,4,4,4,4,Tag_4,Tag_4,0.9999953508377075,1
mqtt_preprocessed_v2.csv,6044,4,4,4,4,Tag_4,Tag_4,0.9999939203262329,1
mqtt_preprocessed_v2.csv,6045,4,4,4,4,Tag_4,Tag_4,0.999988317489624,1
mqtt_preprocessed_v2.csv,6046,4,4,4,4,Tag_4,Tag_4,0.999931812286377,1
mqtt_preprocessed_v2.csv,6047,4,4,4,4,Tag_4,Tag_4,0.9999932050704956,1
mqtt_preprocessed_v2.csv,6048,4,4,4,4,Tag_4,Tag_4,0.9997848868370056,1
mqtt_preprocessed_v2.csv,6049,4,4,4,4,Tag_4,Tag_4,0.9999948740005493,1
mqtt_preprocessed_v2.csv,6050,4,4,4,4,Tag_4,Tag_4,0.9999970197677612,1
mqtt_preprocessed_v2.csv,6051,4,4,4,4,Tag_4,Tag_4,0.9999687671661377,1
mqtt_preprocessed_v2.csv,6052,4,4,4,4,Tag_4,Tag_4,0.9999819993972778,1
mqtt_preprocessed_v2.csv,6053,4,4,4,4,Tag_4,Tag_4,0.9999934434890747,1
mqtt_preprocessed_v2.csv,6054,4,4,4,4,Tag_4,Tag_4,0.999988317489624,1
mqtt_preprocessed_v2.csv,6055,4,4,4,4,Tag_4,Tag_4,0.9999943971633911,1
mqtt_preprocessed_v2.csv,6056,4,4,4,4,Tag_4,Tag_4,0.9999885559082031,1
mqtt_preprocessed_v2.csv,6057,4,4,4,4,Tag_4,Tag_4,0.9999951124191284,1
mqtt_preprocessed_v2.csv,6058,4,4,4,4,Tag_4,Tag_4,0.9999898672103882,1
mqtt_preprocessed_v2.csv,6059,4,4,4,4,Tag_4,Tag_4,0.9999938011169434,1
mqtt_preprocessed_v2.csv,6060,4,4,4,4,Tag_4,Tag_4,0.9999918937683105,1
mqtt_preprocessed_v2.csv,6061,4,4,4,4,Tag_4,Tag_4,0.9999948740005493,1
mqtt_preprocessed_v2.csv,6062,4,4,4,4,Tag_4,Tag_4,0.9999948740005493,1
mqtt_preprocessed_v2.csv,6063,4,4,4,4,Tag_4,Tag_4,0.9999912977218628,1
mqtt_preprocessed_v2.csv,6064,4,4,4,4,Tag_4,Tag_4,0.9999910593032837,1
mqtt_preprocessed_v2.csv,6065,4,4,4,4,Tag_4,Tag_4,0.9999957084655762,1
mqtt_preprocessed_v2.csv,6066,4,4,4,4,Tag_4,Tag_4,0.9999929666519165,1
mqtt_preprocessed_v2.csv,6067,4,4,4,4,Tag_4,Tag_4,0.9999947547912598,1
mqtt_preprocessed_v2.csv,6068,4,4,4,4,Tag_4,Tag_4,0.9999885559082031,1
mqtt_preprocessed_v2.csv,6069,4,4,4,4,Tag_4,Tag_4,0.9999899864196777,1
mqtt_preprocessed_v2.csv,6070,4,4,4,4,Tag_4,Tag_4,0.9999897480010986,1
mqtt_preprocessed_v2.csv,6071,4,4,4,4,Tag_4,Tag_4,0.999995231628418,1
mqtt_preprocessed_v2.csv,6072,4,4,4,4,Tag_4,Tag_4,0.9999912977218628,1
mqtt_preprocessed_v2.csv,6073,4,4,4,4,Tag_4,Tag_4,0.9999945163726807,1
mqtt_preprocessed_v2.csv,6074,4,4,4,4,Tag_4,Tag_4,0.9999911785125732,1
mqtt_preprocessed_v2.csv,6075,4,4,4,4,Tag_4,Tag_4,0.9999921321868896,1
mqtt_preprocessed_v2.csv,6076,4,4,4,4,Tag_4,Tag_4,0.9999563694000244,1
mqtt_preprocessed_v2.csv,6077,4,4,4,4,Tag_4,Tag_4,0.9999961853027344,1
mqtt_preprocessed_v2.csv,6078,4,4,4,4,Tag_4,Tag_4,0.9999958276748657,1
mqtt_preprocessed_v2.csv,6079,4,4,4,4,Tag_4,Tag_4,0.9999955892562866,1
mqtt_preprocessed_v2.csv,6080,4,4,4,4,Tag_4,Tag_4,0.9999963045120239,1
mqtt_preprocessed_v2.csv,6081,4,4,4,4,Tag_4,Tag_4,0.9999918937683105,1
mqtt_preprocessed_v2.csv,6082,4,4,4,4,Tag_4,Tag_4,0.9999920129776001,1
mqtt_preprocessed_v2.csv,6083,4,4,4,4,Tag_4,Tag_4,0.9999959468841553,1
mqtt_preprocessed_v2.csv,6084,4,4,4,4,Tag_4,Tag_4,0.9999899864196777,1
mqtt_preprocessed_v2.csv,6085,4,4,4,4,Tag_4,Tag_4,0.9999936819076538,1
mqtt_preprocessed_v2.csv,6086,4,4,4,4,Tag_4,Tag_4,0.9999924898147583,1
mqtt_preprocessed_v2.csv,6087,4,4,4,4,Tag_4,Tag_4,0.999990701675415,1
mqtt_preprocessed_v2.csv,6088,4,4,4,4,Tag_4,Tag_4,0.999996542930603,1
mqtt_preprocessed_v2.csv,6089,4,4,4,4,Tag_4,Tag_4,0.9999939203262329,1
mqtt_preprocessed_v2.csv,6090,4,4,4,4,Tag_4,Tag_4,0.9999922513961792,1
mqtt_preprocessed_v2.csv,6091,4,4,4,4,Tag_4,Tag_4,0.9999961853027344,1
mqtt_preprocessed_v2.csv,6092,4,4,4,4,Tag_4,Tag_4,0.9999819993972778,1
mqtt_preprocessed_v2.csv,6093,4,4,4,4,Tag_4,Tag_4,0.9999948740005493,1
mqtt_preprocessed_v2.csv,6094,4,4,4,4,Tag_4,Tag_4,0.9999966621398926,1
mqtt_preprocessed_v2.csv,6095,4,4,4,4,Tag_4,Tag_4,0.9999892711639404,1
mqtt_preprocessed_v2.csv,6096,4,4,4,4,Tag_4,Tag_4,0.9999903440475464,1
mqtt_preprocessed_v2.csv,6097,4,4,4,4,Tag_4,Tag_4,0.9999943971633911,1
mqtt_preprocessed_v2.csv,6098,4,4,4,4,Tag_4,Tag_4,0.999994158744812,1
mqtt_preprocessed_v2.csv,6099,4,4,4,4,Tag_4,Tag_4,0.9999914169311523,1
mqtt_preprocessed_v2.csv,6100,4,4,4,4,Tag_4,Tag_4,0.9999943971633911,1
mqtt_preprocessed_v2.csv,6101,4,4,4,4,Tag_4,Tag_4,0.9999926090240479,1
mqtt_preprocessed_v2.csv,6102,4,4,4,4,Tag_4,Tag_4,0.999994158744812,1
mqtt_preprocessed_v2.csv,6103,4,4,4,4,Tag_4,Tag_4,0.9999951124191284,1
mqtt_preprocessed_v2.csv,6104,4,4,4,4,Tag_4,Tag_4,0.9999929666519165,1
mqtt_preprocessed_v2.csv,6105,4,4,4,4,Tag_4,Tag_4,0.9999948740005493,1
mqtt_preprocessed_v2.csv,6106,4,4,4,4,Tag_4,Tag_4,0.9999945163726807,1
mqtt_preprocessed_v2.csv,6107,4,4,4,4,Tag_4,Tag_4,0.9999880790710449,1
mqtt_preprocessed_v2.csv,6108,4,4,4,4,Tag_4,Tag_4,0.999992847442627,1
mqtt_preprocessed_v2.csv,6109,4,4,4,4,Tag_4,Tag_4,0.9999830722808838,1
mqtt_preprocessed_v2.csv,6110,4,4,4,4,Tag_4,Tag_4,0.9999924898147583,1
mqtt_preprocessed_v2.csv,6111,4,4,4,4,Tag_4,Tag_4,0.9999878406524658,1
mqtt_preprocessed_v2.csv,6112,4,4,4,4,Tag_4,Tag_4,0.9999943971633911,1
mqtt_preprocessed_v2.csv,6113,4,4,4,4,Tag_4,Tag_4,0.9999934434890747,1
mqtt_preprocessed_v2.csv,6114,4,4,4,4,Tag_4,Tag_4,0.9999877214431763,1
mqtt_preprocessed_v2.csv,6115,4,4,4,4,Tag_4,Tag_4,0.9999935626983643,1
mqtt_preprocessed_v2.csv,6116,4,4,4,4,Tag_4,Tag_4,0.9999935626983643,1
mqtt_preprocessed_v2.csv,6117,4,4,4,4,Tag_4,Tag_4,0.9999934434890747,1
mqtt_preprocessed_v2.csv,6118,4,4,4,4,Tag_4,Tag_4,0.9999929666519165,1
mqtt_preprocessed_v2.csv,6119,4,4,4,4,Tag_4,Tag_4,0.9999938011169434,1
mqtt_preprocessed_v2.csv,6120,4,4,4,4,Tag_4,Tag_4,0.9999939203262329,1
mqtt_preprocessed_v2.csv,6121,4,4,4,4,Tag_4,Tag_4,0.9999912977218628,1
mqtt_preprocessed_v2.csv,6122,4,4,4,4,Tag_4,Tag_4,0.9999923706054688,1
mqtt_preprocessed_v2.csv,6123,4,4,4,4,Tag_4,Tag_4,0.9999936819076538,1
mqtt_preprocessed_v2.csv,6124,4,4,4,4,Tag_4,Tag_4,0.9999953508377075,1
mqtt_preprocessed_v2.csv,6125,4,4,4,4,Tag_4,Tag_4,0.9999921321868896,1
mqtt_preprocessed_v2.csv,6126,4,4,4,4,Tag_4,Tag_4,0.9999939203262329,1
mqtt_preprocessed_v2.csv,6127,4,4,4,4,Tag_4,Tag_4,0.9999871253967285,1
mqtt_preprocessed_v2.csv,6128,4,4,4,4,Tag_4,Tag_4,0.9999909400939941,1
mqtt_preprocessed_v2.csv,6129,4,4,4,4,Tag_4,Tag_4,0.999993085861206,1
mqtt_preprocessed_v2.csv,6130,4,4,4,4,Tag_4,Tag_4,0.9999953508377075,1
mqtt_preprocessed_v2.csv,6131,4,4,4,4,Tag_4,Tag_4,0.9999910593032837,1
mqtt_preprocessed_v2.csv,6132,4,4,4,4,Tag_4,Tag_4,0.9999890327453613,1
mqtt_preprocessed_v2.csv,6133,4,4,4,4,Tag_4,Tag_4,0.9999746084213257,1
mqtt_preprocessed_v2.csv,6134,4,4,4,4,Tag_4,Tag_4,0.9999914169311523,1
mqtt_preprocessed_v2.csv,6135,4,4,4,4,Tag_4,Tag_4,0.9999959468841553,1
mqtt_preprocessed_v2.csv,6136,4,4,4,4,Tag_4,Tag_4,0.9999951124191284,1
mqtt_preprocessed_v2.csv,6137,4,4,4,4,Tag_4,Tag_4,0.9999947547912598,1
mqtt_preprocessed_v2.csv,6138,4,4,4,4,Tag_4,Tag_4,0.9999940395355225,1
mqtt_preprocessed_v2.csv,6139,4,4,4,4,Tag_4,Tag_4,0.9999940395355225,1
mqtt_preprocessed_v2.csv,6140,4,4,4,4,Tag_4,Tag_4,0.9999948740005493,1
mqtt_preprocessed_v2.csv,6141,4,4,4,4,Tag_4,Tag_4,0.9999932050704956,1
mqtt_preprocessed_v2.csv,6142,4,4,4,4,Tag_4,Tag_4,0.9999226331710815,1
mqtt_preprocessed_v2.csv,6143,4,4,4,4,Tag_4,Tag_4,0.9999951124191284,1
mqtt_preprocessed_v2.csv,6144,4,4,4,4,Tag_4,Tag_4,0.9999936819076538,1
mqtt_preprocessed_v2.csv,6145,4,4,4,4,Tag_4,Tag_4,0.9999953508377075,1
mqtt_preprocessed_v2.csv,6146,4,4,4,4,Tag_4,Tag_4,0.9999946355819702,1
mqtt_preprocessed_v2.csv,6147,4,4,4,4,Tag_4,Tag_4,0.999992847442627,1
mqtt_preprocessed_v2.csv,6148,4,4,4,4,Tag_4,Tag_4,0.9999905824661255,1
mqtt_preprocessed_v2.csv,6149,4,4,4,4,Tag_4,Tag_4,0.9999960660934448,1
mqtt_preprocessed_v2.csv,6150,4,4,4,4,Tag_4,Tag_4,0.9999895095825195,1
mqtt_preprocessed_v2.csv,6151,4,4,4,4,Tag_4,Tag_4,0.9999881982803345,1
mqtt_preprocessed_v2.csv,6152,4,4,4,4,Tag_4,Tag_4,0.999994158744812,1
mqtt_preprocessed_v2.csv,6153,4,4,4,4,Tag_4,Tag_4,0.9999933242797852,1
mqtt_preprocessed_v2.csv,6154,4,4,4,4,Tag_4,Tag_4,0.9999778270721436,1
mqtt_preprocessed_v2.csv,6155,4,4,4,4,Tag_4,Tag_4,0.9999954700469971,1
mqtt_preprocessed_v2.csv,6156,4,4,4,4,Tag_4,Tag_4,0.999996542930603,1
mqtt_preprocessed_v2.csv,6157,4,4,4,4,Tag_4,Tag_4,0.999996542930603,1
mqtt_preprocessed_v2.csv,6158,4,4,4,4,Tag_4,Tag_4,0.9999932050704956,1
mqtt_preprocessed_v2.csv,6159,4,4,4,4,Tag_4,Tag_4,0.9999921321868896,1
mqtt_preprocessed_v2.csv,6160,4,4,4,4,Tag_4,Tag_4,0.9999827146530151,1
mqtt_preprocessed_v2.csv,6161,4,4,4,4,Tag_4,Tag_4,0.9999946355819702,1
mqtt_preprocessed_v2.csv,6162,4,4,4,4,Tag_4,Tag_4,0.9999948740005493,1
mqtt_preprocessed_v2.csv,6163,4,4,4,4,Tag_4,Tag_4,0.999994158744812,1
mqtt_preprocessed_v2.csv,6164,4,4,4,4,Tag_4,Tag_4,0.9999934434890747,1
mqtt_preprocessed_v2.csv,6165,4,4,4,4,Tag_4,Tag_4,0.9999969005584717,1
mqtt_preprocessed_v2.csv,6166,4,4,4,4,Tag_4,Tag_4,0.9999934434890747,1
mqtt_preprocessed_v2.csv,6167,4,4,4,4,Tag_4,Tag_4,0.9999850988388062,1
mqtt_preprocessed_v2.csv,6168,4,4,4,4,Tag_4,Tag_4,0.9999955892562866,1
mqtt_preprocessed_v2.csv,6169,4,4,4,4,Tag_4,Tag_4,0.999994158744812,1
mqtt_preprocessed_v2.csv,6170,4,4,4,4,Tag_4,Tag_4,0.9999796152114868,1
mqtt_preprocessed_v2.csv,6171,4,4,4,4,Tag_4,Tag_4,0.9999901056289673,1
mqtt_preprocessed_v2.csv,6172,4,4,4,4,Tag_4,Tag_4,0.9999934434890747,1
mqtt_preprocessed_v2.csv,6173,4,4,4,4,Tag_4,Tag_4,0.999961256980896,1
mqtt_preprocessed_v2.csv,6174,4,4,4,4,Tag_4,Tag_4,0.9999833106994629,1
mqtt_preprocessed_v2.csv,6175,4,4,4,4,Tag_4,Tag_4,0.9999898672103882,1
mqtt_preprocessed_v2.csv,6176,4,4,4,4,Tag_4,Tag_4,0.9999945163726807,1
mqtt_preprocessed_v2.csv,6177,4,4,4,4,Tag_4,Tag_4,0.9999884366989136,1
mqtt_preprocessed_v2.csv,6178,4,4,4,4,Tag_4,Tag_4,0.9999911785125732,1
mqtt_preprocessed_v2.csv,6179,4,4,4,4,Tag_4,Tag_4,0.999995231628418,1
mqtt_preprocessed_v2.csv,6180,4,4,4,4,Tag_4,Tag_4,0.9999885559082031,1
mqtt_preprocessed_v2.csv,6181,4,4,4,4,Tag_4,Tag_4,0.999992847442627,1
mqtt_preprocessed_v2.csv,6182,4,4,4,4,Tag_4,Tag_4,0.999994158744812,1
mqtt_preprocessed_v2.csv,6183,4,4,4,4,Tag_4,Tag_4,0.9999961853027344,1
mqtt_preprocessed_v2.csv,6184,4,4,4,4,Tag_4,Tag_4,0.9999927282333374,1
mqtt_preprocessed_v2.csv,6185,4,4,4,4,Tag_4,Tag_4,0.9999910593032837,1
mqtt_preprocessed_v2.csv,6186,4,4,4,4,Tag_4,Tag_4,0.9999932050704956,1
mqtt_preprocessed_v2.csv,6187,4,4,4,4,Tag_4,Tag_4,0.9999922513961792,1
mqtt_preprocessed_v2.csv,6188,4,4,4,4,Tag_4,Tag_4,0.9999943971633911,1
mqtt_preprocessed_v2.csv,6189,4,4,4,4,Tag_4,Tag_4,0.9999896287918091,1
mqtt_preprocessed_v2.csv,6190,4,4,4,4,Tag_4,Tag_4,0.9999933242797852,1
mqtt_preprocessed_v2.csv,6191,4,4,4,4,Tag_4,Tag_4,0.9999799728393555,1
mqtt_preprocessed_v2.csv,6192,4,4,4,4,Tag_4,Tag_4,0.9999725818634033,1
mqtt_preprocessed_v2.csv,6193,4,4,4,4,Tag_4,Tag_4,0.9999905824661255,1
mqtt_preprocessed_v2.csv,6194,4,4,4,4,Tag_4,Tag_4,0.9999920129776001,1
mqtt_preprocessed_v2.csv,6195,4,4,4,4,Tag_4,Tag_4,0.9999933242797852,1
mqtt_preprocessed_v2.csv,6196,4,4,4,4,Tag_4,Tag_4,0.9999896287918091,1
mqtt_preprocessed_v2.csv,6197,4,4,4,4,Tag_4,Tag_4,0.9999945163726807,1
mqtt_preprocessed_v2.csv,6198,4,4,4,4,Tag_4,Tag_4,0.999992847442627,1
mqtt_preprocessed_v2.csv,6199,4,4,4,4,Tag_4,Tag_4,0.9999871253967285,1
mqtt_preprocessed_v2.csv,6200,4,4,4,4,Tag_4,Tag_4,0.9999947547912598,1
mqtt_preprocessed_v2.csv,6201,4,4,4,4,Tag_4,Tag_4,0.9999862909317017,1
mqtt_preprocessed_v2.csv,6202,4,4,4,4,Tag_4,Tag_4,0.9999774694442749,1
mqtt_preprocessed_v2.csv,6203,4,4,4,4,Tag_4,Tag_4,0.9999943971633911,1
mqtt_preprocessed_v2.csv,6204,4,4,4,4,Tag_4,Tag_4,0.9999935626983643,1
mqtt_preprocessed_v2.csv,6205,4,4,4,4,Tag_4,Tag_4,0.9999929666519165,1
mqtt_preprocessed_v2.csv,6206,4,4,4,4,Tag_4,Tag_4,0.9999299049377441,1
mqtt_preprocessed_v2.csv,6207,4,4,4,4,Tag_4,Tag_4,0.9999250173568726,1
mqtt_preprocessed_v2.csv,6208,4,4,4,4,Tag_4,Tag_4,0.9999909400939941,1
mqtt_preprocessed_v2.csv,6209,4,4,4,4,Tag_4,Tag_4,0.9999912977218628,1
mqtt_preprocessed_v2.csv,6210,4,4,4,4,Tag_4,Tag_4,0.9999896287918091,1
mqtt_preprocessed_v2.csv,6211,4,4,4,4,Tag_4,Tag_4,0.9999909400939941,1
mqtt_preprocessed_v2.csv,6212,4,4,4,4,Tag_4,Tag_4,0.9999940395355225,1
mqtt_preprocessed_v2.csv,6213,4,4,4,4,Tag_4,Tag_4,0.9999861717224121,1
mqtt_preprocessed_v2.csv,6214,4,4,4,4,Tag_4,Tag_4,0.9999884366989136,1
mqtt_preprocessed_v2.csv,6215,4,4,4,4,Tag_4,Tag_4,0.999994158744812,1
mqtt_preprocessed_v2.csv,6216,4,4,4,4,Tag_4,Tag_4,0.9999970197677612,1
mqtt_preprocessed_v2.csv,6217,4,4,4,4,Tag_4,Tag_4,0.9999897480010986,1
mqtt_preprocessed_v2.csv,6218,4,4,4,4,Tag_4,Tag_4,0.9999951124191284,1
mqtt_preprocessed_v2.csv,6219,4,4,4,4,Tag_4,Tag_4,0.9999897480010986,1
mqtt_preprocessed_v2.csv,6220,4,4,4,4,Tag_4,Tag_4,0.9999964237213135,1
mqtt_preprocessed_v2.csv,6221,4,4,4,4,Tag_4,Tag_4,0.999995231628418,1
mqtt_preprocessed_v2.csv,6222,4,4,4,4,Tag_4,Tag_4,0.999995231628418,1
mqtt_preprocessed_v2.csv,6223,4,4,4,4,Tag_4,Tag_4,0.9999914169311523,1
mqtt_preprocessed_v2.csv,6224,4,4,4,4,Tag_4,Tag_4,0.924257755279541,1
mqtt_preprocessed_v2.csv,6225,4,4,4,4,Tag_4,Tag_4,0.9999954700469971,1
mqtt_preprocessed_v2.csv,6226,4,4,4,4,Tag_4,Tag_4,0.9999700784683228,1
mqtt_preprocessed_v2.csv,6227,4,4,4,4,Tag_4,Tag_4,0.9999734163284302,1
mqtt_preprocessed_v2.csv,6228,4,4,4,4,Tag_4,Tag_4,0.9999842643737793,1
mqtt_preprocessed_v2.csv,6229,4,4,4,4,Tag_4,Tag_4,0.9999731779098511,1
mqtt_preprocessed_v2.csv,6230,4,4,4,4,Tag_4,Tag_4,0.9999808073043823,1
mqtt_preprocessed_v2.csv,6231,4,4,4,4,Tag_4,Tag_4,0.9999889135360718,1
mqtt_preprocessed_v2.csv,6232,4,4,4,4,Tag_4,Tag_4,0.9999911785125732,1
mqtt_preprocessed_v2.csv,6233,4,4,4,4,Tag_4,Tag_4,0.9999756813049316,1
mqtt_preprocessed_v2.csv,6234,4,4,4,4,Tag_4,Tag_4,0.9999885559082031,1
mqtt_preprocessed_v2.csv,6235,4,4,4,4,Tag_4,Tag_4,0.999995231628418,1
mqtt_preprocessed_v2.csv,6236,4,4,4,4,Tag_4,Tag_4,0.9999959468841553,1
mqtt_preprocessed_v2.csv,6237,4,4,4,4,Tag_4,Tag_4,0.9999732971191406,1
mqtt_preprocessed_v2.csv,6238,4,4,4,4,Tag_4,Tag_4,0.9999939203262329,1
mqtt_preprocessed_v2.csv,6239,4,4,4,4,Tag_4,Tag_4,0.999996542930603,1
mqtt_preprocessed_v2.csv,6240,4,4,4,4,Tag_4,Tag_4,0.9999920129776001,1
mqtt_preprocessed_v2.csv,6241,4,4,4,4,Tag_4,Tag_4,0.9999918937683105,1
mqtt_preprocessed_v2.csv,6242,4,4,4,4,Tag_4,Tag_4,0.9999947547912598,1
mqtt_preprocessed_v2.csv,6243,4,4,4,4,Tag_4,Tag_4,0.999995231628418,1
mqtt_preprocessed_v2.csv,6244,4,4,4,4,Tag_4,Tag_4,0.999991774559021,1
mqtt_preprocessed_v2.csv,6245,4,4,4,4,Tag_4,Tag_4,0.9999953508377075,1
mqtt_preprocessed_v2.csv,6246,4,4,4,4,Tag_4,Tag_4,0.9999910593032837,1
mqtt_preprocessed_v2.csv,6247,4,4,4,4,Tag_4,Tag_4,0.999994158744812,1
mqtt_preprocessed_v2.csv,6248,4,4,4,4,Tag_4,Tag_4,0.9999940395355225,1
mqtt_preprocessed_v2.csv,6249,4,4,4,4,Tag_4,Tag_4,0.9999943971633911,1
mqtt_preprocessed_v2.csv,6250,4,4,4,4,Tag_4,Tag_4,0.9999927282333374,1
mqtt_preprocessed_v2.csv,6251,4,4,4,4,Tag_4,Tag_4,0.9999884366989136,1
mqtt_preprocessed_v2.csv,6252,4,4,4,4,Tag_4,Tag_4,0.9999905824661255,1
mqtt_preprocessed_v2.csv,6253,4,4,4,4,Tag_4,Tag_4,0.9999901056289673,1
mqtt_preprocessed_v2.csv,6254,4,4,4,4,Tag_4,Tag_4,0.9999921321868896,1
mqtt_preprocessed_v2.csv,6255,4,4,4,4,Tag_4,Tag_4,0.9999853372573853,1
mqtt_preprocessed_v2.csv,6256,4,4,4,4,Tag_4,Tag_4,0.9999790191650391,1
mqtt_preprocessed_v2.csv,6257,4,4,4,4,Tag_4,Tag_4,0.9999911785125732,1
mqtt_preprocessed_v2.csv,6258,4,4,4,4,Tag_4,Tag_4,0.9999833106994629,1
mqtt_preprocessed_v2.csv,6259,4,4,4,4,Tag_4,Tag_4,0.9999933242797852,1
mqtt_preprocessed_v2.csv,6260,4,4,4,4,Tag_4,Tag_4,0.9999979734420776,1
mqtt_preprocessed_v2.csv,6261,4,4,4,4,Tag_4,Tag_4,0.9999949932098389,1
mqtt_preprocessed_v2.csv,6262,4,4,4,4,Tag_4,Tag_4,0.9999547004699707,1
mqtt_preprocessed_v2.csv,6263,4,4,4,4,Tag_4,Tag_4,0.9999926090240479,1
mqtt_preprocessed_v2.csv,6264,4,4,4,4,Tag_4,Tag_4,0.9999916553497314,1
mqtt_preprocessed_v2.csv,6265,4,4,4,4,Tag_4,Tag_4,0.9999755620956421,1
mqtt_preprocessed_v2.csv,6266,4,4,4,4,Tag_4,Tag_4,0.9999864101409912,1
mqtt_preprocessed_v2.csv,6267,4,4,4,4,Tag_4,Tag_4,0.9998835325241089,1
mqtt_preprocessed_v2.csv,6268,4,4,4,4,Tag_4,Tag_4,0.999984622001648,1
mqtt_preprocessed_v2.csv,6269,4,4,4,4,Tag_4,Tag_4,0.9999971389770508,1
mqtt_preprocessed_v2.csv,6270,4,4,4,4,Tag_4,Tag_4,0.9999659061431885,1
mqtt_preprocessed_v2.csv,6271,4,4,4,4,Tag_4,Tag_4,0.9999873638153076,1
mqtt_preprocessed_v2.csv,6272,4,4,4,4,Tag_4,Tag_4,0.9999971389770508,1
mqtt_preprocessed_v2.csv,6273,4,4,4,4,Tag_4,Tag_4,0.9999865293502808,1
mqtt_preprocessed_v2.csv,6274,4,4,4,4,Tag_4,Tag_4,0.9999943971633911,1
mqtt_preprocessed_v2.csv,6275,4,4,4,4,Tag_4,Tag_4,0.9999831914901733,1
mqtt_preprocessed_v2.csv,6276,4,4,4,4,Tag_4,Tag_4,0.9999932050704956,1
mqtt_preprocessed_v2.csv,6277,4,4,4,4,Tag_4,Tag_4,0.9999902248382568,1
mqtt_preprocessed_v2.csv,6278,4,4,4,4,Tag_4,Tag_4,0.9999872446060181,1
mqtt_preprocessed_v2.csv,6279,4,4,4,4,Tag_4,Tag_4,0.999997615814209,1
mqtt_preprocessed_v2.csv,6280,4,4,4,4,Tag_4,Tag_4,0.9999823570251465,1
mqtt_preprocessed_v2.csv,6281,4,4,4,4,Tag_4,Tag_4,0.9999754428863525,1
mqtt_preprocessed_v2.csv,6282,4,4,4,4,Tag_4,Tag_4,0.9999955892562866,1
mqtt_preprocessed_v2.csv,6283,4,4,4,4,Tag_4,Tag_4,0.9999947547912598,1
mqtt_preprocessed_v2.csv,6284,4,4,4,4,Tag_4,Tag_4,0.9999914169311523,1
mqtt_preprocessed_v2.csv,6285,4,4,4,4,Tag_4,Tag_4,0.9999915361404419,1
mqtt_preprocessed_v2.csv,6286,4,4,4,4,Tag_4,Tag_4,0.9999915361404419,1
mqtt_preprocessed_v2.csv,6287,4,4,4,4,Tag_4,Tag_4,0.999998927116394,1
mqtt_preprocessed_v2.csv,6288,4,4,4,4,Tag_4,Tag_4,0.9999979734420776,1
mqtt_preprocessed_v2.csv,6289,4,4,4,4,Tag_4,Tag_4,0.9999856948852539,1
mqtt_preprocessed_v2.csv,6290,4,4,4,4,Tag_4,Tag_4,0.9999759197235107,1
mqtt_preprocessed_v2.csv,6291,4,4,4,4,Tag_4,Tag_4,0.9999873638153076,1
mqtt_preprocessed_v2.csv,6292,4,4,4,4,Tag_4,Tag_4,0.9999980926513672,1
mqtt_preprocessed_v2.csv,6293,4,4,4,4,Tag_4,Tag_4,0.9999785423278809,1
mqtt_preprocessed_v2.csv,6294,4,4,4,4,Tag_4,Tag_4,0.9999765157699585,1
mqtt_preprocessed_v2.csv,6295,4,4,4,4,Tag_4,Tag_4,0.999991774559021,1
mqtt_preprocessed_v2.csv,6296,4,4,4,4,Tag_4,Tag_4,0.9999905824661255,1
mqtt_preprocessed_v2.csv,6297,4,4,4,4,Tag_4,Tag_4,0.9999938011169434,1
mqtt_preprocessed_v2.csv,6298,4,4,4,4,Tag_4,Tag_4,0.9999951124191284,1
mqtt_preprocessed_v2.csv,6299,4,4,4,4,Tag_4,Tag_4,0.9999945163726807,1
mqtt_preprocessed_v2.csv,6300,4,4,4,4,Tag_4,Tag_4,0.999971866607666,1
mqtt_preprocessed_v2.csv,6301,4,4,4,4,Tag_4,Tag_4,0.9999970197677612,1
mqtt_preprocessed_v2.csv,6302,4,4,4,4,Tag_4,Tag_4,0.9999904632568359,1
mqtt_preprocessed_v2.csv,6303,4,4,4,4,Tag_4,Tag_4,0.9999922513961792,1
mqtt_preprocessed_v2.csv,6304,4,4,4,4,Tag_4,Tag_4,0.9999843835830688,1
mqtt_preprocessed_v2.csv,6305,4,4,4,4,Tag_4,Tag_4,0.999990701675415,1
mqtt_preprocessed_v2.csv,6306,4,4,4,4,Tag_4,Tag_4,0.9999938011169434,1
mqtt_preprocessed_v2.csv,6307,4,4,4,4,Tag_4,Tag_4,0.9999833106994629,1
mqtt_preprocessed_v2.csv,6308,4,4,4,4,Tag_4,Tag_4,0.9999957084655762,1
mqtt_preprocessed_v2.csv,6309,4,4,4,4,Tag_4,Tag_4,0.9999915361404419,1
mqtt_preprocessed_v2.csv,6310,4,4,4,4,Tag_4,Tag_4,0.9999912977218628,1
mqtt_preprocessed_v2.csv,6311,4,4,4,4,Tag_4,Tag_4,0.9999904632568359,1
mqtt_preprocessed_v2.csv,6312,4,4,4,4,Tag_4,Tag_4,0.9999885559082031,1
mqtt_preprocessed_v2.csv,6313,4,4,4,4,Tag_4,Tag_4,0.9999887943267822,1
mqtt_preprocessed_v2.csv,6314,4,4,4,4,Tag_4,Tag_4,0.9999977350234985,1
mqtt_preprocessed_v2.csv,6315,4,4,4,4,Tag_4,Tag_4,0.9999924898147583,1
mqtt_preprocessed_v2.csv,6316,4,4,4,4,Tag_4,Tag_4,0.9998354911804199,1
mqtt_preprocessed_v2.csv,6317,4,4,4,4,Tag_4,Tag_4,0.9999837875366211,1
mqtt_preprocessed_v2.csv,6318,4,4,4,4,Tag_4,Tag_4,0.999911904335022,1
mqtt_preprocessed_v2.csv,6319,4,4,4,4,Tag_4,Tag_4,0.9999890327453613,1
mqtt_preprocessed_v2.csv,6320,4,4,4,4,Tag_4,Tag_4,0.9999861717224121,1
mqtt_preprocessed_v2.csv,6321,4,4,4,4,Tag_4,Tag_4,0.9999847412109375,1
mqtt_preprocessed_v2.csv,6322,4,4,4,4,Tag_4,Tag_4,0.9999809265136719,1
mqtt_preprocessed_v2.csv,6323,4,4,4,4,Tag_4,Tag_4,0.9999939203262329,1
mqtt_preprocessed_v2.csv,6324,4,4,4,4,Tag_4,Tag_4,0.999993085861206,1
mqtt_preprocessed_v2.csv,6325,4,4,4,4,Tag_4,Tag_4,0.999948263168335,1
mqtt_preprocessed_v2.csv,6326,4,4,4,4,Tag_4,Tag_4,0.9999746084213257,1
mqtt_preprocessed_v2.csv,6327,4,4,4,4,Tag_4,Tag_4,0.9999831914901733,1
mqtt_preprocessed_v2.csv,6328,4,4,4,4,Tag_4,Tag_4,0.9999847412109375,1
mqtt_preprocessed_v2.csv,6329,4,4,4,4,Tag_4,Tag_4,0.9999983310699463,1
mqtt_preprocessed_v2.csv,6330,4,4,4,4,Tag_4,Tag_4,0.9999793767929077,1
mqtt_preprocessed_v2.csv,6331,4,4,4,4,Tag_4,Tag_4,0.9999892711639404,1
mqtt_preprocessed_v2.csv,6332,4,4,4,4,Tag_4,Tag_4,0.9999464750289917,1
mqtt_preprocessed_v2.csv,6333,4,4,4,4,Tag_4,Tag_4,0.9999914169311523,1
mqtt_preprocessed_v2.csv,6334,4,4,4,4,Tag_4,Tag_4,0.9999966621398926,1
mqtt_preprocessed_v2.csv,6335,4,4,4,4,Tag_4,Tag_4,0.9999006986618042,1
mqtt_preprocessed_v2.csv,6336,4,4,4,4,Tag_4,Tag_4,0.9999604225158691,1
mqtt_preprocessed_v2.csv,6337,4,4,4,4,Tag_4,Tag_4,0.9999934434890747,1
mqtt_preprocessed_v2.csv,6338,4,4,4,4,Tag_4,Tag_4,0.9999994039535522,1
mqtt_preprocessed_v2.csv,6339,4,4,4,4,Tag_4,Tag_4,0.9999701976776123,1
mqtt_preprocessed_v2.csv,6340,4,4,4,4,Tag_4,Tag_4,0.9999873638153076,1
mqtt_preprocessed_v2.csv,6341,4,4,4,4,Tag_4,Tag_4,0.9999768733978271,1
mqtt_preprocessed_v2.csv,6342,4,4,4,4,Tag_4,Tag_4,0.9999915361404419,1
mqtt_preprocessed_v2.csv,6343,4,4,4,4,Tag_4,Tag_4,0.9999979734420776,1
mqtt_preprocessed_v2.csv,6344,4,4,4,4,Tag_4,Tag_4,0.9999924898147583,1
mqtt_preprocessed_v2.csv,6345,4,4,4,4,Tag_4,Tag_4,0.9999581575393677,1
mqtt_preprocessed_v2.csv,6346,4,4,4,4,Tag_4,Tag_4,0.999993085861206,1
mqtt_preprocessed_v2.csv,6347,4,4,4,4,Tag_4,Tag_4,0.9999879598617554,1
mqtt_preprocessed_v2.csv,6348,4,4,4,4,Tag_4,Tag_4,0.9999932050704956,1
mqtt_preprocessed_v2.csv,6349,4,4,4,4,Tag_4,Tag_4,0.9999943971633911,1
mqtt_preprocessed_v2.csv,6350,4,4,4,4,Tag_4,Tag_4,0.9999792575836182,1
mqtt_preprocessed_v2.csv,6351,4,4,4,4,Tag_4,Tag_4,0.9999717473983765,1
mqtt_preprocessed_v2.csv,6352,4,4,4,4,Tag_4,Tag_4,0.9999818801879883,1
mqtt_preprocessed_v2.csv,6353,4,4,4,4,Tag_4,Tag_4,0.9999985694885254,1
mqtt_preprocessed_v2.csv,6354,4,4,4,4,Tag_4,Tag_4,0.9999691247940063,1
mqtt_preprocessed_v2.csv,6355,4,4,4,4,Tag_4,Tag_4,0.9999978542327881,1
mqtt_preprocessed_v2.csv,6356,4,4,4,4,Tag_4,Tag_4,0.9999891519546509,1
mqtt_preprocessed_v2.csv,6357,4,4,4,4,Tag_4,Tag_4,0.9999842643737793,1
mqtt_preprocessed_v2.csv,6358,4,4,4,4,Tag_4,Tag_4,0.9999772310256958,1
mqtt_preprocessed_v2.csv,6359,4,4,4,4,Tag_4,Tag_4,0.9998680353164673,1
mqtt_preprocessed_v2.csv,6360,4,4,4,4,Tag_4,Tag_4,0.9999881982803345,1
mqtt_preprocessed_v2.csv,6361,4,4,4,4,Tag_4,Tag_4,0.9999967813491821,1
mqtt_preprocessed_v2.csv,6362,4,4,4,4,Tag_4,Tag_4,0.9999908208847046,1
mqtt_preprocessed_v2.csv,6363,4,4,4,4,Tag_4,Tag_4,0.9999823570251465,1
mqtt_preprocessed_v2.csv,6364,4,4,4,4,Tag_4,Tag_4,0.9999707937240601,1
mqtt_preprocessed_v2.csv,6365,4,4,4,4,Tag_4,Tag_4,0.9999914169311523,1
mqtt_preprocessed_v2.csv,6366,4,4,4,4,Tag_4,Tag_4,0.9999936819076538,1
mqtt_preprocessed_v2.csv,6367,4,4,4,4,Tag_4,Tag_4,0.9999812841415405,1
mqtt_preprocessed_v2.csv,6368,4,4,4,4,Tag_4,Tag_4,0.9999829530715942,1
mqtt_preprocessed_v2.csv,6369,4,4,4,4,Tag_4,Tag_4,0.9999881982803345,1
mqtt_preprocessed_v2.csv,6370,4,4,4,4,Tag_4,Tag_4,0.9999862909317017,1
mqtt_preprocessed_v2.csv,6371,4,4,4,4,Tag_4,Tag_4,0.9999704360961914,1
mqtt_preprocessed_v2.csv,6372,4,4,4,4,Tag_4,Tag_4,0.9999901056289673,1
mqtt_preprocessed_v2.csv,6373,4,4,4,4,Tag_4,Tag_4,0.9999927282333374,1
mqtt_preprocessed_v2.csv,6374,4,4,4,4,Tag_4,Tag_4,0.9999849796295166,1
mqtt_preprocessed_v2.csv,6375,4,4,4,4,Tag_4,Tag_4,0.9999688863754272,1
mqtt_preprocessed_v2.csv,6376,4,4,4,4,Tag_4,Tag_4,0.9999922513961792,1
mqtt_preprocessed_v2.csv,6377,4,4,4,4,Tag_4,Tag_4,0.999962568283081,1
mqtt_preprocessed_v2.csv,6378,4,4,4,4,Tag_4,Tag_4,0.9999936819076538,1
mqtt_preprocessed_v2.csv,6379,4,4,4,4,Tag_4,Tag_4,0.9999605417251587,1
mqtt_preprocessed_v2.csv,6380,4,4,4,4,Tag_4,Tag_4,0.9999982118606567,1
mqtt_preprocessed_v2.csv,6381,4,4,4,4,Tag_4,Tag_4,0.9998486042022705,1
mqtt_preprocessed_v2.csv,6382,4,4,4,4,Tag_4,Tag_4,0.9999948740005493,1
mqtt_preprocessed_v2.csv,6383,4,4,4,4,Tag_4,Tag_4,0.9999878406524658,1
mqtt_preprocessed_v2.csv,6384,4,4,4,4,Tag_4,Tag_4,0.9999821186065674,1
mqtt_preprocessed_v2.csv,6385,4,4,4,4,Tag_4,Tag_4,0.9999910593032837,1
mqtt_preprocessed_v2.csv,6386,4,4,4,4,Tag_4,Tag_4,0.9999947547912598,1
mqtt_preprocessed_v2.csv,6387,4,4,4,4,Tag_4,Tag_4,0.9999465942382812,1
mqtt_preprocessed_v2.csv,6388,4,4,4,4,Tag_4,Tag_4,0.9999903440475464,1
mqtt_preprocessed_v2.csv,6389,4,4,4,4,Tag_4,Tag_4,0.999983549118042,1
mqtt_preprocessed_v2.csv,6390,4,4,4,4,Tag_4,Tag_4,0.9999862909317017,1
mqtt_preprocessed_v2.csv,6391,4,4,4,4,Tag_4,Tag_4,0.9999960660934448,1
mqtt_preprocessed_v2.csv,6392,4,4,4,4,Tag_4,Tag_4,0.9999922513961792,1
mqtt_preprocessed_v2.csv,6393,4,4,4,4,Tag_4,Tag_4,0.9999915361404419,1
mqtt_preprocessed_v2.csv,6394,4,4,4,4,Tag_4,Tag_4,0.9999833106994629,1
mqtt_preprocessed_v2.csv,6395,4,4,4,4,Tag_4,Tag_4,0.999997615814209,1
mqtt_preprocessed_v2.csv,6396,4,4,4,4,Tag_4,Tag_4,0.9999948740005493,1
mqtt_preprocessed_v2.csv,6397,4,4,4,4,Tag_4,Tag_4,0.999943733215332,1
mqtt_preprocessed_v2.csv,6398,4,4,4,4,Tag_4,Tag_4,0.9999781847000122,1
mqtt_preprocessed_v2.csv,6399,4,4,4,4,Tag_4,Tag_4,0.9999909400939941,1
mqtt_preprocessed_v2.csv,6400,4,4,4,4,Tag_4,Tag_4,0.9999840259552002,1
mqtt_preprocessed_v2.csv,6401,4,4,4,4,Tag_4,Tag_4,0.9999955892562866,1
mqtt_preprocessed_v2.csv,6402,4,4,4,4,Tag_4,Tag_4,0.9999912977218628,1
mqtt_preprocessed_v2.csv,6403,4,4,4,4,Tag_4,Tag_4,0.9999933242797852,1
mqtt_preprocessed_v2.csv,6404,4,4,4,4,Tag_4,Tag_4,0.9999918937683105,1
mqtt_preprocessed_v2.csv,6405,4,4,4,4,Tag_4,Tag_4,0.999985933303833,1
mqtt_preprocessed_v2.csv,6406,4,4,4,4,Tag_4,Tag_4,0.9999790191650391,1
mqtt_preprocessed_v2.csv,6407,4,4,4,4,Tag_4,Tag_4,0.9999868869781494,1
mqtt_preprocessed_v2.csv,6408,4,4,4,4,Tag_4,Tag_4,0.9999926090240479,1
mqtt_preprocessed_v2.csv,6409,4,4,4,4,Tag_4,Tag_4,0.999982476234436,1
mqtt_preprocessed_v2.csv,6410,4,4,4,4,Tag_4,Tag_4,0.999977707862854,1
mqtt_preprocessed_v2.csv,6411,4,4,4,4,Tag_4,Tag_4,0.9999960660934448,1
mqtt_preprocessed_v2.csv,6412,4,4,4,4,Tag_4,Tag_4,0.9999722242355347,1
mqtt_preprocessed_v2.csv,6413,4,4,4,4,Tag_4,Tag_4,0.999993085861206,1
mqtt_preprocessed_v2.csv,6414,4,4,4,4,Tag_4,Tag_4,0.9999638795852661,1
mqtt_preprocessed_v2.csv,6415,4,4,4,4,Tag_4,Tag_4,0.9999821186065674,1
mqtt_preprocessed_v2.csv,6416,4,4,4,4,Tag_4,Tag_4,0.9999892711639404,1
mqtt_preprocessed_v2.csv,6417,4,4,4,4,Tag_4,Tag_4,0.9999901056289673,1
mqtt_preprocessed_v2.csv,6418,4,4,4,4,Tag_4,Tag_4,0.9999970197677612,1
mqtt_preprocessed_v2.csv,6419,4,4,4,4,Tag_4,Tag_4,0.9999862909317017,1
mqtt_preprocessed_v2.csv,6420,4,4,4,4,Tag_4,Tag_4,0.9999945163726807,1
mqtt_preprocessed_v2.csv,6421,4,4,4,4,Tag_4,Tag_4,0.9999761581420898,1
mqtt_preprocessed_v2.csv,6422,4,4,4,4,Tag_4,Tag_4,0.9999852180480957,1
mqtt_preprocessed_v2.csv,6423,4,4,4,4,Tag_4,Tag_4,0.9999947547912598,1
mqtt_preprocessed_v2.csv,6424,4,4,4,4,Tag_4,Tag_4,0.9999982118606567,1
mqtt_preprocessed_v2.csv,6425,4,4,4,4,Tag_4,Tag_4,0.9999899864196777,1
mqtt_preprocessed_v2.csv,6426,4,4,4,4,Tag_4,Tag_4,0.9999831914901733,1
mqtt_preprocessed_v2.csv,6427,4,4,4,4,Tag_4,Tag_4,0.9999856948852539,1
mqtt_preprocessed_v2.csv,6428,4,4,4,4,Tag_4,Tag_4,0.9999674558639526,1
mqtt_preprocessed_v2.csv,6429,4,4,4,4,Tag_4,Tag_4,0.9999850988388062,1
mqtt_preprocessed_v2.csv,6430,4,4,4,4,Tag_4,Tag_4,0.9999812841415405,1
mqtt_preprocessed_v2.csv,6431,4,4,4,4,Tag_4,Tag_4,0.9999809265136719,1
mqtt_preprocessed_v2.csv,6432,4,4,4,4,Tag_4,Tag_4,0.9999864101409912,1
mqtt_preprocessed_v2.csv,6433,4,4,4,4,Tag_4,Tag_4,0.999976396560669,1
mqtt_preprocessed_v2.csv,6434,4,4,4,4,Tag_4,Tag_4,0.9999529123306274,1
mqtt_preprocessed_v2.csv,6435,4,4,4,4,Tag_4,Tag_4,0.9999796152114868,1
mqtt_preprocessed_v2.csv,6436,4,4,4,4,Tag_4,Tag_4,0.9999754428863525,1
mqtt_preprocessed_v2.csv,6437,4,4,4,4,Tag_4,Tag_4,0.9999794960021973,1
mqtt_preprocessed_v2.csv,6438,4,4,4,4,Tag_4,Tag_4,0.9999780654907227,1
mqtt_preprocessed_v2.csv,6439,4,4,4,4,Tag_4,Tag_4,0.9999688863754272,1
mqtt_preprocessed_v2.csv,6440,4,4,4,4,Tag_4,Tag_4,0.999984860420227,1
mqtt_preprocessed_v2.csv,6441,4,4,4,4,Tag_4,Tag_4,0.9999594688415527,1
mqtt_preprocessed_v2.csv,6442,4,4,4,4,Tag_4,Tag_4,0.9999864101409912,1
mqtt_preprocessed_v2.csv,6443,4,4,4,4,Tag_4,Tag_4,0.9999922513961792,1
mqtt_preprocessed_v2.csv,6444,4,4,4,4,Tag_4,Tag_4,0.9999806880950928,1
mqtt_preprocessed_v2.csv,6445,4,4,4,4,Tag_4,Tag_4,0.9999656677246094,1
mqtt_preprocessed_v2.csv,6446,4,4,4,4,Tag_4,Tag_4,0.9999886751174927,1
mqtt_preprocessed_v2.csv,6447,4,4,4,4,Tag_4,Tag_4,0.9999912977218628,1
mqtt_preprocessed_v2.csv,6448,4,4,4,4,Tag_4,Tag_4,0.9999806880950928,1
mqtt_preprocessed_v2.csv,6449,4,4,4,4,Tag_4,Tag_4,0.9999916553497314,1
mqtt_preprocessed_v2.csv,6450,5,5,5,5,Tag_5,Tag_5,0.999904990196228,1
mqtt_preprocessed_v2.csv,6451,5,5,5,5,Tag_5,Tag_5,0.9998781681060791,1
mqtt_preprocessed_v2.csv,6452,5,5,5,5,Tag_5,Tag_5,0.9999109506607056,1
mqtt_preprocessed_v2.csv,6453,5,5,5,5,Tag_5,Tag_5,0.9999186992645264,1
mqtt_preprocessed_v2.csv,6454,5,5,5,5,Tag_5,Tag_5,0.9998971223831177,1
mqtt_preprocessed_v2.csv,6455,5,5,5,5,Tag_5,Tag_5,0.9999080896377563,1
mqtt_preprocessed_v2.csv,6456,5,5,5,5,Tag_5,Tag_5,0.9999099969863892,1
mqtt_preprocessed_v2.csv,6457,5,5,5,5,Tag_5,Tag_5,0.9999033212661743,1
mqtt_preprocessed_v2.csv,6458,5,5,5,5,Tag_5,Tag_5,0.9999110698699951,1
mqtt_preprocessed_v2.csv,6459,5,5,5,5,Tag_5,Tag_5,0.9998893737792969,1
mqtt_preprocessed_v2.csv,6460,5,5,5,5,Tag_5,Tag_5,0.9998823404312134,1
mqtt_preprocessed_v2.csv,6461,5,5,5,5,Tag_5,Tag_5,0.9998918771743774,1
mqtt_preprocessed_v2.csv,6462,5,5,5,5,Tag_5,Tag_5,0.9999092817306519,1
mqtt_preprocessed_v2.csv,6463,5,5,5,5,Tag_5,Tag_5,0.9999145269393921,1
mqtt_preprocessed_v2.csv,6464,5,5,5,5,Tag_5,Tag_5,0.9999065399169922,1
mqtt_preprocessed_v2.csv,6465,5,5,5,5,Tag_5,Tag_5,0.9999145269393921,1
mqtt_preprocessed_v2.csv,6466,5,5,5,5,Tag_5,Tag_5,0.9999126195907593,1
mqtt_preprocessed_v2.csv,6467,5,5,5,5,Tag_5,Tag_5,0.9998922348022461,1
mqtt_preprocessed_v2.csv,6468,5,5,5,5,Tag_5,Tag_5,0.9999102354049683,1
mqtt_preprocessed_v2.csv,6469,5,5,5,5,Tag_5,Tag_5,0.9999202489852905,1
mqtt_preprocessed_v2.csv,6470,5,5,5,5,Tag_5,Tag_5,0.9998773336410522,1
mqtt_preprocessed_v2.csv,6471,5,5,5,5,Tag_5,Tag_5,0.9998830556869507,1
mqtt_preprocessed_v2.csv,6472,5,5,5,5,Tag_5,Tag_5,0.9999171495437622,1
mqtt_preprocessed_v2.csv,6473,5,5,5,5,Tag_5,Tag_5,0.9998815059661865,1
mqtt_preprocessed_v2.csv,6474,5,5,5,5,Tag_5,Tag_5,0.999911904335022,1
mqtt_preprocessed_v2.csv,6475,5,5,5,5,Tag_5,Tag_5,0.9999115467071533,1
mqtt_preprocessed_v2.csv,6476,5,5,5,5,Tag_5,Tag_5,0.9998981952667236,1
mqtt_preprocessed_v2.csv,6477,5,5,5,5,Tag_5,Tag_5,0.9998674392700195,1
mqtt_preprocessed_v2.csv,6478,5,5,5,5,Tag_5,Tag_5,0.9999080896377563,1
mqtt_preprocessed_v2.csv,6479,5,5,5,5,Tag_5,Tag_5,0.9998934268951416,1
mqtt_preprocessed_v2.csv,6480,5,5,5,5,Tag_5,Tag_5,0.9999042749404907,1
mqtt_preprocessed_v2.csv,6481,5,5,5,5,Tag_5,Tag_5,0.999916672706604,1
mqtt_preprocessed_v2.csv,6482,5,5,5,5,Tag_5,Tag_5,0.9999147653579712,1
mqtt_preprocessed_v2.csv,6483,5,5,5,5,Tag_5,Tag_5,0.9999186992645264,1
mqtt_preprocessed_v2.csv,6484,5,5,5,5,Tag_5,Tag_5,0.9998931884765625,1
mqtt_preprocessed_v2.csv,6485,5,5,5,5,Tag_5,Tag_5,0.9998877048492432,1
mqtt_preprocessed_v2.csv,6486,5,5,5,5,Tag_5,Tag_5,0.9999092817306519,1
mqtt_preprocessed_v2.csv,6487,5,5,5,5,Tag_5,Tag_5,0.9998999834060669,1
mqtt_preprocessed_v2.csv,6488,5,5,5,5,Tag_5,Tag_5,0.9999208450317383,1
mqtt_preprocessed_v2.csv,6489,5,5,5,5,Tag_5,Tag_5,0.9999016523361206,1
mqtt_preprocessed_v2.csv,6490,5,5,5,5,Tag_5,Tag_5,0.9998785257339478,1
mqtt_preprocessed_v2.csv,6491,5,5,5,5,Tag_5,Tag_5,0.9999006986618042,1
mqtt_preprocessed_v2.csv,6492,5,5,5,5,Tag_5,Tag_5,0.9999135732650757,1
mqtt_preprocessed_v2.csv,6493,5,5,5,5,Tag_5,Tag_5,0.9999014139175415,1
mqtt_preprocessed_v2.csv,6494,5,5,5,5,Tag_5,Tag_5,0.9998867511749268,1
mqtt_preprocessed_v2.csv,6495,5,5,5,5,Tag_5,Tag_5,0.9999135732650757,1
mqtt_preprocessed_v2.csv,6496,5,5,5,5,Tag_5,Tag_5,0.9998906850814819,1
mqtt_preprocessed_v2.csv,6497,5,5,5,5,Tag_5,Tag_5,0.9999138116836548,1
mqtt_preprocessed_v2.csv,6498,5,5,5,5,Tag_5,Tag_5,0.9998899698257446,1
mqtt_preprocessed_v2.csv,6499,5,5,5,5,Tag_5,Tag_5,0.9999213218688965,1
mqtt_preprocessed_v2.csv,6500,6,6,6,6,Tag_6,Tag_6,0.9998218417167664,1
mqtt_preprocessed_v2.csv,6501,6,6,6,6,Tag_6,Tag_6,0.999580442905426,1
mqtt_preprocessed_v2.csv,6502,6,6,6,6,Tag_6,Tag_6,0.9993901252746582,1
mqtt_preprocessed_v2.csv,6503,6,6,6,6,Tag_6,Tag_6,0.9994587302207947,1
mqtt_preprocessed_v2.csv,6504,6,6,6,6,Tag_6,Tag_6,0.9996874332427979,1
mqtt_preprocessed_v2.csv,6505,6,6,6,6,Tag_6,Tag_6,0.9997839331626892,1
mqtt_preprocessed_v2.csv,6506,6,6,6,6,Tag_6,Tag_6,0.9999170303344727,1
mqtt_preprocessed_v2.csv,6507,6,6,6,6,Tag_6,Tag_6,0.9998849630355835,1
mqtt_preprocessed_v2.csv,6508,6,6,6,6,Tag_6,Tag_6,0.9998821020126343,1
mqtt_preprocessed_v2.csv,6509,6,6,6,6,Tag_6,Tag_6,0.9997146725654602,1
mqtt_preprocessed_v2.csv,6510,6,6,6,6,Tag_6,Tag_6,0.9999010562896729,1
mqtt_preprocessed_v2.csv,6511,6,6,6,6,Tag_6,Tag_6,0.9994307160377502,1
mqtt_preprocessed_v2.csv,6512,6,6,6,6,Tag_6,Tag_6,0.9998515844345093,1
mqtt_preprocessed_v2.csv,6513,6,6,6,6,Tag_6,Tag_6,0.9998596906661987,1
mqtt_preprocessed_v2.csv,6514,6,6,6,6,Tag_6,Tag_6,0.999835729598999,1
mqtt_preprocessed_v2.csv,6515,6,6,6,6,Tag_6,Tag_6,0.9997672438621521,1
mqtt_preprocessed_v2.csv,6516,6,6,6,6,Tag_6,Tag_6,0.9998416900634766,1
mqtt_preprocessed_v2.csv,6517,6,6,6,6,Tag_6,Tag_6,0.999760091304779,1
mqtt_preprocessed_v2.csv,6518,6,6,6,6,Tag_6,Tag_6,0.9998062252998352,1
mqtt_preprocessed_v2.csv,6519,6,6,6,6,Tag_6,Tag_6,0.9998874664306641,1
mqtt_preprocessed_v2.csv,6520,6,6,6,6,Tag_6,Tag_6,0.9999128580093384,1
mqtt_preprocessed_v2.csv,6521,6,6,6,6,Tag_6,Tag_6,0.9998766183853149,1
mqtt_preprocessed_v2.csv,6522,6,6,6,6,Tag_6,Tag_6,0.9997599720954895,1
mqtt_preprocessed_v2.csv,6523,6,6,6,6,Tag_6,Tag_6,0.9999128580093384,1
mqtt_preprocessed_v2.csv,6524,6,6,6,6,Tag_6,Tag_6,0.9998842477798462,1
mqtt_preprocessed_v2.csv,6525,6,6,6,6,Tag_6,Tag_6,0.9996963739395142,1
mqtt_preprocessed_v2.csv,6526,6,6,6,6,Tag_6,Tag_6,0.9997610449790955,1
mqtt_preprocessed_v2.csv,6527,6,6,6,6,Tag_6,Tag_6,0.9988253712654114,1
mqtt_preprocessed_v2.csv,6528,6,6,6,6,Tag_6,Tag_6,0.9998936653137207,1
mqtt_preprocessed_v2.csv,6529,6,6,6,6,Tag_6,Tag_6,0.9996046423912048,1
mqtt_preprocessed_v2.csv,6530,6,6,6,6,Tag_6,Tag_6,0.9997345805168152,1
mqtt_preprocessed_v2.csv,6531,6,6,6,6,Tag_6,Tag_6,0.9996962547302246,1
mqtt_preprocessed_v2.csv,6532,6,6,6,6,Tag_6,Tag_6,0.9997257590293884,1
mqtt_preprocessed_v2.csv,6533,6,6,6,6,Tag_6,Tag_6,0.9997270703315735,1
mqtt_preprocessed_v2.csv,6534,6,6,6,6,Tag_6,Tag_6,0.9997530579566956,1
mqtt_preprocessed_v2.csv,6535,6,6,6,6,Tag_6,Tag_6,0.999652624130249,1
mqtt_preprocessed_v2.csv,6536,6,6,6,6,Tag_6,Tag_6,0.9998270869255066,1
mqtt_preprocessed_v2.csv,6537,6,6,6,6,Tag_6,Tag_6,0.9992805123329163,1
mqtt_preprocessed_v2.csv,6538,6,6,6,6,Tag_6,Tag_6,0.9997965693473816,1
mqtt_preprocessed_v2.csv,6539,6,6,6,6,Tag_6,Tag_6,0.999889612197876,1
mqtt_preprocessed_v2.csv,6540,6,6,6,6,Tag_6,Tag_6,0.9990496039390564,1
mqtt_preprocessed_v2.csv,6541,6,6,6,6,Tag_6,Tag_6,0.999818742275238,1
mqtt_preprocessed_v2.csv,6542,6,6,6,6,Tag_6,Tag_6,0.999593198299408,1
mqtt_preprocessed_v2.csv,6543,6,6,6,6,Tag_6,Tag_6,0.9991111159324646,1
mqtt_preprocessed_v2.csv,6544,6,6,6,6,Tag_6,Tag_6,0.9996808767318726,1
mqtt_preprocessed_v2.csv,6545,6,6,6,6,Tag_6,Tag_6,0.9992572665214539,1
mqtt_preprocessed_v2.csv,6546,6,6,6,6,Tag_6,Tag_6,0.999914288520813,1
mqtt_preprocessed_v2.csv,6547,6,6,6,6,Tag_6,Tag_6,0.9997100234031677,1
mqtt_preprocessed_v2.csv,6548,6,6,6,6,Tag_6,Tag_6,0.999496579170227,1
mqtt_preprocessed_v2.csv,6549,6,6,6,6,Tag_6,Tag_6,0.9993116855621338,1
mqtt_preprocessed_v2.csv,6550,6,6,6,6,Tag_6,Tag_6,0.9998652935028076,1
mqtt_preprocessed_v2.csv,6551,6,6,6,6,Tag_6,Tag_6,0.9998557567596436,1
mqtt_preprocessed_v2.csv,6552,6,6,6,6,Tag_6,Tag_6,0.9998270869255066,1
mqtt_preprocessed_v2.csv,6553,6,6,6,6,Tag_6,Tag_6,0.9998268485069275,1
mqtt_preprocessed_v2.csv,6554,6,6,6,6,Tag_6,Tag_6,0.9998944997787476,1
mqtt_preprocessed_v2.csv,6555,6,6,6,6,Tag_6,Tag_6,0.9999032020568848,1
mqtt_preprocessed_v2.csv,6556,6,6,6,6,Tag_6,Tag_6,0.9999164342880249,1
mqtt_preprocessed_v2.csv,6557,6,6,6,6,Tag_6,Tag_6,0.9999257326126099,1
mqtt_preprocessed_v2.csv,6558,6,6,6,6,Tag_6,Tag_6,0.9998770952224731,1
mqtt_preprocessed_v2.csv,6559,6,6,6,6,Tag_6,Tag_6,0.9998952150344849,1
mqtt_preprocessed_v2.csv,6560,6,6,6,6,Tag_6,Tag_6,0.9999116659164429,1
mqtt_preprocessed_v2.csv,6561,6,6,6,6,Tag_6,Tag_6,0.99973064661026,1
mqtt_preprocessed_v2.csv,6562,6,6,6,6,Tag_6,Tag_6,0.9998965263366699,1
mqtt_preprocessed_v2.csv,6563,6,6,6,6,Tag_6,Tag_6,0.9999322891235352,1
mqtt_preprocessed_v2.csv,6564,6,6,6,6,Tag_6,Tag_6,0.9998960494995117,1
mqtt_preprocessed_v2.csv,6565,6,6,6,6,Tag_6,Tag_6,0.9999216794967651,1
mqtt_preprocessed_v2.csv,6566,6,6,6,6,Tag_6,Tag_6,0.9999147653579712,1
mqtt_preprocessed_v2.csv,6567,6,6,6,6,Tag_6,Tag_6,0.9999003410339355,1
mqtt_preprocessed_v2.csv,6568,6,6,6,6,Tag_6,Tag_6,0.9999270439147949,1
mqtt_preprocessed_v2.csv,6569,6,6,6,6,Tag_6,Tag_6,0.9999228715896606,1
mqtt_preprocessed_v2.csv,6570,6,6,6,6,Tag_6,Tag_6,0.9999181032180786,1
mqtt_preprocessed_v2.csv,6571,6,6,6,6,Tag_6,Tag_6,0.9999198913574219,1
mqtt_preprocessed_v2.csv,6572,6,6,6,6,Tag_6,Tag_6,0.9998914003372192,1
mqtt_preprocessed_v2.csv,6573,6,6,6,6,Tag_6,Tag_6,0.9999293088912964,1
mqtt_preprocessed_v2.csv,6574,6,6,6,6,Tag_6,Tag_6,0.9999172687530518,1
mqtt_preprocessed_v2.csv,6575,6,6,6,6,Tag_6,Tag_6,0.9999266862869263,1
mqtt_preprocessed_v2.csv,6576,6,6,6,6,Tag_6,Tag_6,0.9999330043792725,1
mqtt_preprocessed_v2.csv,6577,6,6,6,6,Tag_6,Tag_6,0.9998703002929688,1
mqtt_preprocessed_v2.csv,6578,6,6,6,6,Tag_6,Tag_6,0.9994233846664429,1
mqtt_preprocessed_v2.csv,6579,6,6,6,6,Tag_6,Tag_6,0.9999082088470459,1
mqtt_preprocessed_v2.csv,6580,6,6,6,6,Tag_6,Tag_6,0.9998931884765625,1
mqtt_preprocessed_v2.csv,6581,6,6,6,6,Tag_6,Tag_6,0.999870777130127,1
mqtt_preprocessed_v2.csv,6582,6,6,6,6,Tag_6,Tag_6,0.9999096393585205,1
mqtt_preprocessed_v2.csv,6583,6,6,6,6,Tag_6,Tag_6,0.9997346997261047,1
mqtt_preprocessed_v2.csv,6584,6,6,6,6,Tag_6,Tag_6,0.9999147653579712,1
mqtt_preprocessed_v2.csv,6585,6,6,6,6,Tag_6,Tag_6,0.999815046787262,1
mqtt_preprocessed_v2.csv,6586,6,6,6,6,Tag_6,Tag_6,0.9999110698699951,1
mqtt_preprocessed_v2.csv,6587,6,6,6,6,Tag_6,Tag_6,0.9999136924743652,1
mqtt_preprocessed_v2.csv,6588,6,6,6,6,Tag_6,Tag_6,0.999881386756897,1
mqtt_preprocessed_v2.csv,6589,6,6,6,6,Tag_6,Tag_6,0.9998520612716675,1
mqtt_preprocessed_v2.csv,6590,6,6,6,6,Tag_6,Tag_6,0.9997485280036926,1
mqtt_preprocessed_v2.csv,6591,6,6,6,6,Tag_6,Tag_6,0.9998784065246582,1
mqtt_preprocessed_v2.csv,6592,6,6,6,6,Tag_6,Tag_6,0.9999020099639893,1
mqtt_preprocessed_v2.csv,6593,6,6,6,6,Tag_6,Tag_6,0.9999197721481323,1
mqtt_preprocessed_v2.csv,6594,6,6,6,6,Tag_6,Tag_6,0.9999070167541504,1
mqtt_preprocessed_v2.csv,6595,6,6,6,6,Tag_6,Tag_6,0.999906063079834,1
mqtt_preprocessed_v2.csv,6596,6,6,6,6,Tag_6,Tag_6,0.9987958669662476,1
mqtt_preprocessed_v2.csv,6597,6,6,6,6,Tag_6,Tag_6,0.9999004602432251,1
mqtt_preprocessed_v2.csv,6598,6,6,6,6,Tag_6,Tag_6,0.9998546838760376,1
mqtt_preprocessed_v2.csv,6599,6,6,6,6,Tag_6,Tag_6,0.9999126195907593,1
mqtt_preprocessed_v2.csv,6600,6,6,6,6,Tag_6,Tag_6,0.9999382495880127,1
mqtt_preprocessed_v2.csv,6601,6,6,6,6,Tag_6,Tag_6,0.9999442100524902,1
mqtt_preprocessed_v2.csv,6602,6,6,6,6,Tag_6,Tag_6,0.9999301433563232,1
mqtt_preprocessed_v2.csv,6603,6,6,6,6,Tag_6,Tag_6,0.9999216794967651,1
mqtt_preprocessed_v2.csv,6604,6,6,6,6,Tag_6,Tag_6,0.9999194145202637,1
mqtt_preprocessed_v2.csv,6605,6,6,6,6,Tag_6,Tag_6,0.9999161958694458,1
mqtt_preprocessed_v2.csv,6606,6,6,6,6,Tag_6,Tag_6,0.9999250173568726,1
mqtt_preprocessed_v2.csv,6607,6,6,6,6,Tag_6,Tag_6,0.9999420642852783,1
mqtt_preprocessed_v2.csv,6608,6,6,6,6,Tag_6,Tag_6,0.9999303817749023,1
mqtt_preprocessed_v2.csv,6609,6,6,6,6,Tag_6,Tag_6,0.9999241828918457,1
mqtt_preprocessed_v2.csv,6610,6,6,6,6,Tag_6,Tag_6,0.9998788833618164,1
mqtt_preprocessed_v2.csv,6611,6,6,6,6,Tag_6,Tag_6,0.9999382495880127,1
mqtt_preprocessed_v2.csv,6612,6,6,6,6,Tag_6,Tag_6,0.9999264478683472,1
mqtt_preprocessed_v2.csv,6613,6,6,6,6,Tag_6,Tag_6,0.9999449253082275,1
mqtt_preprocessed_v2.csv,6614,6,6,6,6,Tag_6,Tag_6,0.9998847246170044,1
mqtt_preprocessed_v2.csv,6615,6,6,6,6,Tag_6,Tag_6,0.999955415725708,1
mqtt_preprocessed_v2.csv,6616,6,6,6,6,Tag_6,Tag_6,0.9999290704727173,1
mqtt_preprocessed_v2.csv,6617,6,6,6,6,Tag_6,Tag_6,0.9999287128448486,1
mqtt_preprocessed_v2.csv,6618,6,6,6,6,Tag_6,Tag_6,0.999923825263977,1
mqtt_preprocessed_v2.csv,6619,6,6,6,6,Tag_6,Tag_6,0.999931812286377,1
mqtt_preprocessed_v2.csv,6620,6,6,6,6,Tag_6,Tag_6,0.9998776912689209,1
mqtt_preprocessed_v2.csv,6621,6,6,6,6,Tag_6,Tag_6,0.9998526573181152,1
mqtt_preprocessed_v2.csv,6622,6,6,6,6,Tag_6,Tag_6,0.9999215602874756,1
mqtt_preprocessed_v2.csv,6623,6,6,6,6,Tag_6,Tag_6,0.9999338388442993,1
mqtt_preprocessed_v2.csv,6624,6,6,6,6,Tag_6,Tag_6,0.9999231100082397,1
mqtt_preprocessed_v2.csv,6625,6,6,6,6,Tag_6,Tag_6,0.9999276399612427,1
mqtt_preprocessed_v2.csv,6626,6,6,6,6,Tag_6,Tag_6,0.9999158382415771,1
mqtt_preprocessed_v2.csv,6627,6,6,6,6,Tag_6,Tag_6,0.999944806098938,1
mqtt_preprocessed_v2.csv,6628,6,6,6,6,Tag_6,Tag_6,0.9999312162399292,1
mqtt_preprocessed_v2.csv,6629,6,6,6,6,Tag_6,Tag_6,0.9999411106109619,1
mqtt_preprocessed_v2.csv,6630,6,6,6,6,Tag_6,Tag_6,0.9999381303787231,1
mqtt_preprocessed_v2.csv,6631,6,6,6,6,Tag_6,Tag_6,0.9999418258666992,1
mqtt_preprocessed_v2.csv,6632,6,6,6,6,Tag_6,Tag_6,0.9999250173568726,1
mqtt_preprocessed_v2.csv,6633,6,6,6,6,Tag_6,Tag_6,0.9998767375946045,1
mqtt_preprocessed_v2.csv,6634,6,6,6,6,Tag_6,Tag_6,0.999937891960144,1
mqtt_preprocessed_v2.csv,6635,6,6,6,6,Tag_6,Tag_6,0.9999270439147949,1
mqtt_preprocessed_v2.csv,6636,6,6,6,6,Tag_6,Tag_6,0.9998722076416016,1
mqtt_preprocessed_v2.csv,6637,6,6,6,6,Tag_6,Tag_6,0.9999223947525024,1
mqtt_preprocessed_v2.csv,6638,6,6,6,6,Tag_6,Tag_6,0.9999369382858276,1
mqtt_preprocessed_v2.csv,6639,6,6,6,6,Tag_6,Tag_6,0.9999428987503052,1
mqtt_preprocessed_v2.csv,6640,6,6,6,6,Tag_6,Tag_6,0.9999450445175171,1
mqtt_preprocessed_v2.csv,6641,6,6,6,6,Tag_6,Tag_6,0.9999390840530396,1
mqtt_preprocessed_v2.csv,6642,6,6,6,6,Tag_6,Tag_6,0.9999254941940308,1
mqtt_preprocessed_v2.csv,6643,6,6,6,6,Tag_6,Tag_6,0.9999217987060547,1
mqtt_preprocessed_v2.csv,6644,6,6,6,6,Tag_6,Tag_6,0.9999086856842041,1
mqtt_preprocessed_v2.csv,6645,6,6,6,6,Tag_6,Tag_6,0.9997678399085999,1
mqtt_preprocessed_v2.csv,6646,6,6,6,6,Tag_6,Tag_6,0.9999353885650635,1
mqtt_preprocessed_v2.csv,6647,6,6,6,6,Tag_6,Tag_6,0.9999361038208008,1
mqtt_preprocessed_v2.csv,6648,6,6,6,6,Tag_6,Tag_6,0.9999418258666992,1
mqtt_preprocessed_v2.csv,6649,6,6,6,6,Tag_6,Tag_6,0.9999291896820068,1
mqtt_preprocessed_v2.csv,6670,8,8,7,7,Tag_8,Tag_8,0.9998997449874878,1
mqtt_preprocessed_v2.csv,6671,8,8,7,7,Tag_8,Tag_8,0.999896764755249,1
mqtt_preprocessed_v2.csv,6672,8,8,7,7,Tag_8,Tag_8,0.9999058246612549,1
mqtt_preprocessed_v2.csv,6673,8,8,7,7,Tag_8,Tag_8,0.9999072551727295,1
mqtt_preprocessed_v2.csv,6674,8,8,7,7,Tag_8,Tag_8,0.9998894929885864,1
mqtt_preprocessed_v2.csv,6675,8,8,7,7,Tag_8,Tag_8,0.9999014139175415,1
mqtt_preprocessed_v2.csv,6676,8,8,7,7,Tag_8,Tag_8,0.9999145269393921,1
mqtt_preprocessed_v2.csv,6677,8,8,7,7,Tag_8,Tag_8,0.9999022483825684,1
mqtt_preprocessed_v2.csv,6678,8,8,7,7,Tag_8,Tag_8,0.999881386756897,1
mqtt_preprocessed_v2.csv,6679,8,8,7,7,Tag_8,Tag_8,0.9999054670333862,1
mqtt_preprocessed_v2.csv,6680,8,8,7,7,Tag_8,Tag_8,0.9998964071273804,1
mqtt_preprocessed_v2.csv,6681,8,8,7,7,Tag_8,Tag_8,0.9998838901519775,1
mqtt_preprocessed_v2.csv,6682,8,8,7,7,Tag_8,Tag_8,0.9998904466629028,1
mqtt_preprocessed_v2.csv,6683,8,8,7,7,Tag_8,Tag_8,0.9998959302902222,1
mqtt_preprocessed_v2.csv,6684,8,8,7,7,Tag_8,Tag_8,0.9998843669891357,1
mqtt_preprocessed_v2.csv,6685,8,8,7,7,Tag_8,Tag_8,0.9998980760574341,1
mqtt_preprocessed_v2.csv,6686,8,8,7,7,Tag_8,Tag_8,0.9999072551727295,1
mqtt_preprocessed_v2.csv,6687,8,8,7,7,Tag_8,Tag_8,0.9998906850814819,1
mqtt_preprocessed_v2.csv,6688,8,8,7,7,Tag_8,Tag_8,0.9998860359191895,1
mqtt_preprocessed_v2.csv,6689,8,8,7,7,Tag_8,Tag_8,0.9998948574066162,1
mqtt_preprocessed_v2.csv,6690,8,8,7,7,Tag_8,Tag_8,0.9998979568481445,1
mqtt_preprocessed_v2.csv,6691,8,8,7,7,Tag_8,Tag_8,0.9998966455459595,1
mqtt_preprocessed_v2.csv,6692,8,8,7,7,Tag_8,Tag_8,0.9999079704284668,1
mqtt_preprocessed_v2.csv,6693,8,8,7,7,Tag_8,Tag_8,0.9999040365219116,1
mqtt_preprocessed_v2.csv,6694,8,8,7,7,Tag_8,Tag_8,0.9998979568481445,1
mqtt_preprocessed_v2.csv,6695,8,8,7,7,Tag_8,Tag_8,0.9999096393585205,1
mqtt_preprocessed_v2.csv,6696,8,8,7,7,Tag_8,Tag_8,0.9999029636383057,1
mqtt_preprocessed_v2.csv,6697,8,8,7,7,Tag_8,Tag_8,0.9999101161956787,1
mqtt_preprocessed_v2.csv,6698,8,8,7,7,Tag_8,Tag_8,0.9998859167098999,1
mqtt_preprocessed_v2.csv,6699,8,8,7,7,Tag_8,Tag_8,0.9999033212661743,1
mqtt_preprocessed_v2.csv,6700,8,8,7,7,Tag_8,Tag_8,0.9999063014984131,1
mqtt_preprocessed_v2.csv,6701,8,8,7,7,Tag_8,Tag_8,0.9999145269393921,1
mqtt_preprocessed_v2.csv,6702,8,8,7,7,Tag_8,Tag_8,0.9999161958694458,1
mqtt_preprocessed_v2.csv,6703,8,8,7,7,Tag_8,Tag_8,0.999909520149231,1
mqtt_preprocessed_v2.csv,6704,8,8,7,7,Tag_8,Tag_8,0.9998888969421387,1
mqtt_preprocessed_v2.csv,6705,8,8,7,7,Tag_8,Tag_8,0.9998944997787476,1
mqtt_preprocessed_v2.csv,6706,8,8,7,7,Tag_8,Tag_8,0.9999107122421265,1
mqtt_preprocessed_v2.csv,6707,8,8,7,7,Tag_8,Tag_8,0.9999011754989624,1
mqtt_preprocessed_v2.csv,6708,8,8,7,7,Tag_8,Tag_8,0.9999128580093384,1
mqtt_preprocessed_v2.csv,6709,8,8,7,7,Tag_8,Tag_8,0.9999094009399414,1
mqtt_preprocessed_v2.csv,6710,8,8,7,7,Tag_8,Tag_8,0.9999121427536011,1
mqtt_preprocessed_v2.csv,6711,8,8,7,7,Tag_8,Tag_8,0.9999078512191772,1
mqtt_preprocessed_v2.csv,6712,8,8,7,7,Tag_8,Tag_8,0.9999032020568848,1
mqtt_preprocessed_v2.csv,6713,8,8,7,7,Tag_8,Tag_8,0.9998937845230103,1
mqtt_preprocessed_v2.csv,6714,8,8,7,7,Tag_8,Tag_8,0.999908447265625,1
mqtt_preprocessed_v2.csv,6715,8,8,7,7,Tag_8,Tag_8,0.9999104738235474,1
mqtt_preprocessed_v2.csv,6716,8,8,7,7,Tag_8,Tag_8,0.9998908042907715,1
mqtt_preprocessed_v2.csv,6717,8,8,7,7,Tag_8,Tag_8,0.9999154806137085,1
mqtt_preprocessed_v2.csv,6718,8,8,7,7,Tag_8,Tag_8,0.9999048709869385,1
mqtt_preprocessed_v2.csv,6719,8,8,7,7,Tag_8,Tag_8,0.9998927116394043,1
mqtt_preprocessed_v2.csv,6720,8,8,7,7,Tag_8,Tag_8,0.9999099969863892,1
mqtt_preprocessed_v2.csv,6721,8,8,7,7,Tag_8,Tag_8,0.9999045133590698,1
mqtt_preprocessed_v2.csv,6722,8,8,7,7,Tag_8,Tag_8,0.9998877048492432,1
mqtt_preprocessed_v2.csv,6723,8,8,7,7,Tag_8,Tag_8,0.9999097585678101,1
mqtt_preprocessed_v2.csv,6724,8,8,7,7,Tag_8,Tag_8,0.9999181032180786,1
mqtt_preprocessed_v2.csv,6725,8,8,7,7,Tag_8,Tag_8,0.9999268054962158,1
mqtt_preprocessed_v2.csv,6726,8,8,7,7,Tag_8,Tag_8,0.9999232292175293,1
mqtt_preprocessed_v2.csv,6727,8,8,7,7,Tag_8,Tag_8,0.9999169111251831,1
mqtt_preprocessed_v2.csv,6728,8,8,7,7,Tag_8,Tag_8,0.9999094009399414,1
mqtt_preprocessed_v2.csv,6729,8,8,7,7,Tag_8,Tag_8,0.9999328851699829,1
mqtt_preprocessed_v2.csv,6730,8,8,7,7,Tag_8,Tag_8,0.9999239444732666,1
mqtt_preprocessed_v2.csv,6731,8,8,7,7,Tag_8,Tag_8,0.999885082244873,1
mqtt_preprocessed_v2.csv,6732,8,8,7,7,Tag_8,Tag_8,0.9999260902404785,1
mqtt_preprocessed_v2.csv,6733,8,8,7,7,Tag_8,Tag_8,0.9999340772628784,1
mqtt_preprocessed_v2.csv,6734,8,8,7,7,Tag_8,Tag_8,0.9999097585678101,1
mqtt_preprocessed_v2.csv,6735,8,8,7,7,Tag_8,Tag_8,0.9999234676361084,1
mqtt_preprocessed_v2.csv,6736,8,8,7,7,Tag_8,Tag_8,0.9999129772186279,1
mqtt_preprocessed_v2.csv,6737,8,8,7,7,Tag_8,Tag_8,0.9999157190322876,1
mqtt_preprocessed_v2.csv,6738,8,8,7,7,Tag_8,Tag_8,0.9999141693115234,1
mqtt_preprocessed_v2.csv,6739,8,8,7,7,Tag_8,Tag_8,0.9998825788497925,1
mqtt_preprocessed_v2.csv,6740,8,8,7,7,Tag_8,Tag_8,0.9998928308486938,1
mqtt_preprocessed_v2.csv,6741,8,8,7,7,Tag_8,Tag_8,0.9999200105667114,1
mqtt_preprocessed_v2.csv,6742,8,8,7,7,Tag_8,Tag_8,0.9999160766601562,1
mqtt_preprocessed_v2.csv,6743,8,8,7,7,Tag_8,Tag_8,0.9999099969863892,1
mqtt_preprocessed_v2.csv,6744,8,8,7,7,Tag_8,Tag_8,0.9999141693115234,1
mqtt_preprocessed_v2.csv,6745,8,8,7,7,Tag_8,Tag_8,0.999915361404419,1
mqtt_preprocessed_v2.csv,6746,8,8,7,7,Tag_8,Tag_8,0.9999123811721802,1
mqtt_preprocessed_v2.csv,6747,8,8,7,7,Tag_8,Tag_8,0.9999228715896606,1
mqtt_preprocessed_v2.csv,6748,8,8,7,7,Tag_8,Tag_8,0.9999340772628784,1
mqtt_preprocessed_v2.csv,6749,8,8,7,7,Tag_8,Tag_8,0.9999299049377441,1
mqtt_preprocessed_v2.csv,6750,8,8,7,7,Tag_8,Tag_8,0.9999276399612427,1
mqtt_preprocessed_v2.csv,6751,8,8,7,7,Tag_8,Tag_8,0.9935059547424316,1
mqtt_preprocessed_v2.csv,6752,8,8,7,7,Tag_8,Tag_8,0.9999326467514038,1
mqtt_preprocessed_v2.csv,6753,8,8,7,7,Tag_8,Tag_8,0.9999231100082397,1
mqtt_preprocessed_v2.csv,6754,8,8,7,7,Tag_8,Tag_8,0.9999123811721802,1
mqtt_preprocessed_v2.csv,6755,8,8,7,7,Tag_8,Tag_8,0.9998664855957031,1
mqtt_preprocessed_v2.csv,6756,8,8,7,7,Tag_8,Tag_8,0.999933123588562,1
mqtt_preprocessed_v2.csv,6757,8,8,7,7,Tag_8,Tag_8,0.999934196472168,1
mqtt_preprocessed_v2.csv,6758,8,8,7,7,Tag_8,Tag_8,0.9999281167984009,1
mqtt_preprocessed_v2.csv,6759,8,8,7,7,Tag_8,Tag_8,0.9999016523361206,1
mqtt_preprocessed_v2.csv,6760,8,8,7,7,Tag_8,Tag_8,0.9999438524246216,1
mqtt_preprocessed_v2.csv,6761,8,8,7,7,Tag_8,Tag_8,0.999916672706604,1
mqtt_preprocessed_v2.csv,6762,8,8,7,7,Tag_8,Tag_8,0.9998900890350342,1
mqtt_preprocessed_v2.csv,6763,8,8,7,7,Tag_8,Tag_8,0.9999232292175293,1
mqtt_preprocessed_v2.csv,6764,8,8,7,7,Tag_8,Tag_8,0.999923586845398,1
mqtt_preprocessed_v2.csv,6765,8,8,7,7,Tag_8,Tag_8,0.9999061822891235,1
mqtt_preprocessed_v2.csv,6766,8,8,7,7,Tag_8,Tag_8,0.9998941421508789,1
mqtt_preprocessed_v2.csv,6767,8,8,7,7,Tag_8,Tag_8,0.9999194145202637,1
mqtt_preprocessed_v2.csv,6768,8,8,7,7,Tag_8,Tag_8,0.9999247789382935,1
mqtt_preprocessed_v2.csv,6769,8,8,7,7,Tag_8,Tag_8,0.9999253749847412,1
mqtt_preprocessed_v2.csv,6770,8,8,7,7,Tag_8,Tag_8,0.9998743534088135,1
mqtt_preprocessed_v2.csv,6771,8,8,7,7,Tag_8,Tag_8,0.9998101592063904,1
mqtt_preprocessed_v2.csv,6772,8,8,7,7,Tag_8,Tag_8,0.9998633861541748,1
mqtt_preprocessed_v2.csv,6773,8,8,7,7,Tag_8,Tag_8,0.9999053478240967,1
mqtt_preprocessed_v2.csv,6774,8,8,7,7,Tag_8,Tag_8,0.9999258518218994,1
mqtt_preprocessed_v2.csv,6775,8,8,7,7,Tag_8,Tag_8,0.999875545501709,1
mqtt_preprocessed_v2.csv,6776,8,8,7,7,Tag_8,Tag_8,0.9998990297317505,1
mqtt_preprocessed_v2.csv,6777,8,8,7,7,Tag_8,Tag_8,0.9999135732650757,1
mqtt_preprocessed_v2.csv,6778,8,8,7,7,Tag_8,Tag_8,0.9999145269393921,1
mqtt_preprocessed_v2.csv,6779,8,8,7,7,Tag_8,Tag_8,0.9999291896820068,1
mqtt_preprocessed_v2.csv,6780,8,8,7,7,Tag_8,Tag_8,0.9938790798187256,1
mqtt_preprocessed_v2.csv,6781,8,8,7,7,Tag_8,Tag_8,0.9998971223831177,1
mqtt_preprocessed_v2.csv,6782,8,8,7,7,Tag_8,Tag_8,0.9998093247413635,1
mqtt_preprocessed_v2.csv,6783,8,8,7,7,Tag_8,Tag_8,0.9998905658721924,1
mqtt_preprocessed_v2.csv,6784,8,8,7,7,Tag_8,Tag_8,0.9998905658721924,1
mqtt_preprocessed_v2.csv,6785,8,8,7,7,Tag_8,Tag_8,0.9998703002929688,1
mqtt_preprocessed_v2.csv,6786,8,8,7,7,Tag_8,Tag_8,0.9999185800552368,1
mqtt_preprocessed_v2.csv,6787,8,8,7,7,Tag_8,Tag_8,0.9999041557312012,1
mqtt_preprocessed_v2.csv,6788,8,8,7,7,Tag_8,Tag_8,0.9999008178710938,1
mqtt_preprocessed_v2.csv,6789,8,8,7,7,Tag_8,Tag_8,0.9999032020568848,1
mqtt_preprocessed_v2.csv,6790,8,8,7,7,Tag_8,Tag_8,0.9998834133148193,1
mqtt_preprocessed_v2.csv,6791,8,8,7,7,Tag_8,Tag_8,0.9998970031738281,1
mqtt_preprocessed_v2.csv,6792,8,8,7,7,Tag_8,Tag_8,0.9999086856842041,1
mqtt_preprocessed_v2.csv,6793,8,8,7,7,Tag_8,Tag_8,0.999803364276886,1
mqtt_preprocessed_v2.csv,6794,8,8,7,7,Tag_8,Tag_8,0.9999302625656128,1
mqtt_preprocessed_v2.csv,6795,8,8,7,7,Tag_8,Tag_8,0.9999217987060547,1
mqtt_preprocessed_v2.csv,6796,8,8,7,7,Tag_8,Tag_8,0.9998101592063904,1
mqtt_preprocessed_v2.csv,6797,8,8,7,7,Tag_8,Tag_8,0.9998689889907837,1
mqtt_preprocessed_v2.csv,6798,8,8,7,7,Tag_8,Tag_8,0.999906063079834,1
mqtt_preprocessed_v2.csv,6799,8,8,7,7,Tag_8,Tag_8,0.9997444748878479,1
mqtt_preprocessed_v2.csv,6800,8,8,7,7,Tag_8,Tag_8,0.9999300241470337,1
mqtt_preprocessed_v2.csv,6801,8,8,7,7,Tag_8,Tag_8,0.9999216794967651,1
mqtt_preprocessed_v2.csv,6802,8,8,7,7,Tag_8,Tag_8,0.9998329877853394,1
mqtt_preprocessed_v2.csv,6803,8,8,7,7,Tag_8,Tag_8,0.9999161958694458,1
mqtt_preprocessed_v2.csv,6804,8,8,7,7,Tag_8,Tag_8,0.9999197721481323,1
mqtt_preprocessed_v2.csv,6805,8,8,7,7,Tag_8,Tag_8,0.9999104738235474,1
mqtt_preprocessed_v2.csv,6806,8,8,7,7,Tag_8,Tag_8,0.9999276399612427,1
mqtt_preprocessed_v2.csv,6807,8,8,7,7,Tag_8,Tag_8,0.9999003410339355,1
mqtt_preprocessed_v2.csv,6808,8,8,7,7,Tag_8,Tag_8,0.9998538494110107,1
mqtt_preprocessed_v2.csv,6809,8,8,7,7,Tag_8,Tag_8,0.999901533126831,1
mqtt_preprocessed_v2.csv,6810,8,8,7,7,Tag_8,Tag_8,0.9998980760574341,1
mqtt_preprocessed_v2.csv,6811,8,8,7,7,Tag_8,Tag_8,0.9998186230659485,1
mqtt_preprocessed_v2.csv,6812,8,8,7,7,Tag_8,Tag_8,0.9999068975448608,1
mqtt_preprocessed_v2.csv,6813,8,8,7,7,Tag_8,Tag_8,0.999848484992981,1
mqtt_preprocessed_v2.csv,6814,8,8,7,7,Tag_8,Tag_8,0.9999334812164307,1
mqtt_preprocessed_v2.csv,6815,8,8,7,7,Tag_8,Tag_8,0.999913215637207,1
mqtt_preprocessed_v2.csv,6816,8,8,7,7,Tag_8,Tag_8,0.9998371601104736,1
mqtt_preprocessed_v2.csv,6817,8,8,7,7,Tag_8,Tag_8,0.9999006986618042,1
mqtt_preprocessed_v2.csv,6818,8,8,7,7,Tag_8,Tag_8,0.9998867511749268,1
mqtt_preprocessed_v2.csv,6819,8,8,7,7,Tag_8,Tag_8,0.9998873472213745,1
mqtt_preprocessed_v2.csv,6820,8,8,7,7,Tag_8,Tag_8,0.9997708201408386,1
mqtt_preprocessed_v2.csv,6821,8,8,7,7,Tag_8,Tag_8,0.9996545314788818,1
mqtt_preprocessed_v2.csv,6822,8,8,7,7,Tag_8,Tag_8,0.9997602105140686,1
mqtt_preprocessed_v2.csv,6823,8,8,7,7,Tag_8,Tag_8,0.9997106194496155,1
mqtt_preprocessed_v2.csv,6824,8,8,7,7,Tag_8,Tag_8,0.9996997117996216,1
mqtt_preprocessed_v2.csv,6825,8,8,7,7,Tag_8,Tag_8,0.9984481334686279,1
mqtt_preprocessed_v2.csv,6826,8,8,7,7,Tag_8,Tag_8,0.9998291730880737,1
mqtt_preprocessed_v2.csv,6827,8,8,7,7,Tag_8,Tag_8,0.99969482421875,1
mqtt_preprocessed_v2.csv,6828,8,8,7,7,Tag_8,Tag_8,0.999748170375824,1
mqtt_preprocessed_v2.csv,6829,8,8,7,7,Tag_8,Tag_8,0.9997740387916565,1
mqtt_preprocessed_v2.csv,6830,8,8,7,7,Tag_8,Tag_8,0.9997591376304626,1
mqtt_preprocessed_v2.csv,6831,8,8,7,7,Tag_8,Tag_8,0.9997840523719788,1
mqtt_preprocessed_v2.csv,6832,8,8,7,7,Tag_8,Tag_8,0.9997978806495667,1
mqtt_preprocessed_v2.csv,6833,8,8,7,7,Tag_8,Tag_8,0.9998424053192139,1
mqtt_preprocessed_v2.csv,6834,8,8,7,7,Tag_8,Tag_8,0.9993425011634827,1
mqtt_preprocessed_v2.csv,6835,8,8,7,7,Tag_8,Tag_8,0.9997733235359192,1
mqtt_preprocessed_v2.csv,6836,8,8,7,7,Tag_8,Tag_8,0.9978874325752258,1
mqtt_preprocessed_v2.csv,6837,8,8,7,7,Tag_8,Tag_8,0.9998239874839783,1
mqtt_preprocessed_v2.csv,6838,8,8,7,7,Tag_8,Tag_8,0.9997422099113464,1
mqtt_preprocessed_v2.csv,6839,8,8,7,7,Tag_8,Tag_8,0.9998509883880615,1
mqtt_preprocessed_v2.csv,6840,8,8,7,7,Tag_8,Tag_8,0.9996576309204102,1
mqtt_preprocessed_v2.csv,6841,8,8,7,7,Tag_8,Tag_8,0.9996567964553833,1
mqtt_preprocessed_v2.csv,6842,8,8,7,7,Tag_8,Tag_8,0.9989351630210876,1
mqtt_preprocessed_v2.csv,6843,8,8,7,7,Tag_8,Tag_8,0.9997636675834656,1
mqtt_preprocessed_v2.csv,6844,8,8,7,7,Tag_8,Tag_8,0.9998251795768738,1
mqtt_preprocessed_v2.csv,6845,8,8,7,7,Tag_8,Tag_8,0.9998032450675964,1
mqtt_preprocessed_v2.csv,6846,8,8,7,7,Tag_8,Tag_8,0.9996623992919922,1
mqtt_preprocessed_v2.csv,6847,8,8,7,7,Tag_8,Tag_8,0.9996988773345947,1
mqtt_preprocessed_v2.csv,6848,8,8,7,7,Tag_8,Tag_8,0.9998353719711304,1
mqtt_preprocessed_v2.csv,6849,8,8,7,7,Tag_8,Tag_8,0.9997147917747498,1
mqtt_preprocessed_v2.csv,6850,8,8,7,7,Tag_8,Tag_8,0.9996986389160156,1
mqtt_preprocessed_v2.csv,6851,8,8,7,7,Tag_8,Tag_8,0.9994307160377502,1
mqtt_preprocessed_v2.csv,6852,8,8,7,7,Tag_8,Tag_8,0.9997320771217346,1
mqtt_preprocessed_v2.csv,6853,8,8,7,7,Tag_8,Tag_8,0.9997989535331726,1
mqtt_preprocessed_v2.csv,6854,8,8,7,7,Tag_8,Tag_8,0.9997939467430115,1
mqtt_preprocessed_v2.csv,6855,8,8,7,7,Tag_8,Tag_8,0.9996546506881714,1
mqtt_preprocessed_v2.csv,6856,8,8,7,7,Tag_8,Tag_8,0.9997621178627014,1
mqtt_preprocessed_v2.csv,6857,8,8,7,7,Tag_8,Tag_8,0.9998360872268677,1
mqtt_preprocessed_v2.csv,6858,8,8,7,7,Tag_8,Tag_8,0.9997217059135437,1
mqtt_preprocessed_v2.csv,6859,8,8,7,7,Tag_8,Tag_8,0.9994279742240906,1
mqtt_preprocessed_v2.csv,6860,8,8,7,7,Tag_8,Tag_8,0.9996206760406494,1
mqtt_preprocessed_v2.csv,6861,8,8,7,7,Tag_8,Tag_8,0.9996705055236816,1
mqtt_preprocessed_v2.csv,6862,8,8,7,7,Tag_8,Tag_8,0.9998389482498169,1
mqtt_preprocessed_v2.csv,6863,8,8,7,7,Tag_8,Tag_8,0.9997109770774841,1
mqtt_preprocessed_v2.csv,6864,8,8,7,7,Tag_8,Tag_8,0.9997268319129944,1
mqtt_preprocessed_v2.csv,6865,8,8,7,7,Tag_8,Tag_8,0.9998146891593933,1
mqtt_preprocessed_v2.csv,6866,8,8,7,7,Tag_8,Tag_8,0.9997708201408386,1
mqtt_preprocessed_v2.csv,6867,8,8,7,7,Tag_8,Tag_8,0.9997414946556091,1
mqtt_preprocessed_v2.csv,6868,8,8,7,7,Tag_8,Tag_8,0.9992443323135376,1
mqtt_preprocessed_v2.csv,6869,8,8,7,7,Tag_8,Tag_8,0.9998562335968018,1
mqtt_preprocessed_v2.csv,6870,9,9,8,8,Tag_9,Tag_9,0.9999632835388184,1
mqtt_preprocessed_v2.csv,6871,9,9,8,8,Tag_9,Tag_9,0.9999169111251831,1
mqtt_preprocessed_v2.csv,6872,9,9,8,8,Tag_9,Tag_9,0.9999775886535645,1
mqtt_preprocessed_v2.csv,6873,9,9,8,8,Tag_9,Tag_9,0.9999804496765137,1
mqtt_preprocessed_v2.csv,6874,9,9,8,8,Tag_9,Tag_9,0.999976396560669,1
mqtt_preprocessed_v2.csv,6875,9,9,8,8,Tag_9,Tag_9,0.9999771118164062,1
mqtt_preprocessed_v2.csv,6876,9,9,8,8,Tag_9,Tag_9,0.9999796152114868,1
mqtt_preprocessed_v2.csv,6877,9,9,8,8,Tag_9,Tag_9,0.9999772310256958,1
mqtt_preprocessed_v2.csv,6878,9,9,8,8,Tag_9,Tag_9,0.9999754428863525,1
mqtt_preprocessed_v2.csv,6879,9,9,8,8,Tag_9,Tag_9,0.9999743700027466,1
mqtt_preprocessed_v2.csv,6880,9,9,8,8,Tag_9,Tag_9,0.9999771118164062,1
mqtt_preprocessed_v2.csv,6881,9,9,8,8,Tag_9,Tag_9,0.9999127388000488,1
mqtt_preprocessed_v2.csv,6882,9,9,8,8,Tag_9,Tag_9,0.999972939491272,1
mqtt_preprocessed_v2.csv,6883,9,9,8,8,Tag_9,Tag_9,0.999974250793457,1
mqtt_preprocessed_v2.csv,6884,9,9,8,8,Tag_9,Tag_9,0.9999767541885376,1
mqtt_preprocessed_v2.csv,6885,9,9,8,8,Tag_9,Tag_9,0.9999622106552124,1
mqtt_preprocessed_v2.csv,6886,9,9,8,8,Tag_9,Tag_9,0.9999798536300659,1
mqtt_preprocessed_v2.csv,6887,9,9,8,8,Tag_9,Tag_9,0.999958872795105,1
mqtt_preprocessed_v2.csv,6888,9,9,8,8,Tag_9,Tag_9,0.9999743700027466,1
mqtt_preprocessed_v2.csv,6889,9,9,8,8,Tag_9,Tag_9,0.9999771118164062,1
mqtt_preprocessed_v2.csv,6890,9,9,8,8,Tag_9,Tag_9,0.9995418787002563,1
mqtt_preprocessed_v2.csv,6891,9,9,8,8,Tag_9,Tag_9,0.9999804496765137,1
mqtt_preprocessed_v2.csv,6892,9,9,8,8,Tag_9,Tag_9,0.9999732971191406,1
mqtt_preprocessed_v2.csv,6893,9,9,8,8,Tag_9,Tag_9,0.9999765157699585,1
mqtt_preprocessed_v2.csv,6894,9,9,8,8,Tag_9,Tag_9,0.9999692440032959,1
mqtt_preprocessed_v2.csv,6895,9,9,8,8,Tag_9,Tag_9,0.9999713897705078,1
mqtt_preprocessed_v2.csv,6896,9,9,8,8,Tag_9,Tag_9,0.9999380111694336,1
mqtt_preprocessed_v2.csv,6897,9,9,8,8,Tag_9,Tag_9,0.9999756813049316,1
mqtt_preprocessed_v2.csv,6898,9,9,8,8,Tag_9,Tag_9,0.9999805688858032,1
mqtt_preprocessed_v2.csv,6899,9,9,8,8,Tag_9,Tag_9,0.9999680519104004,1
mqtt_preprocessed_v2.csv,6900,9,9,8,8,Tag_9,Tag_9,0.9999141693115234,1
mqtt_preprocessed_v2.csv,6901,9,9,8,8,Tag_9,Tag_9,0.9999721050262451,1
mqtt_preprocessed_v2.csv,6902,9,9,8,8,Tag_9,Tag_9,0.9999759197235107,1
mqtt_preprocessed_v2.csv,6903,9,9,8,8,Tag_9,Tag_9,0.9999788999557495,1
mqtt_preprocessed_v2.csv,6904,9,9,8,8,Tag_9,Tag_9,0.9999332427978516,1
mqtt_preprocessed_v2.csv,6905,9,9,8,8,Tag_9,Tag_9,0.9999371767044067,1
mqtt_preprocessed_v2.csv,6906,9,9,8,8,Tag_9,Tag_9,0.9999784231185913,1
mqtt_preprocessed_v2.csv,6907,9,9,8,8,Tag_9,Tag_9,0.9999703168869019,1
mqtt_preprocessed_v2.csv,6908,9,9,8,8,Tag_9,Tag_9,0.9999798536300659,1
mqtt_preprocessed_v2.csv,6909,9,9,8,8,Tag_9,Tag_9,0.9999586343765259,1
mqtt_preprocessed_v2.csv,6910,9,9,8,8,Tag_9,Tag_9,0.9999769926071167,1
mqtt_preprocessed_v2.csv,6911,9,9,8,8,Tag_9,Tag_9,0.9999232292175293,1
mqtt_preprocessed_v2.csv,6912,9,9,8,8,Tag_9,Tag_9,0.9999798536300659,1
mqtt_preprocessed_v2.csv,6913,9,9,8,8,Tag_9,Tag_9,0.9999762773513794,1
mqtt_preprocessed_v2.csv,6914,9,9,8,8,Tag_9,Tag_9,0.9999619722366333,1
mqtt_preprocessed_v2.csv,6915,9,9,8,8,Tag_9,Tag_9,0.9999771118164062,1
mqtt_preprocessed_v2.csv,6916,9,9,8,8,Tag_9,Tag_9,0.9999479055404663,1
mqtt_preprocessed_v2.csv,6917,9,9,8,8,Tag_9,Tag_9,0.9998495578765869,1
mqtt_preprocessed_v2.csv,6918,9,9,8,8,Tag_9,Tag_9,0.9999390840530396,1
mqtt_preprocessed_v2.csv,6919,9,9,8,8,Tag_9,Tag_9,0.9999181032180786,1
mqtt_preprocessed_v2.csv,6920,9,9,8,8,Tag_9,Tag_9,0.9999762773513794,1
mqtt_preprocessed_v2.csv,6921,9,9,8,8,Tag_9,Tag_9,0.9999755620956421,1
mqtt_preprocessed_v2.csv,6922,9,9,8,8,Tag_9,Tag_9,0.9999785423278809,1
mqtt_preprocessed_v2.csv,6923,9,9,8,8,Tag_9,Tag_9,0.9999765157699585,1
mqtt_preprocessed_v2.csv,6924,9,9,8,8,Tag_9,Tag_9,0.9999595880508423,1
mqtt_preprocessed_v2.csv,6925,9,9,8,8,Tag_9,Tag_9,0.999970555305481,1
mqtt_preprocessed_v2.csv,6926,9,9,8,8,Tag_9,Tag_9,0.9999805688858032,1
mqtt_preprocessed_v2.csv,6927,9,9,8,8,Tag_9,Tag_9,0.9999711513519287,1
mqtt_preprocessed_v2.csv,6928,9,9,8,8,Tag_9,Tag_9,0.9999672174453735,1
mqtt_preprocessed_v2.csv,6929,9,9,8,8,Tag_9,Tag_9,0.9999676942825317,1
mqtt_preprocessed_v2.csv,6930,9,9,8,8,Tag_9,Tag_9,0.999967098236084,1
mqtt_preprocessed_v2.csv,6931,9,9,8,8,Tag_9,Tag_9,0.9999641180038452,1
mqtt_preprocessed_v2.csv,6932,9,9,8,8,Tag_9,Tag_9,0.999980092048645,1
mqtt_preprocessed_v2.csv,6933,9,9,8,8,Tag_9,Tag_9,0.9999731779098511,1
mqtt_preprocessed_v2.csv,6934,9,9,8,8,Tag_9,Tag_9,0.9999780654907227,1
mqtt_preprocessed_v2.csv,6935,9,9,8,8,Tag_9,Tag_9,0.9999622106552124,1
mqtt_preprocessed_v2.csv,6936,9,9,8,8,Tag_9,Tag_9,0.9999736547470093,1
mqtt_preprocessed_v2.csv,6937,9,9,8,8,Tag_9,Tag_9,0.9999697208404541,1
mqtt_preprocessed_v2.csv,6938,9,9,8,8,Tag_9,Tag_9,0.9999606609344482,1
mqtt_preprocessed_v2.csv,6939,9,9,8,8,Tag_9,Tag_9,0.9999788999557495,1
mqtt_preprocessed_v2.csv,6940,9,9,8,8,Tag_9,Tag_9,0.9999653100967407,1
mqtt_preprocessed_v2.csv,6941,9,9,8,8,Tag_9,Tag_9,0.9999748468399048,1
mqtt_preprocessed_v2.csv,6942,9,9,8,8,Tag_9,Tag_9,0.9999148845672607,1
mqtt_preprocessed_v2.csv,6943,9,9,8,8,Tag_9,Tag_9,0.999968409538269,1
mqtt_preprocessed_v2.csv,6944,9,9,8,8,Tag_9,Tag_9,0.9999679327011108,1
mqtt_preprocessed_v2.csv,6945,9,9,8,8,Tag_9,Tag_9,0.999974250793457,1
mqtt_preprocessed_v2.csv,6946,9,9,8,8,Tag_9,Tag_9,0.9999406337738037,1
mqtt_preprocessed_v2.csv,6947,9,9,8,8,Tag_9,Tag_9,0.9999717473983765,1
mqtt_preprocessed_v2.csv,6948,9,9,8,8,Tag_9,Tag_9,0.9994811415672302,1
mqtt_preprocessed_v2.csv,6949,9,9,8,8,Tag_9,Tag_9,0.9999768733978271,1
mqtt_preprocessed_v2.csv,6950,9,9,8,8,Tag_9,Tag_9,0.999927282333374,1
mqtt_preprocessed_v2.csv,6951,9,9,8,8,Tag_9,Tag_9,0.999977707862854,1
mqtt_preprocessed_v2.csv,6952,9,9,8,8,Tag_9,Tag_9,0.9999642372131348,1
mqtt_preprocessed_v2.csv,6953,9,9,8,8,Tag_9,Tag_9,0.999941349029541,1
mqtt_preprocessed_v2.csv,6954,9,9,8,8,Tag_9,Tag_9,0.9999759197235107,1
mqtt_preprocessed_v2.csv,6955,9,9,8,8,Tag_9,Tag_9,0.9999724626541138,1
mqtt_preprocessed_v2.csv,6956,9,9,8,8,Tag_9,Tag_9,0.99997878074646,1
mqtt_preprocessed_v2.csv,6957,9,9,8,8,Tag_9,Tag_9,0.9999722242355347,1
mqtt_preprocessed_v2.csv,6958,9,9,8,8,Tag_9,Tag_9,0.9999678134918213,1
mqtt_preprocessed_v2.csv,6959,9,9,8,8,Tag_9,Tag_9,0.9999616146087646,1
mqtt_preprocessed_v2.csv,6960,9,9,8,8,Tag_9,Tag_9,0.9999629259109497,1
mqtt_preprocessed_v2.csv,6961,9,9,8,8,Tag_9,Tag_9,0.9999668598175049,1
mqtt_preprocessed_v2.csv,6962,9,9,8,8,Tag_9,Tag_9,0.9999544620513916,1
mqtt_preprocessed_v2.csv,6963,9,9,8,8,Tag_9,Tag_9,0.9999599456787109,1
mqtt_preprocessed_v2.csv,6964,9,9,8,8,Tag_9,Tag_9,0.999950647354126,1
mqtt_preprocessed_v2.csv,6965,9,9,8,8,Tag_9,Tag_9,0.999967098236084,1
mqtt_preprocessed_v2.csv,6966,9,9,8,8,Tag_9,Tag_9,0.9999357461929321,1
mqtt_preprocessed_v2.csv,6967,9,9,8,8,Tag_9,Tag_9,0.999974250793457,1
mqtt_preprocessed_v2.csv,6968,9,9,8,8,Tag_9,Tag_9,0.9999434947967529,1
mqtt_preprocessed_v2.csv,6969,9,9,8,8,Tag_9,Tag_9,0.9999648332595825,1
mqtt_preprocessed_v2.csv,6970,10,10,9,9,Tag_10,Tag_10,0.9999791383743286,1
mqtt_preprocessed_v2.csv,6971,10,10,9,9,Tag_10,Tag_10,0.9999315738677979,1
mqtt_preprocessed_v2.csv,6972,10,10,9,9,Tag_10,Tag_10,0.9999618530273438,1
mqtt_preprocessed_v2.csv,6973,10,10,9,9,Tag_10,Tag_10,0.9999135732650757,1
mqtt_preprocessed_v2.csv,6974,10,10,9,9,Tag_10,Tag_10,0.99996018409729,1
mqtt_preprocessed_v2.csv,6975,10,10,9,9,Tag_10,Tag_10,0.9999657869338989,1
mqtt_preprocessed_v2.csv,6976,10,10,9,9,Tag_10,Tag_10,0.9999711513519287,1
mqtt_preprocessed_v2.csv,6977,10,10,9,9,Tag_10,Tag_10,0.9999650716781616,1
mqtt_preprocessed_v2.csv,6978,10,10,9,9,Tag_10,Tag_10,0.9998629093170166,1
mqtt_preprocessed_v2.csv,6979,10,10,9,9,Tag_10,Tag_10,0.9999451637268066,1
mqtt_preprocessed_v2.csv,6980,10,10,9,9,Tag_10,Tag_10,0.9999148845672607,1
mqtt_preprocessed_v2.csv,6981,10,10,9,9,Tag_10,Tag_10,0.9999412298202515,1
mqtt_preprocessed_v2.csv,6982,10,10,9,9,Tag_10,Tag_10,0.9999370574951172,1
mqtt_preprocessed_v2.csv,6983,10,10,9,9,Tag_10,Tag_10,0.9999434947967529,1
mqtt_preprocessed_v2.csv,6984,10,10,9,9,Tag_10,Tag_10,0.9999686479568481,1
mqtt_preprocessed_v2.csv,6985,10,10,9,9,Tag_10,Tag_10,0.9999198913574219,1
mqtt_preprocessed_v2.csv,6986,10,10,9,9,Tag_10,Tag_10,0.9999802112579346,1
mqtt_preprocessed_v2.csv,6987,10,10,9,9,Tag_10,Tag_10,0.9999536275863647,1
mqtt_preprocessed_v2.csv,6988,10,10,9,9,Tag_10,Tag_10,0.999970555305481,1
mqtt_preprocessed_v2.csv,6989,10,10,9,9,Tag_10,Tag_10,0.9998902082443237,1
mqtt_preprocessed_v2.csv,6990,10,10,9,9,Tag_10,Tag_10,0.999901294708252,1
mqtt_preprocessed_v2.csv,6991,10,10,9,9,Tag_10,Tag_10,0.999951958656311,1
mqtt_preprocessed_v2.csv,6992,10,10,9,9,Tag_10,Tag_10,0.9999649524688721,1
mqtt_preprocessed_v2.csv,6993,10,10,9,9,Tag_10,Tag_10,0.9998766183853149,1
mqtt_preprocessed_v2.csv,6994,10,10,9,9,Tag_10,Tag_10,0.9998878240585327,1
mqtt_preprocessed_v2.csv,6995,10,10,9,9,Tag_10,Tag_10,0.9999638795852661,1
mqtt_preprocessed_v2.csv,6996,10,10,9,9,Tag_10,Tag_10,0.9999412298202515,1
mqtt_preprocessed_v2.csv,6997,10,10,9,9,Tag_10,Tag_10,0.9999673366546631,1
mqtt_preprocessed_v2.csv,6998,10,10,9,9,Tag_10,Tag_10,0.9999215602874756,1
mqtt_preprocessed_v2.csv,6999,10,10,9,9,Tag_10,Tag_10,0.9999185800552368,1
mqtt_preprocessed_v2.csv,7000,10,10,9,9,Tag_10,Tag_10,0.9999761581420898,1
mqtt_preprocessed_v2.csv,7001,10,10,9,9,Tag_10,Tag_10,0.9999645948410034,1
mqtt_preprocessed_v2.csv,7002,10,10,9,9,Tag_10,Tag_10,0.9954515099525452,1
mqtt_preprocessed_v2.csv,7003,10,10,9,9,Tag_10,Tag_10,0.9999796152114868,1
mqtt_preprocessed_v2.csv,7004,10,10,9,9,Tag_10,Tag_10,0.9999687671661377,1
mqtt_preprocessed_v2.csv,7005,10,10,9,9,Tag_10,Tag_10,0.9999847412109375,1
mqtt_preprocessed_v2.csv,7006,10,10,9,9,Tag_10,Tag_10,0.9996973276138306,1
mqtt_preprocessed_v2.csv,7007,10,10,9,9,Tag_10,Tag_10,0.9998452663421631,1
mqtt_preprocessed_v2.csv,7008,10,10,9,9,Tag_10,Tag_10,0.9999681711196899,1
mqtt_preprocessed_v2.csv,7009,10,10,9,9,Tag_10,Tag_10,0.9999793767929077,1
mqtt_preprocessed_v2.csv,7010,10,10,9,9,Tag_10,Tag_10,0.9999605417251587,1
mqtt_preprocessed_v2.csv,7011,10,10,9,9,Tag_10,Tag_10,0.9993886947631836,1
mqtt_preprocessed_v2.csv,7012,10,10,9,9,Tag_10,Tag_10,0.9999877214431763,1
mqtt_preprocessed_v2.csv,7013,10,10,9,9,Tag_10,Tag_10,0.9998186230659485,1
mqtt_preprocessed_v2.csv,7014,10,10,9,9,Tag_10,Tag_10,0.9999746084213257,1
mqtt_preprocessed_v2.csv,7015,10,10,9,9,Tag_10,Tag_10,0.9999676942825317,1
mqtt_preprocessed_v2.csv,7016,10,10,9,9,Tag_10,Tag_10,0.9999104738235474,1
mqtt_preprocessed_v2.csv,7017,10,10,9,9,Tag_10,Tag_10,0.9998383522033691,1
mqtt_preprocessed_v2.csv,7018,10,10,9,9,Tag_10,Tag_10,0.9999692440032959,1
mqtt_preprocessed_v2.csv,7019,10,10,9,9,Tag_10,Tag_10,0.9999802112579346,1
mqtt_preprocessed_v2.csv,7020,10,10,9,9,Tag_10,Tag_10,0.9995236396789551,1
mqtt_preprocessed_v2.csv,7021,10,10,9,9,Tag_10,Tag_10,0.9999477863311768,1
mqtt_preprocessed_v2.csv,7022,10,10,9,9,Tag_10,Tag_10,0.9998968839645386,1
mqtt_preprocessed_v2.csv,7023,10,10,9,9,Tag_10,Tag_10,0.9998786449432373,1
mqtt_preprocessed_v2.csv,7024,10,10,9,9,Tag_10,Tag_10,0.9996758699417114,1
mqtt_preprocessed_v2.csv,7025,10,10,9,9,Tag_10,Tag_10,0.9999723434448242,1
mqtt_preprocessed_v2.csv,7026,10,10,9,9,Tag_10,Tag_10,0.9998948574066162,1
mqtt_preprocessed_v2.csv,7027,10,10,9,9,Tag_10,Tag_10,0.9997130036354065,1
mqtt_preprocessed_v2.csv,7028,10,10,9,9,Tag_10,Tag_10,0.9999754428863525,1
mqtt_preprocessed_v2.csv,7029,10,10,9,9,Tag_10,Tag_10,0.9983929991722107,1
mqtt_preprocessed_v2.csv,7030,10,10,9,9,Tag_10,Tag_10,0.9998742341995239,1
mqtt_preprocessed_v2.csv,7031,10,10,9,9,Tag_10,Tag_10,0.9999823570251465,1
mqtt_preprocessed_v2.csv,7032,10,10,9,9,Tag_10,Tag_10,0.9997621178627014,1
mqtt_preprocessed_v2.csv,7033,10,10,9,9,Tag_10,Tag_10,0.9999440908432007,1
mqtt_preprocessed_v2.csv,7034,10,10,9,9,Tag_10,Tag_10,0.9978944659233093,1
mqtt_preprocessed_v2.csv,7035,10,10,9,9,Tag_10,Tag_10,0.9999592304229736,1
mqtt_preprocessed_v2.csv,7036,10,10,9,9,Tag_10,Tag_10,0.9996281862258911,1
mqtt_preprocessed_v2.csv,7037,10,10,9,9,Tag_10,Tag_10,0.9999105930328369,1
mqtt_preprocessed_v2.csv,7038,10,10,9,9,Tag_10,Tag_10,0.9997803568840027,1
mqtt_preprocessed_v2.csv,7039,10,10,9,9,Tag_10,Tag_10,0.9997066855430603,1
mqtt_preprocessed_v2.csv,7040,10,10,9,9,Tag_10,Tag_10,0.9999172687530518,1
mqtt_preprocessed_v2.csv,7041,10,10,9,9,Tag_10,Tag_10,0.9997721314430237,1
mqtt_preprocessed_v2.csv,7042,10,10,9,9,Tag_10,Tag_10,0.9998451471328735,1
mqtt_preprocessed_v2.csv,7043,10,10,9,9,Tag_10,Tag_10,0.9999665021896362,1
mqtt_preprocessed_v2.csv,7044,10,10,9,9,Tag_10,Tag_10,0.9999818801879883,1
mqtt_preprocessed_v2.csv,7045,10,10,9,9,Tag_10,Tag_10,0.9993060827255249,1
mqtt_preprocessed_v2.csv,7046,10,10,9,9,Tag_10,Tag_10,0.9885912537574768,1
mqtt_preprocessed_v2.csv,7047,10,10,9,9,Tag_10,Tag_10,0.9998922348022461,1
mqtt_preprocessed_v2.csv,7048,10,10,9,9,Tag_10,Tag_10,0.9994238615036011,1
mqtt_preprocessed_v2.csv,7049,10,10,9,9,Tag_10,Tag_10,0.9994826316833496,1
mqtt_preprocessed_v2.csv,7050,10,10,9,9,Tag_10,Tag_10,0.9999475479125977,1
mqtt_preprocessed_v2.csv,7051,10,10,9,9,Tag_10,Tag_10,0.9998433589935303,1
mqtt_preprocessed_v2.csv,7052,10,10,9,9,Tag_10,Tag_10,0.9999698400497437,1
mqtt_preprocessed_v2.csv,7053,10,10,9,9,Tag_10,Tag_10,0.999969482421875,1
mqtt_preprocessed_v2.csv,7054,10,10,9,9,Tag_10,Tag_10,0.9999113082885742,1
mqtt_preprocessed_v2.csv,7055,10,10,9,9,Tag_10,Tag_10,0.9998353719711304,1
mqtt_preprocessed_v2.csv,7056,10,10,9,9,Tag_10,Tag_10,0.9999139308929443,1
mqtt_preprocessed_v2.csv,7057,10,10,9,9,Tag_10,Tag_10,0.9998098015785217,1
mqtt_preprocessed_v2.csv,7058,10,10,9,9,Tag_10,Tag_10,0.999941349029541,1
mqtt_preprocessed_v2.csv,7059,10,10,9,9,Tag_10,Tag_10,0.9999240636825562,1
mqtt_preprocessed_v2.csv,7060,10,10,9,9,Tag_10,Tag_10,0.999396800994873,1
mqtt_preprocessed_v2.csv,7061,10,10,9,9,Tag_10,Tag_10,0.999843955039978,1
mqtt_preprocessed_v2.csv,7062,10,10,9,9,Tag_10,Tag_10,0.9990935325622559,1
mqtt_preprocessed_v2.csv,7063,10,10,9,9,Tag_10,Tag_10,0.9998821020126343,1
mqtt_preprocessed_v2.csv,7064,10,10,9,9,Tag_10,Tag_10,0.9999405145645142,1
mqtt_preprocessed_v2.csv,7065,10,10,9,9,Tag_10,Tag_10,0.9990466237068176,1
mqtt_preprocessed_v2.csv,7066,10,10,9,9,Tag_10,Tag_10,0.9990942478179932,1
mqtt_preprocessed_v2.csv,7067,10,10,9,9,Tag_10,Tag_10,0.9999680519104004,1
mqtt_preprocessed_v2.csv,7068,10,10,9,9,Tag_10,Tag_10,0.999828577041626,1
mqtt_preprocessed_v2.csv,7069,10,10,9,9,Tag_10,Tag_10,0.9999055862426758,1
mqtt_preprocessed_v2.csv,7070,11,11,10,10,Tag_11,Tag_11,0.9995976090431213,1
mqtt_preprocessed_v2.csv,7071,11,11,10,10,Tag_11,Tag_11,0.9992916584014893,1
mqtt_preprocessed_v2.csv,7072,11,11,10,10,Tag_11,Tag_11,0.9993828535079956,1
mqtt_preprocessed_v2.csv,7073,11,11,10,10,Tag_11,Tag_11,0.9989429116249084,1
mqtt_preprocessed_v2.csv,7074,11,11,10,10,Tag_11,Tag_11,0.9991053938865662,1
mqtt_preprocessed_v2.csv,7075,11,11,10,10,Tag_11,Tag_11,0.9995778203010559,1
mqtt_preprocessed_v2.csv,7076,11,11,10,10,Tag_11,Tag_11,0.9994778037071228,1
mqtt_preprocessed_v2.csv,7077,11,11,10,10,Tag_11,Tag_11,0.999453604221344,1
mqtt_preprocessed_v2.csv,7078,11,11,10,10,Tag_11,Tag_11,0.9994194507598877,1
mqtt_preprocessed_v2.csv,7079,11,11,10,10,Tag_11,Tag_11,0.9988499879837036,1
mqtt_preprocessed_v2.csv,7080,11,11,10,10,Tag_11,Tag_11,0.9989147186279297,1
mqtt_preprocessed_v2.csv,7081,11,11,10,10,Tag_11,Tag_11,0.9991838335990906,1
mqtt_preprocessed_v2.csv,7082,11,11,10,10,Tag_11,Tag_11,0.9972231388092041,1
mqtt_preprocessed_v2.csv,7083,11,11,10,10,Tag_11,Tag_11,0.9996219873428345,1
mqtt_preprocessed_v2.csv,7084,11,11,10,10,Tag_11,Tag_11,0.9989557266235352,1
mqtt_preprocessed_v2.csv,7085,11,11,10,10,Tag_11,Tag_11,0.9996360540390015,1
mqtt_preprocessed_v2.csv,7086,11,11,10,10,Tag_11,Tag_11,0.9995244741439819,1
mqtt_preprocessed_v2.csv,7087,11,11,10,10,Tag_11,Tag_11,0.9994877576828003,1
mqtt_preprocessed_v2.csv,7088,11,11,10,10,Tag_11,Tag_11,0.9990971088409424,1
mqtt_preprocessed_v2.csv,7089,11,11,10,10,Tag_11,Tag_11,0.9993828535079956,1
mqtt_preprocessed_v2.csv,7090,11,11,10,10,Tag_11,Tag_11,0.9995496869087219,1
mqtt_preprocessed_v2.csv,7091,11,11,10,10,Tag_11,Tag_11,0.9968738555908203,1
mqtt_preprocessed_v2.csv,7092,11,11,10,10,Tag_11,Tag_11,0.9995724558830261,1
mqtt_preprocessed_v2.csv,7093,11,11,10,10,Tag_11,Tag_11,0.9986918568611145,1
mqtt_preprocessed_v2.csv,7094,11,11,10,10,Tag_11,Tag_11,0.9994944334030151,1
mqtt_preprocessed_v2.csv,7095,11,11,10,10,Tag_11,Tag_11,0.9990699887275696,1
mqtt_preprocessed_v2.csv,7096,11,11,10,10,Tag_11,Tag_11,0.9995166063308716,1
mqtt_preprocessed_v2.csv,7097,11,11,10,10,Tag_11,Tag_11,0.9994482398033142,1
mqtt_preprocessed_v2.csv,7098,11,11,10,10,Tag_11,Tag_11,0.9992732405662537,1
mqtt_preprocessed_v2.csv,7099,11,-1,10,0,Tag_11,Normal,0.8959887623786926,0
mqtt_preprocessed_v2.csv,7100,11,11,10,10,Tag_11,Tag_11,0.9995235204696655,1
mqtt_preprocessed_v2.csv,7101,11,11,10,10,Tag_11,Tag_11,0.9995089769363403,1
mqtt_preprocessed_v2.csv,7102,11,11,10,10,Tag_11,Tag_11,0.9991164803504944,1
mqtt_preprocessed_v2.csv,7103,11,11,10,10,Tag_11,Tag_11,0.9990804195404053,1
mqtt_preprocessed_v2.csv,7104,11,11,10,10,Tag_11,Tag_11,0.9994557499885559,1
mqtt_preprocessed_v2.csv,7105,11,11,10,10,Tag_11,Tag_11,0.9986928105354309,1
mqtt_preprocessed_v2.csv,7106,11,11,10,10,Tag_11,Tag_11,0.6715636849403381,1
mqtt_preprocessed_v2.csv,7107,11,11,10,10,Tag_11,Tag_11,0.9995786547660828,1
mqtt_preprocessed_v2.csv,7108,11,11,10,10,Tag_11,Tag_11,0.5638712644577026,1
mqtt_preprocessed_v2.csv,7109,11,11,10,10,Tag_11,Tag_11,0.9994457364082336,1
mqtt_preprocessed_v2.csv,7110,11,11,10,10,Tag_11,Tag_11,0.9992344379425049,1
mqtt_preprocessed_v2.csv,7111,11,11,10,10,Tag_11,Tag_11,0.9993502497673035,1
mqtt_preprocessed_v2.csv,7112,11,11,10,10,Tag_11,Tag_11,0.9989011287689209,1
mqtt_preprocessed_v2.csv,7113,11,11,10,10,Tag_11,Tag_11,0.9988002777099609,1
mqtt_preprocessed_v2.csv,7114,11,11,10,10,Tag_11,Tag_11,0.9994736313819885,1
mqtt_preprocessed_v2.csv,7115,11,11,10,10,Tag_11,Tag_11,0.9950696229934692,1
mqtt_preprocessed_v2.csv,7116,11,11,10,10,Tag_11,Tag_11,0.9991490840911865,1
mqtt_preprocessed_v2.csv,7117,11,11,10,10,Tag_11,Tag_11,0.9992985725402832,1
mqtt_preprocessed_v2.csv,7118,11,11,10,10,Tag_11,Tag_11,0.9978233575820923,1
mqtt_preprocessed_v2.csv,7119,11,11,10,10,Tag_11,Tag_11,0.9991639852523804,1
mqtt_preprocessed_v2.csv,7120,11,11,10,10,Tag_11,Tag_11,0.9994561076164246,1
mqtt_preprocessed_v2.csv,7121,11,11,10,10,Tag_11,Tag_11,0.9996713399887085,1
mqtt_preprocessed_v2.csv,7122,11,11,10,10,Tag_11,Tag_11,0.9996191263198853,1
mqtt_preprocessed_v2.csv,7123,11,11,10,10,Tag_11,Tag_11,0.999271810054779,1
mqtt_preprocessed_v2.csv,7124,11,11,10,10,Tag_11,Tag_11,0.9986341595649719,1
mqtt_preprocessed_v2.csv,7125,11,11,10,10,Tag_11,Tag_11,0.9995706677436829,1
mqtt_preprocessed_v2.csv,7126,11,11,10,10,Tag_11,Tag_11,0.9993566870689392,1
mqtt_preprocessed_v2.csv,7127,11,11,10,10,Tag_11,Tag_11,0.9985159039497375,1
mqtt_preprocessed_v2.csv,7128,11,11,10,10,Tag_11,Tag_11,0.9993615746498108,1
mqtt_preprocessed_v2.csv,7129,11,11,10,10,Tag_11,Tag_11,0.9995997548103333,1
mqtt_preprocessed_v2.csv,7130,11,11,10,10,Tag_11,Tag_11,0.9994045495986938,1
mqtt_preprocessed_v2.csv,7131,11,11,10,10,Tag_11,Tag_11,0.9995251893997192,1
mqtt_preprocessed_v2.csv,7132,11,11,10,10,Tag_11,Tag_11,0.999390721321106,1
mqtt_preprocessed_v2.csv,7133,11,11,10,10,Tag_11,Tag_11,0.9991692304611206,1
mqtt_preprocessed_v2.csv,7134,11,11,10,10,Tag_11,Tag_11,0.9993746876716614,1
mqtt_preprocessed_v2.csv,7135,11,11,10,10,Tag_11,Tag_11,0.9995447993278503,1
mqtt_preprocessed_v2.csv,7136,11,11,10,10,Tag_11,Tag_11,0.9996362924575806,1
mqtt_preprocessed_v2.csv,7137,11,11,10,10,Tag_11,Tag_11,0.9996933937072754,1
mqtt_preprocessed_v2.csv,7138,11,11,10,10,Tag_11,Tag_11,0.999238133430481,1
mqtt_preprocessed_v2.csv,7139,11,11,10,10,Tag_11,Tag_11,0.9993327260017395,1
mqtt_preprocessed_v2.csv,7140,11,11,10,10,Tag_11,Tag_11,0.9993057250976562,1
mqtt_preprocessed_v2.csv,7141,11,11,10,10,Tag_11,Tag_11,0.9993232488632202,1
mqtt_preprocessed_v2.csv,7142,11,11,10,10,Tag_11,Tag_11,0.9995125532150269,1
mqtt_preprocessed_v2.csv,7143,11,11,10,10,Tag_11,Tag_11,0.997317373752594,1
mqtt_preprocessed_v2.csv,7144,11,11,10,10,Tag_11,Tag_11,0.9992844462394714,1
mqtt_preprocessed_v2.csv,7145,11,11,10,10,Tag_11,Tag_11,0.99949049949646,1
mqtt_preprocessed_v2.csv,7146,11,11,10,10,Tag_11,Tag_11,0.9995088577270508,1
mqtt_preprocessed_v2.csv,7147,11,11,10,10,Tag_11,Tag_11,0.9996515512466431,1
mqtt_preprocessed_v2.csv,7148,11,11,10,10,Tag_11,Tag_11,0.9995355606079102,1
mqtt_preprocessed_v2.csv,7149,11,11,10,10,Tag_11,Tag_11,0.9994727969169617,1
mqtt_preprocessed_v2.csv,7150,11,11,10,10,Tag_11,Tag_11,0.9993911981582642,1
mqtt_preprocessed_v2.csv,7151,11,11,10,10,Tag_11,Tag_11,0.9994833469390869,1
mqtt_preprocessed_v2.csv,7152,11,11,10,10,Tag_11,Tag_11,0.9995207786560059,1
mqtt_preprocessed_v2.csv,7153,11,11,10,10,Tag_11,Tag_11,0.999081015586853,1
mqtt_preprocessed_v2.csv,7154,11,11,10,10,Tag_11,Tag_11,0.9987779259681702,1
mqtt_preprocessed_v2.csv,7155,11,11,10,10,Tag_11,Tag_11,0.9993137121200562,1
mqtt_preprocessed_v2.csv,7156,11,11,10,10,Tag_11,Tag_11,0.9991902709007263,1
mqtt_preprocessed_v2.csv,7157,11,11,10,10,Tag_11,Tag_11,0.9996024966239929,1
mqtt_preprocessed_v2.csv,7158,11,11,10,10,Tag_11,Tag_11,0.9996330738067627,1
mqtt_preprocessed_v2.csv,7159,11,11,10,10,Tag_11,Tag_11,0.999329686164856,1
mqtt_preprocessed_v2.csv,7160,11,11,10,10,Tag_11,Tag_11,0.9990310668945312,1
mqtt_preprocessed_v2.csv,7161,11,11,10,10,Tag_11,Tag_11,0.9994352459907532,1
mqtt_preprocessed_v2.csv,7162,11,11,10,10,Tag_11,Tag_11,0.9992862343788147,1
mqtt_preprocessed_v2.csv,7163,11,11,10,10,Tag_11,Tag_11,0.9974905252456665,1
mqtt_preprocessed_v2.csv,7164,11,11,10,10,Tag_11,Tag_11,0.9719907641410828,1
mqtt_preprocessed_v2.csv,7165,11,11,10,10,Tag_11,Tag_11,0.9992641806602478,1
mqtt_preprocessed_v2.csv,7166,11,11,10,10,Tag_11,Tag_11,0.9993160963058472,1
mqtt_preprocessed_v2.csv,7167,11,11,10,10,Tag_11,Tag_11,0.9992430210113525,1
mqtt_preprocessed_v2.csv,7168,11,11,10,10,Tag_11,Tag_11,0.999110996723175,1
mqtt_preprocessed_v2.csv,7169,11,11,10,10,Tag_11,Tag_11,0.9941907525062561,1
mqtt_preprocessed_v2.csv,7170,12,12,11,11,Tag_12,Tag_12,0.9998736381530762,1
mqtt_preprocessed_v2.csv,7171,12,12,11,11,Tag_12,Tag_12,0.9996956586837769,1
mqtt_preprocessed_v2.csv,7172,12,12,11,11,Tag_12,Tag_12,0.9996896982192993,1
mqtt_preprocessed_v2.csv,7173,12,12,11,11,Tag_12,Tag_12,0.9997735619544983,1
mqtt_preprocessed_v2.csv,7174,12,12,11,11,Tag_12,Tag_12,0.999982476234436,1
mqtt_preprocessed_v2.csv,7175,12,12,11,11,Tag_12,Tag_12,0.9998810291290283,1
mqtt_preprocessed_v2.csv,7176,12,12,11,11,Tag_12,Tag_12,0.9998102784156799,1
mqtt_preprocessed_v2.csv,7177,12,12,11,11,Tag_12,Tag_12,0.9998524188995361,1
mqtt_preprocessed_v2.csv,7178,12,12,11,11,Tag_12,Tag_12,0.9999772310256958,1
mqtt_preprocessed_v2.csv,7179,12,12,11,11,Tag_12,Tag_12,0.9998465776443481,1
mqtt_preprocessed_v2.csv,7180,12,12,11,11,Tag_12,Tag_12,0.9997393488883972,1
mqtt_preprocessed_v2.csv,7181,12,12,11,11,Tag_12,Tag_12,0.999897837638855,1
mqtt_preprocessed_v2.csv,7182,12,12,11,11,Tag_12,Tag_12,0.9998950958251953,1
mqtt_preprocessed_v2.csv,7183,12,12,11,11,Tag_12,Tag_12,0.9997757077217102,1
mqtt_preprocessed_v2.csv,7184,12,12,11,11,Tag_12,Tag_12,0.9998708963394165,1
mqtt_preprocessed_v2.csv,7185,12,12,11,11,Tag_12,Tag_12,0.9999263286590576,1
mqtt_preprocessed_v2.csv,7186,12,12,11,11,Tag_12,Tag_12,0.9997610449790955,1
mqtt_preprocessed_v2.csv,7187,12,12,11,11,Tag_12,Tag_12,0.9998569488525391,1
mqtt_preprocessed_v2.csv,7188,12,12,11,11,Tag_12,Tag_12,0.9998458623886108,1
mqtt_preprocessed_v2.csv,7189,12,12,11,11,Tag_12,Tag_12,0.9998899698257446,1
mqtt_preprocessed_v2.csv,7190,12,12,11,11,Tag_12,Tag_12,0.9996057152748108,1
mqtt_preprocessed_v2.csv,7191,12,12,11,11,Tag_12,Tag_12,0.9998399019241333,1
mqtt_preprocessed_v2.csv,7192,12,12,11,11,Tag_12,Tag_12,0.9998643398284912,1
mqtt_preprocessed_v2.csv,7193,12,12,11,11,Tag_12,Tag_12,0.9998905658721924,1
mqtt_preprocessed_v2.csv,7194,12,12,11,11,Tag_12,Tag_12,0.9999231100082397,1
mqtt_preprocessed_v2.csv,7195,12,12,11,11,Tag_12,Tag_12,0.9996098875999451,1
mqtt_preprocessed_v2.csv,7196,12,12,11,11,Tag_12,Tag_12,0.999891996383667,1
mqtt_preprocessed_v2.csv,7197,12,12,11,11,Tag_12,Tag_12,0.9986407160758972,1
mqtt_preprocessed_v2.csv,7198,12,12,11,11,Tag_12,Tag_12,0.9998078942298889,1
mqtt_preprocessed_v2.csv,7199,12,12,11,11,Tag_12,Tag_12,0.9998906850814819,1
mqtt_preprocessed_v2.csv,7200,12,12,11,11,Tag_12,Tag_12,0.9999121427536011,1
mqtt_preprocessed_v2.csv,7201,12,12,11,11,Tag_12,Tag_12,0.9998387098312378,1
mqtt_preprocessed_v2.csv,7202,12,12,11,11,Tag_12,Tag_12,0.9998546838760376,1
mqtt_preprocessed_v2.csv,7203,12,12,11,11,Tag_12,Tag_12,0.9996974468231201,1
mqtt_preprocessed_v2.csv,7204,12,12,11,11,Tag_12,Tag_12,0.9997896552085876,1
mqtt_preprocessed_v2.csv,7205,12,12,11,11,Tag_12,Tag_12,0.9999569654464722,1
mqtt_preprocessed_v2.csv,7206,12,12,11,11,Tag_12,Tag_12,0.9998906850814819,1
mqtt_preprocessed_v2.csv,7207,12,12,11,11,Tag_12,Tag_12,0.9998694658279419,1
mqtt_preprocessed_v2.csv,7208,12,12,11,11,Tag_12,Tag_12,0.9999384880065918,1
mqtt_preprocessed_v2.csv,7209,12,12,11,11,Tag_12,Tag_12,0.9996007084846497,1
mqtt_preprocessed_v2.csv,7210,12,12,11,11,Tag_12,Tag_12,0.9999061822891235,1
mqtt_preprocessed_v2.csv,7211,12,12,11,11,Tag_12,Tag_12,0.9999125003814697,1
mqtt_preprocessed_v2.csv,7212,12,12,11,11,Tag_12,Tag_12,0.9999328851699829,1
mqtt_preprocessed_v2.csv,7213,12,12,11,11,Tag_12,Tag_12,0.9999699592590332,1
mqtt_preprocessed_v2.csv,7214,12,12,11,11,Tag_12,Tag_12,0.9998905658721924,1
mqtt_preprocessed_v2.csv,7215,12,12,11,11,Tag_12,Tag_12,0.9998192191123962,1
mqtt_preprocessed_v2.csv,7216,12,12,11,11,Tag_12,Tag_12,0.999893069267273,1
mqtt_preprocessed_v2.csv,7217,12,12,11,11,Tag_12,Tag_12,0.9998308420181274,1
mqtt_preprocessed_v2.csv,7218,12,12,11,11,Tag_12,Tag_12,0.9999772310256958,1
mqtt_preprocessed_v2.csv,7219,12,12,11,11,Tag_12,Tag_12,0.9999655485153198,1
mqtt_preprocessed_v2.csv,7220,12,12,11,11,Tag_12,Tag_12,0.9996832609176636,1
mqtt_preprocessed_v2.csv,7221,12,12,11,11,Tag_12,Tag_12,0.9998761415481567,1
mqtt_preprocessed_v2.csv,7222,12,12,11,11,Tag_12,Tag_12,0.9999638795852661,1
mqtt_preprocessed_v2.csv,7223,12,12,11,11,Tag_12,Tag_12,0.9998887777328491,1
mqtt_preprocessed_v2.csv,7224,12,12,11,11,Tag_12,Tag_12,0.9998471736907959,1
mqtt_preprocessed_v2.csv,7225,12,12,11,11,Tag_12,Tag_12,0.9998797178268433,1
mqtt_preprocessed_v2.csv,7226,12,12,11,11,Tag_12,Tag_12,0.9999781847000122,1
mqtt_preprocessed_v2.csv,7227,12,12,11,11,Tag_12,Tag_12,0.9998536109924316,1
mqtt_preprocessed_v2.csv,7228,12,12,11,11,Tag_12,Tag_12,0.9997149109840393,1
mqtt_preprocessed_v2.csv,7229,12,12,11,11,Tag_12,Tag_12,0.9997724890708923,1
mqtt_preprocessed_v2.csv,7230,12,12,11,11,Tag_12,Tag_12,0.9998136162757874,1
mqtt_preprocessed_v2.csv,7231,12,12,11,11,Tag_12,Tag_12,0.9999258518218994,1
mqtt_preprocessed_v2.csv,7232,12,12,11,11,Tag_12,Tag_12,0.9997425675392151,1
mqtt_preprocessed_v2.csv,7233,12,12,11,11,Tag_12,Tag_12,0.9998859167098999,1
mqtt_preprocessed_v2.csv,7234,12,12,11,11,Tag_12,Tag_12,0.9998859167098999,1
mqtt_preprocessed_v2.csv,7235,12,12,11,11,Tag_12,Tag_12,0.9998915195465088,1
mqtt_preprocessed_v2.csv,7236,12,12,11,11,Tag_12,Tag_12,0.9998316764831543,1
mqtt_preprocessed_v2.csv,7237,12,12,11,11,Tag_12,Tag_12,0.9967160224914551,1
mqtt_preprocessed_v2.csv,7238,12,12,11,11,Tag_12,Tag_12,0.9999083280563354,1
mqtt_preprocessed_v2.csv,7239,12,12,11,11,Tag_12,Tag_12,0.9996140599250793,1
mqtt_preprocessed_v2.csv,7240,12,12,11,11,Tag_12,Tag_12,0.9999151229858398,1
mqtt_preprocessed_v2.csv,7241,12,12,11,11,Tag_12,Tag_12,0.9999005794525146,1
mqtt_preprocessed_v2.csv,7242,12,12,11,11,Tag_12,Tag_12,0.9997305274009705,1
mqtt_preprocessed_v2.csv,7243,12,12,11,11,Tag_12,Tag_12,0.9999315738677979,1
mqtt_preprocessed_v2.csv,7244,12,12,11,11,Tag_12,Tag_12,0.9999699592590332,1
mqtt_preprocessed_v2.csv,7245,12,12,11,11,Tag_12,Tag_12,0.9997684359550476,1
mqtt_preprocessed_v2.csv,7246,12,12,11,11,Tag_12,Tag_12,0.9997029900550842,1
mqtt_preprocessed_v2.csv,7247,12,12,11,11,Tag_12,Tag_12,0.9995254278182983,1
mqtt_preprocessed_v2.csv,7248,12,12,11,11,Tag_12,Tag_12,0.9998400211334229,1
mqtt_preprocessed_v2.csv,7249,12,12,11,11,Tag_12,Tag_12,0.9919712543487549,1
mqtt_preprocessed_v2.csv,7250,12,12,11,11,Tag_12,Tag_12,0.9998471736907959,1
mqtt_preprocessed_v2.csv,7251,12,12,11,11,Tag_12,Tag_12,0.9994751811027527,1
mqtt_preprocessed_v2.csv,7252,12,12,11,11,Tag_12,Tag_12,0.9992213249206543,1
mqtt_preprocessed_v2.csv,7253,12,12,11,11,Tag_12,Tag_12,0.9996817111968994,1
mqtt_preprocessed_v2.csv,7254,12,12,11,11,Tag_12,Tag_12,0.999891996383667,1
mqtt_preprocessed_v2.csv,7255,12,12,11,11,Tag_12,Tag_12,0.9998691082000732,1
mqtt_preprocessed_v2.csv,7256,12,12,11,11,Tag_12,Tag_12,0.9998522996902466,1
mqtt_preprocessed_v2.csv,7257,12,12,11,11,Tag_12,Tag_12,0.9998685121536255,1
mqtt_preprocessed_v2.csv,7258,12,12,11,11,Tag_12,Tag_12,0.9998241066932678,1
mqtt_preprocessed_v2.csv,7259,12,12,11,11,Tag_12,Tag_12,0.999836802482605,1
mqtt_preprocessed_v2.csv,7260,12,12,11,11,Tag_12,Tag_12,0.9999669790267944,1
mqtt_preprocessed_v2.csv,7261,12,12,11,11,Tag_12,Tag_12,0.9998346567153931,1
mqtt_preprocessed_v2.csv,7262,12,12,11,11,Tag_12,Tag_12,0.9996935129165649,1
mqtt_preprocessed_v2.csv,7263,12,12,11,11,Tag_12,Tag_12,0.9998339414596558,1
mqtt_preprocessed_v2.csv,7264,12,12,11,11,Tag_12,Tag_12,0.9998965263366699,1
mqtt_preprocessed_v2.csv,7265,12,12,11,11,Tag_12,Tag_12,0.999698281288147,1
mqtt_preprocessed_v2.csv,7266,12,12,11,11,Tag_12,Tag_12,0.9998650550842285,1
mqtt_preprocessed_v2.csv,7267,12,12,11,11,Tag_12,Tag_12,0.9997223019599915,1
mqtt_preprocessed_v2.csv,7268,12,12,11,11,Tag_12,Tag_12,0.9998819828033447,1
mqtt_preprocessed_v2.csv,7269,12,12,11,11,Tag_12,Tag_12,0.9999212026596069,1
mqtt_preprocessed_v2.csv,7270,13,13,12,12,Tag_13,Tag_13,0.9998204112052917,1
mqtt_preprocessed_v2.csv,7271,13,13,12,12,Tag_13,Tag_13,0.9988227486610413,1
mqtt_preprocessed_v2.csv,7272,13,13,12,12,Tag_13,Tag_13,0.9980157613754272,1
mqtt_preprocessed_v2.csv,7273,13,13,12,12,Tag_13,Tag_13,0.999765932559967,1
mqtt_preprocessed_v2.csv,7274,13,13,12,12,Tag_13,Tag_13,0.9993155002593994,1
mqtt_preprocessed_v2.csv,7275,13,13,12,12,Tag_13,Tag_13,0.9993684887886047,1
mqtt_preprocessed_v2.csv,7276,13,13,12,12,Tag_13,Tag_13,0.999657392501831,1
mqtt_preprocessed_v2.csv,7277,13,13,12,12,Tag_13,Tag_13,0.9996694326400757,1
mqtt_preprocessed_v2.csv,7278,13,13,12,12,Tag_13,Tag_13,0.9996318817138672,1
mqtt_preprocessed_v2.csv,7279,13,13,12,12,Tag_13,Tag_13,0.9996720552444458,1
mqtt_preprocessed_v2.csv,7280,13,13,12,12,Tag_13,Tag_13,0.9998072981834412,1
mqtt_preprocessed_v2.csv,7281,13,13,12,12,Tag_13,Tag_13,0.999642014503479,1
mqtt_preprocessed_v2.csv,7282,13,13,12,12,Tag_13,Tag_13,0.9989683628082275,1
mqtt_preprocessed_v2.csv,7283,13,13,12,12,Tag_13,Tag_13,0.999782383441925,1
mqtt_preprocessed_v2.csv,7284,13,13,12,12,Tag_13,Tag_13,0.9997784495353699,1
mqtt_preprocessed_v2.csv,7285,13,13,12,12,Tag_13,Tag_13,0.9998261332511902,1
mqtt_preprocessed_v2.csv,7286,13,13,12,12,Tag_13,Tag_13,0.9997132420539856,1
mqtt_preprocessed_v2.csv,7287,13,13,12,12,Tag_13,Tag_13,0.9998352527618408,1
mqtt_preprocessed_v2.csv,7288,13,13,12,12,Tag_13,Tag_13,0.9998482465744019,1
mqtt_preprocessed_v2.csv,7289,13,13,12,12,Tag_13,Tag_13,0.9997158646583557,1
mqtt_preprocessed_v2.csv,7290,13,13,12,12,Tag_13,Tag_13,0.9991699457168579,1
mqtt_preprocessed_v2.csv,7291,13,13,12,12,Tag_13,Tag_13,0.9995816349983215,1
mqtt_preprocessed_v2.csv,7292,13,13,12,12,Tag_13,Tag_13,0.9993444085121155,1
mqtt_preprocessed_v2.csv,7293,13,13,12,12,Tag_13,Tag_13,0.9997132420539856,1
mqtt_preprocessed_v2.csv,7294,13,13,12,12,Tag_13,Tag_13,0.9998687505722046,1
mqtt_preprocessed_v2.csv,7295,13,13,12,12,Tag_13,Tag_13,0.9996377229690552,1
mqtt_preprocessed_v2.csv,7296,13,13,12,12,Tag_13,Tag_13,0.9997099041938782,1
mqtt_preprocessed_v2.csv,7297,13,13,12,12,Tag_13,Tag_13,0.9992029070854187,1
mqtt_preprocessed_v2.csv,7298,13,13,12,12,Tag_13,Tag_13,0.9997699856758118,1
mqtt_preprocessed_v2.csv,7299,13,13,12,12,Tag_13,Tag_13,0.9997135996818542,1
mqtt_preprocessed_v2.csv,7300,13,13,12,12,Tag_13,Tag_13,0.9996579885482788,1
mqtt_preprocessed_v2.csv,7301,13,13,12,12,Tag_13,Tag_13,0.9994770884513855,1
mqtt_preprocessed_v2.csv,7302,13,13,12,12,Tag_13,Tag_13,0.9992169141769409,1
mqtt_preprocessed_v2.csv,7303,13,13,12,12,Tag_13,Tag_13,0.99978107213974,1
mqtt_preprocessed_v2.csv,7304,13,13,12,12,Tag_13,Tag_13,0.999825656414032,1
mqtt_preprocessed_v2.csv,7305,13,13,12,12,Tag_13,Tag_13,0.999728262424469,1
mqtt_preprocessed_v2.csv,7306,13,13,12,12,Tag_13,Tag_13,0.9997133612632751,1
mqtt_preprocessed_v2.csv,7307,13,13,12,12,Tag_13,Tag_13,0.9994763731956482,1
mqtt_preprocessed_v2.csv,7308,13,13,12,12,Tag_13,Tag_13,0.9997498393058777,1
mqtt_preprocessed_v2.csv,7309,13,13,12,12,Tag_13,Tag_13,0.9977339506149292,1
mqtt_preprocessed_v2.csv,7310,13,13,12,12,Tag_13,Tag_13,0.9998021721839905,1
mqtt_preprocessed_v2.csv,7311,13,13,12,12,Tag_13,Tag_13,0.9993810653686523,1
mqtt_preprocessed_v2.csv,7312,13,13,12,12,Tag_13,Tag_13,0.9998483657836914,1
mqtt_preprocessed_v2.csv,7313,13,13,12,12,Tag_13,Tag_13,0.9994766116142273,1
mqtt_preprocessed_v2.csv,7314,13,13,12,12,Tag_13,Tag_13,0.999713122844696,1
mqtt_preprocessed_v2.csv,7315,13,13,12,12,Tag_13,Tag_13,0.9994350075721741,1
mqtt_preprocessed_v2.csv,7316,13,13,12,12,Tag_13,Tag_13,0.9996945858001709,1
mqtt_preprocessed_v2.csv,7317,13,13,12,12,Tag_13,Tag_13,0.9998549222946167,1
mqtt_preprocessed_v2.csv,7318,13,13,12,12,Tag_13,Tag_13,0.9992402791976929,1
mqtt_preprocessed_v2.csv,7319,13,13,12,12,Tag_13,Tag_13,0.9991720914840698,1
mqtt_preprocessed_v2.csv,7320,13,13,12,12,Tag_13,Tag_13,0.9981163740158081,1
mqtt_preprocessed_v2.csv,7321,13,13,12,12,Tag_13,Tag_13,0.9997881054878235,1
mqtt_preprocessed_v2.csv,7322,13,13,12,12,Tag_13,Tag_13,0.9993295669555664,1
mqtt_preprocessed_v2.csv,7323,13,13,12,12,Tag_13,Tag_13,0.9966733455657959,1
mqtt_preprocessed_v2.csv,7324,13,13,12,12,Tag_13,Tag_13,0.9996708631515503,1
mqtt_preprocessed_v2.csv,7325,13,13,12,12,Tag_13,Tag_13,0.9988769888877869,1
mqtt_preprocessed_v2.csv,7326,13,13,12,12,Tag_13,Tag_13,0.9992289543151855,1
mqtt_preprocessed_v2.csv,7327,13,13,12,12,Tag_13,Tag_13,0.999834418296814,1
mqtt_preprocessed_v2.csv,7328,13,13,12,12,Tag_13,Tag_13,0.9999282360076904,1
mqtt_preprocessed_v2.csv,7329,13,13,12,12,Tag_13,Tag_13,0.9997419714927673,1
mqtt_preprocessed_v2.csv,7330,13,13,12,12,Tag_13,Tag_13,0.9996566772460938,1
mqtt_preprocessed_v2.csv,7331,13,13,12,12,Tag_13,Tag_13,0.9991434812545776,1
mqtt_preprocessed_v2.csv,7332,13,13,12,12,Tag_13,Tag_13,0.9926080703735352,1
mqtt_preprocessed_v2.csv,7333,13,13,12,12,Tag_13,Tag_13,0.9984110593795776,1
mqtt_preprocessed_v2.csv,7334,13,13,12,12,Tag_13,Tag_13,0.999618411064148,1
mqtt_preprocessed_v2.csv,7335,13,13,12,12,Tag_13,Tag_13,0.9996902942657471,1
mqtt_preprocessed_v2.csv,7336,13,13,12,12,Tag_13,Tag_13,0.9983727931976318,1
mqtt_preprocessed_v2.csv,7337,13,13,12,12,Tag_13,Tag_13,0.9973315000534058,1
mqtt_preprocessed_v2.csv,7338,13,13,12,12,Tag_13,Tag_13,0.9996775388717651,1
mqtt_preprocessed_v2.csv,7339,13,13,12,12,Tag_13,Tag_13,0.9973748922348022,1
mqtt_preprocessed_v2.csv,7340,13,13,12,12,Tag_13,Tag_13,0.9996008276939392,1
mqtt_preprocessed_v2.csv,7341,13,13,12,12,Tag_13,Tag_13,0.9961850047111511,1
mqtt_preprocessed_v2.csv,7342,13,13,12,12,Tag_13,Tag_13,0.998458981513977,1
mqtt_preprocessed_v2.csv,7343,13,13,12,12,Tag_13,Tag_13,0.9991517066955566,1
mqtt_preprocessed_v2.csv,7344,13,13,12,12,Tag_13,Tag_13,0.9994757771492004,1
mqtt_preprocessed_v2.csv,7345,13,13,12,12,Tag_13,Tag_13,0.9959789514541626,1
mqtt_preprocessed_v2.csv,7346,13,13,12,12,Tag_13,Tag_13,0.998313307762146,1
mqtt_preprocessed_v2.csv,7347,13,13,12,12,Tag_13,Tag_13,0.9996650218963623,1
mqtt_preprocessed_v2.csv,7348,13,13,12,12,Tag_13,Tag_13,0.9993519186973572,1
mqtt_preprocessed_v2.csv,7349,13,13,12,12,Tag_13,Tag_13,0.994545578956604,1
mqtt_preprocessed_v2.csv,7350,13,13,12,12,Tag_13,Tag_13,0.9996719360351562,1
mqtt_preprocessed_v2.csv,7351,13,13,12,12,Tag_13,Tag_13,0.9975218176841736,1
mqtt_preprocessed_v2.csv,7352,13,13,12,12,Tag_13,Tag_13,0.9993723034858704,1
mqtt_preprocessed_v2.csv,7353,13,13,12,12,Tag_13,Tag_13,0.9981138706207275,1
mqtt_preprocessed_v2.csv,7354,13,13,12,12,Tag_13,Tag_13,0.9985421895980835,1
mqtt_preprocessed_v2.csv,7355,13,13,12,12,Tag_13,Tag_13,0.9988983869552612,1
mqtt_preprocessed_v2.csv,7356,13,13,12,12,Tag_13,Tag_13,0.9996700286865234,1
mqtt_preprocessed_v2.csv,7357,13,13,12,12,Tag_13,Tag_13,0.9998536109924316,1
mqtt_preprocessed_v2.csv,7358,13,13,12,12,Tag_13,Tag_13,0.9976838827133179,1
mqtt_preprocessed_v2.csv,7359,13,13,12,12,Tag_13,Tag_13,0.9961961507797241,1
mqtt_preprocessed_v2.csv,7360,13,13,12,12,Tag_13,Tag_13,0.999096155166626,1
mqtt_preprocessed_v2.csv,7361,13,13,12,12,Tag_13,Tag_13,0.9994733929634094,1
mqtt_preprocessed_v2.csv,7362,13,13,12,12,Tag_13,Tag_13,0.9997546076774597,1
mqtt_preprocessed_v2.csv,7363,13,13,12,12,Tag_13,Tag_13,0.9994708895683289,1
mqtt_preprocessed_v2.csv,7364,13,13,12,12,Tag_13,Tag_13,0.9999370574951172,1
mqtt_preprocessed_v2.csv,7365,13,13,12,12,Tag_13,Tag_13,0.9998087286949158,1
mqtt_preprocessed_v2.csv,7366,13,13,12,12,Tag_13,Tag_13,0.999537467956543,1
mqtt_preprocessed_v2.csv,7367,13,13,12,12,Tag_13,Tag_13,0.9997935891151428,1
mqtt_preprocessed_v2.csv,7368,13,13,12,12,Tag_13,Tag_13,0.9997913241386414,1
mqtt_preprocessed_v2.csv,7369,13,13,12,12,Tag_13,Tag_13,0.9998388290405273,1
mqtt_preprocessed_v2.csv,7370,14,14,13,13,Tag_14,Tag_14,0.9995207786560059,1
mqtt_preprocessed_v2.csv,7371,14,-1,13,0,Tag_14,Normal,0.763628363609314,0
mqtt_preprocessed_v2.csv,7372,14,14,13,13,Tag_14,Tag_14,0.9993481040000916,1
mqtt_preprocessed_v2.csv,7373,14,14,13,13,Tag_14,Tag_14,0.9995110034942627,1
mqtt_preprocessed_v2.csv,7374,14,14,13,13,Tag_14,Tag_14,0.9997243285179138,1
mqtt_preprocessed_v2.csv,7375,14,14,13,13,Tag_14,Tag_14,0.9998434782028198,1
mqtt_preprocessed_v2.csv,7376,14,14,13,13,Tag_14,Tag_14,0.9994586110115051,1
mqtt_preprocessed_v2.csv,7377,14,14,13,13,Tag_14,Tag_14,0.9998869895935059,1
mqtt_preprocessed_v2.csv,7378,14,14,13,13,Tag_14,Tag_14,0.9965696334838867,1
mqtt_preprocessed_v2.csv,7379,14,14,13,13,Tag_14,Tag_14,0.9998960494995117,1
mqtt_preprocessed_v2.csv,7380,14,14,13,13,Tag_14,Tag_14,0.999395489692688,1
mqtt_preprocessed_v2.csv,7381,14,14,13,13,Tag_14,Tag_14,0.9996954202651978,1
mqtt_preprocessed_v2.csv,7382,14,14,13,13,Tag_14,Tag_14,0.9998764991760254,1
mqtt_preprocessed_v2.csv,7383,14,14,13,13,Tag_14,Tag_14,0.9999504089355469,1
mqtt_preprocessed_v2.csv,7384,14,14,13,13,Tag_14,Tag_14,0.9997616410255432,1
mqtt_preprocessed_v2.csv,7385,14,14,13,13,Tag_14,Tag_14,0.9996743202209473,1
mqtt_preprocessed_v2.csv,7386,14,14,13,13,Tag_14,Tag_14,0.9998829364776611,1
mqtt_preprocessed_v2.csv,7387,14,14,13,13,Tag_14,Tag_14,0.999971866607666,1
mqtt_preprocessed_v2.csv,7388,14,14,13,13,Tag_14,Tag_14,0.9999711513519287,1
mqtt_preprocessed_v2.csv,7389,14,14,13,13,Tag_14,Tag_14,0.9995310306549072,1
mqtt_preprocessed_v2.csv,7390,14,14,13,13,Tag_14,Tag_14,0.9995878338813782,1
mqtt_preprocessed_v2.csv,7391,14,14,13,13,Tag_14,Tag_14,0.9999227523803711,1
mqtt_preprocessed_v2.csv,7392,14,14,13,13,Tag_14,Tag_14,0.9992552399635315,1
mqtt_preprocessed_v2.csv,7393,14,14,13,13,Tag_14,Tag_14,0.999968409538269,1
mqtt_preprocessed_v2.csv,7394,14,14,13,13,Tag_14,Tag_14,0.9780359864234924,1
mqtt_preprocessed_v2.csv,7395,14,14,13,13,Tag_14,Tag_14,0.9995424747467041,1
mqtt_preprocessed_v2.csv,7396,14,14,13,13,Tag_14,Tag_14,0.9999617338180542,1
mqtt_preprocessed_v2.csv,7397,14,14,13,13,Tag_14,Tag_14,0.9994539618492126,1
mqtt_preprocessed_v2.csv,7398,14,14,13,13,Tag_14,Tag_14,0.9999353885650635,1
mqtt_preprocessed_v2.csv,7399,14,14,13,13,Tag_14,Tag_14,0.9989919066429138,1
mqtt_preprocessed_v2.csv,7400,14,14,13,13,Tag_14,Tag_14,0.997566819190979,1
mqtt_preprocessed_v2.csv,7401,14,14,13,13,Tag_14,Tag_14,0.9996033310890198,1
mqtt_preprocessed_v2.csv,7402,14,14,13,13,Tag_14,Tag_14,0.9961526989936829,1
mqtt_preprocessed_v2.csv,7403,14,14,13,13,Tag_14,Tag_14,0.9997853636741638,1
mqtt_preprocessed_v2.csv,7404,14,14,13,13,Tag_14,Tag_14,0.9999188184738159,1
mqtt_preprocessed_v2.csv,7405,14,14,13,13,Tag_14,Tag_14,0.9998495578765869,1
mqtt_preprocessed_v2.csv,7406,14,14,13,13,Tag_14,Tag_14,0.998337984085083,1
mqtt_preprocessed_v2.csv,7407,14,14,13,13,Tag_14,Tag_14,0.9995885491371155,1
mqtt_preprocessed_v2.csv,7408,14,14,13,13,Tag_14,Tag_14,0.9996597766876221,1
mqtt_preprocessed_v2.csv,7409,14,14,13,13,Tag_14,Tag_14,0.9999654293060303,1
mqtt_preprocessed_v2.csv,7410,14,14,13,13,Tag_14,Tag_14,0.9999394416809082,1
mqtt_preprocessed_v2.csv,7411,14,14,13,13,Tag_14,Tag_14,0.9976286292076111,1
mqtt_preprocessed_v2.csv,7412,14,14,13,13,Tag_14,Tag_14,0.9991136193275452,1
mqtt_preprocessed_v2.csv,7413,14,14,13,13,Tag_14,Tag_14,0.9993332028388977,1
mqtt_preprocessed_v2.csv,7414,14,14,13,13,Tag_14,Tag_14,0.9994612336158752,1
mqtt_preprocessed_v2.csv,7415,14,14,13,13,Tag_14,Tag_14,0.9997671246528625,1
mqtt_preprocessed_v2.csv,7416,14,14,13,13,Tag_14,Tag_14,0.9997956156730652,1
mqtt_preprocessed_v2.csv,7417,14,14,13,13,Tag_14,Tag_14,0.998610258102417,1
mqtt_preprocessed_v2.csv,7418,14,14,13,13,Tag_14,Tag_14,0.9998465776443481,1
mqtt_preprocessed_v2.csv,7419,14,14,13,13,Tag_14,Tag_14,0.9998325109481812,1
mqtt_preprocessed_v2.csv,7420,14,14,13,13,Tag_14,Tag_14,0.9993463158607483,1
mqtt_preprocessed_v2.csv,7421,14,14,13,13,Tag_14,Tag_14,0.999195396900177,1
mqtt_preprocessed_v2.csv,7422,14,14,13,13,Tag_14,Tag_14,0.9999508857727051,1
mqtt_preprocessed_v2.csv,7423,14,14,13,13,Tag_14,Tag_14,0.9999054670333862,1
mqtt_preprocessed_v2.csv,7424,14,14,13,13,Tag_14,Tag_14,0.9998531341552734,1
mqtt_preprocessed_v2.csv,7425,14,14,13,13,Tag_14,Tag_14,0.9948534369468689,1
mqtt_preprocessed_v2.csv,7426,14,14,13,13,Tag_14,Tag_14,0.9999560117721558,1
mqtt_preprocessed_v2.csv,7427,14,14,13,13,Tag_14,Tag_14,0.9999247789382935,1
mqtt_preprocessed_v2.csv,7428,14,14,13,13,Tag_14,Tag_14,0.998263418674469,1
mqtt_preprocessed_v2.csv,7429,14,14,13,13,Tag_14,Tag_14,0.9995452761650085,1
mqtt_preprocessed_v2.csv,7430,14,14,13,13,Tag_14,Tag_14,0.9999213218688965,1
mqtt_preprocessed_v2.csv,7431,14,14,13,13,Tag_14,Tag_14,0.9992403984069824,1
mqtt_preprocessed_v2.csv,7432,14,14,13,13,Tag_14,Tag_14,0.9997778534889221,1
mqtt_preprocessed_v2.csv,7433,14,14,13,13,Tag_14,Tag_14,0.9999572038650513,1
mqtt_preprocessed_v2.csv,7434,14,14,13,13,Tag_14,Tag_14,0.9998134970664978,1
mqtt_preprocessed_v2.csv,7435,14,14,13,13,Tag_14,Tag_14,0.9993470311164856,1
mqtt_preprocessed_v2.csv,7436,14,14,13,13,Tag_14,Tag_14,0.9996603727340698,1
mqtt_preprocessed_v2.csv,7437,14,14,13,13,Tag_14,Tag_14,0.9980207681655884,1
mqtt_preprocessed_v2.csv,7438,14,14,13,13,Tag_14,Tag_14,0.9999186992645264,1
mqtt_preprocessed_v2.csv,7439,14,14,13,13,Tag_14,Tag_14,0.9998575448989868,1
mqtt_preprocessed_v2.csv,7440,14,14,13,13,Tag_14,Tag_14,0.9998428821563721,1
mqtt_preprocessed_v2.csv,7441,14,14,13,13,Tag_14,Tag_14,0.999941349029541,1
mqtt_preprocessed_v2.csv,7442,14,14,13,13,Tag_14,Tag_14,0.9974755644798279,1
mqtt_preprocessed_v2.csv,7443,14,14,13,13,Tag_14,Tag_14,0.9997417330741882,1
mqtt_preprocessed_v2.csv,7444,14,14,13,13,Tag_14,Tag_14,0.9999130964279175,1
mqtt_preprocessed_v2.csv,7445,14,14,13,13,Tag_14,Tag_14,0.9999537467956543,1
mqtt_preprocessed_v2.csv,7446,14,14,13,13,Tag_14,Tag_14,0.9999310970306396,1
mqtt_preprocessed_v2.csv,7447,14,14,13,13,Tag_14,Tag_14,0.9999183416366577,1
mqtt_preprocessed_v2.csv,7448,15,15,14,14,Tag_15,Tag_15,0.999944806098938,1
mqtt_preprocessed_v2.csv,7449,15,15,14,14,Tag_15,Tag_15,0.999944806098938,1
mqtt_preprocessed_v2.csv,7450,15,15,14,14,Tag_15,Tag_15,0.9999446868896484,1
mqtt_preprocessed_v2.csv,7451,15,15,14,14,Tag_15,Tag_15,0.9999446868896484,1
mqtt_preprocessed_v2.csv,7452,15,15,14,14,Tag_15,Tag_15,0.999944806098938,1
mqtt_preprocessed_v2.csv,7453,15,15,14,14,Tag_15,Tag_15,0.9999446868896484,1
mqtt_preprocessed_v2.csv,7454,15,15,14,14,Tag_15,Tag_15,0.9999446868896484,1
mqtt_preprocessed_v2.csv,7455,15,15,14,14,Tag_15,Tag_15,0.9999446868896484,1
mqtt_preprocessed_v2.csv,7456,15,15,14,14,Tag_15,Tag_15,0.999944806098938,1
mqtt_preprocessed_v2.csv,7457,15,15,14,14,Tag_15,Tag_15,0.999944806098938,1
mqtt_preprocessed_v2.csv,7458,15,15,14,14,Tag_15,Tag_15,0.9999446868896484,1
mqtt_preprocessed_v2.csv,7459,15,15,14,14,Tag_15,Tag_15,0.999944806098938,1
mqtt_preprocessed_v2.csv,7460,15,15,14,14,Tag_15,Tag_15,0.999944806098938,1
mqtt_preprocessed_v2.csv,7461,15,15,14,14,Tag_15,Tag_15,0.9999446868896484,1
mqtt_preprocessed_v2.csv,7462,15,15,14,14,Tag_15,Tag_15,0.9999446868896484,1
mqtt_preprocessed_v2.csv,7463,15,15,14,14,Tag_15,Tag_15,0.999944806098938,1
mqtt_preprocessed_v2.csv,7464,15,15,14,14,Tag_15,Tag_15,0.9999446868896484,1
mqtt_preprocessed_v2.csv,7465,15,15,14,14,Tag_15,Tag_15,0.999944806098938,1
mqtt_preprocessed_v2.csv,7466,15,15,14,14,Tag_15,Tag_15,0.9999446868896484,1
mqtt_preprocessed_v2.csv,7467,15,15,14,14,Tag_15,Tag_15,0.9999446868896484,1
mqtt_preprocessed_v2.csv,7468,15,15,14,14,Tag_15,Tag_15,0.9999446868896484,1
mqtt_preprocessed_v2.csv,7469,15,15,14,14,Tag_15,Tag_15,0.999944806098938,1
mqtt_preprocessed_v2.csv,7470,15,15,14,14,Tag_15,Tag_15,0.9999446868896484,1
mqtt_preprocessed_v2.csv,7471,15,15,14,14,Tag_15,Tag_15,0.9999446868896484,1
mqtt_preprocessed_v2.csv,7472,15,15,14,14,Tag_15,Tag_15,0.999944806098938,1
mqtt_preprocessed_v2.csv,7473,15,15,14,14,Tag_15,Tag_15,0.9999446868896484,1
mqtt_preprocessed_v2.csv,7474,15,15,14,14,Tag_15,Tag_15,0.9999446868896484,1
mqtt_preprocessed_v2.csv,7475,15,15,14,14,Tag_15,Tag_15,0.999944806098938,1
mqtt_preprocessed_v2.csv,7476,15,15,14,14,Tag_15,Tag_15,0.999944806098938,1
mqtt_preprocessed_v2.csv,7477,15,15,14,14,Tag_15,Tag_15,0.9999446868896484,1
mqtt_preprocessed_v2.csv,7478,15,15,14,14,Tag_15,Tag_15,0.999944806098938,1
mqtt_preprocessed_v2.csv,7479,15,15,14,14,Tag_15,Tag_15,0.9999446868896484,1
mqtt_preprocessed_v2.csv,7480,15,15,14,14,Tag_15,Tag_15,0.9999446868896484,1
mqtt_preprocessed_v2.csv,7481,15,15,14,14,Tag_15,Tag_15,0.9999446868896484,1
mqtt_preprocessed_v2.csv,7482,15,15,14,14,Tag_15,Tag_15,0.999944806098938,1
mqtt_preprocessed_v2.csv,7483,15,15,14,14,Tag_15,Tag_15,0.999944806098938,1
mqtt_preprocessed_v2.csv,7484,15,15,14,14,Tag_15,Tag_15,0.9999446868896484,1
mqtt_preprocessed_v2.csv,7485,15,15,14,14,Tag_15,Tag_15,0.9999446868896484,1
mqtt_preprocessed_v2.csv,7486,15,15,14,14,Tag_15,Tag_15,0.999944806098938,1
mqtt_preprocessed_v2.csv,7487,15,15,14,14,Tag_15,Tag_15,0.999944806098938,1
mqtt_preprocessed_v2.csv,7488,15,15,14,14,Tag_15,Tag_15,0.999944806098938,1
mqtt_preprocessed_v2.csv,7489,15,15,14,14,Tag_15,Tag_15,0.9999445676803589,1
mqtt_preprocessed_v2.csv,7490,15,15,14,14,Tag_15,Tag_15,0.999944806098938,1
mqtt_preprocessed_v2.csv,7491,15,15,14,14,Tag_15,Tag_15,0.9999446868896484,1
mqtt_preprocessed_v2.csv,7492,15,15,14,14,Tag_15,Tag_15,0.9999446868896484,1
mqtt_preprocessed_v2.csv,7493,15,15,14,14,Tag_15,Tag_15,0.9999446868896484,1
mqtt_preprocessed_v2.csv,7494,15,15,14,14,Tag_15,Tag_15,0.999944806098938,1
mqtt_preprocessed_v2.csv,7495,15,15,14,14,Tag_15,Tag_15,0.9999446868896484,1
mqtt_preprocessed_v2.csv,7496,15,15,14,14,Tag_15,Tag_15,0.999944806098938,1
mqtt_preprocessed_v2.csv,7497,15,15,14,14,Tag_15,Tag_15,0.9999446868896484,1
mqtt_preprocessed_v2.csv,7498,15,15,14,14,Tag_15,Tag_15,0.9999212026596069,1
mqtt_preprocessed_v2.csv,7499,15,15,14,14,Tag_15,Tag_15,0.9999266862869263,1
mqtt_preprocessed_v2.csv,7500,15,15,14,14,Tag_15,Tag_15,0.9998000264167786,1
mqtt_preprocessed_v2.csv,7501,15,15,14,14,Tag_15,Tag_15,0.9998955726623535,1
mqtt_preprocessed_v2.csv,7502,15,15,14,14,Tag_15,Tag_15,0.9999290704727173,1
mqtt_preprocessed_v2.csv,7503,15,15,14,14,Tag_15,Tag_15,0.9998775720596313,1
mqtt_preprocessed_v2.csv,7504,15,15,14,14,Tag_15,Tag_15,0.9999289512634277,1
mqtt_preprocessed_v2.csv,7505,15,15,14,14,Tag_15,Tag_15,0.9998962879180908,1
mqtt_preprocessed_v2.csv,7506,15,15,14,14,Tag_15,Tag_15,0.9999275207519531,1
mqtt_preprocessed_v2.csv,7507,15,15,14,14,Tag_15,Tag_15,0.999932050704956,1
mqtt_preprocessed_v2.csv,7508,15,15,14,14,Tag_15,Tag_15,0.999911904335022,1
mqtt_preprocessed_v2.csv,7509,15,15,14,14,Tag_15,Tag_15,0.9997673630714417,1
mqtt_preprocessed_v2.csv,7510,15,15,14,14,Tag_15,Tag_15,0.9999241828918457,1
mqtt_preprocessed_v2.csv,7511,15,15,14,14,Tag_15,Tag_15,0.9999263286590576,1
mqtt_preprocessed_v2.csv,7512,15,15,14,14,Tag_15,Tag_15,0.9999260902404785,1
mqtt_preprocessed_v2.csv,7513,15,15,14,14,Tag_15,Tag_15,0.9999299049377441,1
mqtt_preprocessed_v2.csv,7514,15,15,14,14,Tag_15,Tag_15,0.9999250173568726,1
mqtt_preprocessed_v2.csv,7515,15,15,14,14,Tag_15,Tag_15,0.9999078512191772,1
mqtt_preprocessed_v2.csv,7516,15,15,14,14,Tag_15,Tag_15,0.9999202489852905,1
mqtt_preprocessed_v2.csv,7517,15,15,14,14,Tag_15,Tag_15,0.999923586845398,1
mqtt_preprocessed_v2.csv,7518,15,15,14,14,Tag_15,Tag_15,0.9998934268951416,1
mqtt_preprocessed_v2.csv,7519,15,15,14,14,Tag_15,Tag_15,0.9999241828918457,1
mqtt_preprocessed_v2.csv,7520,15,15,14,14,Tag_15,Tag_15,0.9998134970664978,1
mqtt_preprocessed_v2.csv,7521,15,15,14,14,Tag_15,Tag_15,0.99992835521698,1
mqtt_preprocessed_v2.csv,7522,15,15,14,14,Tag_15,Tag_15,0.9999251365661621,1
mqtt_preprocessed_v2.csv,7523,15,15,14,14,Tag_15,Tag_15,0.9999120235443115,1
mqtt_preprocessed_v2.csv,7524,15,15,14,14,Tag_15,Tag_15,0.9997891783714294,1
mqtt_preprocessed_v2.csv,7525,15,15,14,14,Tag_15,Tag_15,0.9999257326126099,1
mqtt_preprocessed_v2.csv,7526,15,15,14,14,Tag_15,Tag_15,0.9998059868812561,1
mqtt_preprocessed_v2.csv,7527,15,15,14,14,Tag_15,Tag_15,0.9999264478683472,1
mqtt_preprocessed_v2.csv,7528,15,15,14,14,Tag_15,Tag_15,0.9999126195907593,1
mqtt_preprocessed_v2.csv,7529,15,15,14,14,Tag_15,Tag_15,0.9999277591705322,1
mqtt_preprocessed_v2.csv,7530,15,15,14,14,Tag_15,Tag_15,0.9999113082885742,1
mqtt_preprocessed_v2.csv,7531,15,15,14,14,Tag_15,Tag_15,0.9999203681945801,1
mqtt_preprocessed_v2.csv,7532,15,15,14,14,Tag_15,Tag_15,0.9999226331710815,1
mqtt_preprocessed_v2.csv,7533,15,15,14,14,Tag_15,Tag_15,0.9999284744262695,1
mqtt_preprocessed_v2.csv,7534,15,15,14,14,Tag_15,Tag_15,0.9999284744262695,1
mqtt_preprocessed_v2.csv,7535,15,15,14,14,Tag_15,Tag_15,0.9999253749847412,1
mqtt_preprocessed_v2.csv,7536,15,15,14,14,Tag_15,Tag_15,0.9999048709869385,1
mqtt_preprocessed_v2.csv,7537,15,15,14,14,Tag_15,Tag_15,0.999897837638855,1
mqtt_preprocessed_v2.csv,7538,15,15,14,14,Tag_15,Tag_15,0.9999096393585205,1
mqtt_preprocessed_v2.csv,7539,15,15,14,14,Tag_15,Tag_15,0.9999237060546875,1
mqtt_preprocessed_v2.csv,7540,15,15,14,14,Tag_15,Tag_15,0.9999115467071533,1
mqtt_preprocessed_v2.csv,7541,15,15,14,14,Tag_15,Tag_15,0.9998737573623657,1
mqtt_preprocessed_v2.csv,7542,15,15,14,14,Tag_15,Tag_15,0.999922513961792,1
mqtt_preprocessed_v2.csv,7543,15,15,14,14,Tag_15,Tag_15,0.9999253749847412,1
mqtt_preprocessed_v2.csv,7544,15,15,14,14,Tag_15,Tag_15,0.9999226331710815,1
mqtt_preprocessed_v2.csv,7545,15,15,14,14,Tag_15,Tag_15,0.9999299049377441,1
mqtt_preprocessed_v2.csv,7546,15,15,14,14,Tag_15,Tag_15,0.9998972415924072,1
mqtt_preprocessed_v2.csv,7547,15,15,14,14,Tag_15,Tag_15,0.9999266862869263,1
mqtt_preprocessed_v2.csv,7548,15,15,14,14,Tag_15,Tag_15,0.9999004602432251,1
mqtt_preprocessed_v2.csv,7549,15,15,14,14,Tag_15,Tag_15,0.9998993873596191,1
mqtt_preprocessed_v2.csv,7550,15,15,14,14,Tag_15,Tag_15,0.9998563528060913,1
mqtt_preprocessed_v2.csv,7551,15,15,14,14,Tag_15,Tag_15,0.9999022483825684,1
mqtt_preprocessed_v2.csv,7552,15,15,14,14,Tag_15,Tag_15,0.9998993873596191,1
mqtt_preprocessed_v2.csv,7553,15,15,14,14,Tag_15,Tag_15,0.9999029636383057,1
mqtt_preprocessed_v2.csv,7554,15,15,14,14,Tag_15,Tag_15,0.9998626708984375,1
mqtt_preprocessed_v2.csv,7555,15,15,14,14,Tag_15,Tag_15,0.9998619556427002,1
mqtt_preprocessed_v2.csv,7556,15,15,14,14,Tag_15,Tag_15,0.9998955726623535,1
mqtt_preprocessed_v2.csv,7557,15,15,14,14,Tag_15,Tag_15,0.9998632669448853,1
mqtt_preprocessed_v2.csv,7558,15,15,14,14,Tag_15,Tag_15,0.9999004602432251,1
mqtt_preprocessed_v2.csv,7559,15,15,14,14,Tag_15,Tag_15,0.9999043941497803,1
mqtt_preprocessed_v2.csv,7560,15,15,14,14,Tag_15,Tag_15,0.9999040365219116,1
mqtt_preprocessed_v2.csv,7561,15,15,14,14,Tag_15,Tag_15,0.999861478805542,1
mqtt_preprocessed_v2.csv,7562,15,15,14,14,Tag_15,Tag_15,0.9998958110809326,1
mqtt_preprocessed_v2.csv,7563,15,15,14,14,Tag_15,Tag_15,0.9998573064804077,1
mqtt_preprocessed_v2.csv,7564,15,15,14,14,Tag_15,Tag_15,0.999860405921936,1
mqtt_preprocessed_v2.csv,7565,15,15,14,14,Tag_15,Tag_15,0.9998593330383301,1
mqtt_preprocessed_v2.csv,7566,15,15,14,14,Tag_15,Tag_15,0.9999029636383057,1
mqtt_preprocessed_v2.csv,7567,15,15,14,14,Tag_15,Tag_15,0.9998282194137573,1
mqtt_preprocessed_v2.csv,7568,15,15,14,14,Tag_15,Tag_15,0.9996734857559204,1
mqtt_preprocessed_v2.csv,7569,15,15,14,14,Tag_15,Tag_15,0.999869704246521,1
mqtt_preprocessed_v2.csv,7570,15,15,14,14,Tag_15,Tag_15,0.999903678894043,1
mqtt_preprocessed_v2.csv,7571,15,15,14,14,Tag_15,Tag_15,0.9995678067207336,1
mqtt_preprocessed_v2.csv,7572,15,15,14,14,Tag_15,Tag_15,0.9998210072517395,1
mqtt_preprocessed_v2.csv,7573,15,15,14,14,Tag_15,Tag_15,0.9998492002487183,1
mqtt_preprocessed_v2.csv,7574,15,15,14,14,Tag_15,Tag_15,0.9998613595962524,1
mqtt_preprocessed_v2.csv,7575,15,15,14,14,Tag_15,Tag_15,0.999849796295166,1
mqtt_preprocessed_v2.csv,7576,15,15,14,14,Tag_15,Tag_15,0.9998747110366821,1
mqtt_preprocessed_v2.csv,7577,15,15,14,14,Tag_15,Tag_15,0.9999005794525146,1
mqtt_preprocessed_v2.csv,7578,15,15,14,14,Tag_15,Tag_15,0.9997929930686951,1
mqtt_preprocessed_v2.csv,7579,15,15,14,14,Tag_15,Tag_15,0.9998539686203003,1
mqtt_preprocessed_v2.csv,7580,15,15,14,14,Tag_15,Tag_15,0.9998964071273804,1
mqtt_preprocessed_v2.csv,7581,15,15,14,14,Tag_15,Tag_15,0.9998623132705688,1
mqtt_preprocessed_v2.csv,7582,15,15,14,14,Tag_15,Tag_15,0.9998592138290405,1
mqtt_preprocessed_v2.csv,7583,15,15,14,14,Tag_15,Tag_15,0.9996228218078613,1
mqtt_preprocessed_v2.csv,7584,15,15,14,14,Tag_15,Tag_15,0.9997847676277161,1
mqtt_preprocessed_v2.csv,7585,15,15,14,14,Tag_15,Tag_15,0.9998624324798584,1
mqtt_preprocessed_v2.csv,7586,15,15,14,14,Tag_15,Tag_15,0.9998974800109863,1
mqtt_preprocessed_v2.csv,7587,15,15,14,14,Tag_15,Tag_15,0.9998631477355957,1
mqtt_preprocessed_v2.csv,7588,15,15,14,14,Tag_15,Tag_15,0.9998632669448853,1
mqtt_preprocessed_v2.csv,7589,15,15,14,14,Tag_15,Tag_15,0.9998687505722046,1
mqtt_preprocessed_v2.csv,7590,15,15,14,14,Tag_15,Tag_15,0.9998981952667236,1
mqtt_preprocessed_v2.csv,7591,15,15,14,14,Tag_15,Tag_15,0.9996684789657593,1
mqtt_preprocessed_v2.csv,7592,15,15,14,14,Tag_15,Tag_15,0.9998879432678223,1
mqtt_preprocessed_v2.csv,7593,15,15,14,14,Tag_15,Tag_15,0.9999053478240967,1
mqtt_preprocessed_v2.csv,7594,15,15,14,14,Tag_15,Tag_15,0.9998620748519897,1
mqtt_preprocessed_v2.csv,7595,15,15,14,14,Tag_15,Tag_15,0.9998615980148315,1
mqtt_preprocessed_v2.csv,7596,15,15,14,14,Tag_15,Tag_15,0.9998641014099121,1
mqtt_preprocessed_v2.csv,7597,15,15,14,14,Tag_15,Tag_15,0.9998428821563721,1
mqtt_preprocessed_v2.csv,7598,15,15,14,14,Tag_15,Tag_15,0.9966261386871338,1
mqtt_preprocessed_v2.csv,7599,15,15,14,14,Tag_15,Tag_15,0.9997299313545227,1
mqtt_preprocessed_v2.csv,7600,15,15,14,14,Tag_15,Tag_15,0.9941027760505676,1
mqtt_preprocessed_v2.csv,7601,15,15,14,14,Tag_15,Tag_15,0.9997398257255554,1
mqtt_preprocessed_v2.csv,7602,15,15,14,14,Tag_15,Tag_15,0.9965307116508484,1
mqtt_preprocessed_v2.csv,7603,15,15,14,14,Tag_15,Tag_15,0.9997178912162781,1
mqtt_preprocessed_v2.csv,7604,15,15,14,14,Tag_15,Tag_15,0.9997144341468811,1
mqtt_preprocessed_v2.csv,7605,15,15,14,14,Tag_15,Tag_15,0.999743640422821,1
mqtt_preprocessed_v2.csv,7606,15,15,14,14,Tag_15,Tag_15,0.9997077584266663,1
mqtt_preprocessed_v2.csv,7607,15,15,14,14,Tag_15,Tag_15,0.9997299313545227,1
mqtt_preprocessed_v2.csv,7608,15,15,14,14,Tag_15,Tag_15,0.9997137188911438,1
mqtt_preprocessed_v2.csv,7609,15,15,14,14,Tag_15,Tag_15,0.9997155070304871,1
mqtt_preprocessed_v2.csv,7610,15,15,14,14,Tag_15,Tag_15,0.9997135996818542,1
mqtt_preprocessed_v2.csv,7611,15,15,14,14,Tag_15,Tag_15,0.9997337460517883,1
mqtt_preprocessed_v2.csv,7612,15,15,14,14,Tag_15,Tag_15,0.9997503161430359,1
mqtt_preprocessed_v2.csv,7613,15,15,14,14,Tag_15,Tag_15,0.9970417618751526,1
mqtt_preprocessed_v2.csv,7614,15,15,14,14,Tag_15,Tag_15,0.9996974468231201,1
mqtt_preprocessed_v2.csv,7615,15,15,14,14,Tag_15,Tag_15,0.9997332692146301,1
mqtt_preprocessed_v2.csv,7616,15,15,14,14,Tag_15,Tag_15,0.9997078776359558,1
mqtt_preprocessed_v2.csv,7617,15,15,14,14,Tag_15,Tag_15,0.9961141347885132,1
mqtt_preprocessed_v2.csv,7618,15,15,14,14,Tag_15,Tag_15,0.9950723052024841,1
mqtt_preprocessed_v2.csv,7619,15,15,14,14,Tag_15,Tag_15,0.9973719120025635,1
mqtt_preprocessed_v2.csv,7620,15,15,14,14,Tag_15,Tag_15,0.9996545314788818,1
mqtt_preprocessed_v2.csv,7621,15,15,14,14,Tag_15,Tag_15,0.9970114231109619,1
mqtt_preprocessed_v2.csv,7622,15,15,14,14,Tag_15,Tag_15,0.995506763458252,1
mqtt_preprocessed_v2.csv,7623,15,15,14,14,Tag_15,Tag_15,0.9938355088233948,1
mqtt_preprocessed_v2.csv,7624,15,15,14,14,Tag_15,Tag_15,0.9997467398643494,1
mqtt_preprocessed_v2.csv,7625,15,15,14,14,Tag_15,Tag_15,0.9962558746337891,1
mqtt_preprocessed_v2.csv,7626,15,15,14,14,Tag_15,Tag_15,0.9969635605812073,1
mqtt_preprocessed_v2.csv,7627,15,15,14,14,Tag_15,Tag_15,0.9997078776359558,1
mqtt_preprocessed_v2.csv,7628,15,15,14,14,Tag_15,Tag_15,0.9996696710586548,1
mqtt_preprocessed_v2.csv,7629,15,15,14,14,Tag_15,Tag_15,0.9997339844703674,1
mqtt_preprocessed_v2.csv,7630,15,15,14,14,Tag_15,Tag_15,0.9997221827507019,1
mqtt_preprocessed_v2.csv,7631,15,15,14,14,Tag_15,Tag_15,0.999734103679657,1
mqtt_preprocessed_v2.csv,7632,15,15,14,14,Tag_15,Tag_15,0.9948582649230957,1
mqtt_preprocessed_v2.csv,7633,15,15,14,14,Tag_15,Tag_15,0.9940001964569092,1
mqtt_preprocessed_v2.csv,7634,15,15,14,14,Tag_15,Tag_15,0.999731719493866,1
mqtt_preprocessed_v2.csv,7635,15,15,14,14,Tag_15,Tag_15,0.9997486472129822,1
mqtt_preprocessed_v2.csv,7636,15,15,14,14,Tag_15,Tag_15,0.9997013211250305,1
mqtt_preprocessed_v2.csv,7637,15,15,14,14,Tag_15,Tag_15,0.9997228980064392,1
mqtt_preprocessed_v2.csv,7638,15,15,14,14,Tag_15,Tag_15,0.9997275471687317,1
mqtt_preprocessed_v2.csv,7639,15,15,14,14,Tag_15,Tag_15,0.9997214674949646,1
mqtt_preprocessed_v2.csv,7640,15,15,14,14,Tag_15,Tag_15,0.9996846914291382,1
mqtt_preprocessed_v2.csv,7641,15,15,14,14,Tag_15,Tag_15,0.9956467747688293,1
mqtt_preprocessed_v2.csv,7642,15,15,14,14,Tag_15,Tag_15,0.9960830211639404,1
mqtt_preprocessed_v2.csv,7643,15,15,14,14,Tag_15,Tag_15,0.99972003698349,1
mqtt_preprocessed_v2.csv,7644,15,15,14,14,Tag_15,Tag_15,0.9946927428245544,1
mqtt_preprocessed_v2.csv,7645,15,15,14,14,Tag_15,Tag_15,0.9997220635414124,1
mqtt_preprocessed_v2.csv,7646,15,15,14,14,Tag_15,Tag_15,0.9997304081916809,1
mqtt_preprocessed_v2.csv,7647,15,15,14,14,Tag_15,Tag_15,0.999722421169281,1
mqtt_preprocessed_v2.csv,7648,16,16,15,15,Tag_16,Tag_16,0.999994158744812,1
mqtt_preprocessed_v2.csv,7649,16,16,15,15,Tag_16,Tag_16,0.9999942779541016,1
mqtt_preprocessed_v2.csv,7650,16,16,15,15,Tag_16,Tag_16,0.9999942779541016,1
mqtt_preprocessed_v2.csv,7651,16,16,15,15,Tag_16,Tag_16,0.9999942779541016,1
mqtt_preprocessed_v2.csv,7652,16,16,15,15,Tag_16,Tag_16,0.999994158744812,1
mqtt_preprocessed_v2.csv,7653,16,16,15,15,Tag_16,Tag_16,0.999994158744812,1
mqtt_preprocessed_v2.csv,7654,16,16,15,15,Tag_16,Tag_16,0.999994158744812,1
mqtt_preprocessed_v2.csv,7655,16,16,15,15,Tag_16,Tag_16,0.999994158744812,1
mqtt_preprocessed_v2.csv,7656,16,16,15,15,Tag_16,Tag_16,0.9999942779541016,1
mqtt_preprocessed_v2.csv,7657,16,16,15,15,Tag_16,Tag_16,0.9999942779541016,1
mqtt_preprocessed_v2.csv,7658,16,16,15,15,Tag_16,Tag_16,0.9999942779541016,1
mqtt_preprocessed_v2.csv,7659,16,16,15,15,Tag_16,Tag_16,0.999994158744812,1
mqtt_preprocessed_v2.csv,7660,16,16,15,15,Tag_16,Tag_16,0.999994158744812,1
mqtt_preprocessed_v2.csv,7661,16,16,15,15,Tag_16,Tag_16,0.999994158744812,1
mqtt_preprocessed_v2.csv,7662,16,16,15,15,Tag_16,Tag_16,0.999994158744812,1
mqtt_preprocessed_v2.csv,7663,16,16,15,15,Tag_16,Tag_16,0.9999942779541016,1
mqtt_preprocessed_v2.csv,7664,16,16,15,15,Tag_16,Tag_16,0.9999943971633911,1
mqtt_preprocessed_v2.csv,7665,16,16,15,15,Tag_16,Tag_16,0.999994158744812,1
mqtt_preprocessed_v2.csv,7666,16,16,15,15,Tag_16,Tag_16,0.999994158744812,1
mqtt_preprocessed_v2.csv,7667,16,16,15,15,Tag_16,Tag_16,0.9999943971633911,1
mqtt_preprocessed_v2.csv,7668,16,16,15,15,Tag_16,Tag_16,0.999994158744812,1
mqtt_preprocessed_v2.csv,7669,16,16,15,15,Tag_16,Tag_16,0.9999942779541016,1
mqtt_preprocessed_v2.csv,7670,16,16,15,15,Tag_16,Tag_16,0.999994158744812,1
mqtt_preprocessed_v2.csv,7671,16,16,15,15,Tag_16,Tag_16,0.999994158744812,1
mqtt_preprocessed_v2.csv,7672,16,16,15,15,Tag_16,Tag_16,0.999994158744812,1
mqtt_preprocessed_v2.csv,7673,16,16,15,15,Tag_16,Tag_16,0.9999943971633911,1
mqtt_preprocessed_v2.csv,7674,16,16,15,15,Tag_16,Tag_16,0.999994158744812,1
mqtt_preprocessed_v2.csv,7675,16,16,15,15,Tag_16,Tag_16,0.9999942779541016,1
mqtt_preprocessed_v2.csv,7676,16,16,15,15,Tag_16,Tag_16,0.9999942779541016,1
mqtt_preprocessed_v2.csv,7677,16,16,15,15,Tag_16,Tag_16,0.999994158744812,1
mqtt_preprocessed_v2.csv,7678,16,16,15,15,Tag_16,Tag_16,0.9999942779541016,1
mqtt_preprocessed_v2.csv,7679,16,16,15,15,Tag_16,Tag_16,0.999994158744812,1
mqtt_preprocessed_v2.csv,7680,16,16,15,15,Tag_16,Tag_16,0.9999942779541016,1
mqtt_preprocessed_v2.csv,7681,16,16,15,15,Tag_16,Tag_16,0.999994158744812,1
mqtt_preprocessed_v2.csv,7682,16,16,15,15,Tag_16,Tag_16,0.999994158744812,1
mqtt_preprocessed_v2.csv,7683,16,16,15,15,Tag_16,Tag_16,0.999994158744812,1
mqtt_preprocessed_v2.csv,7684,16,16,15,15,Tag_16,Tag_16,0.9999942779541016,1
mqtt_preprocessed_v2.csv,7685,16,16,15,15,Tag_16,Tag_16,0.9999942779541016,1
mqtt_preprocessed_v2.csv,7686,16,16,15,15,Tag_16,Tag_16,0.9999942779541016,1
mqtt_preprocessed_v2.csv,7687,16,16,15,15,Tag_16,Tag_16,0.999994158744812,1
mqtt_preprocessed_v2.csv,7688,16,16,15,15,Tag_16,Tag_16,0.9999942779541016,1
mqtt_preprocessed_v2.csv,7689,16,16,15,15,Tag_16,Tag_16,0.999994158744812,1
mqtt_preprocessed_v2.csv,7690,16,16,15,15,Tag_16,Tag_16,0.999994158744812,1
mqtt_preprocessed_v2.csv,7691,16,16,15,15,Tag_16,Tag_16,0.999994158744812,1
mqtt_preprocessed_v2.csv,7692,16,16,15,15,Tag_16,Tag_16,0.999994158744812,1
mqtt_preprocessed_v2.csv,7693,16,16,15,15,Tag_16,Tag_16,0.9999942779541016,1
mqtt_preprocessed_v2.csv,7694,16,16,15,15,Tag_16,Tag_16,0.9999943971633911,1
mqtt_preprocessed_v2.csv,7695,16,16,15,15,Tag_16,Tag_16,0.9999942779541016,1
mqtt_preprocessed_v2.csv,7696,16,16,15,15,Tag_16,Tag_16,0.9999942779541016,1
mqtt_preprocessed_v2.csv,7697,16,16,15,15,Tag_16,Tag_16,0.9999942779541016,1
mqtt_preprocessed_v2.csv,7698,16,16,15,15,Tag_16,Tag_16,0.9999936819076538,1
mqtt_preprocessed_v2.csv,7699,16,16,15,15,Tag_16,Tag_16,0.9999921321868896,1
mqtt_preprocessed_v2.csv,7700,16,16,15,15,Tag_16,Tag_16,0.9999924898147583,1
mqtt_preprocessed_v2.csv,7701,16,16,15,15,Tag_16,Tag_16,0.9999939203262329,1
mqtt_preprocessed_v2.csv,7702,16,16,15,15,Tag_16,Tag_16,0.9999926090240479,1
mqtt_preprocessed_v2.csv,7703,16,16,15,15,Tag_16,Tag_16,0.9999942779541016,1
mqtt_preprocessed_v2.csv,7704,16,16,15,15,Tag_16,Tag_16,0.9999936819076538,1
mqtt_preprocessed_v2.csv,7705,16,16,15,15,Tag_16,Tag_16,0.9999908208847046,1
mqtt_preprocessed_v2.csv,7706,16,16,15,15,Tag_16,Tag_16,0.9999934434890747,1
mqtt_preprocessed_v2.csv,7707,16,16,15,15,Tag_16,Tag_16,0.9999921321868896,1
mqtt_preprocessed_v2.csv,7708,16,16,15,15,Tag_16,Tag_16,0.9999933242797852,1
mqtt_preprocessed_v2.csv,7709,16,16,15,15,Tag_16,Tag_16,0.9999926090240479,1
mqtt_preprocessed_v2.csv,7710,16,16,15,15,Tag_16,Tag_16,0.9999938011169434,1
mqtt_preprocessed_v2.csv,7711,16,16,15,15,Tag_16,Tag_16,0.999994158744812,1
mqtt_preprocessed_v2.csv,7712,16,16,15,15,Tag_16,Tag_16,0.9999943971633911,1
mqtt_preprocessed_v2.csv,7713,16,16,15,15,Tag_16,Tag_16,0.9999940395355225,1
mqtt_preprocessed_v2.csv,7714,16,16,15,15,Tag_16,Tag_16,0.999992847442627,1
mqtt_preprocessed_v2.csv,7715,16,16,15,15,Tag_16,Tag_16,0.9999936819076538,1
mqtt_preprocessed_v2.csv,7716,16,16,15,15,Tag_16,Tag_16,0.9999947547912598,1
mqtt_preprocessed_v2.csv,7717,16,16,15,15,Tag_16,Tag_16,0.9999934434890747,1
mqtt_preprocessed_v2.csv,7718,16,16,15,15,Tag_16,Tag_16,0.999990701675415,1
mqtt_preprocessed_v2.csv,7719,16,16,15,15,Tag_16,Tag_16,0.9999926090240479,1
mqtt_preprocessed_v2.csv,7720,16,16,15,15,Tag_16,Tag_16,0.9999920129776001,1
mqtt_preprocessed_v2.csv,7721,16,16,15,15,Tag_16,Tag_16,0.9999936819076538,1
mqtt_preprocessed_v2.csv,7722,16,16,15,15,Tag_16,Tag_16,0.9999934434890747,1
mqtt_preprocessed_v2.csv,7723,16,16,15,15,Tag_16,Tag_16,0.9999939203262329,1
mqtt_preprocessed_v2.csv,7724,16,16,15,15,Tag_16,Tag_16,0.9999936819076538,1
mqtt_preprocessed_v2.csv,7725,16,16,15,15,Tag_16,Tag_16,0.9999926090240479,1
mqtt_preprocessed_v2.csv,7726,16,16,15,15,Tag_16,Tag_16,0.9999939203262329,1
mqtt_preprocessed_v2.csv,7727,16,16,15,15,Tag_16,Tag_16,0.9999938011169434,1
mqtt_preprocessed_v2.csv,7728,16,16,15,15,Tag_16,Tag_16,0.9999939203262329,1
mqtt_preprocessed_v2.csv,7729,16,16,15,15,Tag_16,Tag_16,0.9999926090240479,1
mqtt_preprocessed_v2.csv,7730,16,16,15,15,Tag_16,Tag_16,0.9999942779541016,1
mqtt_preprocessed_v2.csv,7731,16,16,15,15,Tag_16,Tag_16,0.999994158744812,1
mqtt_preprocessed_v2.csv,7732,16,16,15,15,Tag_16,Tag_16,0.9999918937683105,1
mqtt_preprocessed_v2.csv,7733,16,16,15,15,Tag_16,Tag_16,0.999990701675415,1
mqtt_preprocessed_v2.csv,7734,16,16,15,15,Tag_16,Tag_16,0.9999933242797852,1
mqtt_preprocessed_v2.csv,7735,16,16,15,15,Tag_16,Tag_16,0.9999936819076538,1
mqtt_preprocessed_v2.csv,7736,16,16,15,15,Tag_16,Tag_16,0.9999921321868896,1
mqtt_preprocessed_v2.csv,7737,16,16,15,15,Tag_16,Tag_16,0.9999933242797852,1
mqtt_preprocessed_v2.csv,7738,16,16,15,15,Tag_16,Tag_16,0.9999921321868896,1
mqtt_preprocessed_v2.csv,7739,16,16,15,15,Tag_16,Tag_16,0.9999943971633911,1
mqtt_preprocessed_v2.csv,7740,16,16,15,15,Tag_16,Tag_16,0.999994158744812,1
mqtt_preprocessed_v2.csv,7741,16,16,15,15,Tag_16,Tag_16,0.9999936819076538,1
mqtt_preprocessed_v2.csv,7742,16,16,15,15,Tag_16,Tag_16,0.9999943971633911,1
mqtt_preprocessed_v2.csv,7743,16,16,15,15,Tag_16,Tag_16,0.9999921321868896,1
mqtt_preprocessed_v2.csv,7744,16,16,15,15,Tag_16,Tag_16,0.9999939203262329,1
mqtt_preprocessed_v2.csv,7745,16,16,15,15,Tag_16,Tag_16,0.9999934434890747,1
mqtt_preprocessed_v2.csv,7746,16,16,15,15,Tag_16,Tag_16,0.999990701675415,1
mqtt_preprocessed_v2.csv,7747,16,16,15,15,Tag_16,Tag_16,0.9999926090240479,1
mqtt_preprocessed_v2.csv,7748,16,16,15,15,Tag_16,Tag_16,0.9999910593032837,1
mqtt_preprocessed_v2.csv,7749,16,16,15,15,Tag_16,Tag_16,0.9999940395355225,1
mqtt_preprocessed_v2.csv,7750,16,16,15,15,Tag_16,Tag_16,0.9999915361404419,1
mqtt_preprocessed_v2.csv,7751,16,16,15,15,Tag_16,Tag_16,0.9999926090240479,1
mqtt_preprocessed_v2.csv,7752,16,16,15,15,Tag_16,Tag_16,0.9999939203262329,1
mqtt_preprocessed_v2.csv,7753,16,16,15,15,Tag_16,Tag_16,0.9999938011169434,1
mqtt_preprocessed_v2.csv,7754,16,16,15,15,Tag_16,Tag_16,0.9999921321868896,1
mqtt_preprocessed_v2.csv,7755,16,16,15,15,Tag_16,Tag_16,0.9999920129776001,1
mqtt_preprocessed_v2.csv,7756,16,16,15,15,Tag_16,Tag_16,0.9999938011169434,1
mqtt_preprocessed_v2.csv,7757,16,16,15,15,Tag_16,Tag_16,0.999991774559021,1
mqtt_preprocessed_v2.csv,7758,16,16,15,15,Tag_16,Tag_16,0.9999938011169434,1
mqtt_preprocessed_v2.csv,7759,16,16,15,15,Tag_16,Tag_16,0.9999939203262329,1
mqtt_preprocessed_v2.csv,7760,16,16,15,15,Tag_16,Tag_16,0.9999939203262329,1
mqtt_preprocessed_v2.csv,7761,16,16,15,15,Tag_16,Tag_16,0.9999920129776001,1
mqtt_preprocessed_v2.csv,7762,16,16,15,15,Tag_16,Tag_16,0.9999904632568359,1
mqtt_preprocessed_v2.csv,7763,16,16,15,15,Tag_16,Tag_16,0.9999939203262329,1
mqtt_preprocessed_v2.csv,7764,16,16,15,15,Tag_16,Tag_16,0.9999921321868896,1
mqtt_preprocessed_v2.csv,7765,16,16,15,15,Tag_16,Tag_16,0.9999938011169434,1
mqtt_preprocessed_v2.csv,7766,16,16,15,15,Tag_16,Tag_16,0.9999938011169434,1
mqtt_preprocessed_v2.csv,7767,16,16,15,15,Tag_16,Tag_16,0.999992847442627,1
mqtt_preprocessed_v2.csv,7768,16,16,15,15,Tag_16,Tag_16,0.9999916553497314,1
mqtt_preprocessed_v2.csv,7769,16,16,15,15,Tag_16,Tag_16,0.9999922513961792,1
mqtt_preprocessed_v2.csv,7770,16,16,15,15,Tag_16,Tag_16,0.9999929666519165,1
mqtt_preprocessed_v2.csv,7771,16,16,15,15,Tag_16,Tag_16,0.9999938011169434,1
mqtt_preprocessed_v2.csv,7772,16,16,15,15,Tag_16,Tag_16,0.9999939203262329,1
mqtt_preprocessed_v2.csv,7773,16,16,15,15,Tag_16,Tag_16,0.9999905824661255,1
mqtt_preprocessed_v2.csv,7774,16,16,15,15,Tag_16,Tag_16,0.9999939203262329,1
mqtt_preprocessed_v2.csv,7775,16,16,15,15,Tag_16,Tag_16,0.9999933242797852,1
mqtt_preprocessed_v2.csv,7776,16,16,15,15,Tag_16,Tag_16,0.9999935626983643,1
mqtt_preprocessed_v2.csv,7777,16,16,15,15,Tag_16,Tag_16,0.9999901056289673,1
mqtt_preprocessed_v2.csv,7778,16,16,15,15,Tag_16,Tag_16,0.9999939203262329,1
mqtt_preprocessed_v2.csv,7779,16,16,15,15,Tag_16,Tag_16,0.9999936819076538,1
mqtt_preprocessed_v2.csv,7780,16,16,15,15,Tag_16,Tag_16,0.9999939203262329,1
mqtt_preprocessed_v2.csv,7781,16,16,15,15,Tag_16,Tag_16,0.9999936819076538,1
mqtt_preprocessed_v2.csv,7782,16,16,15,15,Tag_16,Tag_16,0.9999921321868896,1
mqtt_preprocessed_v2.csv,7783,16,16,15,15,Tag_16,Tag_16,0.9999933242797852,1
mqtt_preprocessed_v2.csv,7784,16,16,15,15,Tag_16,Tag_16,0.9999910593032837,1
mqtt_preprocessed_v2.csv,7785,16,16,15,15,Tag_16,Tag_16,0.9999939203262329,1
mqtt_preprocessed_v2.csv,7786,16,16,15,15,Tag_16,Tag_16,0.9999897480010986,1
mqtt_preprocessed_v2.csv,7787,16,16,15,15,Tag_16,Tag_16,0.9999938011169434,1
mqtt_preprocessed_v2.csv,7788,16,16,15,15,Tag_16,Tag_16,0.9999939203262329,1
mqtt_preprocessed_v2.csv,7789,16,16,15,15,Tag_16,Tag_16,0.9999939203262329,1
mqtt_preprocessed_v2.csv,7790,16,16,15,15,Tag_16,Tag_16,0.9999903440475464,1
mqtt_preprocessed_v2.csv,7791,16,16,15,15,Tag_16,Tag_16,0.9999936819076538,1
mqtt_preprocessed_v2.csv,7792,16,16,15,15,Tag_16,Tag_16,0.9999910593032837,1
mqtt_preprocessed_v2.csv,7793,16,16,15,15,Tag_16,Tag_16,0.9999934434890747,1
mqtt_preprocessed_v2.csv,7794,16,16,15,15,Tag_16,Tag_16,0.9999905824661255,1
mqtt_preprocessed_v2.csv,7795,16,16,15,15,Tag_16,Tag_16,0.9999938011169434,1
mqtt_preprocessed_v2.csv,7796,16,16,15,15,Tag_16,Tag_16,0.9999916553497314,1
mqtt_preprocessed_v2.csv,7797,16,16,15,15,Tag_16,Tag_16,0.999991774559021,1
mqtt_preprocessed_v2.csv,7798,16,16,15,15,Tag_16,Tag_16,0.9999939203262329,1
mqtt_preprocessed_v2.csv,7799,16,16,15,15,Tag_16,Tag_16,0.9999939203262329,1
mqtt_preprocessed_v2.csv,7800,16,16,15,15,Tag_16,Tag_16,0.9999939203262329,1
mqtt_preprocessed_v2.csv,7801,16,16,15,15,Tag_16,Tag_16,0.9999909400939941,1
mqtt_preprocessed_v2.csv,7802,16,16,15,15,Tag_16,Tag_16,0.9999910593032837,1
mqtt_preprocessed_v2.csv,7803,16,16,15,15,Tag_16,Tag_16,0.9999909400939941,1
mqtt_preprocessed_v2.csv,7804,16,16,15,15,Tag_16,Tag_16,0.9999939203262329,1
mqtt_preprocessed_v2.csv,7805,16,16,15,15,Tag_16,Tag_16,0.9999932050704956,1
mqtt_preprocessed_v2.csv,7806,16,16,15,15,Tag_16,Tag_16,0.9999938011169434,1
mqtt_preprocessed_v2.csv,7807,16,16,15,15,Tag_16,Tag_16,0.9999938011169434,1
mqtt_preprocessed_v2.csv,7808,16,16,15,15,Tag_16,Tag_16,0.9999939203262329,1
mqtt_preprocessed_v2.csv,7809,16,16,15,15,Tag_16,Tag_16,0.9999938011169434,1
mqtt_preprocessed_v2.csv,7810,16,16,15,15,Tag_16,Tag_16,0.9999938011169434,1
mqtt_preprocessed_v2.csv,7811,16,16,15,15,Tag_16,Tag_16,0.9999938011169434,1
mqtt_preprocessed_v2.csv,7812,16,16,15,15,Tag_16,Tag_16,0.9999939203262329,1
mqtt_preprocessed_v2.csv,7813,16,16,15,15,Tag_16,Tag_16,0.9999938011169434,1
mqtt_preprocessed_v2.csv,7814,16,16,15,15,Tag_16,Tag_16,0.9999939203262329,1
mqtt_preprocessed_v2.csv,7815,16,16,15,15,Tag_16,Tag_16,0.9999910593032837,1
mqtt_preprocessed_v2.csv,7816,16,16,15,15,Tag_16,Tag_16,0.9999922513961792,1
mqtt_preprocessed_v2.csv,7817,16,16,15,15,Tag_16,Tag_16,0.9999912977218628,1
mqtt_preprocessed_v2.csv,7818,16,16,15,15,Tag_16,Tag_16,0.9999939203262329,1
mqtt_preprocessed_v2.csv,7819,16,16,15,15,Tag_16,Tag_16,0.9999938011169434,1
mqtt_preprocessed_v2.csv,7820,16,16,15,15,Tag_16,Tag_16,0.9999935626983643,1
mqtt_preprocessed_v2.csv,7821,16,16,15,15,Tag_16,Tag_16,0.9999912977218628,1
mqtt_preprocessed_v2.csv,7822,16,16,15,15,Tag_16,Tag_16,0.9999921321868896,1
mqtt_preprocessed_v2.csv,7823,16,16,15,15,Tag_16,Tag_16,0.9999921321868896,1
mqtt_preprocessed_v2.csv,7824,16,16,15,15,Tag_16,Tag_16,0.9999932050704956,1
mqtt_preprocessed_v2.csv,7825,16,16,15,15,Tag_16,Tag_16,0.9999932050704956,1
mqtt_preprocessed_v2.csv,7826,16,16,15,15,Tag_16,Tag_16,0.9999938011169434,1
mqtt_preprocessed_v2.csv,7827,16,16,15,15,Tag_16,Tag_16,0.9999939203262329,1
mqtt_preprocessed_v2.csv,7828,16,16,15,15,Tag_16,Tag_16,0.9999939203262329,1
mqtt_preprocessed_v2.csv,7829,16,16,15,15,Tag_16,Tag_16,0.9999938011169434,1
mqtt_preprocessed_v2.csv,7830,16,16,15,15,Tag_16,Tag_16,0.9999939203262329,1
mqtt_preprocessed_v2.csv,7831,16,16,15,15,Tag_16,Tag_16,0.9999939203262329,1
mqtt_preprocessed_v2.csv,7832,16,16,15,15,Tag_16,Tag_16,0.9999912977218628,1
mqtt_preprocessed_v2.csv,7833,16,16,15,15,Tag_16,Tag_16,0.9999938011169434,1
mqtt_preprocessed_v2.csv,7834,16,16,15,15,Tag_16,Tag_16,0.9999938011169434,1
mqtt_preprocessed_v2.csv,7835,16,16,15,15,Tag_16,Tag_16,0.9999939203262329,1
mqtt_preprocessed_v2.csv,7836,16,16,15,15,Tag_16,Tag_16,0.9999921321868896,1
mqtt_preprocessed_v2.csv,7837,16,16,15,15,Tag_16,Tag_16,0.9999938011169434,1
mqtt_preprocessed_v2.csv,7838,16,16,15,15,Tag_16,Tag_16,0.9999939203262329,1
mqtt_preprocessed_v2.csv,7839,16,16,15,15,Tag_16,Tag_16,0.9999910593032837,1
mqtt_preprocessed_v2.csv,7840,16,16,15,15,Tag_16,Tag_16,0.9999939203262329,1
mqtt_preprocessed_v2.csv,7841,16,16,15,15,Tag_16,Tag_16,0.9999938011169434,1
mqtt_preprocessed_v2.csv,7842,16,16,15,15,Tag_16,Tag_16,0.9999938011169434,1
mqtt_preprocessed_v2.csv,7843,16,16,15,15,Tag_16,Tag_16,0.9999938011169434,1
mqtt_preprocessed_v2.csv,7844,16,16,15,15,Tag_16,Tag_16,0.9999938011169434,1
mqtt_preprocessed_v2.csv,7845,16,16,15,15,Tag_16,Tag_16,0.9999939203262329,1
mqtt_preprocessed_v2.csv,7846,16,16,15,15,Tag_16,Tag_16,0.9999922513961792,1
mqtt_preprocessed_v2.csv,7847,16,16,15,15,Tag_16,Tag_16,0.9999922513961792,1
mqtt_preprocessed_v2.csv,7848,17,17,16,16,Tag_17,Tag_17,0.9999904632568359,1
mqtt_preprocessed_v2.csv,7849,17,17,16,16,Tag_17,Tag_17,0.9999904632568359,1
mqtt_preprocessed_v2.csv,7850,17,17,16,16,Tag_17,Tag_17,0.9999904632568359,1
mqtt_preprocessed_v2.csv,7851,17,17,16,16,Tag_17,Tag_17,0.9999904632568359,1
mqtt_preprocessed_v2.csv,7852,17,17,16,16,Tag_17,Tag_17,0.9999904632568359,1
mqtt_preprocessed_v2.csv,7853,17,17,16,16,Tag_17,Tag_17,0.9999904632568359,1
mqtt_preprocessed_v2.csv,7854,17,17,16,16,Tag_17,Tag_17,0.9999904632568359,1
mqtt_preprocessed_v2.csv,7855,17,17,16,16,Tag_17,Tag_17,0.9999904632568359,1
mqtt_preprocessed_v2.csv,7856,17,17,16,16,Tag_17,Tag_17,0.9999904632568359,1
mqtt_preprocessed_v2.csv,7857,17,17,16,16,Tag_17,Tag_17,0.9999904632568359,1
mqtt_preprocessed_v2.csv,7858,17,17,16,16,Tag_17,Tag_17,0.9999904632568359,1
mqtt_preprocessed_v2.csv,7859,17,17,16,16,Tag_17,Tag_17,0.9999904632568359,1
mqtt_preprocessed_v2.csv,7860,17,17,16,16,Tag_17,Tag_17,0.9999904632568359,1
mqtt_preprocessed_v2.csv,7861,17,17,16,16,Tag_17,Tag_17,0.9999904632568359,1
mqtt_preprocessed_v2.csv,7862,17,17,16,16,Tag_17,Tag_17,0.9999904632568359,1
mqtt_preprocessed_v2.csv,7863,17,17,16,16,Tag_17,Tag_17,0.9999904632568359,1
mqtt_preprocessed_v2.csv,7864,17,17,16,16,Tag_17,Tag_17,0.9999904632568359,1
mqtt_preprocessed_v2.csv,7865,17,17,16,16,Tag_17,Tag_17,0.9999904632568359,1
mqtt_preprocessed_v2.csv,7866,17,17,16,16,Tag_17,Tag_17,0.9999904632568359,1
mqtt_preprocessed_v2.csv,7867,17,17,16,16,Tag_17,Tag_17,0.9999904632568359,1
mqtt_preprocessed_v2.csv,7868,17,17,16,16,Tag_17,Tag_17,0.9999904632568359,1
mqtt_preprocessed_v2.csv,7869,17,17,16,16,Tag_17,Tag_17,0.9999904632568359,1
mqtt_preprocessed_v2.csv,7870,17,17,16,16,Tag_17,Tag_17,0.9999904632568359,1
mqtt_preprocessed_v2.csv,7871,17,17,16,16,Tag_17,Tag_17,0.9999904632568359,1
mqtt_preprocessed_v2.csv,7872,17,17,16,16,Tag_17,Tag_17,0.9999904632568359,1
mqtt_preprocessed_v2.csv,7873,17,17,16,16,Tag_17,Tag_17,0.9999905824661255,1
mqtt_preprocessed_v2.csv,7874,17,17,16,16,Tag_17,Tag_17,0.9999904632568359,1
mqtt_preprocessed_v2.csv,7875,17,17,16,16,Tag_17,Tag_17,0.9999904632568359,1
mqtt_preprocessed_v2.csv,7876,17,17,16,16,Tag_17,Tag_17,0.9999904632568359,1
mqtt_preprocessed_v2.csv,7877,17,17,16,16,Tag_17,Tag_17,0.9999904632568359,1
mqtt_preprocessed_v2.csv,7878,17,17,16,16,Tag_17,Tag_17,0.9999904632568359,1
mqtt_preprocessed_v2.csv,7879,17,17,16,16,Tag_17,Tag_17,0.9999904632568359,1
mqtt_preprocessed_v2.csv,7880,17,17,16,16,Tag_17,Tag_17,0.9999904632568359,1
mqtt_preprocessed_v2.csv,7881,17,17,16,16,Tag_17,Tag_17,0.9999904632568359,1
mqtt_preprocessed_v2.csv,7882,17,17,16,16,Tag_17,Tag_17,0.9999904632568359,1
mqtt_preprocessed_v2.csv,7883,17,17,16,16,Tag_17,Tag_17,0.9999904632568359,1
mqtt_preprocessed_v2.csv,7884,17,17,16,16,Tag_17,Tag_17,0.9999904632568359,1
mqtt_preprocessed_v2.csv,7885,17,17,16,16,Tag_17,Tag_17,0.9999904632568359,1
mqtt_preprocessed_v2.csv,7886,17,17,16,16,Tag_17,Tag_17,0.9999905824661255,1
mqtt_preprocessed_v2.csv,7887,17,17,16,16,Tag_17,Tag_17,0.9999904632568359,1
mqtt_preprocessed_v2.csv,7888,17,17,16,16,Tag_17,Tag_17,0.9999904632568359,1
mqtt_preprocessed_v2.csv,7889,17,17,16,16,Tag_17,Tag_17,0.9999904632568359,1
mqtt_preprocessed_v2.csv,7890,17,17,16,16,Tag_17,Tag_17,0.9999904632568359,1
mqtt_preprocessed_v2.csv,7891,17,17,16,16,Tag_17,Tag_17,0.9999904632568359,1
mqtt_preprocessed_v2.csv,7892,17,17,16,16,Tag_17,Tag_17,0.9999904632568359,1
mqtt_preprocessed_v2.csv,7893,17,17,16,16,Tag_17,Tag_17,0.9999904632568359,1
mqtt_preprocessed_v2.csv,7894,17,17,16,16,Tag_17,Tag_17,0.9999904632568359,1
mqtt_preprocessed_v2.csv,7895,17,17,16,16,Tag_17,Tag_17,0.9999904632568359,1
mqtt_preprocessed_v2.csv,7896,17,17,16,16,Tag_17,Tag_17,0.9999904632568359,1
mqtt_preprocessed_v2.csv,7897,17,17,16,16,Tag_17,Tag_17,0.9999904632568359,1
mqtt_preprocessed_v2.csv,7898,17,17,16,16,Tag_17,Tag_17,0.9999867677688599,1
mqtt_preprocessed_v2.csv,7899,17,17,16,16,Tag_17,Tag_17,0.9999877214431763,1
mqtt_preprocessed_v2.csv,7900,17,17,16,16,Tag_17,Tag_17,0.9999866485595703,1
mqtt_preprocessed_v2.csv,7901,17,17,16,16,Tag_17,Tag_17,0.9999839067459106,1
mqtt_preprocessed_v2.csv,7902,17,17,16,16,Tag_17,Tag_17,0.9999874830245972,1
mqtt_preprocessed_v2.csv,7903,17,17,16,16,Tag_17,Tag_17,0.9999877214431763,1
mqtt_preprocessed_v2.csv,7904,17,17,16,16,Tag_17,Tag_17,0.9999864101409912,1
mqtt_preprocessed_v2.csv,7905,17,17,16,16,Tag_17,Tag_17,0.999984860420227,1
mqtt_preprocessed_v2.csv,7906,17,17,16,16,Tag_17,Tag_17,0.9999810457229614,1
mqtt_preprocessed_v2.csv,7907,17,17,16,16,Tag_17,Tag_17,0.9999865293502808,1
mqtt_preprocessed_v2.csv,7908,17,17,16,16,Tag_17,Tag_17,0.9999871253967285,1
mqtt_preprocessed_v2.csv,7909,17,17,16,16,Tag_17,Tag_17,0.999988317489624,1
mqtt_preprocessed_v2.csv,7910,17,17,16,16,Tag_17,Tag_17,0.9999876022338867,1
mqtt_preprocessed_v2.csv,7911,17,17,16,16,Tag_17,Tag_17,0.9999856948852539,1
mqtt_preprocessed_v2.csv,7912,17,17,16,16,Tag_17,Tag_17,0.9999867677688599,1
mqtt_preprocessed_v2.csv,7913,17,17,16,16,Tag_17,Tag_17,0.9999873638153076,1
mqtt_preprocessed_v2.csv,7914,17,17,16,16,Tag_17,Tag_17,0.9999871253967285,1
mqtt_preprocessed_v2.csv,7915,17,17,16,16,Tag_17,Tag_17,0.9999864101409912,1
mqtt_preprocessed_v2.csv,7916,17,17,16,16,Tag_17,Tag_17,0.9999874830245972,1
mqtt_preprocessed_v2.csv,7917,17,17,16,16,Tag_17,Tag_17,0.999984860420227,1
mqtt_preprocessed_v2.csv,7918,17,17,16,16,Tag_17,Tag_17,0.9999866485595703,1
mqtt_preprocessed_v2.csv,7919,17,17,16,16,Tag_17,Tag_17,0.9999872446060181,1
mqtt_preprocessed_v2.csv,7920,17,17,16,16,Tag_17,Tag_17,0.9999877214431763,1
mqtt_preprocessed_v2.csv,7921,17,17,16,16,Tag_17,Tag_17,0.9999866485595703,1
mqtt_preprocessed_v2.csv,7922,17,17,16,16,Tag_17,Tag_17,0.999987006187439,1
mqtt_preprocessed_v2.csv,7923,17,17,16,16,Tag_17,Tag_17,0.9999862909317017,1
mqtt_preprocessed_v2.csv,7924,17,17,16,16,Tag_17,Tag_17,0.999988317489624,1
mqtt_preprocessed_v2.csv,7925,17,17,16,16,Tag_17,Tag_17,0.9999872446060181,1
mqtt_preprocessed_v2.csv,7926,17,17,16,16,Tag_17,Tag_17,0.9999871253967285,1
mqtt_preprocessed_v2.csv,7927,17,17,16,16,Tag_17,Tag_17,0.9999879598617554,1
mqtt_preprocessed_v2.csv,7928,17,17,16,16,Tag_17,Tag_17,0.9999873638153076,1
mqtt_preprocessed_v2.csv,7929,17,17,16,16,Tag_17,Tag_17,0.9999871253967285,1
mqtt_preprocessed_v2.csv,7930,17,17,16,16,Tag_17,Tag_17,0.9999871253967285,1
mqtt_preprocessed_v2.csv,7931,17,17,16,16,Tag_17,Tag_17,0.9999879598617554,1
mqtt_preprocessed_v2.csv,7932,17,17,16,16,Tag_17,Tag_17,0.999987006187439,1
mqtt_preprocessed_v2.csv,7933,17,17,16,16,Tag_17,Tag_17,0.9999872446060181,1
mqtt_preprocessed_v2.csv,7934,17,17,16,16,Tag_17,Tag_17,0.9999880790710449,1
mqtt_preprocessed_v2.csv,7935,17,17,16,16,Tag_17,Tag_17,0.9999871253967285,1
mqtt_preprocessed_v2.csv,7936,17,17,16,16,Tag_17,Tag_17,0.9999836683273315,1
mqtt_preprocessed_v2.csv,7937,17,17,16,16,Tag_17,Tag_17,0.9999865293502808,1
mqtt_preprocessed_v2.csv,7938,17,17,16,16,Tag_17,Tag_17,0.9999861717224121,1
mqtt_preprocessed_v2.csv,7939,17,17,16,16,Tag_17,Tag_17,0.9999876022338867,1
mqtt_preprocessed_v2.csv,7940,17,17,16,16,Tag_17,Tag_17,0.9999878406524658,1
mqtt_preprocessed_v2.csv,7941,17,17,16,16,Tag_17,Tag_17,0.9999872446060181,1
mqtt_preprocessed_v2.csv,7942,17,17,16,16,Tag_17,Tag_17,0.9999867677688599,1
mqtt_preprocessed_v2.csv,7943,17,17,16,16,Tag_17,Tag_17,0.9999877214431763,1
mqtt_preprocessed_v2.csv,7944,17,17,16,16,Tag_17,Tag_17,0.9999866485595703,1
mqtt_preprocessed_v2.csv,7945,17,17,16,16,Tag_17,Tag_17,0.999985933303833,1
mqtt_preprocessed_v2.csv,7946,17,17,16,16,Tag_17,Tag_17,0.9999861717224121,1
mqtt_preprocessed_v2.csv,7947,17,17,16,16,Tag_17,Tag_17,0.9999867677688599,1
mqtt_preprocessed_v2.csv,7948,18,18,17,17,Tag_18,Tag_18,0.9999154806137085,1
mqtt_preprocessed_v2.csv,7949,18,18,17,17,Tag_18,Tag_18,0.9998741149902344,1
mqtt_preprocessed_v2.csv,7950,18,18,17,17,Tag_18,Tag_18,0.9998420476913452,1
mqtt_preprocessed_v2.csv,7951,18,18,17,17,Tag_18,Tag_18,0.9999128580093384,1
mqtt_preprocessed_v2.csv,7952,18,18,17,17,Tag_18,Tag_18,0.9998972415924072,1
mqtt_preprocessed_v2.csv,7953,18,18,17,17,Tag_18,Tag_18,0.999910831451416,1
mqtt_preprocessed_v2.csv,7954,18,18,17,17,Tag_18,Tag_18,0.999896764755249,1
mqtt_preprocessed_v2.csv,7955,18,18,17,17,Tag_18,Tag_18,0.9999151229858398,1
mqtt_preprocessed_v2.csv,7956,18,18,17,17,Tag_18,Tag_18,0.9998576641082764,1
mqtt_preprocessed_v2.csv,7957,18,18,17,17,Tag_18,Tag_18,0.9998624324798584,1
mqtt_preprocessed_v2.csv,7958,18,18,17,17,Tag_18,Tag_18,0.9999021291732788,1
mqtt_preprocessed_v2.csv,7959,18,18,17,17,Tag_18,Tag_18,0.9998477697372437,1
mqtt_preprocessed_v2.csv,7960,18,18,17,17,Tag_18,Tag_18,0.9999154806137085,1
mqtt_preprocessed_v2.csv,7961,18,18,17,17,Tag_18,Tag_18,0.9999037981033325,1
mqtt_preprocessed_v2.csv,7962,18,18,17,17,Tag_18,Tag_18,0.9998922348022461,1
mqtt_preprocessed_v2.csv,7963,18,18,17,17,Tag_18,Tag_18,0.9999154806137085,1
mqtt_preprocessed_v2.csv,7964,18,18,17,17,Tag_18,Tag_18,0.9998785257339478,1
mqtt_preprocessed_v2.csv,7965,18,18,17,17,Tag_18,Tag_18,0.9999184608459473,1
mqtt_preprocessed_v2.csv,7966,18,18,17,17,Tag_18,Tag_18,0.9999145269393921,1
mqtt_preprocessed_v2.csv,7967,18,18,17,17,Tag_18,Tag_18,0.9999071359634399,1
mqtt_preprocessed_v2.csv,7968,18,18,17,17,Tag_18,Tag_18,0.9999121427536011,1
mqtt_preprocessed_v2.csv,7969,18,18,17,17,Tag_18,Tag_18,0.9999059438705444,1
mqtt_preprocessed_v2.csv,7970,18,18,17,17,Tag_18,Tag_18,0.9999145269393921,1
mqtt_preprocessed_v2.csv,7971,18,18,17,17,Tag_18,Tag_18,0.9998478889465332,1
mqtt_preprocessed_v2.csv,7972,18,18,17,17,Tag_18,Tag_18,0.9998425245285034,1
mqtt_preprocessed_v2.csv,7973,18,18,17,17,Tag_18,Tag_18,0.9998805522918701,1
mqtt_preprocessed_v2.csv,7974,18,18,17,17,Tag_18,Tag_18,0.9999208450317383,1
mqtt_preprocessed_v2.csv,7975,18,18,17,17,Tag_18,Tag_18,0.9998592138290405,1
mqtt_preprocessed_v2.csv,7976,18,18,17,17,Tag_18,Tag_18,0.9998979568481445,1
mqtt_preprocessed_v2.csv,7977,18,18,17,17,Tag_18,Tag_18,0.9999129772186279,1
mqtt_preprocessed_v2.csv,7978,18,18,17,17,Tag_18,Tag_18,0.9998446702957153,1
mqtt_preprocessed_v2.csv,7979,18,18,17,17,Tag_18,Tag_18,0.9998412132263184,1
mqtt_preprocessed_v2.csv,7980,18,18,17,17,Tag_18,Tag_18,0.9998927116394043,1
mqtt_preprocessed_v2.csv,7981,18,18,17,17,Tag_18,Tag_18,0.9999111890792847,1
mqtt_preprocessed_v2.csv,7982,18,18,17,17,Tag_18,Tag_18,0.9999220371246338,1
mqtt_preprocessed_v2.csv,7983,18,18,17,17,Tag_18,Tag_18,0.9998451471328735,1
mqtt_preprocessed_v2.csv,7984,18,18,17,17,Tag_18,Tag_18,0.9998980760574341,1
mqtt_preprocessed_v2.csv,7985,18,18,17,17,Tag_18,Tag_18,0.9999151229858398,1
mqtt_preprocessed_v2.csv,7986,18,18,17,17,Tag_18,Tag_18,0.9999178647994995,1
mqtt_preprocessed_v2.csv,7987,18,18,17,17,Tag_18,Tag_18,0.9998977184295654,1
mqtt_preprocessed_v2.csv,7988,18,18,17,17,Tag_18,Tag_18,0.9999185800552368,1
mqtt_preprocessed_v2.csv,7989,18,18,17,17,Tag_18,Tag_18,0.9998435974121094,1
mqtt_preprocessed_v2.csv,7990,18,18,17,17,Tag_18,Tag_18,0.9999209642410278,1
mqtt_preprocessed_v2.csv,7991,18,18,17,17,Tag_18,Tag_18,0.999903678894043,1
mqtt_preprocessed_v2.csv,7992,18,18,17,17,Tag_18,Tag_18,0.9998588562011719,1
mqtt_preprocessed_v2.csv,7993,18,18,17,17,Tag_18,Tag_18,0.9998772144317627,1
mqtt_preprocessed_v2.csv,7994,18,18,17,17,Tag_18,Tag_18,0.9999152421951294,1
mqtt_preprocessed_v2.csv,7995,18,18,17,17,Tag_18,Tag_18,0.9998812675476074,1
mqtt_preprocessed_v2.csv,7996,18,18,17,17,Tag_18,Tag_18,0.9999051094055176,1
mqtt_preprocessed_v2.csv,7997,18,18,17,17,Tag_18,Tag_18,0.9998764991760254,1
mqtt_preprocessed_v2.csv,7998,18,18,17,17,Tag_18,Tag_18,0.9999141693115234,1
mqtt_preprocessed_v2.csv,7999,18,18,17,17,Tag_18,Tag_18,0.9998955726623535,1
mqtt_preprocessed_v2.csv,8000,18,18,17,17,Tag_18,Tag_18,0.9999175071716309,1
mqtt_preprocessed_v2.csv,8001,18,18,17,17,Tag_18,Tag_18,0.9999165534973145,1
mqtt_preprocessed_v2.csv,8002,18,18,17,17,Tag_18,Tag_18,0.9998878240585327,1
mqtt_preprocessed_v2.csv,8003,18,18,17,17,Tag_18,Tag_18,0.9998770952224731,1
mqtt_preprocessed_v2.csv,8004,18,18,17,17,Tag_18,Tag_18,0.9998881816864014,1
mqtt_preprocessed_v2.csv,8005,18,18,17,17,Tag_18,Tag_18,0.9998965263366699,1
mqtt_preprocessed_v2.csv,8006,18,18,17,17,Tag_18,Tag_18,0.9998440742492676,1
mqtt_preprocessed_v2.csv,8007,18,18,17,17,Tag_18,Tag_18,0.9998804330825806,1
mqtt_preprocessed_v2.csv,8008,18,18,17,17,Tag_18,Tag_18,0.999916672706604,1
mqtt_preprocessed_v2.csv,8009,18,18,17,17,Tag_18,Tag_18,0.9999043941497803,1
mqtt_preprocessed_v2.csv,8010,18,18,17,17,Tag_18,Tag_18,0.9998939037322998,1
mqtt_preprocessed_v2.csv,8011,18,18,17,17,Tag_18,Tag_18,0.9999182224273682,1
mqtt_preprocessed_v2.csv,8012,18,18,17,17,Tag_18,Tag_18,0.9999082088470459,1
mqtt_preprocessed_v2.csv,8013,18,18,17,17,Tag_18,Tag_18,0.9998607635498047,1
mqtt_preprocessed_v2.csv,8014,18,18,17,17,Tag_18,Tag_18,0.9999088048934937,1
mqtt_preprocessed_v2.csv,8015,18,18,17,17,Tag_18,Tag_18,0.9999175071716309,1
mqtt_preprocessed_v2.csv,8016,18,18,17,17,Tag_18,Tag_18,0.9999082088470459,1
mqtt_preprocessed_v2.csv,8017,18,18,17,17,Tag_18,Tag_18,0.9999181032180786,1
mqtt_preprocessed_v2.csv,8018,18,18,17,17,Tag_18,Tag_18,0.9998772144317627,1
mqtt_preprocessed_v2.csv,8019,18,18,17,17,Tag_18,Tag_18,0.9999176263809204,1
mqtt_preprocessed_v2.csv,8020,18,18,17,17,Tag_18,Tag_18,0.9999133348464966,1
mqtt_preprocessed_v2.csv,8021,18,18,17,17,Tag_18,Tag_18,0.9999065399169922,1
mqtt_preprocessed_v2.csv,8022,18,18,17,17,Tag_18,Tag_18,0.9999023675918579,1
mqtt_preprocessed_v2.csv,8023,18,18,17,17,Tag_18,Tag_18,0.9998619556427002,1
mqtt_preprocessed_v2.csv,8024,18,18,17,17,Tag_18,Tag_18,0.9999130964279175,1
mqtt_preprocessed_v2.csv,8025,18,18,17,17,Tag_18,Tag_18,0.9999212026596069,1
mqtt_preprocessed_v2.csv,8026,18,18,17,17,Tag_18,Tag_18,0.9999179840087891,1
mqtt_preprocessed_v2.csv,8027,18,18,17,17,Tag_18,Tag_18,0.9999074935913086,1
mqtt_preprocessed_v2.csv,8028,18,18,17,17,Tag_18,Tag_18,0.9998784065246582,1
mqtt_preprocessed_v2.csv,8029,18,18,17,17,Tag_18,Tag_18,0.9999020099639893,1
mqtt_preprocessed_v2.csv,8030,18,18,17,17,Tag_18,Tag_18,0.9998897314071655,1
mqtt_preprocessed_v2.csv,8031,18,18,17,17,Tag_18,Tag_18,0.9999172687530518,1
mqtt_preprocessed_v2.csv,8032,18,18,17,17,Tag_18,Tag_18,0.9999125003814697,1
mqtt_preprocessed_v2.csv,8033,18,18,17,17,Tag_18,Tag_18,0.9998428821563721,1
mqtt_preprocessed_v2.csv,8034,18,18,17,17,Tag_18,Tag_18,0.9998788833618164,1
mqtt_preprocessed_v2.csv,8035,18,18,17,17,Tag_18,Tag_18,0.9999033212661743,1
mqtt_preprocessed_v2.csv,8036,18,18,17,17,Tag_18,Tag_18,0.9999176263809204,1
mqtt_preprocessed_v2.csv,8037,18,18,17,17,Tag_18,Tag_18,0.9998400211334229,1
mqtt_preprocessed_v2.csv,8038,18,18,17,17,Tag_18,Tag_18,0.9998440742492676,1
mqtt_preprocessed_v2.csv,8039,18,18,17,17,Tag_18,Tag_18,0.9998421669006348,1
mqtt_preprocessed_v2.csv,8040,18,18,17,17,Tag_18,Tag_18,0.9998952150344849,1
mqtt_preprocessed_v2.csv,8041,18,18,17,17,Tag_18,Tag_18,0.999908447265625,1
mqtt_preprocessed_v2.csv,8042,18,18,17,17,Tag_18,Tag_18,0.9998455047607422,1
mqtt_preprocessed_v2.csv,8043,18,18,17,17,Tag_18,Tag_18,0.9998975992202759,1
mqtt_preprocessed_v2.csv,8044,18,18,17,17,Tag_18,Tag_18,0.9998440742492676,1
mqtt_preprocessed_v2.csv,8045,18,18,17,17,Tag_18,Tag_18,0.9999125003814697,1
mqtt_preprocessed_v2.csv,8046,18,18,17,17,Tag_18,Tag_18,0.9999074935913086,1
mqtt_preprocessed_v2.csv,8047,18,18,17,17,Tag_18,Tag_18,0.9998582601547241,1
mqtt_preprocessed_v2.csv,8048,19,19,18,18,Tag_19,Tag_19,0.9998905658721924,1
mqtt_preprocessed_v2.csv,8049,19,19,18,18,Tag_19,Tag_19,0.9998767375946045,1
mqtt_preprocessed_v2.csv,8050,19,19,18,18,Tag_19,Tag_19,0.9998801946640015,1
mqtt_preprocessed_v2.csv,8051,19,19,18,18,Tag_19,Tag_19,0.9998835325241089,1
mqtt_preprocessed_v2.csv,8052,19,19,18,18,Tag_19,Tag_19,0.9998825788497925,1
mqtt_preprocessed_v2.csv,8053,19,19,18,18,Tag_19,Tag_19,0.999893307685852,1
mqtt_preprocessed_v2.csv,8054,19,19,18,18,Tag_19,Tag_19,0.9998635053634644,1
mqtt_preprocessed_v2.csv,8055,19,19,18,18,Tag_19,Tag_19,0.9999041557312012,1
mqtt_preprocessed_v2.csv,8056,19,19,18,18,Tag_19,Tag_19,0.9998745918273926,1
mqtt_preprocessed_v2.csv,8057,19,19,18,18,Tag_19,Tag_19,0.9998807907104492,1
mqtt_preprocessed_v2.csv,8058,19,19,18,18,Tag_19,Tag_19,0.9998812675476074,1
mqtt_preprocessed_v2.csv,8059,19,19,18,18,Tag_19,Tag_19,0.9998942613601685,1
mqtt_preprocessed_v2.csv,8060,19,19,18,18,Tag_19,Tag_19,0.9998001456260681,1
mqtt_preprocessed_v2.csv,8061,19,19,18,18,Tag_19,Tag_19,0.9998942613601685,1
mqtt_preprocessed_v2.csv,8062,19,19,18,18,Tag_19,Tag_19,0.9998878240585327,1
mqtt_preprocessed_v2.csv,8063,19,19,18,18,Tag_19,Tag_19,0.999893069267273,1
mqtt_preprocessed_v2.csv,8064,19,19,18,18,Tag_19,Tag_19,0.9994763731956482,1
mqtt_preprocessed_v2.csv,8065,19,19,18,18,Tag_19,Tag_19,0.9998939037322998,1
mqtt_preprocessed_v2.csv,8066,19,19,18,18,Tag_19,Tag_19,0.9998815059661865,1
mqtt_preprocessed_v2.csv,8067,19,19,18,18,Tag_19,Tag_19,0.9998815059661865,1
mqtt_preprocessed_v2.csv,8068,19,19,18,18,Tag_19,Tag_19,0.9998947381973267,1
mqtt_preprocessed_v2.csv,8069,19,19,18,18,Tag_19,Tag_19,0.9998533725738525,1
mqtt_preprocessed_v2.csv,8070,19,19,18,18,Tag_19,Tag_19,0.9998787641525269,1
mqtt_preprocessed_v2.csv,8071,19,19,18,18,Tag_19,Tag_19,0.99982088804245,1
mqtt_preprocessed_v2.csv,8072,19,19,18,18,Tag_19,Tag_19,0.8335431814193726,1
mqtt_preprocessed_v2.csv,8073,19,19,18,18,Tag_19,Tag_19,0.9998853206634521,1
mqtt_preprocessed_v2.csv,8074,19,19,18,18,Tag_19,Tag_19,0.9998799562454224,1
mqtt_preprocessed_v2.csv,8075,19,19,18,18,Tag_19,Tag_19,0.9998807907104492,1
mqtt_preprocessed_v2.csv,8076,19,19,18,18,Tag_19,Tag_19,0.9998941421508789,1
mqtt_preprocessed_v2.csv,8077,19,19,18,18,Tag_19,Tag_19,0.9998904466629028,1
mqtt_preprocessed_v2.csv,8078,19,19,18,18,Tag_19,Tag_19,0.9998733997344971,1
mqtt_preprocessed_v2.csv,8079,19,19,18,18,Tag_19,Tag_19,0.9998482465744019,1
mqtt_preprocessed_v2.csv,8080,19,19,18,18,Tag_19,Tag_19,0.999895453453064,1
mqtt_preprocessed_v2.csv,8081,19,19,18,18,Tag_19,Tag_19,0.9998916387557983,1
mqtt_preprocessed_v2.csv,8082,19,19,18,18,Tag_19,Tag_19,0.9998832941055298,1
mqtt_preprocessed_v2.csv,8083,19,19,18,18,Tag_19,Tag_19,0.9998936653137207,1
mqtt_preprocessed_v2.csv,8084,19,19,18,18,Tag_19,Tag_19,0.999596893787384,1
mqtt_preprocessed_v2.csv,8085,19,19,18,18,Tag_19,Tag_19,0.9997987151145935,1
mqtt_preprocessed_v2.csv,8086,19,19,18,18,Tag_19,Tag_19,0.9998921155929565,1
mqtt_preprocessed_v2.csv,8087,19,19,18,18,Tag_19,Tag_19,0.9998488426208496,1
mqtt_preprocessed_v2.csv,8088,19,19,18,18,Tag_19,Tag_19,0.9997350573539734,1
mqtt_preprocessed_v2.csv,8089,19,19,18,18,Tag_19,Tag_19,0.9998315572738647,1
mqtt_preprocessed_v2.csv,8090,19,19,18,18,Tag_19,Tag_19,0.9998916387557983,1
mqtt_preprocessed_v2.csv,8091,19,19,18,18,Tag_19,Tag_19,0.9998940229415894,1
mqtt_preprocessed_v2.csv,8092,19,19,18,18,Tag_19,Tag_19,0.9998225569725037,1
mqtt_preprocessed_v2.csv,8093,19,19,18,18,Tag_19,Tag_19,0.8994557857513428,1
mqtt_preprocessed_v2.csv,8094,19,19,18,18,Tag_19,Tag_19,0.9998745918273926,1
mqtt_preprocessed_v2.csv,8095,19,19,18,18,Tag_19,Tag_19,0.9998581409454346,1
mqtt_preprocessed_v2.csv,8096,19,19,18,18,Tag_19,Tag_19,0.9994699358940125,1
mqtt_preprocessed_v2.csv,8097,19,19,18,18,Tag_19,Tag_19,0.999848484992981,1
mqtt_preprocessed_v2.csv,8098,19,19,18,18,Tag_19,Tag_19,0.9868279695510864,1
mqtt_preprocessed_v2.csv,8099,19,19,18,18,Tag_19,Tag_19,0.9998528957366943,1
mqtt_preprocessed_v2.csv,8100,19,19,18,18,Tag_19,Tag_19,0.9998881816864014,1
mqtt_preprocessed_v2.csv,8101,19,19,18,18,Tag_19,Tag_19,0.9998875856399536,1
mqtt_preprocessed_v2.csv,8102,19,19,18,18,Tag_19,Tag_19,0.9994126558303833,1
mqtt_preprocessed_v2.csv,8103,19,19,18,18,Tag_19,Tag_19,0.9998925924301147,1
mqtt_preprocessed_v2.csv,8104,19,19,18,18,Tag_19,Tag_19,0.9997475743293762,1
mqtt_preprocessed_v2.csv,8105,19,19,18,18,Tag_19,Tag_19,0.9998832941055298,1
mqtt_preprocessed_v2.csv,8106,19,19,18,18,Tag_19,Tag_19,0.9990967512130737,1
mqtt_preprocessed_v2.csv,8107,19,19,18,18,Tag_19,Tag_19,0.9997218251228333,1
mqtt_preprocessed_v2.csv,8108,19,19,18,18,Tag_19,Tag_19,0.9998509883880615,1
mqtt_preprocessed_v2.csv,8109,19,19,18,18,Tag_19,Tag_19,0.9997484087944031,1
mqtt_preprocessed_v2.csv,8110,19,19,18,18,Tag_19,Tag_19,0.9998960494995117,1
mqtt_preprocessed_v2.csv,8111,19,19,18,18,Tag_19,Tag_19,0.9998613595962524,1
mqtt_preprocessed_v2.csv,8112,19,19,18,18,Tag_19,Tag_19,0.999887228012085,1
mqtt_preprocessed_v2.csv,8113,19,19,18,18,Tag_19,Tag_19,0.9997367262840271,1
mqtt_preprocessed_v2.csv,8114,19,19,18,18,Tag_19,Tag_19,0.9997320771217346,1
mqtt_preprocessed_v2.csv,8115,19,19,18,18,Tag_19,Tag_19,0.9998859167098999,1
mqtt_preprocessed_v2.csv,8116,19,19,18,18,Tag_19,Tag_19,0.9998915195465088,1
mqtt_preprocessed_v2.csv,8117,19,19,18,18,Tag_19,Tag_19,0.9998856782913208,1
mqtt_preprocessed_v2.csv,8118,19,19,18,18,Tag_19,Tag_19,0.9998918771743774,1
mqtt_preprocessed_v2.csv,8119,19,19,18,18,Tag_19,Tag_19,0.9998875856399536,1
mqtt_preprocessed_v2.csv,8120,19,19,18,18,Tag_19,Tag_19,0.9998852014541626,1
mqtt_preprocessed_v2.csv,8121,19,19,18,18,Tag_19,Tag_19,0.99983811378479,1
mqtt_preprocessed_v2.csv,8122,19,19,18,18,Tag_19,Tag_19,0.9998875856399536,1
mqtt_preprocessed_v2.csv,8123,19,19,18,18,Tag_19,Tag_19,0.9998094439506531,1
mqtt_preprocessed_v2.csv,8124,19,19,18,18,Tag_19,Tag_19,0.9998564720153809,1
mqtt_preprocessed_v2.csv,8125,19,19,18,18,Tag_19,Tag_19,0.9998615980148315,1
mqtt_preprocessed_v2.csv,8126,19,19,18,18,Tag_19,Tag_19,0.9998891353607178,1
mqtt_preprocessed_v2.csv,8127,19,19,18,18,Tag_19,Tag_19,0.9998571872711182,1
mqtt_preprocessed_v2.csv,8128,19,19,18,18,Tag_19,Tag_19,0.9998419284820557,1
mqtt_preprocessed_v2.csv,8129,19,19,18,18,Tag_19,Tag_19,0.9998433589935303,1
mqtt_preprocessed_v2.csv,8130,19,19,18,18,Tag_19,Tag_19,0.9998205304145813,1
mqtt_preprocessed_v2.csv,8131,19,19,18,18,Tag_19,Tag_19,0.9998519420623779,1
mqtt_preprocessed_v2.csv,8132,19,19,18,18,Tag_19,Tag_19,0.9998537302017212,1
mqtt_preprocessed_v2.csv,8133,19,19,18,18,Tag_19,Tag_19,0.9871885180473328,1
mqtt_preprocessed_v2.csv,8134,19,19,18,18,Tag_19,Tag_19,0.9998884201049805,1
mqtt_preprocessed_v2.csv,8135,19,19,18,18,Tag_19,Tag_19,0.9998878240585327,1
mqtt_preprocessed_v2.csv,8136,19,19,18,18,Tag_19,Tag_19,0.9997273087501526,1
mqtt_preprocessed_v2.csv,8137,19,19,18,18,Tag_19,Tag_19,0.9998868703842163,1
mqtt_preprocessed_v2.csv,8138,19,19,18,18,Tag_19,Tag_19,0.9998916387557983,1
mqtt_preprocessed_v2.csv,8139,19,19,18,18,Tag_19,Tag_19,0.9996529817581177,1
mqtt_preprocessed_v2.csv,8140,19,19,18,18,Tag_19,Tag_19,0.9998583793640137,1
mqtt_preprocessed_v2.csv,8141,19,19,18,18,Tag_19,Tag_19,0.7097664475440979,1
mqtt_preprocessed_v2.csv,8142,19,19,18,18,Tag_19,Tag_19,0.9998918771743774,1
mqtt_preprocessed_v2.csv,8143,19,19,18,18,Tag_19,Tag_19,0.9998651742935181,1
mqtt_preprocessed_v2.csv,8144,19,19,18,18,Tag_19,Tag_19,0.9998880624771118,1
mqtt_preprocessed_v2.csv,8145,19,19,18,18,Tag_19,Tag_19,0.9998874664306641,1
mqtt_preprocessed_v2.csv,8146,19,19,18,18,Tag_19,Tag_19,0.9998090863227844,1
mqtt_preprocessed_v2.csv,8147,19,19,18,18,Tag_19,Tag_19,0.9998892545700073,1
mqtt_preprocessed_v2.csv,8148,20,20,19,19,Tag_20,Tag_20,0.999894380569458,1
mqtt_preprocessed_v2.csv,8149,20,20,19,19,Tag_20,Tag_20,0.9997795224189758,1
mqtt_preprocessed_v2.csv,8150,20,20,19,19,Tag_20,Tag_20,0.9993941783905029,1
mqtt_preprocessed_v2.csv,8151,20,20,19,19,Tag_20,Tag_20,0.9998947381973267,1
mqtt_preprocessed_v2.csv,8152,20,20,19,19,Tag_20,Tag_20,0.9997727274894714,1
mqtt_preprocessed_v2.csv,8153,20,20,19,19,Tag_20,Tag_20,0.999893307685852,1
mqtt_preprocessed_v2.csv,8154,20,20,19,19,Tag_20,Tag_20,0.9998593330383301,1
mqtt_preprocessed_v2.csv,8155,20,20,19,19,Tag_20,Tag_20,0.9997485280036926,1
mqtt_preprocessed_v2.csv,8156,20,20,19,19,Tag_20,Tag_20,0.9998965263366699,1
mqtt_preprocessed_v2.csv,8157,20,20,19,19,Tag_20,Tag_20,0.9998676776885986,1
mqtt_preprocessed_v2.csv,8158,20,20,19,19,Tag_20,Tag_20,0.999380350112915,1
mqtt_preprocessed_v2.csv,8159,20,20,19,19,Tag_20,Tag_20,0.9998955726623535,1
mqtt_preprocessed_v2.csv,8160,20,20,19,19,Tag_20,Tag_20,0.9998584985733032,1
mqtt_preprocessed_v2.csv,8161,20,20,19,19,Tag_20,Tag_20,0.9998577833175659,1
mqtt_preprocessed_v2.csv,8162,20,20,19,19,Tag_20,Tag_20,0.9995025396347046,1
mqtt_preprocessed_v2.csv,8163,20,20,19,19,Tag_20,Tag_20,0.999725878238678,1
mqtt_preprocessed_v2.csv,8164,20,20,19,19,Tag_20,Tag_20,0.9998637437820435,1
mqtt_preprocessed_v2.csv,8165,20,20,19,19,Tag_20,Tag_20,0.9998936653137207,1
mqtt_preprocessed_v2.csv,8166,20,20,19,19,Tag_20,Tag_20,0.9997549653053284,1
mqtt_preprocessed_v2.csv,8167,20,20,19,19,Tag_20,Tag_20,0.9997816681861877,1
mqtt_preprocessed_v2.csv,8168,20,20,19,19,Tag_20,Tag_20,0.9998975992202759,1
mqtt_preprocessed_v2.csv,8169,20,20,19,19,Tag_20,Tag_20,0.9993113279342651,1
mqtt_preprocessed_v2.csv,8170,20,20,19,19,Tag_20,Tag_20,0.9998911619186401,1
mqtt_preprocessed_v2.csv,8171,20,20,19,19,Tag_20,Tag_20,0.9671430587768555,1
mqtt_preprocessed_v2.csv,8172,20,20,19,19,Tag_20,Tag_20,0.9998651742935181,1
mqtt_preprocessed_v2.csv,8173,20,20,19,19,Tag_20,Tag_20,0.9998915195465088,1
mqtt_preprocessed_v2.csv,8174,20,20,19,19,Tag_20,Tag_20,0.9765244722366333,1
mqtt_preprocessed_v2.csv,8175,20,20,19,19,Tag_20,Tag_20,0.9998980760574341,1
mqtt_preprocessed_v2.csv,8176,20,20,19,19,Tag_20,Tag_20,0.9997374415397644,1
mqtt_preprocessed_v2.csv,8177,20,20,19,19,Tag_20,Tag_20,0.888408899307251,1
mqtt_preprocessed_v2.csv,8178,20,20,19,19,Tag_20,Tag_20,0.9996833801269531,1
mqtt_preprocessed_v2.csv,8179,20,20,19,19,Tag_20,Tag_20,0.9998918771743774,1
mqtt_preprocessed_v2.csv,8180,20,20,19,19,Tag_20,Tag_20,0.9998630285263062,1
mqtt_preprocessed_v2.csv,8181,20,20,19,19,Tag_20,Tag_20,0.9773748517036438,1
mqtt_preprocessed_v2.csv,8182,20,20,19,19,Tag_20,Tag_20,0.999769389629364,1
mqtt_preprocessed_v2.csv,8183,20,20,19,19,Tag_20,Tag_20,0.9998466968536377,1
mqtt_preprocessed_v2.csv,8184,20,20,19,19,Tag_20,Tag_20,0.9997711777687073,1
mqtt_preprocessed_v2.csv,8185,20,20,19,19,Tag_20,Tag_20,0.9998564720153809,1
mqtt_preprocessed_v2.csv,8186,20,20,19,19,Tag_20,Tag_20,0.9998688697814941,1
mqtt_preprocessed_v2.csv,8187,20,20,19,19,Tag_20,Tag_20,0.9760722517967224,1
mqtt_preprocessed_v2.csv,8188,20,20,19,19,Tag_20,Tag_20,0.9997723698616028,1
mqtt_preprocessed_v2.csv,8189,20,20,19,19,Tag_20,Tag_20,0.999745786190033,1
mqtt_preprocessed_v2.csv,8190,20,20,19,19,Tag_20,Tag_20,0.9996981620788574,1
mqtt_preprocessed_v2.csv,8191,20,20,19,19,Tag_20,Tag_20,0.9998683929443359,1
mqtt_preprocessed_v2.csv,8192,20,20,19,19,Tag_20,Tag_20,0.9998998641967773,1
mqtt_preprocessed_v2.csv,8193,20,20,19,19,Tag_20,Tag_20,0.999762237071991,1
mqtt_preprocessed_v2.csv,8194,20,20,19,19,Tag_20,Tag_20,0.9993230104446411,1
mqtt_preprocessed_v2.csv,8195,20,20,19,19,Tag_20,Tag_20,0.9998928308486938,1
mqtt_preprocessed_v2.csv,8196,20,20,19,19,Tag_20,Tag_20,0.9998723268508911,1
mqtt_preprocessed_v2.csv,8197,20,20,19,19,Tag_20,Tag_20,0.9998531341552734,1
mqtt_preprocessed_v2.csv,8198,20,20,19,19,Tag_20,Tag_20,0.9738808274269104,1
mqtt_preprocessed_v2.csv,8199,20,20,19,19,Tag_20,Tag_20,0.9999152421951294,1
mqtt_preprocessed_v2.csv,8200,20,20,19,19,Tag_20,Tag_20,0.999896764755249,1
mqtt_preprocessed_v2.csv,8201,20,20,19,19,Tag_20,Tag_20,0.9998966455459595,1
mqtt_preprocessed_v2.csv,8202,20,20,19,19,Tag_20,Tag_20,0.9998420476913452,1
mqtt_preprocessed_v2.csv,8203,20,20,19,19,Tag_20,Tag_20,0.9999165534973145,1
mqtt_preprocessed_v2.csv,8204,20,20,19,19,Tag_20,Tag_20,0.9998860359191895,1
mqtt_preprocessed_v2.csv,8205,20,20,19,19,Tag_20,Tag_20,0.9994496703147888,1
mqtt_preprocessed_v2.csv,8206,20,20,19,19,Tag_20,Tag_20,0.9999167919158936,1
mqtt_preprocessed_v2.csv,8207,20,20,19,19,Tag_20,Tag_20,0.9995192289352417,1
mqtt_preprocessed_v2.csv,8208,20,20,19,19,Tag_20,Tag_20,0.9998469352722168,1
mqtt_preprocessed_v2.csv,8209,20,20,19,19,Tag_20,Tag_20,0.9242424964904785,1
mqtt_preprocessed_v2.csv,8210,20,20,19,19,Tag_20,Tag_20,0.9998985528945923,1
mqtt_preprocessed_v2.csv,8211,20,20,19,19,Tag_20,Tag_20,0.9981257319450378,1
mqtt_preprocessed_v2.csv,8212,20,20,19,19,Tag_20,Tag_20,0.9998987913131714,1
mqtt_preprocessed_v2.csv,8213,20,20,19,19,Tag_20,Tag_20,0.999885082244873,1
mqtt_preprocessed_v2.csv,8214,20,20,19,19,Tag_20,Tag_20,0.9980493783950806,1
mqtt_preprocessed_v2.csv,8215,20,20,19,19,Tag_20,Tag_20,0.9998974800109863,1
mqtt_preprocessed_v2.csv,8216,20,20,19,19,Tag_20,Tag_20,0.9999165534973145,1
mqtt_preprocessed_v2.csv,8217,20,20,19,19,Tag_20,Tag_20,0.9998992681503296,1
mqtt_preprocessed_v2.csv,8218,20,20,19,19,Tag_20,Tag_20,0.9996058344841003,1
mqtt_preprocessed_v2.csv,8219,20,20,19,19,Tag_20,Tag_20,0.9999188184738159,1
mqtt_preprocessed_v2.csv,8220,20,20,19,19,Tag_20,Tag_20,0.9998935461044312,1
mqtt_preprocessed_v2.csv,8221,20,20,19,19,Tag_20,Tag_20,0.9998776912689209,1
mqtt_preprocessed_v2.csv,8222,20,20,19,19,Tag_20,Tag_20,0.9999189376831055,1
mqtt_preprocessed_v2.csv,8223,20,20,19,19,Tag_20,Tag_20,0.999698281288147,1
mqtt_preprocessed_v2.csv,8224,20,20,19,19,Tag_20,Tag_20,0.9994070529937744,1
mqtt_preprocessed_v2.csv,8225,20,20,19,19,Tag_20,Tag_20,0.9998430013656616,1
mqtt_preprocessed_v2.csv,8226,20,20,19,19,Tag_20,Tag_20,0.9998966455459595,1
mqtt_preprocessed_v2.csv,8227,20,20,19,19,Tag_20,Tag_20,0.9998478889465332,1
mqtt_preprocessed_v2.csv,8228,20,20,19,19,Tag_20,Tag_20,0.9990266561508179,1
mqtt_preprocessed_v2.csv,8229,20,20,19,19,Tag_20,Tag_20,0.9998857975006104,1
mqtt_preprocessed_v2.csv,8230,20,20,19,19,Tag_20,Tag_20,0.9996803998947144,1
mqtt_preprocessed_v2.csv,8231,20,20,19,19,Tag_20,Tag_20,0.9995229244232178,1
mqtt_preprocessed_v2.csv,8232,20,20,19,19,Tag_20,Tag_20,0.999538779258728,1
mqtt_preprocessed_v2.csv,8233,20,20,19,19,Tag_20,Tag_20,0.9998782873153687,1
mqtt_preprocessed_v2.csv,8234,20,20,19,19,Tag_20,Tag_20,0.9998980760574341,1
mqtt_preprocessed_v2.csv,8235,20,20,19,19,Tag_20,Tag_20,0.9999182224273682,1
mqtt_preprocessed_v2.csv,8236,20,20,19,19,Tag_20,Tag_20,0.999701201915741,1
mqtt_preprocessed_v2.csv,8237,20,20,19,19,Tag_20,Tag_20,0.9998977184295654,1
mqtt_preprocessed_v2.csv,8238,20,20,19,19,Tag_20,Tag_20,0.9999175071716309,1
mqtt_preprocessed_v2.csv,8239,20,20,19,19,Tag_20,Tag_20,0.9998431205749512,1
mqtt_preprocessed_v2.csv,8240,20,20,19,19,Tag_20,Tag_20,0.9998370409011841,1
mqtt_preprocessed_v2.csv,8241,20,20,19,19,Tag_20,Tag_20,0.8033965229988098,1
mqtt_preprocessed_v2.csv,8242,20,20,19,19,Tag_20,Tag_20,0.9999169111251831,1
mqtt_preprocessed_v2.csv,8243,20,20,19,19,Tag_20,Tag_20,0.9998980760574341,1
mqtt_preprocessed_v2.csv,8244,20,20,19,19,Tag_20,Tag_20,0.9998421669006348,1
mqtt_preprocessed_v2.csv,8245,20,20,19,19,Tag_20,Tag_20,0.9998928308486938,1
mqtt_preprocessed_v2.csv,8246,20,20,19,19,Tag_20,Tag_20,0.7879967093467712,1
mqtt_preprocessed_v2.csv,8247,20,20,19,19,Tag_20,Tag_20,0.9998842477798462,1
mqtt_preprocessed_v2.csv,8248,21,21,20,20,Tag_21,Tag_21,0.9962661862373352,1
mqtt_preprocessed_v2.csv,8249,21,21,20,20,Tag_21,Tag_21,0.999467670917511,1
mqtt_preprocessed_v2.csv,8250,21,21,20,20,Tag_21,Tag_21,0.9989417195320129,1
mqtt_preprocessed_v2.csv,8251,21,21,20,20,Tag_21,Tag_21,0.9995390176773071,1
mqtt_preprocessed_v2.csv,8252,21,21,20,20,Tag_21,Tag_21,0.9995868802070618,1
mqtt_preprocessed_v2.csv,8253,21,21,20,20,Tag_21,Tag_21,0.9994378685951233,1
mqtt_preprocessed_v2.csv,8254,21,21,20,20,Tag_21,Tag_21,0.9995941519737244,1
mqtt_preprocessed_v2.csv,8255,21,21,20,20,Tag_21,Tag_21,0.9990358352661133,1
mqtt_preprocessed_v2.csv,8256,21,21,20,20,Tag_21,Tag_21,0.9996391534805298,1
mqtt_preprocessed_v2.csv,8257,21,21,20,20,Tag_21,Tag_21,0.9995250701904297,1
mqtt_preprocessed_v2.csv,8258,21,21,20,20,Tag_21,Tag_21,0.9992837309837341,1
mqtt_preprocessed_v2.csv,8259,21,21,20,20,Tag_21,Tag_21,0.999472439289093,1
mqtt_preprocessed_v2.csv,8260,21,21,20,20,Tag_21,Tag_21,0.999622106552124,1
mqtt_preprocessed_v2.csv,8261,21,21,20,20,Tag_21,Tag_21,0.9996665716171265,1
mqtt_preprocessed_v2.csv,8262,21,21,20,20,Tag_21,Tag_21,0.9991408586502075,1
mqtt_preprocessed_v2.csv,8263,21,21,20,20,Tag_21,Tag_21,0.9996140599250793,1
mqtt_preprocessed_v2.csv,8264,21,21,20,20,Tag_21,Tag_21,0.9995768666267395,1
mqtt_preprocessed_v2.csv,8265,21,21,20,20,Tag_21,Tag_21,0.9995833039283752,1
mqtt_preprocessed_v2.csv,8266,21,21,20,20,Tag_21,Tag_21,0.999679684638977,1
mqtt_preprocessed_v2.csv,8267,21,21,20,20,Tag_21,Tag_21,0.9996114373207092,1
mqtt_preprocessed_v2.csv,8268,21,21,20,20,Tag_21,Tag_21,0.9995988011360168,1
mqtt_preprocessed_v2.csv,8269,21,21,20,20,Tag_21,Tag_21,0.9990670084953308,1
mqtt_preprocessed_v2.csv,8270,21,21,20,20,Tag_21,Tag_21,0.9996002316474915,1
mqtt_preprocessed_v2.csv,8271,21,21,20,20,Tag_21,Tag_21,0.999576985836029,1
mqtt_preprocessed_v2.csv,8272,21,21,20,20,Tag_21,Tag_21,0.9996582269668579,1
mqtt_preprocessed_v2.csv,8273,21,21,20,20,Tag_21,Tag_21,0.9991187453269958,1
mqtt_preprocessed_v2.csv,8274,21,21,20,20,Tag_21,Tag_21,0.9988092184066772,1
mqtt_preprocessed_v2.csv,8275,21,21,20,20,Tag_21,Tag_21,0.9936304688453674,1
mqtt_preprocessed_v2.csv,8276,21,21,20,20,Tag_21,Tag_21,0.999567449092865,1
mqtt_preprocessed_v2.csv,8277,21,21,20,20,Tag_21,Tag_21,0.9992602467536926,1
mqtt_preprocessed_v2.csv,8278,21,21,20,20,Tag_21,Tag_21,0.9951314926147461,1
mqtt_preprocessed_v2.csv,8279,21,21,20,20,Tag_21,Tag_21,0.9994333386421204,1
mqtt_preprocessed_v2.csv,8280,21,21,20,20,Tag_21,Tag_21,0.9995614886283875,1
mqtt_preprocessed_v2.csv,8281,21,21,20,20,Tag_21,Tag_21,0.9990735054016113,1
mqtt_preprocessed_v2.csv,8282,21,21,20,20,Tag_21,Tag_21,0.9990092515945435,1
mqtt_preprocessed_v2.csv,8283,21,21,20,20,Tag_21,Tag_21,0.9996335506439209,1
mqtt_preprocessed_v2.csv,8284,21,21,20,20,Tag_21,Tag_21,0.9995273351669312,1
mqtt_preprocessed_v2.csv,8285,21,21,20,20,Tag_21,Tag_21,0.999591052532196,1
mqtt_preprocessed_v2.csv,8286,21,21,20,20,Tag_21,Tag_21,0.999371349811554,1
mqtt_preprocessed_v2.csv,8287,21,21,20,20,Tag_21,Tag_21,0.9990761280059814,1
mqtt_preprocessed_v2.csv,8288,21,21,20,20,Tag_21,Tag_21,0.9996706247329712,1
mqtt_preprocessed_v2.csv,8289,21,21,20,20,Tag_21,Tag_21,0.9995280504226685,1
mqtt_preprocessed_v2.csv,8290,21,21,20,20,Tag_21,Tag_21,0.9996392726898193,1
mqtt_preprocessed_v2.csv,8291,21,21,20,20,Tag_21,Tag_21,0.9917324781417847,1
mqtt_preprocessed_v2.csv,8292,21,21,20,20,Tag_21,Tag_21,0.9987126588821411,1
mqtt_preprocessed_v2.csv,8293,21,21,20,20,Tag_21,Tag_21,0.999189555644989,1
mqtt_preprocessed_v2.csv,8294,21,21,20,20,Tag_21,Tag_21,0.99962317943573,1
mqtt_preprocessed_v2.csv,8295,21,21,20,20,Tag_21,Tag_21,0.991791844367981,1
mqtt_preprocessed_v2.csv,8296,21,21,20,20,Tag_21,Tag_21,0.9995443224906921,1
mqtt_preprocessed_v2.csv,8297,21,21,20,20,Tag_21,Tag_21,0.9996309280395508,1
mqtt_preprocessed_v2.csv,8298,21,21,20,20,Tag_21,Tag_21,0.8179773688316345,1
mqtt_preprocessed_v2.csv,8299,21,21,20,20,Tag_21,Tag_21,0.6218904256820679,1
mqtt_preprocessed_v2.csv,8300,21,21,20,20,Tag_21,Tag_21,0.9996064305305481,1
mqtt_preprocessed_v2.csv,8301,21,21,20,20,Tag_21,Tag_21,0.9981409311294556,1
mqtt_preprocessed_v2.csv,8302,21,21,20,20,Tag_21,Tag_21,0.9997487664222717,1
mqtt_preprocessed_v2.csv,8303,21,21,20,20,Tag_21,Tag_21,0.9995297193527222,1
mqtt_preprocessed_v2.csv,8304,21,21,20,20,Tag_21,Tag_21,0.6951547265052795,1
mqtt_preprocessed_v2.csv,8305,21,21,20,20,Tag_21,Tag_21,0.9997683167457581,1
mqtt_preprocessed_v2.csv,8306,21,21,20,20,Tag_21,Tag_21,0.9997299313545227,1
mqtt_preprocessed_v2.csv,8307,21,21,20,20,Tag_21,Tag_21,0.9997867941856384,1
mqtt_preprocessed_v2.csv,8308,21,21,20,20,Tag_21,Tag_21,0.9996671676635742,1
mqtt_preprocessed_v2.csv,8309,21,21,20,20,Tag_21,Tag_21,0.9995191097259521,1
mqtt_preprocessed_v2.csv,8310,21,21,20,20,Tag_21,Tag_21,0.999737560749054,1
mqtt_preprocessed_v2.csv,8311,21,21,20,20,Tag_21,Tag_21,0.6279741525650024,1
mqtt_preprocessed_v2.csv,8312,21,21,20,20,Tag_21,Tag_21,0.9997020363807678,1
mqtt_preprocessed_v2.csv,8313,21,21,20,20,Tag_21,Tag_21,0.9996283054351807,1
mqtt_preprocessed_v2.csv,8314,21,21,20,20,Tag_21,Tag_21,0.9994927644729614,1
mqtt_preprocessed_v2.csv,8315,21,21,20,20,Tag_21,Tag_21,0.998293936252594,1
mqtt_preprocessed_v2.csv,8316,21,21,20,20,Tag_21,Tag_21,0.9985881447792053,1
mqtt_preprocessed_v2.csv,8317,21,21,20,20,Tag_21,Tag_21,0.9993701577186584,1
mqtt_preprocessed_v2.csv,8318,21,21,20,20,Tag_21,Tag_21,0.9997473359107971,1
mqtt_preprocessed_v2.csv,8319,21,21,20,20,Tag_21,Tag_21,0.9993696808815002,1
mqtt_preprocessed_v2.csv,8320,21,21,20,20,Tag_21,Tag_21,0.9997088313102722,1
mqtt_preprocessed_v2.csv,8321,21,21,20,20,Tag_21,Tag_21,0.7194215655326843,1
mqtt_preprocessed_v2.csv,8322,21,21,20,20,Tag_21,Tag_21,0.9994695782661438,1
mqtt_preprocessed_v2.csv,8323,21,21,20,20,Tag_21,Tag_21,0.9996309280395508,1
mqtt_preprocessed_v2.csv,8324,21,21,20,20,Tag_21,Tag_21,0.9993778467178345,1
mqtt_preprocessed_v2.csv,8325,21,21,20,20,Tag_21,Tag_21,0.9990026354789734,1
mqtt_preprocessed_v2.csv,8326,21,21,20,20,Tag_21,Tag_21,0.9997318387031555,1
mqtt_preprocessed_v2.csv,8327,21,21,20,20,Tag_21,Tag_21,0.9994609951972961,1
mqtt_preprocessed_v2.csv,8328,21,21,20,20,Tag_21,Tag_21,0.9993836879730225,1
mqtt_preprocessed_v2.csv,8329,21,21,20,20,Tag_21,Tag_21,0.9997546076774597,1
mqtt_preprocessed_v2.csv,8330,21,21,20,20,Tag_21,Tag_21,0.9997053742408752,1
mqtt_preprocessed_v2.csv,8331,21,21,20,20,Tag_21,Tag_21,0.9997681975364685,1
mqtt_preprocessed_v2.csv,8332,21,21,20,20,Tag_21,Tag_21,0.9997603297233582,1
mqtt_preprocessed_v2.csv,8333,21,21,20,20,Tag_21,Tag_21,0.9997239708900452,1
mqtt_preprocessed_v2.csv,8334,21,21,20,20,Tag_21,Tag_21,0.999338686466217,1
mqtt_preprocessed_v2.csv,8335,21,21,20,20,Tag_21,Tag_21,0.622712254524231,1
mqtt_preprocessed_v2.csv,8336,21,21,20,20,Tag_21,Tag_21,0.9997689127922058,1
mqtt_preprocessed_v2.csv,8337,21,21,20,20,Tag_21,Tag_21,0.9997528195381165,1
mqtt_preprocessed_v2.csv,8338,21,21,20,20,Tag_21,Tag_21,0.6709293127059937,1
mqtt_preprocessed_v2.csv,8339,21,21,20,20,Tag_21,Tag_21,0.999690055847168,1
mqtt_preprocessed_v2.csv,8340,21,21,20,20,Tag_21,Tag_21,0.999782383441925,1
mqtt_preprocessed_v2.csv,8341,21,21,20,20,Tag_21,Tag_21,0.9992402791976929,1
mqtt_preprocessed_v2.csv,8342,21,21,20,20,Tag_21,Tag_21,0.9996992349624634,1
mqtt_preprocessed_v2.csv,8343,21,21,20,20,Tag_21,Tag_21,0.9997642636299133,1
mqtt_preprocessed_v2.csv,8344,21,21,20,20,Tag_21,Tag_21,0.9995439648628235,1
mqtt_preprocessed_v2.csv,8345,21,21,20,20,Tag_21,Tag_21,0.999277651309967,1
mqtt_preprocessed_v2.csv,8346,21,21,20,20,Tag_21,Tag_21,0.9997404217720032,1
mqtt_preprocessed_v2.csv,8347,21,21,20,20,Tag_21,Tag_21,0.9996154308319092,1
mqtt_preprocessed_v2.csv,8348,21,21,20,20,Tag_21,Tag_21,0.9993593096733093,1
mqtt_preprocessed_v2.csv,8349,21,21,20,20,Tag_21,Tag_21,0.9383675456047058,1
mqtt_preprocessed_v2.csv,8350,21,21,20,20,Tag_21,Tag_21,0.9996881484985352,1
mqtt_preprocessed_v2.csv,8351,21,21,20,20,Tag_21,Tag_21,0.9996399879455566,1
mqtt_preprocessed_v2.csv,8352,21,21,20,20,Tag_21,Tag_21,0.999647855758667,1
mqtt_preprocessed_v2.csv,8353,21,21,20,20,Tag_21,Tag_21,0.9994328618049622,1
mqtt_preprocessed_v2.csv,8354,21,21,20,20,Tag_21,Tag_21,0.9996589422225952,1
mqtt_preprocessed_v2.csv,8355,21,21,20,20,Tag_21,Tag_21,0.999605119228363,1
mqtt_preprocessed_v2.csv,8356,21,21,20,20,Tag_21,Tag_21,0.9620141983032227,1
mqtt_preprocessed_v2.csv,8357,21,21,20,20,Tag_21,Tag_21,0.9996713399887085,1
mqtt_preprocessed_v2.csv,8358,21,21,20,20,Tag_21,Tag_21,0.9996387958526611,1
mqtt_preprocessed_v2.csv,8359,21,21,20,20,Tag_21,Tag_21,0.9994756579399109,1
mqtt_preprocessed_v2.csv,8360,21,21,20,20,Tag_21,Tag_21,0.99967360496521,1
mqtt_preprocessed_v2.csv,8361,21,21,20,20,Tag_21,Tag_21,0.9995494484901428,1
mqtt_preprocessed_v2.csv,8362,21,21,20,20,Tag_21,Tag_21,0.9996079802513123,1
mqtt_preprocessed_v2.csv,8363,21,21,20,20,Tag_21,Tag_21,0.9992486834526062,1
mqtt_preprocessed_v2.csv,8364,21,21,20,20,Tag_21,Tag_21,0.9994750618934631,1
mqtt_preprocessed_v2.csv,8365,21,21,20,20,Tag_21,Tag_21,0.9996347427368164,1
mqtt_preprocessed_v2.csv,8366,21,21,20,20,Tag_21,Tag_21,0.9995785355567932,1
mqtt_preprocessed_v2.csv,8367,21,21,20,20,Tag_21,Tag_21,0.9996582269668579,1
mqtt_preprocessed_v2.csv,8368,21,21,20,20,Tag_21,Tag_21,0.9996722936630249,1
mqtt_preprocessed_v2.csv,8369,21,21,20,20,Tag_21,Tag_21,0.9996832609176636,1
mqtt_preprocessed_v2.csv,8370,21,21,20,20,Tag_21,Tag_21,0.999705970287323,1
mqtt_preprocessed_v2.csv,8371,21,21,20,20,Tag_21,Tag_21,0.9429701566696167,1
mqtt_preprocessed_v2.csv,8372,21,21,20,20,Tag_21,Tag_21,0.9462485909461975,1
mqtt_preprocessed_v2.csv,8373,21,21,20,20,Tag_21,Tag_21,0.9990807771682739,1
mqtt_preprocessed_v2.csv,8374,21,21,20,20,Tag_21,Tag_21,0.9995867609977722,1
mqtt_preprocessed_v2.csv,8375,21,21,20,20,Tag_21,Tag_21,0.9995396137237549,1
mqtt_preprocessed_v2.csv,8376,21,21,20,20,Tag_21,Tag_21,0.9979350566864014,1
mqtt_preprocessed_v2.csv,8377,21,21,20,20,Tag_21,Tag_21,0.9995255470275879,1
mqtt_preprocessed_v2.csv,8378,21,21,20,20,Tag_21,Tag_21,0.9996287822723389,1
mqtt_preprocessed_v2.csv,8379,21,21,20,20,Tag_21,Tag_21,0.9994280934333801,1
mqtt_preprocessed_v2.csv,8380,21,21,20,20,Tag_21,Tag_21,0.9317269325256348,1
mqtt_preprocessed_v2.csv,8381,21,21,20,20,Tag_21,Tag_21,0.9991306662559509,1
mqtt_preprocessed_v2.csv,8382,21,21,20,20,Tag_21,Tag_21,0.9996473789215088,1
mqtt_preprocessed_v2.csv,8383,21,21,20,20,Tag_21,Tag_21,0.9996271133422852,1
mqtt_preprocessed_v2.csv,8384,21,21,20,20,Tag_21,Tag_21,0.9994340538978577,1
mqtt_preprocessed_v2.csv,8385,21,21,20,20,Tag_21,Tag_21,0.9996059536933899,1
mqtt_preprocessed_v2.csv,8386,21,21,20,20,Tag_21,Tag_21,0.9982557892799377,1
mqtt_preprocessed_v2.csv,8387,21,21,20,20,Tag_21,Tag_21,0.9306843280792236,1
mqtt_preprocessed_v2.csv,8388,21,21,20,20,Tag_21,Tag_21,0.9996238946914673,1
mqtt_preprocessed_v2.csv,8389,21,21,20,20,Tag_21,Tag_21,0.9989194869995117,1
mqtt_preprocessed_v2.csv,8390,21,21,20,20,Tag_21,Tag_21,0.9425880908966064,1
mqtt_preprocessed_v2.csv,8391,21,21,20,20,Tag_21,Tag_21,0.9992863535881042,1
mqtt_preprocessed_v2.csv,8392,21,21,20,20,Tag_21,Tag_21,0.999594509601593,1
mqtt_preprocessed_v2.csv,8393,21,21,20,20,Tag_21,Tag_21,0.9996938705444336,1
mqtt_preprocessed_v2.csv,8394,21,21,20,20,Tag_21,Tag_21,0.999677300453186,1
mqtt_preprocessed_v2.csv,8395,21,21,20,20,Tag_21,Tag_21,0.9996196031570435,1
mqtt_preprocessed_v2.csv,8396,21,21,20,20,Tag_21,Tag_21,0.9996080994606018,1
mqtt_preprocessed_v2.csv,8397,21,21,20,20,Tag_21,Tag_21,0.9994739890098572,1
mqtt_preprocessed_v2.csv,8398,22,22,21,21,Tag_22,Tag_22,0.9996703863143921,1
mqtt_preprocessed_v2.csv,8399,22,22,21,21,Tag_22,Tag_22,0.9996250867843628,1
mqtt_preprocessed_v2.csv,8400,22,22,21,21,Tag_22,Tag_22,0.999652624130249,1
mqtt_preprocessed_v2.csv,8401,22,22,21,21,Tag_22,Tag_22,0.9996073842048645,1
mqtt_preprocessed_v2.csv,8402,22,22,21,21,Tag_22,Tag_22,0.999653697013855,1
mqtt_preprocessed_v2.csv,8403,22,22,21,21,Tag_22,Tag_22,0.9995415210723877,1
mqtt_preprocessed_v2.csv,8404,22,22,21,21,Tag_22,Tag_22,0.9995725750923157,1
mqtt_preprocessed_v2.csv,8405,22,22,21,21,Tag_22,Tag_22,0.9995096921920776,1
mqtt_preprocessed_v2.csv,8406,22,22,21,21,Tag_22,Tag_22,0.999640703201294,1
mqtt_preprocessed_v2.csv,8407,22,22,21,21,Tag_22,Tag_22,0.999645471572876,1
mqtt_preprocessed_v2.csv,8408,22,22,21,21,Tag_22,Tag_22,0.9996939897537231,1
mqtt_preprocessed_v2.csv,8409,22,22,21,21,Tag_22,Tag_22,0.9996706247329712,1
mqtt_preprocessed_v2.csv,8410,22,22,21,21,Tag_22,Tag_22,0.9996117949485779,1
mqtt_preprocessed_v2.csv,8411,22,22,21,21,Tag_22,Tag_22,0.9995993971824646,1
mqtt_preprocessed_v2.csv,8412,22,22,21,21,Tag_22,Tag_22,0.999528169631958,1
mqtt_preprocessed_v2.csv,8413,22,22,21,21,Tag_22,Tag_22,0.9995835423469543,1
mqtt_preprocessed_v2.csv,8414,22,22,21,21,Tag_22,Tag_22,0.9996181726455688,1
mqtt_preprocessed_v2.csv,8415,22,22,21,21,Tag_22,Tag_22,0.9996778964996338,1
mqtt_preprocessed_v2.csv,8416,22,22,21,21,Tag_22,Tag_22,0.9996461868286133,1
mqtt_preprocessed_v2.csv,8417,22,22,21,21,Tag_22,Tag_22,0.9995821118354797,1
mqtt_preprocessed_v2.csv,8418,22,22,21,21,Tag_22,Tag_22,0.681584358215332,1
mqtt_preprocessed_v2.csv,8419,22,22,21,21,Tag_22,Tag_22,0.9969980716705322,1
mqtt_preprocessed_v2.csv,8420,22,-1,21,0,Tag_22,Normal,0.6133213043212891,0
mqtt_preprocessed_v2.csv,8421,22,22,21,21,Tag_22,Tag_22,0.9939391613006592,1
mqtt_preprocessed_v2.csv,8422,22,22,21,21,Tag_22,Tag_22,0.99960857629776,1
mqtt_preprocessed_v2.csv,8423,22,22,21,21,Tag_22,Tag_22,0.9996782541275024,1
mqtt_preprocessed_v2.csv,8424,22,22,21,21,Tag_22,Tag_22,0.999572217464447,1
mqtt_preprocessed_v2.csv,8425,22,22,21,21,Tag_22,Tag_22,0.9996408224105835,1
mqtt_preprocessed_v2.csv,8426,22,22,21,21,Tag_22,Tag_22,0.9996569156646729,1
mqtt_preprocessed_v2.csv,8427,22,22,21,21,Tag_22,Tag_22,0.9996092915534973,1
mqtt_preprocessed_v2.csv,8428,22,22,21,21,Tag_22,Tag_22,0.9995423555374146,1
mqtt_preprocessed_v2.csv,8429,22,22,21,21,Tag_22,Tag_22,0.999466598033905,1
mqtt_preprocessed_v2.csv,8430,22,22,21,21,Tag_22,Tag_22,0.9995922446250916,1
mqtt_preprocessed_v2.csv,8431,22,22,21,21,Tag_22,Tag_22,0.9995299577713013,1
mqtt_preprocessed_v2.csv,8432,22,22,21,21,Tag_22,Tag_22,0.9995991587638855,1
mqtt_preprocessed_v2.csv,8433,22,22,21,21,Tag_22,Tag_22,0.9939486980438232,1
mqtt_preprocessed_v2.csv,8434,22,22,21,21,Tag_22,Tag_22,0.9969995021820068,1
mqtt_preprocessed_v2.csv,8435,22,22,21,21,Tag_22,Tag_22,0.9969005584716797,1
mqtt_preprocessed_v2.csv,8436,22,22,21,21,Tag_22,Tag_22,0.6905520558357239,1
mqtt_preprocessed_v2.csv,8437,22,-1,21,0,Tag_22,Normal,0.8502997756004333,0
mqtt_preprocessed_v2.csv,8438,22,22,21,21,Tag_22,Tag_22,0.9968421459197998,1
mqtt_preprocessed_v2.csv,8439,22,22,21,21,Tag_22,Tag_22,0.9939445853233337,1
mqtt_preprocessed_v2.csv,8440,22,22,21,21,Tag_22,Tag_22,0.9939388036727905,1
mqtt_preprocessed_v2.csv,8441,22,22,21,21,Tag_22,Tag_22,0.9968409538269043,1
mqtt_preprocessed_v2.csv,8442,22,22,21,21,Tag_22,Tag_22,0.9939403533935547,1
mqtt_preprocessed_v2.csv,8443,22,-1,21,0,Tag_22,Normal,0.5779134035110474,0
mqtt_preprocessed_v2.csv,8444,22,22,21,21,Tag_22,Tag_22,0.9969006776809692,1
mqtt_preprocessed_v2.csv,8445,22,22,21,21,Tag_22,Tag_22,0.9939444661140442,1
mqtt_preprocessed_v2.csv,8446,22,22,21,21,Tag_22,Tag_22,0.996843695640564,1
mqtt_preprocessed_v2.csv,8447,22,-1,21,0,Tag_22,Normal,0.6125521659851074,0
mqtt_preprocessed_v2.csv,8448,22,22,21,21,Tag_22,Tag_22,0.9996393918991089,1
mqtt_preprocessed_v2.csv,8449,22,22,21,21,Tag_22,Tag_22,0.9996843338012695,1
mqtt_preprocessed_v2.csv,8450,22,22,21,21,Tag_22,Tag_22,0.9995717406272888,1
mqtt_preprocessed_v2.csv,8451,22,22,21,21,Tag_22,Tag_22,0.9994677901268005,1
mqtt_preprocessed_v2.csv,8452,22,22,21,21,Tag_22,Tag_22,0.999652624130249,1
mqtt_preprocessed_v2.csv,8453,22,22,21,21,Tag_22,Tag_22,0.9996945858001709,1
mqtt_preprocessed_v2.csv,8454,22,22,21,21,Tag_22,Tag_22,0.9996535778045654,1
mqtt_preprocessed_v2.csv,8455,22,22,21,21,Tag_22,Tag_22,0.9996942281723022,1
mqtt_preprocessed_v2.csv,8456,22,22,21,21,Tag_22,Tag_22,0.9996460676193237,1
mqtt_preprocessed_v2.csv,8457,22,22,21,21,Tag_22,Tag_22,0.9996523857116699,1
mqtt_preprocessed_v2.csv,8458,22,22,21,21,Tag_22,Tag_22,0.9996484518051147,1
mqtt_preprocessed_v2.csv,8459,22,22,21,21,Tag_22,Tag_22,0.9996486902236938,1
mqtt_preprocessed_v2.csv,8460,22,22,21,21,Tag_22,Tag_22,0.9996833801269531,1
mqtt_preprocessed_v2.csv,8461,22,22,21,21,Tag_22,Tag_22,0.9995959401130676,1
mqtt_preprocessed_v2.csv,8462,22,22,21,21,Tag_22,Tag_22,0.9996871948242188,1
mqtt_preprocessed_v2.csv,8463,22,22,21,21,Tag_22,Tag_22,0.999529242515564,1
mqtt_preprocessed_v2.csv,8464,22,22,21,21,Tag_22,Tag_22,0.9996708631515503,1
mqtt_preprocessed_v2.csv,8465,22,22,21,21,Tag_22,Tag_22,0.9996132254600525,1
mqtt_preprocessed_v2.csv,8466,22,22,21,21,Tag_22,Tag_22,0.9996501207351685,1
mqtt_preprocessed_v2.csv,8467,22,22,21,21,Tag_22,Tag_22,0.9996705055236816,1
mqtt_preprocessed_v2.csv,8468,22,22,21,21,Tag_22,Tag_22,0.999612033367157,1
mqtt_preprocessed_v2.csv,8469,22,22,21,21,Tag_22,Tag_22,0.9993267059326172,1
mqtt_preprocessed_v2.csv,8470,22,22,21,21,Tag_22,Tag_22,0.9996179342269897,1
mqtt_preprocessed_v2.csv,8471,22,22,21,21,Tag_22,Tag_22,0.999599039554596,1
mqtt_preprocessed_v2.csv,8472,22,22,21,21,Tag_22,Tag_22,0.999612033367157,1
mqtt_preprocessed_v2.csv,8473,22,22,21,21,Tag_22,Tag_22,0.9995720982551575,1
mqtt_preprocessed_v2.csv,8474,22,22,21,21,Tag_22,Tag_22,0.9996967315673828,1
mqtt_preprocessed_v2.csv,8475,22,22,21,21,Tag_22,Tag_22,0.999687671661377,1
mqtt_preprocessed_v2.csv,8476,22,22,21,21,Tag_22,Tag_22,0.9995070695877075,1
mqtt_preprocessed_v2.csv,8477,22,22,21,21,Tag_22,Tag_22,0.9996024966239929,1
mqtt_preprocessed_v2.csv,8478,22,22,21,21,Tag_22,Tag_22,0.9995728135108948,1
mqtt_preprocessed_v2.csv,8479,22,22,21,21,Tag_22,Tag_22,0.9996285438537598,1
mqtt_preprocessed_v2.csv,8480,22,22,21,21,Tag_22,Tag_22,0.9996415376663208,1
mqtt_preprocessed_v2.csv,8481,22,22,21,21,Tag_22,Tag_22,0.9996463060379028,1
mqtt_preprocessed_v2.csv,8482,22,22,21,21,Tag_22,Tag_22,0.9996651411056519,1
mqtt_preprocessed_v2.csv,8483,22,22,21,21,Tag_22,Tag_22,0.9995701909065247,1
mqtt_preprocessed_v2.csv,8484,22,22,21,21,Tag_22,Tag_22,0.9996457099914551,1
mqtt_preprocessed_v2.csv,8485,22,22,21,21,Tag_22,Tag_22,0.9995728135108948,1
mqtt_preprocessed_v2.csv,8486,22,22,21,21,Tag_22,Tag_22,0.9996115565299988,1
mqtt_preprocessed_v2.csv,8487,22,22,21,21,Tag_22,Tag_22,0.9996122717857361,1
mqtt_preprocessed_v2.csv,8488,22,22,21,21,Tag_22,Tag_22,0.9995991587638855,1
mqtt_preprocessed_v2.csv,8489,22,22,21,21,Tag_22,Tag_22,0.9996827840805054,1
mqtt_preprocessed_v2.csv,8490,22,22,21,21,Tag_22,Tag_22,0.9996570348739624,1
mqtt_preprocessed_v2.csv,8491,22,22,21,21,Tag_22,Tag_22,0.9996528625488281,1
mqtt_preprocessed_v2.csv,8492,22,22,21,21,Tag_22,Tag_22,0.9996645450592041,1
mqtt_preprocessed_v2.csv,8493,22,22,21,21,Tag_22,Tag_22,0.9996137022972107,1
mqtt_preprocessed_v2.csv,8494,22,22,21,21,Tag_22,Tag_22,0.9996885061264038,1
mqtt_preprocessed_v2.csv,8495,22,22,21,21,Tag_22,Tag_22,0.999664306640625,1
mqtt_preprocessed_v2.csv,8496,22,22,21,21,Tag_22,Tag_22,0.9995636343955994,1
mqtt_preprocessed_v2.csv,8497,22,22,21,21,Tag_22,Tag_22,0.9995623230934143,1
mqtt_preprocessed_v2.csv,8498,23,23,22,22,Tag_23,Tag_23,0.9999412298202515,1
mqtt_preprocessed_v2.csv,8499,23,23,22,22,Tag_23,Tag_23,0.9998830556869507,1
mqtt_preprocessed_v2.csv,8500,23,23,22,22,Tag_23,Tag_23,0.9999499320983887,1
mqtt_preprocessed_v2.csv,8501,23,23,22,22,Tag_23,Tag_23,0.9999545812606812,1
mqtt_preprocessed_v2.csv,8502,23,23,22,22,Tag_23,Tag_23,0.9996998310089111,1
mqtt_preprocessed_v2.csv,8503,23,23,22,22,Tag_23,Tag_23,0.9999542236328125,1
mqtt_preprocessed_v2.csv,8504,23,23,22,22,Tag_23,Tag_23,0.9999514818191528,1
mqtt_preprocessed_v2.csv,8505,23,23,22,22,Tag_23,Tag_23,0.9999048709869385,1
mqtt_preprocessed_v2.csv,8506,23,23,22,22,Tag_23,Tag_23,0.9999496936798096,1
mqtt_preprocessed_v2.csv,8507,23,23,22,22,Tag_23,Tag_23,0.9998841285705566,1
mqtt_preprocessed_v2.csv,8508,23,23,22,22,Tag_23,Tag_23,0.9999376535415649,1
mqtt_preprocessed_v2.csv,8509,23,23,22,22,Tag_23,Tag_23,0.9997060894966125,1
mqtt_preprocessed_v2.csv,8510,23,23,22,22,Tag_23,Tag_23,0.999894380569458,1
mqtt_preprocessed_v2.csv,8511,23,23,22,22,Tag_23,Tag_23,0.999957799911499,1
mqtt_preprocessed_v2.csv,8512,23,23,22,22,Tag_23,Tag_23,0.9999514818191528,1
mqtt_preprocessed_v2.csv,8513,23,23,22,22,Tag_23,Tag_23,0.9998798370361328,1
mqtt_preprocessed_v2.csv,8514,23,23,22,22,Tag_23,Tag_23,0.9999761581420898,1
mqtt_preprocessed_v2.csv,8515,23,23,22,22,Tag_23,Tag_23,0.9995125532150269,1
mqtt_preprocessed_v2.csv,8516,23,23,22,22,Tag_23,Tag_23,0.9999499320983887,1
mqtt_preprocessed_v2.csv,8517,23,23,22,22,Tag_23,Tag_23,0.9999701976776123,1
mqtt_preprocessed_v2.csv,8518,23,23,22,22,Tag_23,Tag_23,0.9998786449432373,1
mqtt_preprocessed_v2.csv,8519,23,23,22,22,Tag_23,Tag_23,0.9999521970748901,1
mqtt_preprocessed_v2.csv,8520,23,23,22,22,Tag_23,Tag_23,0.9998873472213745,1
mqtt_preprocessed_v2.csv,8521,23,23,22,22,Tag_23,Tag_23,0.9997449517250061,1
mqtt_preprocessed_v2.csv,8522,23,23,22,22,Tag_23,Tag_23,0.999943733215332,1
mqtt_preprocessed_v2.csv,8523,23,23,22,22,Tag_23,Tag_23,0.999797523021698,1
mqtt_preprocessed_v2.csv,8524,23,23,22,22,Tag_23,Tag_23,0.9999511241912842,1
mqtt_preprocessed_v2.csv,8525,23,23,22,22,Tag_23,Tag_23,0.9999579191207886,1
mqtt_preprocessed_v2.csv,8526,23,23,22,22,Tag_23,Tag_23,0.9999600648880005,1
mqtt_preprocessed_v2.csv,8527,23,23,22,22,Tag_23,Tag_23,0.9973471164703369,1
mqtt_preprocessed_v2.csv,8528,23,23,22,22,Tag_23,Tag_23,0.9999573230743408,1
mqtt_preprocessed_v2.csv,8529,23,23,22,22,Tag_23,Tag_23,0.9999547004699707,1
mqtt_preprocessed_v2.csv,8530,23,23,22,22,Tag_23,Tag_23,0.9999020099639893,1
mqtt_preprocessed_v2.csv,8531,23,23,22,22,Tag_23,Tag_23,0.9995438456535339,1
mqtt_preprocessed_v2.csv,8532,23,23,22,22,Tag_23,Tag_23,0.9999573230743408,1
mqtt_preprocessed_v2.csv,8533,23,23,22,22,Tag_23,Tag_23,0.9995600581169128,1
mqtt_preprocessed_v2.csv,8534,23,23,22,22,Tag_23,Tag_23,0.9999728202819824,1
mqtt_preprocessed_v2.csv,8535,23,23,22,22,Tag_23,Tag_23,0.9998581409454346,1
mqtt_preprocessed_v2.csv,8536,23,23,22,22,Tag_23,Tag_23,0.9999544620513916,1
mqtt_preprocessed_v2.csv,8537,23,23,22,22,Tag_23,Tag_23,0.9999207258224487,1
mqtt_preprocessed_v2.csv,8538,23,23,22,22,Tag_23,Tag_23,0.9999536275863647,1
mqtt_preprocessed_v2.csv,8539,23,23,22,22,Tag_23,Tag_23,0.9998176693916321,1
mqtt_preprocessed_v2.csv,8540,23,23,22,22,Tag_23,Tag_23,0.9998086094856262,1
mqtt_preprocessed_v2.csv,8541,23,23,22,22,Tag_23,Tag_23,0.9998843669891357,1
mqtt_preprocessed_v2.csv,8542,23,23,22,22,Tag_23,Tag_23,0.9998770952224731,1
mqtt_preprocessed_v2.csv,8543,23,23,22,22,Tag_23,Tag_23,0.9999017715454102,1
mqtt_preprocessed_v2.csv,8544,23,23,22,22,Tag_23,Tag_23,0.9999295473098755,1
mqtt_preprocessed_v2.csv,8545,23,23,22,22,Tag_23,Tag_23,0.9999277591705322,1
mqtt_preprocessed_v2.csv,8546,23,23,22,22,Tag_23,Tag_23,0.9998573064804077,1
mqtt_preprocessed_v2.csv,8547,23,23,22,22,Tag_23,Tag_23,0.9999605417251587,1
mqtt_preprocessed_v2.csv,8548,23,23,22,22,Tag_23,Tag_23,0.9916410446166992,1
mqtt_preprocessed_v2.csv,8549,23,23,22,22,Tag_23,Tag_23,0.9999313354492188,1
mqtt_preprocessed_v2.csv,8550,23,23,22,22,Tag_23,Tag_23,0.9999500513076782,1
mqtt_preprocessed_v2.csv,8551,23,23,22,22,Tag_23,Tag_23,0.9999467134475708,1
mqtt_preprocessed_v2.csv,8552,23,23,22,22,Tag_23,Tag_23,0.9998724460601807,1
mqtt_preprocessed_v2.csv,8553,23,23,22,22,Tag_23,Tag_23,0.9999767541885376,1
mqtt_preprocessed_v2.csv,8554,23,23,22,22,Tag_23,Tag_23,0.9997661709785461,1
mqtt_preprocessed_v2.csv,8555,23,23,22,22,Tag_23,Tag_23,0.9999465942382812,1
mqtt_preprocessed_v2.csv,8556,23,23,22,22,Tag_23,Tag_23,0.9999767541885376,1
mqtt_preprocessed_v2.csv,8557,23,23,22,22,Tag_23,Tag_23,0.9969519376754761,1
mqtt_preprocessed_v2.csv,8558,23,23,22,22,Tag_23,Tag_23,0.9999351501464844,1
mqtt_preprocessed_v2.csv,8559,23,23,22,22,Tag_23,Tag_23,0.9998973608016968,1
mqtt_preprocessed_v2.csv,8560,23,23,22,22,Tag_23,Tag_23,0.9999529123306274,1
mqtt_preprocessed_v2.csv,8561,23,23,22,22,Tag_23,Tag_23,0.9999566078186035,1
mqtt_preprocessed_v2.csv,8562,23,23,22,22,Tag_23,Tag_23,0.9999502897262573,1
mqtt_preprocessed_v2.csv,8563,23,23,22,22,Tag_23,Tag_23,0.9997584223747253,1
mqtt_preprocessed_v2.csv,8564,23,23,22,22,Tag_23,Tag_23,0.9997221827507019,1
mqtt_preprocessed_v2.csv,8565,23,23,22,22,Tag_23,Tag_23,0.9997168183326721,1
mqtt_preprocessed_v2.csv,8566,23,23,22,22,Tag_23,Tag_23,0.9997847676277161,1
mqtt_preprocessed_v2.csv,8567,23,23,22,22,Tag_23,Tag_23,0.9999691247940063,1
mqtt_preprocessed_v2.csv,8568,23,23,22,22,Tag_23,Tag_23,0.9999773502349854,1
mqtt_preprocessed_v2.csv,8569,23,23,22,22,Tag_23,Tag_23,0.9999567270278931,1
mqtt_preprocessed_v2.csv,8570,23,23,22,22,Tag_23,Tag_23,0.9999703168869019,1
mqtt_preprocessed_v2.csv,8571,23,23,22,22,Tag_23,Tag_23,0.998036801815033,1
mqtt_preprocessed_v2.csv,8572,23,23,22,22,Tag_23,Tag_23,0.999955415725708,1
mqtt_preprocessed_v2.csv,8573,23,23,22,22,Tag_23,Tag_23,0.9999054670333862,1
mqtt_preprocessed_v2.csv,8574,23,23,22,22,Tag_23,Tag_23,0.9996449947357178,1
mqtt_preprocessed_v2.csv,8575,23,23,22,22,Tag_23,Tag_23,0.9999560117721558,1
mqtt_preprocessed_v2.csv,8576,23,23,22,22,Tag_23,Tag_23,0.9999678134918213,1
mqtt_preprocessed_v2.csv,8577,23,23,22,22,Tag_23,Tag_23,0.9998637437820435,1
mqtt_preprocessed_v2.csv,8578,23,23,22,22,Tag_23,Tag_23,0.9999054670333862,1
mqtt_preprocessed_v2.csv,8579,23,23,22,22,Tag_23,Tag_23,0.9991003274917603,1
mqtt_preprocessed_v2.csv,8580,23,23,22,22,Tag_23,Tag_23,0.9998948574066162,1
mqtt_preprocessed_v2.csv,8581,23,23,22,22,Tag_23,Tag_23,0.9998024106025696,1
mqtt_preprocessed_v2.csv,8582,23,23,22,22,Tag_23,Tag_23,0.999933123588562,1
mqtt_preprocessed_v2.csv,8583,23,23,22,22,Tag_23,Tag_23,0.999957799911499,1
mqtt_preprocessed_v2.csv,8584,23,23,22,22,Tag_23,Tag_23,0.9999686479568481,1
mqtt_preprocessed_v2.csv,8585,23,23,22,22,Tag_23,Tag_23,0.9999781847000122,1
mqtt_preprocessed_v2.csv,8586,23,23,22,22,Tag_23,Tag_23,0.9990760087966919,1
mqtt_preprocessed_v2.csv,8587,23,23,22,22,Tag_23,Tag_23,0.9999668598175049,1
mqtt_preprocessed_v2.csv,8588,23,23,22,22,Tag_23,Tag_23,0.9999774694442749,1
mqtt_preprocessed_v2.csv,8589,23,23,22,22,Tag_23,Tag_23,0.9998612403869629,1
mqtt_preprocessed_v2.csv,8590,23,23,22,22,Tag_23,Tag_23,0.9999316930770874,1
mqtt_preprocessed_v2.csv,8591,23,23,22,22,Tag_23,Tag_23,0.9998107552528381,1
mqtt_preprocessed_v2.csv,8592,23,23,22,22,Tag_23,Tag_23,0.9999512434005737,1
mqtt_preprocessed_v2.csv,8593,23,23,22,22,Tag_23,Tag_23,0.9999518394470215,1
mqtt_preprocessed_v2.csv,8594,23,23,22,22,Tag_23,Tag_23,0.9998878240585327,1
mqtt_preprocessed_v2.csv,8595,23,23,22,22,Tag_23,Tag_23,0.9996079802513123,1
mqtt_preprocessed_v2.csv,8596,23,23,22,22,Tag_23,Tag_23,0.9986155033111572,1
mqtt_preprocessed_v2.csv,8597,23,23,22,22,Tag_23,Tag_23,0.9999544620513916,1
mqtt_preprocessed_v2.csv,8598,24,24,23,23,Tag_24,Tag_24,0.9991901516914368,1
mqtt_preprocessed_v2.csv,8599,24,24,23,23,Tag_24,Tag_24,0.9990679621696472,1
mqtt_preprocessed_v2.csv,8600,24,24,23,23,Tag_24,Tag_24,0.9988538026809692,1
mqtt_preprocessed_v2.csv,8601,24,24,23,23,Tag_24,Tag_24,0.999290943145752,1
mqtt_preprocessed_v2.csv,8602,24,24,23,23,Tag_24,Tag_24,0.9987620115280151,1
mqtt_preprocessed_v2.csv,8603,24,24,23,23,Tag_24,Tag_24,0.9992013573646545,1
mqtt_preprocessed_v2.csv,8604,24,21,23,20,Tag_24,Tag_21,0.6340875625610352,0
mqtt_preprocessed_v2.csv,8605,24,24,23,23,Tag_24,Tag_24,0.9992983341217041,1
mqtt_preprocessed_v2.csv,8606,24,24,23,23,Tag_24,Tag_24,0.9992237091064453,1
mqtt_preprocessed_v2.csv,8607,24,24,23,23,Tag_24,Tag_24,0.9991959929466248,1
mqtt_preprocessed_v2.csv,8608,24,24,23,23,Tag_24,Tag_24,0.9993473887443542,1
mqtt_preprocessed_v2.csv,8609,24,24,23,23,Tag_24,Tag_24,0.9990347623825073,1
mqtt_preprocessed_v2.csv,8610,24,24,23,23,Tag_24,Tag_24,0.9993089437484741,1
mqtt_preprocessed_v2.csv,8611,24,24,23,23,Tag_24,Tag_24,0.9992302656173706,1
mqtt_preprocessed_v2.csv,8612,24,24,23,23,Tag_24,Tag_24,0.9992111921310425,1
mqtt_preprocessed_v2.csv,8613,24,24,23,23,Tag_24,Tag_24,0.5752158164978027,1
mqtt_preprocessed_v2.csv,8614,24,24,23,23,Tag_24,Tag_24,0.998806357383728,1
mqtt_preprocessed_v2.csv,8615,24,24,23,23,Tag_24,Tag_24,0.9991826415061951,1
mqtt_preprocessed_v2.csv,8616,24,24,23,23,Tag_24,Tag_24,0.9981404542922974,1
mqtt_preprocessed_v2.csv,8617,24,24,23,23,Tag_24,Tag_24,0.9992648959159851,1
mqtt_preprocessed_v2.csv,8618,24,24,23,23,Tag_24,Tag_24,0.9992204904556274,1
mqtt_preprocessed_v2.csv,8619,24,21,23,20,Tag_24,Tag_21,0.4751562476158142,0
mqtt_preprocessed_v2.csv,8620,24,24,23,23,Tag_24,Tag_24,0.9991126656532288,1
mqtt_preprocessed_v2.csv,8621,24,24,23,23,Tag_24,Tag_24,0.9992175102233887,1
mqtt_preprocessed_v2.csv,8622,24,24,23,23,Tag_24,Tag_24,0.9990043044090271,1
mqtt_preprocessed_v2.csv,8623,24,24,23,23,Tag_24,Tag_24,0.9991636276245117,1
mqtt_preprocessed_v2.csv,8624,24,24,23,23,Tag_24,Tag_24,0.9991955161094666,1
mqtt_preprocessed_v2.csv,8625,24,24,23,23,Tag_24,Tag_24,0.9990025162696838,1
mqtt_preprocessed_v2.csv,8626,24,24,23,23,Tag_24,Tag_24,0.9991154074668884,1
mqtt_preprocessed_v2.csv,8627,24,24,23,23,Tag_24,Tag_24,0.8544318079948425,1
mqtt_preprocessed_v2.csv,8628,24,21,23,20,Tag_24,Tag_21,0.5050665140151978,0
mqtt_preprocessed_v2.csv,8629,24,24,23,23,Tag_24,Tag_24,0.9946829676628113,1
mqtt_preprocessed_v2.csv,8630,24,24,23,23,Tag_24,Tag_24,0.9992896318435669,1
mqtt_preprocessed_v2.csv,8631,24,24,23,23,Tag_24,Tag_24,0.9992388486862183,1
mqtt_preprocessed_v2.csv,8632,24,24,23,23,Tag_24,Tag_24,0.7989484667778015,1
mqtt_preprocessed_v2.csv,8633,24,24,23,23,Tag_24,Tag_24,0.9987096786499023,1
mqtt_preprocessed_v2.csv,8634,24,24,23,23,Tag_24,Tag_24,0.9993058443069458,1
mqtt_preprocessed_v2.csv,8635,24,24,23,23,Tag_24,Tag_24,0.9992344379425049,1
mqtt_preprocessed_v2.csv,8636,24,24,23,23,Tag_24,Tag_24,0.9993019104003906,1
mqtt_preprocessed_v2.csv,8637,24,24,23,23,Tag_24,Tag_24,0.999190628528595,1
mqtt_preprocessed_v2.csv,8638,24,24,23,23,Tag_24,Tag_24,0.7759850025177002,1
mqtt_preprocessed_v2.csv,8639,24,24,23,23,Tag_24,Tag_24,0.9993045330047607,1
mqtt_preprocessed_v2.csv,8640,24,24,23,23,Tag_24,Tag_24,0.8013859987258911,1
mqtt_preprocessed_v2.csv,8641,24,24,23,23,Tag_24,Tag_24,0.9993302822113037,1
mqtt_preprocessed_v2.csv,8642,24,24,23,23,Tag_24,Tag_24,0.9991409778594971,1
mqtt_preprocessed_v2.csv,8643,24,24,23,23,Tag_24,Tag_24,0.9991494417190552,1
mqtt_preprocessed_v2.csv,8644,24,24,23,23,Tag_24,Tag_24,0.9990405440330505,1
mqtt_preprocessed_v2.csv,8645,24,21,23,20,Tag_24,Tag_21,0.5711791515350342,0
mqtt_preprocessed_v2.csv,8646,24,24,23,23,Tag_24,Tag_24,0.9992781281471252,1
mqtt_preprocessed_v2.csv,8647,24,24,23,23,Tag_24,Tag_24,0.9989424347877502,1
mqtt_preprocessed_v2.csv,8648,24,24,23,23,Tag_24,Tag_24,0.994367778301239,1
mqtt_preprocessed_v2.csv,8649,24,24,23,23,Tag_24,Tag_24,0.9989966750144958,1
mqtt_preprocessed_v2.csv,8650,24,24,23,23,Tag_24,Tag_24,0.9975746273994446,1
mqtt_preprocessed_v2.csv,8651,24,24,23,23,Tag_24,Tag_24,0.9990760087966919,1
mqtt_preprocessed_v2.csv,8652,24,24,23,23,Tag_24,Tag_24,0.998218834400177,1
mqtt_preprocessed_v2.csv,8653,24,24,23,23,Tag_24,Tag_24,0.9978390336036682,1
mqtt_preprocessed_v2.csv,8654,24,24,23,23,Tag_24,Tag_24,0.9987509250640869,1
mqtt_preprocessed_v2.csv,8655,24,24,23,23,Tag_24,Tag_24,0.9970003962516785,1
mqtt_preprocessed_v2.csv,8656,24,24,23,23,Tag_24,Tag_24,0.998981773853302,1
mqtt_preprocessed_v2.csv,8657,24,21,23,20,Tag_24,Tag_21,0.6209120154380798,0
mqtt_preprocessed_v2.csv,8658,24,24,23,23,Tag_24,Tag_24,0.9980418682098389,1
mqtt_preprocessed_v2.csv,8659,24,21,23,20,Tag_24,Tag_21,0.6089995503425598,0
mqtt_preprocessed_v2.csv,8660,24,24,23,23,Tag_24,Tag_24,0.9981480836868286,1
mqtt_preprocessed_v2.csv,8661,24,24,23,23,Tag_24,Tag_24,0.9991563558578491,1
mqtt_preprocessed_v2.csv,8662,24,24,23,23,Tag_24,Tag_24,0.9991088509559631,1
mqtt_preprocessed_v2.csv,8663,24,24,23,23,Tag_24,Tag_24,0.9987319111824036,1
mqtt_preprocessed_v2.csv,8664,24,24,23,23,Tag_24,Tag_24,0.9769993424415588,1
mqtt_preprocessed_v2.csv,8665,24,24,23,23,Tag_24,Tag_24,0.9990723133087158,1
mqtt_preprocessed_v2.csv,8666,24,24,23,23,Tag_24,Tag_24,0.9990386962890625,1
mqtt_preprocessed_v2.csv,8667,24,24,23,23,Tag_24,Tag_24,0.9980888962745667,1
mqtt_preprocessed_v2.csv,8668,24,24,23,23,Tag_24,Tag_24,0.9990085959434509,1
mqtt_preprocessed_v2.csv,8669,24,24,23,23,Tag_24,Tag_24,0.9991540908813477,1
mqtt_preprocessed_v2.csv,8670,24,24,23,23,Tag_24,Tag_24,0.9991656541824341,1
mqtt_preprocessed_v2.csv,8671,24,24,23,23,Tag_24,Tag_24,0.996738612651825,1
mqtt_preprocessed_v2.csv,8672,24,24,23,23,Tag_24,Tag_24,0.9991231560707092,1
mqtt_preprocessed_v2.csv,8673,24,21,23,20,Tag_24,Tag_21,0.5853739976882935,0
mqtt_preprocessed_v2.csv,8674,24,24,23,23,Tag_24,Tag_24,0.9990370273590088,1
mqtt_preprocessed_v2.csv,8675,24,24,23,23,Tag_24,Tag_24,0.9991313815116882,1
mqtt_preprocessed_v2.csv,8676,24,24,23,23,Tag_24,Tag_24,0.9991029500961304,1
mqtt_preprocessed_v2.csv,8677,24,24,23,23,Tag_24,Tag_24,0.9980019927024841,1
mqtt_preprocessed_v2.csv,8678,24,24,23,23,Tag_24,Tag_24,0.9968680739402771,1
mqtt_preprocessed_v2.csv,8679,24,24,23,23,Tag_24,Tag_24,0.9987407326698303,1
mqtt_preprocessed_v2.csv,8680,24,24,23,23,Tag_24,Tag_24,0.9981478452682495,1
mqtt_preprocessed_v2.csv,8681,24,24,23,23,Tag_24,Tag_24,0.9980734586715698,1
mqtt_preprocessed_v2.csv,8682,24,24,23,23,Tag_24,Tag_24,0.9979204535484314,1
mqtt_preprocessed_v2.csv,8683,24,24,23,23,Tag_24,Tag_24,0.998450756072998,1
mqtt_preprocessed_v2.csv,8684,24,24,23,23,Tag_24,Tag_24,0.99822598695755,1
mqtt_preprocessed_v2.csv,8685,24,24,23,23,Tag_24,Tag_24,0.9991652965545654,1
mqtt_preprocessed_v2.csv,8686,24,21,23,20,Tag_24,Tag_21,0.6088919639587402,0
mqtt_preprocessed_v2.csv,8687,24,24,23,23,Tag_24,Tag_24,0.999053418636322,1
mqtt_preprocessed_v2.csv,8688,24,24,23,23,Tag_24,Tag_24,0.9978220462799072,1
mqtt_preprocessed_v2.csv,8689,24,24,23,23,Tag_24,Tag_24,0.9972262978553772,1
mqtt_preprocessed_v2.csv,8690,24,24,23,23,Tag_24,Tag_24,0.999085545539856,1
mqtt_preprocessed_v2.csv,8691,24,21,23,20,Tag_24,Tag_21,0.7639316916465759,0
mqtt_preprocessed_v2.csv,8692,24,24,23,23,Tag_24,Tag_24,0.9990116357803345,1
mqtt_preprocessed_v2.csv,8693,24,24,23,23,Tag_24,Tag_24,0.9991088509559631,1
mqtt_preprocessed_v2.csv,8694,24,24,23,23,Tag_24,Tag_24,0.9975473284721375,1
mqtt_preprocessed_v2.csv,8695,24,24,23,23,Tag_24,Tag_24,0.9976264834403992,1
mqtt_preprocessed_v2.csv,8696,24,21,23,20,Tag_24,Tag_21,0.7651506066322327,0
mqtt_preprocessed_v2.csv,8697,24,24,23,23,Tag_24,Tag_24,0.9976755976676941,1
mqtt_preprocessed_v2.csv,8698,25,25,24,24,Tag_25,Tag_25,0.9999855756759644,1
mqtt_preprocessed_v2.csv,8699,25,25,24,24,Tag_25,Tag_25,0.9999865293502808,1
mqtt_preprocessed_v2.csv,8700,25,25,24,24,Tag_25,Tag_25,0.9999862909317017,1
mqtt_preprocessed_v2.csv,8701,25,25,24,24,Tag_25,Tag_25,0.9999864101409912,1
mqtt_preprocessed_v2.csv,8702,25,25,24,24,Tag_25,Tag_25,0.9999898672103882,1
mqtt_preprocessed_v2.csv,8703,25,25,24,24,Tag_25,Tag_25,0.9998795986175537,1
mqtt_preprocessed_v2.csv,8704,25,25,24,24,Tag_25,Tag_25,0.9999328851699829,1
mqtt_preprocessed_v2.csv,8705,25,25,24,24,Tag_25,Tag_25,0.9998825788497925,1
mqtt_preprocessed_v2.csv,8706,25,25,24,24,Tag_25,Tag_25,0.9999334812164307,1
mqtt_preprocessed_v2.csv,8707,25,25,24,24,Tag_25,Tag_25,0.9999902248382568,1
mqtt_preprocessed_v2.csv,8708,25,25,24,24,Tag_25,Tag_25,0.9999901056289673,1
mqtt_preprocessed_v2.csv,8709,25,25,24,24,Tag_25,Tag_25,0.9999862909317017,1
mqtt_preprocessed_v2.csv,8710,25,25,24,24,Tag_25,Tag_25,0.9999312162399292,1
mqtt_preprocessed_v2.csv,8711,25,25,24,24,Tag_25,Tag_25,0.9999902248382568,1
mqtt_preprocessed_v2.csv,8712,25,25,24,24,Tag_25,Tag_25,0.9999901056289673,1
mqtt_preprocessed_v2.csv,8713,25,25,24,24,Tag_25,Tag_25,0.9998730421066284,1
mqtt_preprocessed_v2.csv,8714,25,25,24,24,Tag_25,Tag_25,0.9999904632568359,1
mqtt_preprocessed_v2.csv,8715,25,25,24,24,Tag_25,Tag_25,0.9999901056289673,1
mqtt_preprocessed_v2.csv,8716,25,25,24,24,Tag_25,Tag_25,0.9999312162399292,1
mqtt_preprocessed_v2.csv,8717,25,25,24,24,Tag_25,Tag_25,0.9999312162399292,1
mqtt_preprocessed_v2.csv,8718,25,25,24,24,Tag_25,Tag_25,0.999985933303833,1
mqtt_preprocessed_v2.csv,8719,25,25,24,24,Tag_25,Tag_25,0.9999339580535889,1
mqtt_preprocessed_v2.csv,8720,25,25,24,24,Tag_25,Tag_25,0.9999904632568359,1
mqtt_preprocessed_v2.csv,8721,25,25,24,24,Tag_25,Tag_25,0.9999312162399292,1
mqtt_preprocessed_v2.csv,8722,25,25,24,24,Tag_25,Tag_25,0.9999904632568359,1
mqtt_preprocessed_v2.csv,8723,25,25,24,24,Tag_25,Tag_25,0.9999328851699829,1
mqtt_preprocessed_v2.csv,8724,25,25,24,24,Tag_25,Tag_25,0.9999902248382568,1
mqtt_preprocessed_v2.csv,8725,25,25,24,24,Tag_25,Tag_25,0.9999308586120605,1
mqtt_preprocessed_v2.csv,8726,25,25,24,24,Tag_25,Tag_25,0.9999864101409912,1
mqtt_preprocessed_v2.csv,8727,25,25,24,24,Tag_25,Tag_25,0.9999338388442993,1
mqtt_preprocessed_v2.csv,8728,25,25,24,24,Tag_25,Tag_25,0.99998939037323,1
mqtt_preprocessed_v2.csv,8729,25,25,24,24,Tag_25,Tag_25,0.9999338388442993,1
mqtt_preprocessed_v2.csv,8730,25,25,24,24,Tag_25,Tag_25,0.9999899864196777,1
mqtt_preprocessed_v2.csv,8731,25,25,24,24,Tag_25,Tag_25,0.9999855756759644,1
mqtt_preprocessed_v2.csv,8732,25,25,24,24,Tag_25,Tag_25,0.9999902248382568,1
mqtt_preprocessed_v2.csv,8733,25,25,24,24,Tag_25,Tag_25,0.9999901056289673,1
mqtt_preprocessed_v2.csv,8734,25,25,24,24,Tag_25,Tag_25,0.9999903440475464,1
mqtt_preprocessed_v2.csv,8735,25,25,24,24,Tag_25,Tag_25,0.9999860525131226,1
mqtt_preprocessed_v2.csv,8736,25,25,24,24,Tag_25,Tag_25,0.9998812675476074,1
mqtt_preprocessed_v2.csv,8737,25,25,24,24,Tag_25,Tag_25,0.9999305009841919,1
mqtt_preprocessed_v2.csv,8738,25,25,24,24,Tag_25,Tag_25,0.9999904632568359,1
mqtt_preprocessed_v2.csv,8739,25,25,24,24,Tag_25,Tag_25,0.9999903440475464,1
mqtt_preprocessed_v2.csv,8740,25,25,24,24,Tag_25,Tag_25,0.9999902248382568,1
mqtt_preprocessed_v2.csv,8741,25,25,24,24,Tag_25,Tag_25,0.9998778104782104,1
mqtt_preprocessed_v2.csv,8742,25,25,24,24,Tag_25,Tag_25,0.9999858140945435,1
mqtt_preprocessed_v2.csv,8743,25,25,24,24,Tag_25,Tag_25,0.9999336004257202,1
mqtt_preprocessed_v2.csv,8744,25,25,24,24,Tag_25,Tag_25,0.9999328851699829,1
mqtt_preprocessed_v2.csv,8745,25,25,24,24,Tag_25,Tag_25,0.9998729228973389,1
mqtt_preprocessed_v2.csv,8746,25,25,24,24,Tag_25,Tag_25,0.9999904632568359,1
mqtt_preprocessed_v2.csv,8747,25,25,24,24,Tag_25,Tag_25,0.9999855756759644,1
mqtt_preprocessed_v2.csv,8748,26,26,25,25,Tag_26,Tag_26,0.9999858140945435,1
mqtt_preprocessed_v2.csv,8749,26,26,25,25,Tag_26,Tag_26,0.9999891519546509,1
mqtt_preprocessed_v2.csv,8750,26,26,25,25,Tag_26,Tag_26,0.9999861717224121,1
mqtt_preprocessed_v2.csv,8751,26,26,25,25,Tag_26,Tag_26,0.9999887943267822,1
mqtt_preprocessed_v2.csv,8752,26,26,25,25,Tag_26,Tag_26,0.9999814033508301,1
mqtt_preprocessed_v2.csv,8753,26,26,25,25,Tag_26,Tag_26,0.9999926090240479,1
mqtt_preprocessed_v2.csv,8754,26,26,25,25,Tag_26,Tag_26,0.9999886751174927,1
mqtt_preprocessed_v2.csv,8755,26,26,25,25,Tag_26,Tag_26,0.9999858140945435,1
mqtt_preprocessed_v2.csv,8756,26,26,25,25,Tag_26,Tag_26,0.9999858140945435,1
mqtt_preprocessed_v2.csv,8757,26,26,25,25,Tag_26,Tag_26,0.9999914169311523,1
mqtt_preprocessed_v2.csv,8758,26,26,25,25,Tag_26,Tag_26,0.9999858140945435,1
mqtt_preprocessed_v2.csv,8759,26,26,25,25,Tag_26,Tag_26,0.9999891519546509,1
mqtt_preprocessed_v2.csv,8760,26,26,25,25,Tag_26,Tag_26,0.9999860525131226,1
mqtt_preprocessed_v2.csv,8761,26,26,25,25,Tag_26,Tag_26,0.9999891519546509,1
mqtt_preprocessed_v2.csv,8762,26,26,25,25,Tag_26,Tag_26,0.9999861717224121,1
mqtt_preprocessed_v2.csv,8763,26,26,25,25,Tag_26,Tag_26,0.9999858140945435,1
mqtt_preprocessed_v2.csv,8764,26,26,25,25,Tag_26,Tag_26,0.9999887943267822,1
mqtt_preprocessed_v2.csv,8765,26,26,25,25,Tag_26,Tag_26,0.9999924898147583,1
mqtt_preprocessed_v2.csv,8766,26,26,25,25,Tag_26,Tag_26,0.9999858140945435,1
mqtt_preprocessed_v2.csv,8767,26,26,25,25,Tag_26,Tag_26,0.9999887943267822,1
mqtt_preprocessed_v2.csv,8768,26,26,25,25,Tag_26,Tag_26,0.9999891519546509,1
mqtt_preprocessed_v2.csv,8769,26,26,25,25,Tag_26,Tag_26,0.9999861717224121,1
mqtt_preprocessed_v2.csv,8770,26,26,25,25,Tag_26,Tag_26,0.9999912977218628,1
mqtt_preprocessed_v2.csv,8771,26,26,25,25,Tag_26,Tag_26,0.999985933303833,1
mqtt_preprocessed_v2.csv,8772,26,26,25,25,Tag_26,Tag_26,0.9999914169311523,1
mqtt_preprocessed_v2.csv,8773,26,26,25,25,Tag_26,Tag_26,0.9999862909317017,1
mqtt_preprocessed_v2.csv,8774,26,26,25,25,Tag_26,Tag_26,0.9999887943267822,1
mqtt_preprocessed_v2.csv,8775,26,26,25,25,Tag_26,Tag_26,0.9999886751174927,1
mqtt_preprocessed_v2.csv,8776,26,26,25,25,Tag_26,Tag_26,0.9999885559082031,1
mqtt_preprocessed_v2.csv,8777,26,26,25,25,Tag_26,Tag_26,0.9999891519546509,1
mqtt_preprocessed_v2.csv,8778,26,26,25,25,Tag_26,Tag_26,0.9999860525131226,1
mqtt_preprocessed_v2.csv,8779,26,26,25,25,Tag_26,Tag_26,0.9999890327453613,1
mqtt_preprocessed_v2.csv,8780,26,26,25,25,Tag_26,Tag_26,0.9999924898147583,1
mqtt_preprocessed_v2.csv,8781,26,26,25,25,Tag_26,Tag_26,0.9999887943267822,1
mqtt_preprocessed_v2.csv,8782,26,26,25,25,Tag_26,Tag_26,0.9999914169311523,1
mqtt_preprocessed_v2.csv,8783,26,26,25,25,Tag_26,Tag_26,0.9999887943267822,1
mqtt_preprocessed_v2.csv,8784,26,26,25,25,Tag_26,Tag_26,0.9999914169311523,1
mqtt_preprocessed_v2.csv,8785,26,26,25,25,Tag_26,Tag_26,0.9999887943267822,1
mqtt_preprocessed_v2.csv,8786,26,26,25,25,Tag_26,Tag_26,0.9999926090240479,1
mqtt_preprocessed_v2.csv,8787,26,26,25,25,Tag_26,Tag_26,0.9999912977218628,1
mqtt_preprocessed_v2.csv,8788,26,26,25,25,Tag_26,Tag_26,0.9999926090240479,1
mqtt_preprocessed_v2.csv,8789,26,26,25,25,Tag_26,Tag_26,0.9999890327453613,1
mqtt_preprocessed_v2.csv,8790,26,26,25,25,Tag_26,Tag_26,0.9999891519546509,1
mqtt_preprocessed_v2.csv,8791,26,26,25,25,Tag_26,Tag_26,0.9999926090240479,1
mqtt_preprocessed_v2.csv,8792,26,26,25,25,Tag_26,Tag_26,0.9999914169311523,1
mqtt_preprocessed_v2.csv,8793,26,26,25,25,Tag_26,Tag_26,0.9999860525131226,1
mqtt_preprocessed_v2.csv,8794,26,26,25,25,Tag_26,Tag_26,0.9999926090240479,1
mqtt_preprocessed_v2.csv,8795,26,26,25,25,Tag_26,Tag_26,0.9999858140945435,1
mqtt_preprocessed_v2.csv,8796,26,26,25,25,Tag_26,Tag_26,0.9999926090240479,1
mqtt_preprocessed_v2.csv,8797,26,26,25,25,Tag_26,Tag_26,0.9999926090240479,1
mqtt_preprocessed_v2.csv,8798,27,27,26,26,Tag_27,Tag_27,0.9999810457229614,1
mqtt_preprocessed_v2.csv,8799,27,27,26,26,Tag_27,Tag_27,0.999970555305481,1
mqtt_preprocessed_v2.csv,8800,27,27,26,26,Tag_27,Tag_27,0.9999828338623047,1
mqtt_preprocessed_v2.csv,8801,27,27,26,26,Tag_27,Tag_27,0.9999799728393555,1
mqtt_preprocessed_v2.csv,8802,27,27,26,26,Tag_27,Tag_27,0.9999765157699585,1
mqtt_preprocessed_v2.csv,8803,27,27,26,26,Tag_27,Tag_27,0.9999803304672241,1
mqtt_preprocessed_v2.csv,8804,27,27,26,26,Tag_27,Tag_27,0.9999784231185913,1
mqtt_preprocessed_v2.csv,8805,27,27,26,26,Tag_27,Tag_27,0.999976396560669,1
mqtt_preprocessed_v2.csv,8806,27,27,26,26,Tag_27,Tag_27,0.9999767541885376,1
mqtt_preprocessed_v2.csv,8807,27,27,26,26,Tag_27,Tag_27,0.9999805688858032,1
mqtt_preprocessed_v2.csv,8808,27,27,26,26,Tag_27,Tag_27,0.9999822378158569,1
mqtt_preprocessed_v2.csv,8809,27,27,26,26,Tag_27,Tag_27,0.9999772310256958,1
mqtt_preprocessed_v2.csv,8810,27,27,26,26,Tag_27,Tag_27,0.9999804496765137,1
mqtt_preprocessed_v2.csv,8811,27,27,26,26,Tag_27,Tag_27,0.9999821186065674,1
mqtt_preprocessed_v2.csv,8812,27,27,26,26,Tag_27,Tag_27,0.9999774694442749,1
mqtt_preprocessed_v2.csv,8813,27,27,26,26,Tag_27,Tag_27,0.9999809265136719,1
mqtt_preprocessed_v2.csv,8814,27,27,26,26,Tag_27,Tag_27,0.9999797344207764,1
mqtt_preprocessed_v2.csv,8815,27,27,26,26,Tag_27,Tag_27,0.9999804496765137,1
mqtt_preprocessed_v2.csv,8816,27,27,26,26,Tag_27,Tag_27,0.9999797344207764,1
mqtt_preprocessed_v2.csv,8817,27,27,26,26,Tag_27,Tag_27,0.9999799728393555,1
mqtt_preprocessed_v2.csv,8818,27,27,26,26,Tag_27,Tag_27,0.9999783039093018,1
mqtt_preprocessed_v2.csv,8819,27,27,26,26,Tag_27,Tag_27,0.9999809265136719,1
mqtt_preprocessed_v2.csv,8820,27,27,26,26,Tag_27,Tag_27,0.9999803304672241,1
mqtt_preprocessed_v2.csv,8821,27,27,26,26,Tag_27,Tag_27,0.9999802112579346,1
mqtt_preprocessed_v2.csv,8822,27,27,26,26,Tag_27,Tag_27,0.9999780654907227,1
mqtt_preprocessed_v2.csv,8823,27,27,26,26,Tag_27,Tag_27,0.9999804496765137,1
mqtt_preprocessed_v2.csv,8824,27,27,26,26,Tag_27,Tag_27,0.9999817609786987,1
mqtt_preprocessed_v2.csv,8825,27,27,26,26,Tag_27,Tag_27,0.9999809265136719,1
mqtt_preprocessed_v2.csv,8826,27,27,26,26,Tag_27,Tag_27,0.9999809265136719,1
mqtt_preprocessed_v2.csv,8827,27,27,26,26,Tag_27,Tag_27,0.9999799728393555,1
mqtt_preprocessed_v2.csv,8828,27,27,26,26,Tag_27,Tag_27,0.9999772310256958,1
mqtt_preprocessed_v2.csv,8829,27,27,26,26,Tag_27,Tag_27,0.9999783039093018,1
mqtt_preprocessed_v2.csv,8830,27,27,26,26,Tag_27,Tag_27,0.9999802112579346,1
mqtt_preprocessed_v2.csv,8831,27,27,26,26,Tag_27,Tag_27,0.9999818801879883,1
mqtt_preprocessed_v2.csv,8832,27,27,26,26,Tag_27,Tag_27,0.9999806880950928,1
mqtt_preprocessed_v2.csv,8833,27,27,26,26,Tag_27,Tag_27,0.9999808073043823,1
mqtt_preprocessed_v2.csv,8834,27,27,26,26,Tag_27,Tag_27,0.9999802112579346,1
mqtt_preprocessed_v2.csv,8835,27,27,26,26,Tag_27,Tag_27,0.999977707862854,1
mqtt_preprocessed_v2.csv,8836,27,27,26,26,Tag_27,Tag_27,0.9999809265136719,1
mqtt_preprocessed_v2.csv,8837,27,27,26,26,Tag_27,Tag_27,0.9999781847000122,1
mqtt_preprocessed_v2.csv,8838,27,27,26,26,Tag_27,Tag_27,0.9999827146530151,1
mqtt_preprocessed_v2.csv,8839,27,27,26,26,Tag_27,Tag_27,0.9999819993972778,1
mqtt_preprocessed_v2.csv,8840,27,27,26,26,Tag_27,Tag_27,0.999976634979248,1
mqtt_preprocessed_v2.csv,8841,27,27,26,26,Tag_27,Tag_27,0.9999821186065674,1
mqtt_preprocessed_v2.csv,8842,27,27,26,26,Tag_27,Tag_27,0.9999791383743286,1
mqtt_preprocessed_v2.csv,8843,27,27,26,26,Tag_27,Tag_27,0.9999802112579346,1
mqtt_preprocessed_v2.csv,8844,27,27,26,26,Tag_27,Tag_27,0.9999769926071167,1
mqtt_preprocessed_v2.csv,8845,27,27,26,26,Tag_27,Tag_27,0.9999797344207764,1
mqtt_preprocessed_v2.csv,8846,27,27,26,26,Tag_27,Tag_27,0.9999803304672241,1
mqtt_preprocessed_v2.csv,8847,27,27,26,26,Tag_27,Tag_27,0.9999827146530151,1
mqtt_preprocessed_v2.csv,8848,28,28,27,27,Tag_28,Tag_28,0.9999850988388062,1
mqtt_preprocessed_v2.csv,8849,28,28,27,27,Tag_28,Tag_28,0.9999877214431763,1
mqtt_preprocessed_v2.csv,8850,28,28,27,27,Tag_28,Tag_28,0.999988317489624,1
mqtt_preprocessed_v2.csv,8851,28,28,27,27,Tag_28,Tag_28,0.999957799911499,1
mqtt_preprocessed_v2.csv,8852,28,28,27,27,Tag_28,Tag_28,0.9999877214431763,1
mqtt_preprocessed_v2.csv,8853,28,28,27,27,Tag_28,Tag_28,0.9999853372573853,1
mqtt_preprocessed_v2.csv,8854,28,28,27,27,Tag_28,Tag_28,0.999900221824646,1
mqtt_preprocessed_v2.csv,8855,28,28,27,27,Tag_28,Tag_28,0.9999877214431763,1
mqtt_preprocessed_v2.csv,8856,28,28,27,27,Tag_28,Tag_28,0.9999880790710449,1
mqtt_preprocessed_v2.csv,8857,28,28,27,27,Tag_28,Tag_28,0.9999924898147583,1
mqtt_preprocessed_v2.csv,8858,28,28,27,27,Tag_28,Tag_28,0.9999856948852539,1
mqtt_preprocessed_v2.csv,8859,28,28,27,27,Tag_28,Tag_28,0.9999922513961792,1
mqtt_preprocessed_v2.csv,8860,28,28,27,27,Tag_28,Tag_28,0.999991774559021,1
mqtt_preprocessed_v2.csv,8861,28,28,27,27,Tag_28,Tag_28,0.999985933303833,1
mqtt_preprocessed_v2.csv,8862,28,28,27,27,Tag_28,Tag_28,0.999984860420227,1
mqtt_preprocessed_v2.csv,8863,28,28,27,27,Tag_28,Tag_28,0.9999910593032837,1
mqtt_preprocessed_v2.csv,8864,28,28,27,27,Tag_28,Tag_28,0.9999879598617554,1
mqtt_preprocessed_v2.csv,8865,28,28,27,27,Tag_28,Tag_28,0.9999880790710449,1
mqtt_preprocessed_v2.csv,8866,28,28,27,27,Tag_28,Tag_28,0.9999918937683105,1
mqtt_preprocessed_v2.csv,8867,28,28,27,27,Tag_28,Tag_28,0.9997395873069763,1
mqtt_preprocessed_v2.csv,8868,28,28,27,27,Tag_28,Tag_28,0.9999856948852539,1
mqtt_preprocessed_v2.csv,8869,28,28,27,27,Tag_28,Tag_28,0.9999876022338867,1
mqtt_preprocessed_v2.csv,8870,28,28,27,27,Tag_28,Tag_28,0.9999922513961792,1
mqtt_preprocessed_v2.csv,8871,28,28,27,27,Tag_28,Tag_28,0.999988317489624,1
mqtt_preprocessed_v2.csv,8872,28,28,27,27,Tag_28,Tag_28,0.9999847412109375,1
mqtt_preprocessed_v2.csv,8873,28,28,27,27,Tag_28,Tag_28,0.9999876022338867,1
mqtt_preprocessed_v2.csv,8874,28,28,27,27,Tag_28,Tag_28,0.9999914169311523,1
mqtt_preprocessed_v2.csv,8875,28,28,27,27,Tag_28,Tag_28,0.9997524619102478,1
mqtt_preprocessed_v2.csv,8876,28,28,27,27,Tag_28,Tag_28,0.999988317489624,1
mqtt_preprocessed_v2.csv,8877,28,28,27,27,Tag_28,Tag_28,0.9999821186065674,1
mqtt_preprocessed_v2.csv,8878,28,28,27,27,Tag_28,Tag_28,0.9999878406524658,1
mqtt_preprocessed_v2.csv,8879,28,28,27,27,Tag_28,Tag_28,0.999983549118042,1
mqtt_preprocessed_v2.csv,8880,28,28,27,27,Tag_28,Tag_28,0.9999923706054688,1
mqtt_preprocessed_v2.csv,8881,28,28,27,27,Tag_28,Tag_28,0.9997773766517639,1
mqtt_preprocessed_v2.csv,8882,28,28,27,27,Tag_28,Tag_28,0.9999915361404419,1
mqtt_preprocessed_v2.csv,8883,28,28,27,27,Tag_28,Tag_28,0.999985933303833,1
mqtt_preprocessed_v2.csv,8884,28,28,27,27,Tag_28,Tag_28,0.9999850988388062,1
mqtt_preprocessed_v2.csv,8885,28,28,27,27,Tag_28,Tag_28,0.9999922513961792,1
mqtt_preprocessed_v2.csv,8886,28,28,27,27,Tag_28,Tag_28,0.9999624490737915,1
mqtt_preprocessed_v2.csv,8887,28,28,27,27,Tag_28,Tag_28,0.9999924898147583,1
mqtt_preprocessed_v2.csv,8888,28,28,27,27,Tag_28,Tag_28,0.9997852444648743,1
mqtt_preprocessed_v2.csv,8889,28,28,27,27,Tag_28,Tag_28,0.999822199344635,1
mqtt_preprocessed_v2.csv,8890,28,28,27,27,Tag_28,Tag_28,0.9999874830245972,1
mqtt_preprocessed_v2.csv,8891,28,28,27,27,Tag_28,Tag_28,0.9999879598617554,1
mqtt_preprocessed_v2.csv,8892,28,28,27,27,Tag_28,Tag_28,0.999985933303833,1
mqtt_preprocessed_v2.csv,8893,28,28,27,27,Tag_28,Tag_28,0.9999908208847046,1
mqtt_preprocessed_v2.csv,8894,28,28,27,27,Tag_28,Tag_28,0.9999923706054688,1
mqtt_preprocessed_v2.csv,8895,28,28,27,27,Tag_28,Tag_28,0.9999856948852539,1
mqtt_preprocessed_v2.csv,8896,28,28,27,27,Tag_28,Tag_28,0.9999876022338867,1
mqtt_preprocessed_v2.csv,8897,28,28,27,27,Tag_28,Tag_28,0.9999915361404419,1
mqtt_preprocessed_v2.csv,8898,29,29,28,28,Tag_29,Tag_29,0.9999853372573853,1
mqtt_preprocessed_v2.csv,8899,29,29,28,28,Tag_29,Tag_29,0.9999854564666748,1
mqtt_preprocessed_v2.csv,8900,29,29,28,28,Tag_29,Tag_29,0.9999728202819824,1
mqtt_preprocessed_v2.csv,8901,29,29,28,28,Tag_29,Tag_29,0.9999775886535645,1
mqtt_preprocessed_v2.csv,8902,29,29,28,28,Tag_29,Tag_29,0.999984860420227,1
mqtt_preprocessed_v2.csv,8903,29,29,28,28,Tag_29,Tag_29,0.9999847412109375,1
mqtt_preprocessed_v2.csv,8904,29,29,28,28,Tag_29,Tag_29,0.9999803304672241,1
mqtt_preprocessed_v2.csv,8905,29,29,28,28,Tag_29,Tag_29,0.9999803304672241,1
mqtt_preprocessed_v2.csv,8906,29,29,28,28,Tag_29,Tag_29,0.999980092048645,1
mqtt_preprocessed_v2.csv,8907,29,29,28,28,Tag_29,Tag_29,0.9999779462814331,1
mqtt_preprocessed_v2.csv,8908,29,29,28,28,Tag_29,Tag_29,0.999980092048645,1
mqtt_preprocessed_v2.csv,8909,29,29,28,28,Tag_29,Tag_29,0.9999798536300659,1
mqtt_preprocessed_v2.csv,8910,29,29,28,28,Tag_29,Tag_29,0.9999779462814331,1
mqtt_preprocessed_v2.csv,8911,29,29,28,28,Tag_29,Tag_29,0.9999804496765137,1
mqtt_preprocessed_v2.csv,8912,29,29,28,28,Tag_29,Tag_29,0.99997878074646,1
mqtt_preprocessed_v2.csv,8913,29,29,28,28,Tag_29,Tag_29,0.9999768733978271,1
mqtt_preprocessed_v2.csv,8914,29,29,28,28,Tag_29,Tag_29,0.9999853372573853,1
mqtt_preprocessed_v2.csv,8915,29,29,28,28,Tag_29,Tag_29,0.9999853372573853,1
mqtt_preprocessed_v2.csv,8916,29,29,28,28,Tag_29,Tag_29,0.9999855756759644,1
mqtt_preprocessed_v2.csv,8917,29,29,28,28,Tag_29,Tag_29,0.9999775886535645,1
mqtt_preprocessed_v2.csv,8918,29,29,28,28,Tag_29,Tag_29,0.999971866607666,1
mqtt_preprocessed_v2.csv,8919,29,29,28,28,Tag_29,Tag_29,0.9999773502349854,1
mqtt_preprocessed_v2.csv,8920,29,29,28,28,Tag_29,Tag_29,0.9999773502349854,1
mqtt_preprocessed_v2.csv,8921,29,29,28,28,Tag_29,Tag_29,0.9999781847000122,1
mqtt_preprocessed_v2.csv,8922,29,29,28,28,Tag_29,Tag_29,0.9999799728393555,1
mqtt_preprocessed_v2.csv,8923,29,29,28,28,Tag_29,Tag_29,0.9999779462814331,1
mqtt_preprocessed_v2.csv,8924,29,29,28,28,Tag_29,Tag_29,0.999984860420227,1
mqtt_preprocessed_v2.csv,8925,29,29,28,28,Tag_29,Tag_29,0.9999635219573975,1
mqtt_preprocessed_v2.csv,8926,29,29,28,28,Tag_29,Tag_29,0.999968409538269,1
mqtt_preprocessed_v2.csv,8927,29,29,28,28,Tag_29,Tag_29,0.999977707862854,1
mqtt_preprocessed_v2.csv,8928,29,29,28,28,Tag_29,Tag_29,0.9999802112579346,1
mqtt_preprocessed_v2.csv,8929,29,29,28,28,Tag_29,Tag_29,0.9999837875366211,1
mqtt_preprocessed_v2.csv,8930,29,29,28,28,Tag_29,Tag_29,0.9999843835830688,1
mqtt_preprocessed_v2.csv,8931,29,29,28,28,Tag_29,Tag_29,0.9999828338623047,1
mqtt_preprocessed_v2.csv,8932,29,29,28,28,Tag_29,Tag_29,0.9999804496765137,1
mqtt_preprocessed_v2.csv,8933,29,29,28,28,Tag_29,Tag_29,0.9999775886535645,1
mqtt_preprocessed_v2.csv,8934,29,29,28,28,Tag_29,Tag_29,0.9999803304672241,1
mqtt_preprocessed_v2.csv,8935,29,29,28,28,Tag_29,Tag_29,0.9999768733978271,1
mqtt_preprocessed_v2.csv,8936,29,29,28,28,Tag_29,Tag_29,0.9999755620956421,1
mqtt_preprocessed_v2.csv,8937,29,29,28,28,Tag_29,Tag_29,0.9999750852584839,1
mqtt_preprocessed_v2.csv,8938,29,29,28,28,Tag_29,Tag_29,0.9999740123748779,1
mqtt_preprocessed_v2.csv,8939,29,29,28,28,Tag_29,Tag_29,0.999976634979248,1
mqtt_preprocessed_v2.csv,8940,29,29,28,28,Tag_29,Tag_29,0.9999799728393555,1
mqtt_preprocessed_v2.csv,8941,29,29,28,28,Tag_29,Tag_29,0.9999845027923584,1
mqtt_preprocessed_v2.csv,8942,29,29,28,28,Tag_29,Tag_29,0.9999772310256958,1
mqtt_preprocessed_v2.csv,8943,29,29,28,28,Tag_29,Tag_29,0.9999853372573853,1
mqtt_preprocessed_v2.csv,8944,29,29,28,28,Tag_29,Tag_29,0.9999847412109375,1
mqtt_preprocessed_v2.csv,8945,29,29,28,28,Tag_29,Tag_29,0.9999802112579346,1
mqtt_preprocessed_v2.csv,8946,29,29,28,28,Tag_29,Tag_29,0.9999845027923584,1
mqtt_preprocessed_v2.csv,8947,29,29,28,28,Tag_29,Tag_29,0.9999779462814331,1
mqtt_preprocessed_v2.csv,8948,30,30,29,29,Tag_30,Tag_30,0.9988116025924683,1
mqtt_preprocessed_v2.csv,8949,30,30,29,29,Tag_30,Tag_30,0.998816967010498,1
mqtt_preprocessed_v2.csv,8950,30,30,29,29,Tag_30,Tag_30,0.9987700581550598,1
mqtt_preprocessed_v2.csv,8951,30,30,29,29,Tag_30,Tag_30,0.9987780451774597,1
mqtt_preprocessed_v2.csv,8952,30,30,29,29,Tag_30,Tag_30,0.9966206550598145,1
mqtt_preprocessed_v2.csv,8953,30,30,29,29,Tag_30,Tag_30,0.9988251328468323,1
mqtt_preprocessed_v2.csv,8954,30,30,29,29,Tag_30,Tag_30,0.9987863898277283,1
mqtt_preprocessed_v2.csv,8955,30,30,29,29,Tag_30,Tag_30,0.9969397783279419,1
mqtt_preprocessed_v2.csv,8956,30,30,29,29,Tag_30,Tag_30,0.9962244033813477,1
mqtt_preprocessed_v2.csv,8957,30,30,29,29,Tag_30,Tag_30,0.9987769722938538,1
mqtt_preprocessed_v2.csv,8958,30,30,29,29,Tag_30,Tag_30,0.997020423412323,1
mqtt_preprocessed_v2.csv,8959,30,30,29,29,Tag_30,Tag_30,0.9987984895706177,1
mqtt_preprocessed_v2.csv,8960,30,30,29,29,Tag_30,Tag_30,0.9988096952438354,1
mqtt_preprocessed_v2.csv,8961,30,30,29,29,Tag_30,Tag_30,0.9960280656814575,1
mqtt_preprocessed_v2.csv,8962,30,30,29,29,Tag_30,Tag_30,0.9965116381645203,1
mqtt_preprocessed_v2.csv,8963,30,30,29,29,Tag_30,Tag_30,0.9987909197807312,1
mqtt_preprocessed_v2.csv,8964,30,30,29,29,Tag_30,Tag_30,0.9974347949028015,1
mqtt_preprocessed_v2.csv,8965,30,30,29,29,Tag_30,Tag_30,0.9965096116065979,1
mqtt_preprocessed_v2.csv,8966,30,30,29,29,Tag_30,Tag_30,0.99671870470047,1
mqtt_preprocessed_v2.csv,8967,30,30,29,29,Tag_30,Tag_30,0.9961638450622559,1
mqtt_preprocessed_v2.csv,8968,30,30,29,29,Tag_30,Tag_30,0.9987566471099854,1
mqtt_preprocessed_v2.csv,8969,30,30,29,29,Tag_30,Tag_30,0.9988020658493042,1
mqtt_preprocessed_v2.csv,8970,30,30,29,29,Tag_30,Tag_30,0.9987528324127197,1
mqtt_preprocessed_v2.csv,8971,30,30,29,29,Tag_30,Tag_30,0.996839165687561,1
mqtt_preprocessed_v2.csv,8972,30,30,29,29,Tag_30,Tag_30,0.998798131942749,1
mqtt_preprocessed_v2.csv,8973,30,30,29,29,Tag_30,Tag_30,0.9971281886100769,1
mqtt_preprocessed_v2.csv,8974,30,30,29,29,Tag_30,Tag_30,0.9988008737564087,1
mqtt_preprocessed_v2.csv,8975,30,30,29,29,Tag_30,Tag_30,0.9967408776283264,1
mqtt_preprocessed_v2.csv,8976,30,30,29,29,Tag_30,Tag_30,0.9987905621528625,1
mqtt_preprocessed_v2.csv,8977,30,30,29,29,Tag_30,Tag_30,0.9971120357513428,1
mqtt_preprocessed_v2.csv,8978,30,30,29,29,Tag_30,Tag_30,0.9972665309906006,1
mqtt_preprocessed_v2.csv,8979,30,30,29,29,Tag_30,Tag_30,0.9988030195236206,1
mqtt_preprocessed_v2.csv,8980,30,30,29,29,Tag_30,Tag_30,0.9987866282463074,1
mqtt_preprocessed_v2.csv,8981,30,30,29,29,Tag_30,Tag_30,0.998785674571991,1
mqtt_preprocessed_v2.csv,8982,30,30,29,29,Tag_30,Tag_30,0.9987620115280151,1
mqtt_preprocessed_v2.csv,8983,30,30,29,29,Tag_30,Tag_30,0.9988070726394653,1
mqtt_preprocessed_v2.csv,8984,30,30,29,29,Tag_30,Tag_30,0.9987745881080627,1
mqtt_preprocessed_v2.csv,8985,30,30,29,29,Tag_30,Tag_30,0.9988034963607788,1
mqtt_preprocessed_v2.csv,8986,30,30,29,29,Tag_30,Tag_30,0.9987720847129822,1
mqtt_preprocessed_v2.csv,8987,30,30,29,29,Tag_30,Tag_30,0.9988049268722534,1
mqtt_preprocessed_v2.csv,8988,30,30,29,29,Tag_30,Tag_30,0.996657133102417,1
mqtt_preprocessed_v2.csv,8989,30,30,29,29,Tag_30,Tag_30,0.9987720847129822,1
mqtt_preprocessed_v2.csv,8990,30,30,29,29,Tag_30,Tag_30,0.9988059997558594,1
mqtt_preprocessed_v2.csv,8991,30,30,29,29,Tag_30,Tag_30,0.9963533878326416,1
mqtt_preprocessed_v2.csv,8992,30,30,29,29,Tag_30,Tag_30,0.998773992061615,1
mqtt_preprocessed_v2.csv,8993,30,30,29,29,Tag_30,Tag_30,0.998803973197937,1
mqtt_preprocessed_v2.csv,8994,30,30,29,29,Tag_30,Tag_30,0.9988051652908325,1
mqtt_preprocessed_v2.csv,8995,30,30,29,29,Tag_30,Tag_30,0.9987711310386658,1
mqtt_preprocessed_v2.csv,8996,30,30,29,29,Tag_30,Tag_30,0.9988054037094116,1
mqtt_preprocessed_v2.csv,8997,30,30,29,29,Tag_30,Tag_30,0.9987865090370178,1
mqtt_preprocessed_v2.csv,8998,4,4,4,4,Tag_4,Tag_4,0.9999765157699585,1
mqtt_preprocessed_v2.csv,8999,4,4,4,4,Tag_4,Tag_4,0.9998204112052917,1
mqtt_preprocessed_v2.csv,9000,4,4,4,4,Tag_4,Tag_4,0.9999959468841553,1
mqtt_preprocessed_v2.csv,9001,4,4,4,4,Tag_4,Tag_4,0.999994158744812,1
mqtt_preprocessed_v2.csv,9002,4,4,4,4,Tag_4,Tag_4,0.9999936819076538,1
mqtt_preprocessed_v2.csv,9003,4,4,4,4,Tag_4,Tag_4,0.999995231628418,1
mqtt_preprocessed_v2.csv,9004,4,4,4,4,Tag_4,Tag_4,0.9999959468841553,1
mqtt_preprocessed_v2.csv,9005,4,4,4,4,Tag_4,Tag_4,0.9998376369476318,1
mqtt_preprocessed_v2.csv,9006,4,4,4,4,Tag_4,Tag_4,0.9999959468841553,1
mqtt_preprocessed_v2.csv,9007,4,4,4,4,Tag_4,Tag_4,0.9999943971633911,1
mqtt_preprocessed_v2.csv,9008,4,4,4,4,Tag_4,Tag_4,0.999994158744812,1
mqtt_preprocessed_v2.csv,9009,4,4,4,4,Tag_4,Tag_4,0.9999947547912598,1
mqtt_preprocessed_v2.csv,9010,4,4,4,4,Tag_4,Tag_4,0.999992847442627,1
mqtt_preprocessed_v2.csv,9011,4,4,4,4,Tag_4,Tag_4,0.9999953508377075,1
mqtt_preprocessed_v2.csv,9012,4,4,4,4,Tag_4,Tag_4,0.9999963045120239,1
mqtt_preprocessed_v2.csv,9013,4,4,4,4,Tag_4,Tag_4,0.9999916553497314,1
mqtt_preprocessed_v2.csv,9014,4,4,4,4,Tag_4,Tag_4,0.9998476505279541,1
mqtt_preprocessed_v2.csv,9015,4,4,4,4,Tag_4,Tag_4,0.9999951124191284,1
mqtt_preprocessed_v2.csv,9016,4,4,4,4,Tag_4,Tag_4,0.9999814033508301,1
mqtt_preprocessed_v2.csv,9017,4,4,4,4,Tag_4,Tag_4,0.9998717308044434,1
mqtt_preprocessed_v2.csv,9018,4,4,4,4,Tag_4,Tag_4,0.9962273836135864,1
mqtt_preprocessed_v2.csv,9019,4,4,4,4,Tag_4,Tag_4,0.9998888969421387,1
mqtt_preprocessed_v2.csv,9020,4,4,4,4,Tag_4,Tag_4,0.9958288073539734,1
mqtt_preprocessed_v2.csv,9021,4,4,4,4,Tag_4,Tag_4,0.9999150037765503,1
mqtt_preprocessed_v2.csv,9022,4,4,4,4,Tag_4,Tag_4,0.9946017265319824,1
mqtt_preprocessed_v2.csv,9023,4,4,4,4,Tag_4,Tag_4,0.9970604777336121,1
mqtt_preprocessed_v2.csv,9024,4,4,4,4,Tag_4,Tag_4,0.9997534155845642,1
mqtt_preprocessed_v2.csv,9025,4,4,4,4,Tag_4,Tag_4,0.9970903396606445,1
mqtt_preprocessed_v2.csv,9026,4,4,4,4,Tag_4,Tag_4,0.9983426332473755,1
mqtt_preprocessed_v2.csv,9027,4,4,4,4,Tag_4,Tag_4,0.9974541068077087,1
mqtt_preprocessed_v2.csv,9028,4,4,4,4,Tag_4,Tag_4,0.997990608215332,1
mqtt_preprocessed_v2.csv,9029,4,4,4,4,Tag_4,Tag_4,0.9980598092079163,1
mqtt_preprocessed_v2.csv,9030,4,4,4,4,Tag_4,Tag_4,0.9966059923171997,1
mqtt_preprocessed_v2.csv,9031,4,4,4,4,Tag_4,Tag_4,0.9961658716201782,1
mqtt_preprocessed_v2.csv,9032,4,4,4,4,Tag_4,Tag_4,0.9998941421508789,1
mqtt_preprocessed_v2.csv,9033,4,4,4,4,Tag_4,Tag_4,0.9968242645263672,1
mqtt_preprocessed_v2.csv,9034,4,4,4,4,Tag_4,Tag_4,0.9943753480911255,1
mqtt_preprocessed_v2.csv,9035,4,4,4,4,Tag_4,Tag_4,0.9972931742668152,1
mqtt_preprocessed_v2.csv,9036,4,4,4,4,Tag_4,Tag_4,0.9999843835830688,1
mqtt_preprocessed_v2.csv,9037,4,4,4,4,Tag_4,Tag_4,0.9963384866714478,1
mqtt_preprocessed_v2.csv,9038,4,4,4,4,Tag_4,Tag_4,0.9999895095825195,1
mqtt_preprocessed_v2.csv,9039,4,4,4,4,Tag_4,Tag_4,0.9999727010726929,1
mqtt_preprocessed_v2.csv,9040,4,4,4,4,Tag_4,Tag_4,0.9999929666519165,1
mqtt_preprocessed_v2.csv,9041,4,4,4,4,Tag_4,Tag_4,0.9999957084655762,1
mqtt_preprocessed_v2.csv,9042,4,4,4,4,Tag_4,Tag_4,0.9999890327453613,1
mqtt_preprocessed_v2.csv,9043,4,4,4,4,Tag_4,Tag_4,0.9999936819076538,1
mqtt_preprocessed_v2.csv,9044,4,4,4,4,Tag_4,Tag_4,0.9999510049819946,1
mqtt_preprocessed_v2.csv,9045,4,4,4,4,Tag_4,Tag_4,0.9995468258857727,1
mqtt_preprocessed_v2.csv,9046,4,4,4,4,Tag_4,Tag_4,0.9999644756317139,1
mqtt_preprocessed_v2.csv,9047,4,4,4,4,Tag_4,Tag_4,0.9999825954437256,1
mqtt_preprocessed_v2.csv,9048,4,4,4,4,Tag_4,Tag_4,0.999993085861206,1
mqtt_preprocessed_v2.csv,9049,4,4,4,4,Tag_4,Tag_4,0.9999773502349854,1
mqtt_preprocessed_v2.csv,9050,4,4,4,4,Tag_4,Tag_4,0.9999817609786987,1
mqtt_preprocessed_v2.csv,9051,4,4,4,4,Tag_4,Tag_4,0.9999881982803345,1
mqtt_preprocessed_v2.csv,9052,4,4,4,4,Tag_4,Tag_4,0.9999744892120361,1
mqtt_preprocessed_v2.csv,9053,4,4,4,4,Tag_4,Tag_4,0.9999943971633911,1
mqtt_preprocessed_v2.csv,9054,4,4,4,4,Tag_4,Tag_4,0.9999935626983643,1
mqtt_preprocessed_v2.csv,9055,4,4,4,4,Tag_4,Tag_4,0.9999904632568359,1
mqtt_preprocessed_v2.csv,9056,4,4,4,4,Tag_4,Tag_4,0.9999940395355225,1
mqtt_preprocessed_v2.csv,9057,4,4,4,4,Tag_4,Tag_4,0.9999886751174927,1
mqtt_preprocessed_v2.csv,9058,4,4,4,4,Tag_4,Tag_4,0.9999955892562866,1
mqtt_preprocessed_v2.csv,9059,4,4,4,4,Tag_4,Tag_4,0.9999948740005493,1
mqtt_preprocessed_v2.csv,9060,4,4,4,4,Tag_4,Tag_4,0.9999938011169434,1
mqtt_preprocessed_v2.csv,9061,4,4,4,4,Tag_4,Tag_4,0.9999942779541016,1
mqtt_preprocessed_v2.csv,9062,4,4,4,4,Tag_4,Tag_4,0.9999938011169434,1
mqtt_preprocessed_v2.csv,9063,4,4,4,4,Tag_4,Tag_4,0.9999957084655762,1
mqtt_preprocessed_v2.csv,9064,4,4,4,4,Tag_4,Tag_4,0.9999936819076538,1
mqtt_preprocessed_v2.csv,9065,4,4,4,4,Tag_4,Tag_4,0.9999942779541016,1
mqtt_preprocessed_v2.csv,9066,4,4,4,4,Tag_4,Tag_4,0.9999957084655762,1
mqtt_preprocessed_v2.csv,9067,4,4,4,4,Tag_4,Tag_4,0.9999947547912598,1
mqtt_preprocessed_v2.csv,9068,4,4,4,4,Tag_4,Tag_4,0.9999954700469971,1
mqtt_preprocessed_v2.csv,9069,4,4,4,4,Tag_4,Tag_4,0.999994158744812,1
mqtt_preprocessed_v2.csv,9070,4,4,4,4,Tag_4,Tag_4,0.9999897480010986,1
mqtt_preprocessed_v2.csv,9071,4,4,4,4,Tag_4,Tag_4,0.9999954700469971,1
mqtt_preprocessed_v2.csv,9072,4,4,4,4,Tag_4,Tag_4,0.9999954700469971,1
mqtt_preprocessed_v2.csv,9073,4,4,4,4,Tag_4,Tag_4,0.999993085861206,1
mqtt_preprocessed_v2.csv,9074,4,4,4,4,Tag_4,Tag_4,0.9999897480010986,1
mqtt_preprocessed_v2.csv,9075,4,4,4,4,Tag_4,Tag_4,0.9999933242797852,1
mqtt_preprocessed_v2.csv,9076,4,4,4,4,Tag_4,Tag_4,0.9999938011169434,1
mqtt_preprocessed_v2.csv,9077,4,4,4,4,Tag_4,Tag_4,0.9999948740005493,1
mqtt_preprocessed_v2.csv,9078,4,4,4,4,Tag_4,Tag_4,0.9999946355819702,1
mqtt_preprocessed_v2.csv,9079,4,4,4,4,Tag_4,Tag_4,0.9999955892562866,1
mqtt_preprocessed_v2.csv,9080,4,4,4,4,Tag_4,Tag_4,0.9999552965164185,1
mqtt_preprocessed_v2.csv,9081,4,4,4,4,Tag_4,Tag_4,0.9999964237213135,1
mqtt_preprocessed_v2.csv,9082,4,4,4,4,Tag_4,Tag_4,0.9999940395355225,1
mqtt_preprocessed_v2.csv,9083,4,4,4,4,Tag_4,Tag_4,0.9999920129776001,1
mqtt_preprocessed_v2.csv,9084,4,4,4,4,Tag_4,Tag_4,0.9999946355819702,1
mqtt_preprocessed_v2.csv,9085,4,4,4,4,Tag_4,Tag_4,0.9997966885566711,1
mqtt_preprocessed_v2.csv,9086,4,4,4,4,Tag_4,Tag_4,0.9999877214431763,1
mqtt_preprocessed_v2.csv,9087,4,4,4,4,Tag_4,Tag_4,0.9999949932098389,1
mqtt_preprocessed_v2.csv,9088,4,4,4,4,Tag_4,Tag_4,0.9999929666519165,1
mqtt_preprocessed_v2.csv,9089,4,4,4,4,Tag_4,Tag_4,0.9999918937683105,1
mqtt_preprocessed_v2.csv,9090,4,4,4,4,Tag_4,Tag_4,0.9999951124191284,1
mqtt_preprocessed_v2.csv,9091,4,4,4,4,Tag_4,Tag_4,0.999987006187439,1
mqtt_preprocessed_v2.csv,9092,4,4,4,4,Tag_4,Tag_4,0.999984622001648,1
mqtt_preprocessed_v2.csv,9093,4,4,4,4,Tag_4,Tag_4,0.999993085861206,1
mqtt_preprocessed_v2.csv,9094,4,4,4,4,Tag_4,Tag_4,0.9999934434890747,1
mqtt_preprocessed_v2.csv,9095,4,4,4,4,Tag_4,Tag_4,0.999993085861206,1
mqtt_preprocessed_v2.csv,9096,4,4,4,4,Tag_4,Tag_4,0.9999908208847046,1
mqtt_preprocessed_v2.csv,9097,4,4,4,4,Tag_4,Tag_4,0.9999852180480957,1
mqtt_preprocessed_v2.csv,9098,32,32,30,30,Tag_32,Tag_32,0.9997699856758118,1
mqtt_preprocessed_v2.csv,9099,32,32,30,30,Tag_32,Tag_32,0.9996863603591919,1
mqtt_preprocessed_v2.csv,9100,32,32,30,30,Tag_32,Tag_32,0.9997076392173767,1
mqtt_preprocessed_v2.csv,9101,32,32,30,30,Tag_32,Tag_32,0.9996438026428223,1
mqtt_preprocessed_v2.csv,9102,32,32,30,30,Tag_32,Tag_32,0.9996721744537354,1
mqtt_preprocessed_v2.csv,9103,32,32,30,30,Tag_32,Tag_32,0.9996720552444458,1
mqtt_preprocessed_v2.csv,9104,32,32,30,30,Tag_32,Tag_32,0.9996342658996582,1
mqtt_preprocessed_v2.csv,9105,32,32,30,30,Tag_32,Tag_32,0.9996757507324219,1
mqtt_preprocessed_v2.csv,9106,32,32,30,30,Tag_32,Tag_32,0.9982776641845703,1
mqtt_preprocessed_v2.csv,9107,32,32,30,30,Tag_32,Tag_32,0.9996180534362793,1
mqtt_preprocessed_v2.csv,9108,32,32,30,30,Tag_32,Tag_32,0.9984861016273499,1
mqtt_preprocessed_v2.csv,9109,32,32,30,30,Tag_32,Tag_32,0.9924097061157227,1
mqtt_preprocessed_v2.csv,9110,32,32,30,30,Tag_32,Tag_32,0.9996205568313599,1
mqtt_preprocessed_v2.csv,9111,32,32,30,30,Tag_32,Tag_32,0.9996774196624756,1
mqtt_preprocessed_v2.csv,9112,32,32,30,30,Tag_32,Tag_32,0.9995711445808411,1
mqtt_preprocessed_v2.csv,9113,32,32,30,30,Tag_32,Tag_32,0.9993917942047119,1
mqtt_preprocessed_v2.csv,9114,32,32,30,30,Tag_32,Tag_32,0.9995101690292358,1
mqtt_preprocessed_v2.csv,9115,32,32,30,30,Tag_32,Tag_32,0.9996697902679443,1
mqtt_preprocessed_v2.csv,9116,32,32,30,30,Tag_32,Tag_32,0.9995555281639099,1
mqtt_preprocessed_v2.csv,9117,32,32,30,30,Tag_32,Tag_32,0.9996984004974365,1
mqtt_preprocessed_v2.csv,9118,32,32,30,30,Tag_32,Tag_32,0.9996991157531738,1
mqtt_preprocessed_v2.csv,9119,32,32,30,30,Tag_32,Tag_32,0.9996743202209473,1
mqtt_preprocessed_v2.csv,9120,32,-1,30,0,Tag_32,Normal,0.8868522644042969,0
mqtt_preprocessed_v2.csv,9121,32,32,30,30,Tag_32,Tag_32,0.9969024062156677,1
mqtt_preprocessed_v2.csv,9122,32,32,30,30,Tag_32,Tag_32,0.9988148212432861,1
mqtt_preprocessed_v2.csv,9123,32,32,30,30,Tag_32,Tag_32,0.9993808269500732,1
mqtt_preprocessed_v2.csv,9124,32,32,30,30,Tag_32,Tag_32,0.9994422793388367,1
mqtt_preprocessed_v2.csv,9125,32,32,30,30,Tag_32,Tag_32,0.998996913433075,1
mqtt_preprocessed_v2.csv,9126,32,32,30,30,Tag_32,Tag_32,0.9996291399002075,1
mqtt_preprocessed_v2.csv,9127,32,32,30,30,Tag_32,Tag_32,0.9996412992477417,1
mqtt_preprocessed_v2.csv,9128,32,32,30,30,Tag_32,Tag_32,0.9996218681335449,1
mqtt_preprocessed_v2.csv,9129,32,32,30,30,Tag_32,Tag_32,0.9995519518852234,1
mqtt_preprocessed_v2.csv,9130,32,32,30,30,Tag_32,Tag_32,0.9996464252471924,1
mqtt_preprocessed_v2.csv,9131,32,32,30,30,Tag_32,Tag_32,0.9977450370788574,1
mqtt_preprocessed_v2.csv,9132,32,32,30,30,Tag_32,Tag_32,0.9995104074478149,1
mqtt_preprocessed_v2.csv,9133,32,32,30,30,Tag_32,Tag_32,0.9996781349182129,1
mqtt_preprocessed_v2.csv,9134,32,32,30,30,Tag_32,Tag_32,0.9991063475608826,1
mqtt_preprocessed_v2.csv,9135,32,32,30,30,Tag_32,Tag_32,0.9996887445449829,1
mqtt_preprocessed_v2.csv,9136,32,32,30,30,Tag_32,Tag_32,0.9997265934944153,1
mqtt_preprocessed_v2.csv,9137,32,32,30,30,Tag_32,Tag_32,0.9995408058166504,1
mqtt_preprocessed_v2.csv,9138,32,32,30,30,Tag_32,Tag_32,0.9994520545005798,1
mqtt_preprocessed_v2.csv,9139,32,32,30,30,Tag_32,Tag_32,0.9946140646934509,1
mqtt_preprocessed_v2.csv,9140,32,32,30,30,Tag_32,Tag_32,0.9993299245834351,1
mqtt_preprocessed_v2.csv,9141,32,32,30,30,Tag_32,Tag_32,0.9993411898612976,1
mqtt_preprocessed_v2.csv,9142,32,32,30,30,Tag_32,Tag_32,0.9991952776908875,1
mqtt_preprocessed_v2.csv,9143,32,32,30,30,Tag_32,Tag_32,0.9989965558052063,1
mqtt_preprocessed_v2.csv,9144,32,32,30,30,Tag_32,Tag_32,0.9988173842430115,1
mqtt_preprocessed_v2.csv,9145,32,32,30,30,Tag_32,Tag_32,0.9984990358352661,1
mqtt_preprocessed_v2.csv,9146,32,32,30,30,Tag_32,Tag_32,0.9996545314788818,1
mqtt_preprocessed_v2.csv,9147,32,32,30,30,Tag_32,Tag_32,0.998907208442688,1
mqtt_preprocessed_v2.csv,9148,32,32,30,30,Tag_32,Tag_32,0.9995355606079102,1
mqtt_preprocessed_v2.csv,9149,32,32,30,30,Tag_32,Tag_32,0.999799907207489,1
mqtt_preprocessed_v2.csv,9150,32,32,30,30,Tag_32,Tag_32,0.9996920824050903,1
mqtt_preprocessed_v2.csv,9151,32,32,30,30,Tag_32,Tag_32,0.9996656179428101,1
mqtt_preprocessed_v2.csv,9152,32,32,30,30,Tag_32,Tag_32,0.9994091987609863,1
mqtt_preprocessed_v2.csv,9153,32,32,30,30,Tag_32,Tag_32,0.9994623064994812,1
mqtt_preprocessed_v2.csv,9154,32,32,30,30,Tag_32,Tag_32,0.9957367181777954,1
mqtt_preprocessed_v2.csv,9155,32,32,30,30,Tag_32,Tag_32,0.9994224309921265,1
mqtt_preprocessed_v2.csv,9156,32,32,30,30,Tag_32,Tag_32,0.9997155070304871,1
mqtt_preprocessed_v2.csv,9157,32,32,30,30,Tag_32,Tag_32,0.9995575547218323,1
mqtt_preprocessed_v2.csv,9158,32,32,30,30,Tag_32,Tag_32,0.9996069073677063,1
mqtt_preprocessed_v2.csv,9159,32,32,30,30,Tag_32,Tag_32,0.9997597336769104,1
mqtt_preprocessed_v2.csv,9160,32,32,30,30,Tag_32,Tag_32,0.9996159076690674,1
mqtt_preprocessed_v2.csv,9161,32,32,30,30,Tag_32,Tag_32,0.9983938336372375,1
mqtt_preprocessed_v2.csv,9162,32,32,30,30,Tag_32,Tag_32,0.9997032284736633,1
mqtt_preprocessed_v2.csv,9163,32,32,30,30,Tag_32,Tag_32,0.9996312856674194,1
mqtt_preprocessed_v2.csv,9164,32,32,30,30,Tag_32,Tag_32,0.9996523857116699,1
mqtt_preprocessed_v2.csv,9165,32,32,30,30,Tag_32,Tag_32,0.9996846914291382,1
mqtt_preprocessed_v2.csv,9166,32,32,30,30,Tag_32,Tag_32,0.999559223651886,1
mqtt_preprocessed_v2.csv,9167,32,32,30,30,Tag_32,Tag_32,0.9997203946113586,1
mqtt_preprocessed_v2.csv,9168,32,32,30,30,Tag_32,Tag_32,0.9976173043251038,1
mqtt_preprocessed_v2.csv,9169,32,32,30,30,Tag_32,Tag_32,0.9996520280838013,1
mqtt_preprocessed_v2.csv,9170,32,32,30,30,Tag_32,Tag_32,0.9997996687889099,1
mqtt_preprocessed_v2.csv,9171,32,32,30,30,Tag_32,Tag_32,0.9996731281280518,1
mqtt_preprocessed_v2.csv,9172,32,32,30,30,Tag_32,Tag_32,0.9997001886367798,1
mqtt_preprocessed_v2.csv,9173,32,32,30,30,Tag_32,Tag_32,0.9903274178504944,1
mqtt_preprocessed_v2.csv,9174,32,32,30,30,Tag_32,Tag_32,0.9996979236602783,1
mqtt_preprocessed_v2.csv,9175,32,32,30,30,Tag_32,Tag_32,0.9997671246528625,1
mqtt_preprocessed_v2.csv,9176,32,32,30,30,Tag_32,Tag_32,0.9994649291038513,1
mqtt_preprocessed_v2.csv,9177,32,32,30,30,Tag_32,Tag_32,0.9998199343681335,1
mqtt_preprocessed_v2.csv,9178,32,32,30,30,Tag_32,Tag_32,0.9994321465492249,1
mqtt_preprocessed_v2.csv,9179,32,32,30,30,Tag_32,Tag_32,0.9985313415527344,1
mqtt_preprocessed_v2.csv,9180,32,32,30,30,Tag_32,Tag_32,0.999736487865448,1
mqtt_preprocessed_v2.csv,9181,32,32,30,30,Tag_32,Tag_32,0.9991220831871033,1
mqtt_preprocessed_v2.csv,9182,32,32,30,30,Tag_32,Tag_32,0.9998102784156799,1
mqtt_preprocessed_v2.csv,9183,32,32,30,30,Tag_32,Tag_32,0.9994930028915405,1
mqtt_preprocessed_v2.csv,9184,32,32,30,30,Tag_32,Tag_32,0.9960171580314636,1
mqtt_preprocessed_v2.csv,9185,32,32,30,30,Tag_32,Tag_32,0.9967343807220459,1
mqtt_preprocessed_v2.csv,9186,32,32,30,30,Tag_32,Tag_32,0.9989572763442993,1
mqtt_preprocessed_v2.csv,9187,32,32,30,30,Tag_32,Tag_32,0.9995778203010559,1
mqtt_preprocessed_v2.csv,9188,32,32,30,30,Tag_32,Tag_32,0.9996322393417358,1
mqtt_preprocessed_v2.csv,9189,32,32,30,30,Tag_32,Tag_32,0.9993470311164856,1
mqtt_preprocessed_v2.csv,9190,32,32,30,30,Tag_32,Tag_32,0.9995713829994202,1
mqtt_preprocessed_v2.csv,9191,32,32,30,30,Tag_32,Tag_32,0.9954624772071838,1
mqtt_preprocessed_v2.csv,9192,32,32,30,30,Tag_32,Tag_32,0.9990983009338379,1
mqtt_preprocessed_v2.csv,9193,32,32,30,30,Tag_32,Tag_32,0.9875032305717468,1
mqtt_preprocessed_v2.csv,9194,32,32,30,30,Tag_32,Tag_32,0.9996471405029297,1
mqtt_preprocessed_v2.csv,9195,32,32,30,30,Tag_32,Tag_32,0.9983559250831604,1
mqtt_preprocessed_v2.csv,9196,32,32,30,30,Tag_32,Tag_32,0.9995588660240173,1
mqtt_preprocessed_v2.csv,9197,32,32,30,30,Tag_32,Tag_32,0.9994586110115051,1
mqtt_preprocessed_v2.csv,9198,4,4,4,4,Tag_4,Tag_4,0.9995036125183105,1
mqtt_preprocessed_v2.csv,9199,4,4,4,4,Tag_4,Tag_4,0.9996780157089233,1
mqtt_preprocessed_v2.csv,9200,4,4,4,4,Tag_4,Tag_4,0.9935386776924133,1
mqtt_preprocessed_v2.csv,9201,4,4,4,4,Tag_4,Tag_4,0.9993283748626709,1
mqtt_preprocessed_v2.csv,9202,4,4,4,4,Tag_4,Tag_4,0.9997120499610901,1
mqtt_preprocessed_v2.csv,9203,4,4,4,4,Tag_4,Tag_4,0.9997201561927795,1
mqtt_preprocessed_v2.csv,9204,4,4,4,4,Tag_4,Tag_4,0.999295711517334,1
mqtt_preprocessed_v2.csv,9205,4,4,4,4,Tag_4,Tag_4,0.9997299313545227,1
mqtt_preprocessed_v2.csv,9206,4,4,4,4,Tag_4,Tag_4,0.9996910095214844,1
mqtt_preprocessed_v2.csv,9207,4,4,4,4,Tag_4,Tag_4,0.9963371753692627,1
mqtt_preprocessed_v2.csv,9208,4,4,4,4,Tag_4,Tag_4,0.9997161030769348,1
mqtt_preprocessed_v2.csv,9209,4,4,4,4,Tag_4,Tag_4,0.999663233757019,1
mqtt_preprocessed_v2.csv,9210,4,4,4,4,Tag_4,Tag_4,0.9994671940803528,1
mqtt_preprocessed_v2.csv,9211,4,4,4,4,Tag_4,Tag_4,0.9994335770606995,1
mqtt_preprocessed_v2.csv,9212,4,4,4,4,Tag_4,Tag_4,0.998401939868927,1
mqtt_preprocessed_v2.csv,9213,4,4,4,4,Tag_4,Tag_4,0.9992935657501221,1
mqtt_preprocessed_v2.csv,9214,4,4,4,4,Tag_4,Tag_4,0.9978760480880737,1
mqtt_preprocessed_v2.csv,9215,4,4,4,4,Tag_4,Tag_4,0.9991679191589355,1
mqtt_preprocessed_v2.csv,9216,4,4,4,4,Tag_4,Tag_4,0.9994367957115173,1
mqtt_preprocessed_v2.csv,9217,4,4,4,4,Tag_4,Tag_4,0.9993327260017395,1
mqtt_preprocessed_v2.csv,9218,4,4,4,4,Tag_4,Tag_4,0.9994294047355652,1
mqtt_preprocessed_v2.csv,9219,4,4,4,4,Tag_4,Tag_4,0.9975290894508362,1
mqtt_preprocessed_v2.csv,9220,4,4,4,4,Tag_4,Tag_4,0.9990378618240356,1
mqtt_preprocessed_v2.csv,9221,4,4,4,4,Tag_4,Tag_4,0.9996463060379028,1
mqtt_preprocessed_v2.csv,9222,4,4,4,4,Tag_4,Tag_4,0.9995108842849731,1
mqtt_preprocessed_v2.csv,9223,4,4,4,4,Tag_4,Tag_4,0.9972463846206665,1
mqtt_preprocessed_v2.csv,9224,4,4,4,4,Tag_4,Tag_4,0.9989514350891113,1
mqtt_preprocessed_v2.csv,9225,4,4,4,4,Tag_4,Tag_4,0.9980625510215759,1
mqtt_preprocessed_v2.csv,9226,4,4,4,4,Tag_4,Tag_4,0.9992426633834839,1
mqtt_preprocessed_v2.csv,9227,4,4,4,4,Tag_4,Tag_4,0.993389368057251,1
mqtt_preprocessed_v2.csv,9228,4,4,4,4,Tag_4,Tag_4,0.9993624091148376,1
mqtt_preprocessed_v2.csv,9229,4,4,4,4,Tag_4,Tag_4,0.998658299446106,1
mqtt_preprocessed_v2.csv,9230,4,4,4,4,Tag_4,Tag_4,0.9999884366989136,1
mqtt_preprocessed_v2.csv,9231,4,4,4,4,Tag_4,Tag_4,0.999968409538269,1
mqtt_preprocessed_v2.csv,9232,4,4,4,4,Tag_4,Tag_4,0.9999696016311646,1
mqtt_preprocessed_v2.csv,9233,4,4,4,4,Tag_4,Tag_4,0.9999703168869019,1
mqtt_preprocessed_v2.csv,9234,4,4,4,4,Tag_4,Tag_4,0.9999665021896362,1
mqtt_preprocessed_v2.csv,9235,4,4,4,4,Tag_4,Tag_4,0.9999624490737915,1
mqtt_preprocessed_v2.csv,9236,4,4,4,4,Tag_4,Tag_4,0.9999668598175049,1
mqtt_preprocessed_v2.csv,9237,4,4,4,4,Tag_4,Tag_4,0.9999604225158691,1
mqtt_preprocessed_v2.csv,9238,4,4,4,4,Tag_4,Tag_4,0.9999706745147705,1
mqtt_preprocessed_v2.csv,9239,4,4,4,4,Tag_4,Tag_4,0.9999634027481079,1
mqtt_preprocessed_v2.csv,9240,4,4,4,4,Tag_4,Tag_4,0.999966025352478,1
mqtt_preprocessed_v2.csv,9241,4,4,4,4,Tag_4,Tag_4,0.9999678134918213,1
mqtt_preprocessed_v2.csv,9242,4,4,4,4,Tag_4,Tag_4,0.9999611377716064,1
mqtt_preprocessed_v2.csv,9243,4,4,4,4,Tag_4,Tag_4,0.999968409538269,1
mqtt_preprocessed_v2.csv,9244,4,4,4,4,Tag_4,Tag_4,0.9999712705612183,1
mqtt_preprocessed_v2.csv,9245,4,4,4,4,Tag_4,Tag_4,0.9999654293060303,1
mqtt_preprocessed_v2.csv,9246,4,4,4,4,Tag_4,Tag_4,0.9999665021896362,1
mqtt_preprocessed_v2.csv,9247,4,4,4,4,Tag_4,Tag_4,0.9996440410614014,1
mqtt_preprocessed_v2.csv,9248,4,4,4,4,Tag_4,Tag_4,0.9999356269836426,1
mqtt_preprocessed_v2.csv,9249,4,4,4,4,Tag_4,Tag_4,0.9999226331710815,1
mqtt_preprocessed_v2.csv,9250,4,4,4,4,Tag_4,Tag_4,0.999976396560669,1
mqtt_preprocessed_v2.csv,9251,4,4,4,4,Tag_4,Tag_4,0.9999768733978271,1
mqtt_preprocessed_v2.csv,9252,4,4,4,4,Tag_4,Tag_4,0.9999791383743286,1
mqtt_preprocessed_v2.csv,9253,4,4,4,4,Tag_4,Tag_4,0.9999920129776001,1
mqtt_preprocessed_v2.csv,9254,4,4,4,4,Tag_4,Tag_4,0.9999837875366211,1
mqtt_preprocessed_v2.csv,9255,4,4,4,4,Tag_4,Tag_4,0.999987006187439,1
mqtt_preprocessed_v2.csv,9256,4,4,4,4,Tag_4,Tag_4,0.9999830722808838,1
mqtt_preprocessed_v2.csv,9257,4,4,4,4,Tag_4,Tag_4,0.9999850988388062,1
mqtt_preprocessed_v2.csv,9258,4,4,4,4,Tag_4,Tag_4,0.9999905824661255,1
mqtt_preprocessed_v2.csv,9259,4,4,4,4,Tag_4,Tag_4,0.9999377727508545,1
mqtt_preprocessed_v2.csv,9260,4,4,4,4,Tag_4,Tag_4,0.9999915361404419,1
mqtt_preprocessed_v2.csv,9261,4,4,4,4,Tag_4,Tag_4,0.9999822378158569,1
mqtt_preprocessed_v2.csv,9262,4,4,4,4,Tag_4,Tag_4,0.9999771118164062,1
mqtt_preprocessed_v2.csv,9263,4,4,4,4,Tag_4,Tag_4,0.9999837875366211,1
mqtt_preprocessed_v2.csv,9264,4,4,4,4,Tag_4,Tag_4,0.9999914169311523,1
mqtt_preprocessed_v2.csv,9265,4,4,4,4,Tag_4,Tag_4,0.9999874830245972,1
mqtt_preprocessed_v2.csv,9266,4,4,4,4,Tag_4,Tag_4,0.9999868869781494,1
mqtt_preprocessed_v2.csv,9267,4,4,4,4,Tag_4,Tag_4,0.9999799728393555,1
mqtt_preprocessed_v2.csv,9268,4,4,4,4,Tag_4,Tag_4,0.9999860525131226,1
mqtt_preprocessed_v2.csv,9269,4,4,4,4,Tag_4,Tag_4,0.9999855756759644,1
mqtt_preprocessed_v2.csv,9270,4,4,4,4,Tag_4,Tag_4,0.9999856948852539,1
mqtt_preprocessed_v2.csv,9271,4,4,4,4,Tag_4,Tag_4,0.9999876022338867,1
mqtt_preprocessed_v2.csv,9272,4,4,4,4,Tag_4,Tag_4,0.9999901056289673,1
mqtt_preprocessed_v2.csv,9273,4,4,4,4,Tag_4,Tag_4,0.9999860525131226,1
mqtt_preprocessed_v2.csv,9274,4,4,4,4,Tag_4,Tag_4,0.9999902248382568,1
mqtt_preprocessed_v2.csv,9275,4,4,4,4,Tag_4,Tag_4,0.9999850988388062,1
mqtt_preprocessed_v2.csv,9276,4,4,4,4,Tag_4,Tag_4,0.999991774559021,1
mqtt_preprocessed_v2.csv,9277,4,4,4,4,Tag_4,Tag_4,0.9999767541885376,1
mqtt_preprocessed_v2.csv,9278,4,4,4,4,Tag_4,Tag_4,0.9999728202819824,1
mqtt_preprocessed_v2.csv,9279,4,4,4,4,Tag_4,Tag_4,0.9999402761459351,1
mqtt_preprocessed_v2.csv,9280,4,4,4,4,Tag_4,Tag_4,0.9999538660049438,1
mqtt_preprocessed_v2.csv,9281,4,4,4,4,Tag_4,Tag_4,0.9999887943267822,1
mqtt_preprocessed_v2.csv,9282,4,4,4,4,Tag_4,Tag_4,0.9999923706054688,1
mqtt_preprocessed_v2.csv,9283,4,4,4,4,Tag_4,Tag_4,0.999972939491272,1
mqtt_preprocessed_v2.csv,9284,4,4,4,4,Tag_4,Tag_4,0.9999901056289673,1
mqtt_preprocessed_v2.csv,9285,4,4,4,4,Tag_4,Tag_4,0.9997910857200623,1
mqtt_preprocessed_v2.csv,9286,4,4,4,4,Tag_4,Tag_4,0.9999895095825195,1
mqtt_preprocessed_v2.csv,9287,4,4,4,4,Tag_4,Tag_4,0.9999897480010986,1
mqtt_preprocessed_v2.csv,9288,4,4,4,4,Tag_4,Tag_4,0.99998939037323,1
mqtt_preprocessed_v2.csv,9289,4,4,4,4,Tag_4,Tag_4,0.9999899864196777,1
mqtt_preprocessed_v2.csv,9290,4,4,4,4,Tag_4,Tag_4,0.9999493360519409,1
mqtt_preprocessed_v2.csv,9291,4,4,4,4,Tag_4,Tag_4,0.9999899864196777,1
mqtt_preprocessed_v2.csv,9292,4,4,4,4,Tag_4,Tag_4,0.9999898672103882,1
mqtt_preprocessed_v2.csv,9293,4,4,4,4,Tag_4,Tag_4,0.9999847412109375,1
mqtt_preprocessed_v2.csv,9294,4,4,4,4,Tag_4,Tag_4,0.999987006187439,1
mqtt_preprocessed_v2.csv,9295,4,4,4,4,Tag_4,Tag_4,0.9999778270721436,1
mqtt_preprocessed_v2.csv,9296,4,4,4,4,Tag_4,Tag_4,0.9999837875366211,1
mqtt_preprocessed_v2.csv,9297,4,4,4,4,Tag_4,Tag_4,0.9999887943267822,1
mqtt_preprocessed_v2.csv,9298,4,4,4,4,Tag_4,Tag_4,0.9997091889381409,1
mqtt_preprocessed_v2.csv,9299,4,4,4,4,Tag_4,Tag_4,0.9997990727424622,1
mqtt_preprocessed_v2.csv,9300,4,4,4,4,Tag_4,Tag_4,0.9997554421424866,1
mqtt_preprocessed_v2.csv,9301,4,4,4,4,Tag_4,Tag_4,0.9998031258583069,1
mqtt_preprocessed_v2.csv,9302,4,4,4,4,Tag_4,Tag_4,0.9997556805610657,1
mqtt_preprocessed_v2.csv,9303,4,4,4,4,Tag_4,Tag_4,0.9997922778129578,1
mqtt_preprocessed_v2.csv,9304,4,4,4,4,Tag_4,Tag_4,0.9997261166572571,1
mqtt_preprocessed_v2.csv,9305,4,4,4,4,Tag_4,Tag_4,0.9998272061347961,1
mqtt_preprocessed_v2.csv,9306,4,4,4,4,Tag_4,Tag_4,0.9997957348823547,1
mqtt_preprocessed_v2.csv,9307,4,4,4,4,Tag_4,Tag_4,0.9996281862258911,1
mqtt_preprocessed_v2.csv,9308,4,4,4,4,Tag_4,Tag_4,0.9998061060905457,1
mqtt_preprocessed_v2.csv,9309,4,4,4,4,Tag_4,Tag_4,0.9997772574424744,1
mqtt_preprocessed_v2.csv,9310,4,4,4,4,Tag_4,Tag_4,0.999833345413208,1
mqtt_preprocessed_v2.csv,9311,4,4,4,4,Tag_4,Tag_4,0.9997612833976746,1
mqtt_preprocessed_v2.csv,9312,4,4,4,4,Tag_4,Tag_4,0.9997521042823792,1
mqtt_preprocessed_v2.csv,9313,4,4,4,4,Tag_4,Tag_4,0.9998010993003845,1
mqtt_preprocessed_v2.csv,9314,4,4,4,4,Tag_4,Tag_4,0.9997979998588562,1
mqtt_preprocessed_v2.csv,9315,4,4,4,4,Tag_4,Tag_4,0.999983549118042,1
mqtt_preprocessed_v2.csv,9316,4,4,4,4,Tag_4,Tag_4,0.9999781847000122,1
mqtt_preprocessed_v2.csv,9317,4,4,4,4,Tag_4,Tag_4,0.9999741315841675,1
mqtt_preprocessed_v2.csv,9318,4,4,4,4,Tag_4,Tag_4,0.9999638795852661,1
mqtt_preprocessed_v2.csv,9319,4,4,4,4,Tag_4,Tag_4,0.9999529123306274,1
mqtt_preprocessed_v2.csv,9320,4,4,4,4,Tag_4,Tag_4,0.9998968839645386,1
mqtt_preprocessed_v2.csv,9321,4,4,4,4,Tag_4,Tag_4,0.9999582767486572,1
mqtt_preprocessed_v2.csv,9322,4,4,4,4,Tag_4,Tag_4,0.999942421913147,1
mqtt_preprocessed_v2.csv,9323,4,4,4,4,Tag_4,Tag_4,0.9999456405639648,1
mqtt_preprocessed_v2.csv,9324,4,4,4,4,Tag_4,Tag_4,0.9997360110282898,1
mqtt_preprocessed_v2.csv,9325,4,4,4,4,Tag_4,Tag_4,0.9999487400054932,1
mqtt_preprocessed_v2.csv,9326,4,4,4,4,Tag_4,Tag_4,0.9999840259552002,1
mqtt_preprocessed_v2.csv,9327,4,4,4,4,Tag_4,Tag_4,0.9999581575393677,1
mqtt_preprocessed_v2.csv,9328,4,-1,4,0,Tag_4,Normal,0.7454599738121033,0
mqtt_preprocessed_v2.csv,9329,4,4,4,4,Tag_4,Tag_4,0.9999806880950928,1
mqtt_preprocessed_v2.csv,9330,4,4,4,4,Tag_4,Tag_4,0.9999845027923584,1
mqtt_preprocessed_v2.csv,9331,4,4,4,4,Tag_4,Tag_4,0.9999817609786987,1
mqtt_preprocessed_v2.csv,9332,4,4,4,4,Tag_4,Tag_4,0.9999692440032959,1
mqtt_preprocessed_v2.csv,9333,4,4,4,4,Tag_4,Tag_4,0.9999709129333496,1
mqtt_preprocessed_v2.csv,9334,4,4,4,4,Tag_4,Tag_4,0.99708491563797,1
mqtt_preprocessed_v2.csv,9335,4,4,4,4,Tag_4,Tag_4,0.9997840523719788,1
mqtt_preprocessed_v2.csv,9336,4,4,4,4,Tag_4,Tag_4,0.9995948672294617,1
mqtt_preprocessed_v2.csv,9337,4,4,4,4,Tag_4,Tag_4,0.9997014403343201,1
mqtt_preprocessed_v2.csv,9338,4,4,4,4,Tag_4,Tag_4,0.9998332262039185,1
mqtt_preprocessed_v2.csv,9339,4,4,4,4,Tag_4,Tag_4,0.9998106360435486,1
mqtt_preprocessed_v2.csv,9340,4,4,4,4,Tag_4,Tag_4,0.9997804760932922,1
mqtt_preprocessed_v2.csv,9341,4,4,4,4,Tag_4,Tag_4,0.9998157620429993,1
mqtt_preprocessed_v2.csv,9342,4,4,4,4,Tag_4,Tag_4,0.9977249503135681,1
mqtt_preprocessed_v2.csv,9343,4,4,4,4,Tag_4,Tag_4,0.999672532081604,1
mqtt_preprocessed_v2.csv,9344,4,4,4,4,Tag_4,Tag_4,0.9994878768920898,1
mqtt_preprocessed_v2.csv,9345,4,4,4,4,Tag_4,Tag_4,0.9970082640647888,1
mqtt_preprocessed_v2.csv,9346,4,4,4,4,Tag_4,Tag_4,0.9998094439506531,1
mqtt_preprocessed_v2.csv,9347,4,4,4,4,Tag_4,Tag_4,0.9998482465744019,1
mqtt_preprocessed_v2.csv,9348,4,4,4,4,Tag_4,Tag_4,0.9996490478515625,1
mqtt_preprocessed_v2.csv,9349,4,4,4,4,Tag_4,Tag_4,0.9998186230659485,1
mqtt_preprocessed_v2.csv,9350,4,4,4,4,Tag_4,Tag_4,0.9994413256645203,1
mqtt_preprocessed_v2.csv,9351,4,4,4,4,Tag_4,Tag_4,0.9998213648796082,1
mqtt_preprocessed_v2.csv,9352,4,4,4,4,Tag_4,Tag_4,0.9997492432594299,1
mqtt_preprocessed_v2.csv,9353,4,4,4,4,Tag_4,Tag_4,0.9998435974121094,1
mqtt_preprocessed_v2.csv,9354,4,4,4,4,Tag_4,Tag_4,0.9999648332595825,1
mqtt_preprocessed_v2.csv,9355,4,4,4,4,Tag_4,Tag_4,0.9995075464248657,1
mqtt_preprocessed_v2.csv,9356,4,4,4,4,Tag_4,Tag_4,0.9999929666519165,1
mqtt_preprocessed_v2.csv,9357,4,4,4,4,Tag_4,Tag_4,0.9999946355819702,1
mqtt_preprocessed_v2.csv,9358,4,4,4,4,Tag_4,Tag_4,0.9999942779541016,1
mqtt_preprocessed_v2.csv,9359,4,4,4,4,Tag_4,Tag_4,0.9999946355819702,1
mqtt_preprocessed_v2.csv,9360,4,4,4,4,Tag_4,Tag_4,0.9999946355819702,1
mqtt_preprocessed_v2.csv,9361,4,4,4,4,Tag_4,Tag_4,0.9999943971633911,1
mqtt_preprocessed_v2.csv,9362,4,4,4,4,Tag_4,Tag_4,0.9999942779541016,1
mqtt_preprocessed_v2.csv,9363,4,4,4,4,Tag_4,Tag_4,0.9999948740005493,1
mqtt_preprocessed_v2.csv,9364,4,4,4,4,Tag_4,Tag_4,0.9999946355819702,1
mqtt_preprocessed_v2.csv,9365,4,4,4,4,Tag_4,Tag_4,0.9999946355819702,1
mqtt_preprocessed_v2.csv,9366,4,4,4,4,Tag_4,Tag_4,0.9999946355819702,1
mqtt_preprocessed_v2.csv,9367,4,4,4,4,Tag_4,Tag_4,0.9999943971633911,1
mqtt_preprocessed_v2.csv,9368,4,4,4,4,Tag_4,Tag_4,0.9999946355819702,1
mqtt_preprocessed_v2.csv,9369,4,4,4,4,Tag_4,Tag_4,0.9995319843292236,1
mqtt_preprocessed_v2.csv,9370,4,4,4,4,Tag_4,Tag_4,0.999994158744812,1
mqtt_preprocessed_v2.csv,9371,4,4,4,4,Tag_4,Tag_4,0.9999942779541016,1
mqtt_preprocessed_v2.csv,9372,4,4,4,4,Tag_4,Tag_4,0.9999949932098389,1
mqtt_preprocessed_v2.csv,9373,4,4,4,4,Tag_4,Tag_4,0.9999946355819702,1
mqtt_preprocessed_v2.csv,9374,4,4,4,4,Tag_4,Tag_4,0.999900221824646,1
mqtt_preprocessed_v2.csv,9375,4,4,4,4,Tag_4,Tag_4,0.999887228012085,1
mqtt_preprocessed_v2.csv,9376,4,4,4,4,Tag_4,Tag_4,0.999995231628418,1
mqtt_preprocessed_v2.csv,9377,4,4,4,4,Tag_4,Tag_4,0.9999228715896606,1
mqtt_preprocessed_v2.csv,9378,4,4,4,4,Tag_4,Tag_4,0.9999947547912598,1
mqtt_preprocessed_v2.csv,9379,4,4,4,4,Tag_4,Tag_4,0.9999942779541016,1
mqtt_preprocessed_v2.csv,9380,4,4,4,4,Tag_4,Tag_4,0.9999568462371826,1
mqtt_preprocessed_v2.csv,9381,4,4,4,4,Tag_4,Tag_4,0.999987006187439,1
mqtt_preprocessed_v2.csv,9382,4,4,4,4,Tag_4,Tag_4,0.9999879598617554,1
mqtt_preprocessed_v2.csv,9383,4,4,4,4,Tag_4,Tag_4,0.9999901056289673,1
mqtt_preprocessed_v2.csv,9384,4,4,4,4,Tag_4,Tag_4,0.9999922513961792,1
mqtt_preprocessed_v2.csv,9385,4,4,4,4,Tag_4,Tag_4,0.9999837875366211,1
mqtt_preprocessed_v2.csv,9386,4,4,4,4,Tag_4,Tag_4,0.9999805688858032,1
mqtt_preprocessed_v2.csv,9387,4,4,4,4,Tag_4,Tag_4,0.9999904632568359,1
mqtt_preprocessed_v2.csv,9388,4,4,4,4,Tag_4,Tag_4,0.999983549118042,1
mqtt_preprocessed_v2.csv,9389,4,4,4,4,Tag_4,Tag_4,0.9999903440475464,1
mqtt_preprocessed_v2.csv,9390,4,4,4,4,Tag_4,Tag_4,0.9999912977218628,1
mqtt_preprocessed_v2.csv,9391,4,4,4,4,Tag_4,Tag_4,0.9999920129776001,1
mqtt_preprocessed_v2.csv,9392,4,4,4,4,Tag_4,Tag_4,0.9999915361404419,1
mqtt_preprocessed_v2.csv,9393,4,4,4,4,Tag_4,Tag_4,0.9999903440475464,1
mqtt_preprocessed_v2.csv,9394,4,4,4,4,Tag_4,Tag_4,0.9999920129776001,1
mqtt_preprocessed_v2.csv,9395,4,4,4,4,Tag_4,Tag_4,0.9999905824661255,1
mqtt_preprocessed_v2.csv,9396,4,4,4,4,Tag_4,Tag_4,0.9999904632568359,1
mqtt_preprocessed_v2.csv,9397,4,4,4,4,Tag_4,Tag_4,0.9999890327453613,1
mqtt_preprocessed_v2.csv,9498,4,4,4,4,Tag_4,Tag_4,0.9997066855430603,1
mqtt_preprocessed_v2.csv,9499,4,4,4,4,Tag_4,Tag_4,0.9997835755348206,1
mqtt_preprocessed_v2.csv,9500,4,4,4,4,Tag_4,Tag_4,0.9997990727424622,1
mqtt_preprocessed_v2.csv,9501,4,4,4,4,Tag_4,Tag_4,0.9998407363891602,1
mqtt_preprocessed_v2.csv,9502,4,4,4,4,Tag_4,Tag_4,0.9998119473457336,1
mqtt_preprocessed_v2.csv,9503,4,4,4,4,Tag_4,Tag_4,0.9997792840003967,1
mqtt_preprocessed_v2.csv,9504,4,4,4,4,Tag_4,Tag_4,0.9998458623886108,1
mqtt_preprocessed_v2.csv,9505,4,4,4,4,Tag_4,Tag_4,0.9998145699501038,1
mqtt_preprocessed_v2.csv,9506,4,4,4,4,Tag_4,Tag_4,0.9998300075531006,1
mqtt_preprocessed_v2.csv,9507,4,4,4,4,Tag_4,Tag_4,0.9993403553962708,1
mqtt_preprocessed_v2.csv,9508,4,4,4,4,Tag_4,Tag_4,0.9993366599082947,1
mqtt_preprocessed_v2.csv,9509,4,4,4,4,Tag_4,Tag_4,0.9992954730987549,1
mqtt_preprocessed_v2.csv,9510,4,4,4,4,Tag_4,Tag_4,0.9993228912353516,1
mqtt_preprocessed_v2.csv,9511,4,4,4,4,Tag_4,Tag_4,0.9997444748878479,1
mqtt_preprocessed_v2.csv,9512,4,4,4,4,Tag_4,Tag_4,0.9997884631156921,1
mqtt_preprocessed_v2.csv,9513,4,4,4,4,Tag_4,Tag_4,0.991810142993927,1
mqtt_preprocessed_v2.csv,9514,4,4,4,4,Tag_4,Tag_4,0.9994460940361023,1
mqtt_preprocessed_v2.csv,9515,4,4,4,4,Tag_4,Tag_4,0.9980995059013367,1
mqtt_preprocessed_v2.csv,9516,4,4,4,4,Tag_4,Tag_4,0.9997581839561462,1
mqtt_preprocessed_v2.csv,9517,4,4,4,4,Tag_4,Tag_4,0.9996603727340698,1
mqtt_preprocessed_v2.csv,9518,4,4,4,4,Tag_4,Tag_4,0.9998005032539368,1
mqtt_preprocessed_v2.csv,9519,4,4,4,4,Tag_4,Tag_4,0.9998527765274048,1
mqtt_preprocessed_v2.csv,9520,4,4,4,4,Tag_4,Tag_4,0.9998277425765991,1
mqtt_preprocessed_v2.csv,9521,4,4,4,4,Tag_4,Tag_4,0.9995250701904297,1
mqtt_preprocessed_v2.csv,9522,4,4,4,4,Tag_4,Tag_4,0.9998263716697693,1
mqtt_preprocessed_v2.csv,9523,4,4,4,4,Tag_4,Tag_4,0.9992899894714355,1
mqtt_preprocessed_v2.csv,9524,4,4,4,4,Tag_4,Tag_4,0.9994029998779297,1
mqtt_preprocessed_v2.csv,9525,4,4,4,4,Tag_4,Tag_4,0.9998000264167786,1
mqtt_preprocessed_v2.csv,9526,4,4,4,4,Tag_4,Tag_4,0.9994957447052002,1
mqtt_preprocessed_v2.csv,9527,4,4,4,4,Tag_4,Tag_4,0.9998478889465332,1
mqtt_preprocessed_v2.csv,9528,4,4,4,4,Tag_4,Tag_4,0.9996687173843384,1
mqtt_preprocessed_v2.csv,9529,4,4,4,4,Tag_4,Tag_4,0.9991806149482727,1
mqtt_preprocessed_v2.csv,9530,4,4,4,4,Tag_4,Tag_4,0.9912571907043457,1
mqtt_preprocessed_v2.csv,9531,4,4,4,4,Tag_4,Tag_4,0.99955815076828,1
mqtt_preprocessed_v2.csv,9532,4,4,4,4,Tag_4,Tag_4,0.9997090697288513,1
mqtt_preprocessed_v2.csv,9533,4,4,4,4,Tag_4,Tag_4,0.9971795082092285,1
mqtt_preprocessed_v2.csv,9534,4,4,4,4,Tag_4,Tag_4,0.9995381832122803,1
mqtt_preprocessed_v2.csv,9535,4,4,4,4,Tag_4,Tag_4,0.9995033740997314,1
mqtt_preprocessed_v2.csv,9536,4,4,4,4,Tag_4,Tag_4,0.9992812275886536,1
mqtt_preprocessed_v2.csv,9537,4,4,4,4,Tag_4,Tag_4,0.9991931319236755,1
mqtt_preprocessed_v2.csv,9538,4,4,4,4,Tag_4,Tag_4,0.9985005855560303,1
mqtt_preprocessed_v2.csv,9539,4,4,4,4,Tag_4,Tag_4,0.9994794726371765,1
mqtt_preprocessed_v2.csv,9540,4,4,4,4,Tag_4,Tag_4,0.9985349178314209,1
mqtt_preprocessed_v2.csv,9541,4,4,4,4,Tag_4,Tag_4,0.9999904632568359,1
mqtt_preprocessed_v2.csv,9542,4,4,4,4,Tag_4,Tag_4,0.9999033212661743,1
mqtt_preprocessed_v2.csv,9543,4,4,4,4,Tag_4,Tag_4,0.9999593496322632,1
mqtt_preprocessed_v2.csv,9544,4,4,4,4,Tag_4,Tag_4,0.9997490048408508,1
mqtt_preprocessed_v2.csv,9545,4,4,4,4,Tag_4,Tag_4,0.9999784231185913,1
mqtt_preprocessed_v2.csv,9546,4,4,4,4,Tag_4,Tag_4,0.9999707937240601,1
mqtt_preprocessed_v2.csv,9547,4,4,4,4,Tag_4,Tag_4,0.9998021721839905,1
mqtt_preprocessed_v2.csv,9548,4,4,4,4,Tag_4,Tag_4,0.9999620914459229,1
mqtt_preprocessed_v2.csv,9549,4,4,4,4,Tag_4,Tag_4,0.999953031539917,1
mqtt_preprocessed_v2.csv,9550,4,4,4,4,Tag_4,Tag_4,0.9999690055847168,1
mqtt_preprocessed_v2.csv,9551,4,4,4,4,Tag_4,Tag_4,0.9999226331710815,1
mqtt_preprocessed_v2.csv,9552,4,4,4,4,Tag_4,Tag_4,0.9999549388885498,1
mqtt_preprocessed_v2.csv,9553,4,4,4,4,Tag_4,Tag_4,0.9998767375946045,1
mqtt_preprocessed_v2.csv,9554,4,4,4,4,Tag_4,Tag_4,0.9999046325683594,1
mqtt_preprocessed_v2.csv,9555,4,4,4,4,Tag_4,Tag_4,0.9999483823776245,1
mqtt_preprocessed_v2.csv,9556,4,4,4,4,Tag_4,Tag_4,0.9999711513519287,1
mqtt_preprocessed_v2.csv,9557,4,4,4,4,Tag_4,Tag_4,0.9999586343765259,1
mqtt_preprocessed_v2.csv,9558,4,4,4,4,Tag_4,Tag_4,0.9999912977218628,1
mqtt_preprocessed_v2.csv,9559,4,4,4,4,Tag_4,Tag_4,0.9999885559082031,1
mqtt_preprocessed_v2.csv,9560,4,4,4,4,Tag_4,Tag_4,0.99998939037323,1
mqtt_preprocessed_v2.csv,9561,4,4,4,4,Tag_4,Tag_4,0.9999908208847046,1
mqtt_preprocessed_v2.csv,9562,4,4,4,4,Tag_4,Tag_4,0.9999905824661255,1
mqtt_preprocessed_v2.csv,9563,4,4,4,4,Tag_4,Tag_4,0.9999887943267822,1
mqtt_preprocessed_v2.csv,9564,4,4,4,4,Tag_4,Tag_4,0.9999889135360718,1
mqtt_preprocessed_v2.csv,9565,4,4,4,4,Tag_4,Tag_4,0.999993085861206,1
mqtt_preprocessed_v2.csv,9566,4,4,4,4,Tag_4,Tag_4,0.9999810457229614,1
mqtt_preprocessed_v2.csv,9567,4,4,4,4,Tag_4,Tag_4,0.9999860525131226,1
mqtt_preprocessed_v2.csv,9568,4,4,4,4,Tag_4,Tag_4,0.9999899864196777,1
mqtt_preprocessed_v2.csv,9569,4,4,4,4,Tag_4,Tag_4,0.99998939037323,1
mqtt_preprocessed_v2.csv,9570,4,4,4,4,Tag_4,Tag_4,0.9999661445617676,1
mqtt_preprocessed_v2.csv,9571,4,4,4,4,Tag_4,Tag_4,0.9999885559082031,1
mqtt_preprocessed_v2.csv,9572,4,4,4,4,Tag_4,Tag_4,0.9999926090240479,1
mqtt_preprocessed_v2.csv,9573,4,4,4,4,Tag_4,Tag_4,0.9999896287918091,1
mqtt_preprocessed_v2.csv,9574,4,4,4,4,Tag_4,Tag_4,0.9999895095825195,1
mqtt_preprocessed_v2.csv,9575,4,4,4,4,Tag_4,Tag_4,0.999985933303833,1
mqtt_preprocessed_v2.csv,9576,4,4,4,4,Tag_4,Tag_4,0.9999860525131226,1
mqtt_preprocessed_v2.csv,9577,4,4,4,4,Tag_4,Tag_4,0.9999901056289673,1
mqtt_preprocessed_v2.csv,9578,4,4,4,4,Tag_4,Tag_4,0.9999901056289673,1
mqtt_preprocessed_v2.csv,9579,4,4,4,4,Tag_4,Tag_4,0.9999899864196777,1
mqtt_preprocessed_v2.csv,9580,4,4,4,4,Tag_4,Tag_4,0.9999886751174927,1
mqtt_preprocessed_v2.csv,9581,4,4,4,4,Tag_4,Tag_4,0.99998939037323,1
mqtt_preprocessed_v2.csv,9582,4,4,4,4,Tag_4,Tag_4,0.9999750852584839,1
mqtt_preprocessed_v2.csv,9583,4,4,4,4,Tag_4,Tag_4,0.9999730587005615,1
mqtt_preprocessed_v2.csv,9584,4,4,4,4,Tag_4,Tag_4,0.9999785423278809,1
mqtt_preprocessed_v2.csv,9585,4,4,4,4,Tag_4,Tag_4,0.9999841451644897,1
mqtt_preprocessed_v2.csv,9586,4,4,4,4,Tag_4,Tag_4,0.9999898672103882,1
mqtt_preprocessed_v2.csv,9587,4,4,4,4,Tag_4,Tag_4,0.9999791383743286,1
mqtt_preprocessed_v2.csv,9588,4,4,4,4,Tag_4,Tag_4,0.9999866485595703,1
mqtt_preprocessed_v2.csv,9589,4,4,4,4,Tag_4,Tag_4,0.9999918937683105,1
mqtt_preprocessed_v2.csv,9590,4,4,4,4,Tag_4,Tag_4,0.9999816417694092,1
mqtt_preprocessed_v2.csv,9591,4,4,4,4,Tag_4,Tag_4,0.9999816417694092,1
mqtt_preprocessed_v2.csv,9592,4,4,4,4,Tag_4,Tag_4,0.9999822378158569,1
mqtt_preprocessed_v2.csv,9593,4,4,4,4,Tag_4,Tag_4,0.9999881982803345,1
mqtt_preprocessed_v2.csv,9594,4,4,4,4,Tag_4,Tag_4,0.9999823570251465,1
mqtt_preprocessed_v2.csv,9595,4,4,4,4,Tag_4,Tag_4,0.9999862909317017,1
mqtt_preprocessed_v2.csv,9596,4,4,4,4,Tag_4,Tag_4,0.9999878406524658,1
mqtt_preprocessed_v2.csv,9597,4,4,4,4,Tag_4,Tag_4,0.9999890327453613,1
